Model,Sex,Age,Year,Central,Lower_50,Upper_50,Lower_80,Upper_80,Lower_95,Upper_95
AP2,Female,18,2021,0.0000,0.0000,0.0000,0.0000,0.0000,0.0000,0.0000
AP2,Female,18,2022,0.0000,0.0000,0.0000,0.0000,0.0000,0.0000,0.0000
AP2,Female,18,2023,0.0000,0.0000,0.0000,0.0000,0.0000,0.0000,0.0000
AP2,Female,18,2024,0.0000,0.0000,0.0000,0.0000,0.0000,0.0000,0.0000
AP2,Female,18,2025,0.0000,0.0000,0.0000,0.0000,0.0000,0.0000,0.0000
AP2,Female,18,2026,0.0000,0.0000,0.0000,0.0000,0.0000,0.0000,0.0000
AP2,Female,18,2027,0.0000,0.0000,0.0000,0.0000,0.0000,0.0000,0.0000
AP2,Female,18,2028,0.0000,0.0000,0.0000,0.0000,0.0000,0.0000,0.0000
AP2,Female,18,2029,0.0000,0.0000,0.0000,0.0000,0.0000,0.0000,0.0000
AP2,Female,18,2030,0.0000,0.0000,0.0000,0.0000,0.0000,0.0000,0.0000
AP2,Female,18,2031,0.0000,0.0000,0.0000,0.0000,0.0000,0.0000,0.0000
AP2,Female,18,2032,0.0000,0.0000,0.0000,0.0000,0.0000,0.0000,0.0000
AP2,Female,18,2033,0.0000,0.0000,0.0000,0.0000,0.0000,0.0000,0.0000
AP2,Female,18,2034,0.0000,0.0000,0.0000,0.0000,0.0000,0.0000,0.0000
AP2,Female,18,2035,0.0000,0.0000,0.0000,0.0000,0.0000,0.0000,0.0000
AP2,Female,18,2036,0.0000,0.0000,0.0000,0.0000,0.0000,0.0000,0.0000
AP2,Female,18,2037,0.0000,0.0000,0.0000,0.0000,0.0000,0.0000,0.0000
AP2,Female,18,2038,0.0000,0.0000,0.0000,0.0000,0.0000,0.0000,0.0000
AP2,Female,18,2039,0.0000,0.0000,0.0000,0.0000,0.0000,0.0000,0.0000
AP2,Female,18,2040,0.0000,0.0000,0.0000,0.0000,0.0000,0.0000,0.0000
AP2,Female,19,2021,0.0000,0.0000,0.0000,0.0000,0.0000,0.0000,0.0000
AP2,Female,19,2022,0.0000,0.0000,0.0000,0.0000,0.0000,0.0000,0.0000
AP2,Female,19,2023,0.0000,0.0000,0.0000,0.0000,0.0000,0.0000,0.0000
AP2,Female,19,2024,0.0000,0.0000,0.0000,0.0000,0.0000,0.0000,0.0000
AP2,Female,19,2025,0.0000,0.0000,0.0000,0.0000,0.0000,0.0000,0.0000
AP2,Female,19,2026,0.0000,0.0000,0.0000,0.0000,0.0000,0.0000,0.0000
AP2,Female,19,2027,0.0000,0.0000,0.0000,0.0000,0.0000,0.0000,0.0000
AP2,Female,19,2028,0.0000,0.0000,0.0000,0.0000,0.0000,0.0000,0.0000
AP2,Female,19,2029,0.0000,0.0000,0.0000,0.0000,0.0000,0.0000,0.0000
AP2,Female,19,2030,0.0000,0.0000,0.0000,0.0000,0.0000,0.0000,0.0000
AP2,Female,19,2031,0.0000,0.0000,0.0000,0.0000,0.0000,0.0000,0.0000
AP2,Female,19,2032,0.0000,0.0000,0.0000,0.0000,0.0000,0.0000,0.0000
AP2,Female,19,2033,0.0000,0.0000,0.0000,0.0000,0.0000,0.0000,0.0000
AP2,Female,19,2034,0.0000,0.0000,0.0000,0.0000,0.0000,0.0000,0.0000
AP2,Female,19,2035,0.0000,0.0000,0.0000,0.0000,0.0000,0.0000,0.0000
AP2,Female,19,2036,0.0000,0.0000,0.0000,0.0000,0.0000,0.0000,0.0000
AP2,Female,19,2037,0.0000,0.0000,0.0000,0.0000,0.0000,0.0000,0.0000
AP2,Female,19,2038,0.0000,0.0000,0.0000,0.0000,0.0000,0.0000,0.0000
AP2,Female,19,2039,0.0000,0.0000,0.0000,0.0000,0.0000,0.0000,0.0000
AP2,Female,19,2040,0.0000,0.0000,0.0000,0.0000,0.0000,0.0000,0.0000
AP2,Female,20,2021,0.0000,0.0000,0.0000,0.0000,0.0000,0.0000,0.0000
AP2,Female,20,2022,0.0000,0.0000,0.0000,0.0000,0.0000,0.0000,0.0000
AP2,Female,20,2023,0.0000,0.0000,0.0000,0.0000,0.0000,0.0000,0.0000
AP2,Female,20,2024,0.0000,0.0000,0.0000,0.0000,0.0000,0.0000,0.0000
AP2,Female,20,2025,0.0000,0.0000,0.0000,0.0000,0.0000,0.0000,0.0000
AP2,Female,20,2026,0.0000,0.0000,0.0000,0.0000,0.0000,0.0000,0.0000
AP2,Female,20,2027,0.0000,0.0000,0.0000,0.0000,0.0000,0.0000,0.0000
AP2,Female,20,2028,0.0000,0.0000,0.0000,0.0000,0.0000,0.0000,0.0000
AP2,Female,20,2029,0.0000,0.0000,0.0000,0.0000,0.0000,0.0000,0.0000
AP2,Female,20,2030,0.0000,0.0000,0.0000,0.0000,0.0000,0.0000,0.0000
AP2,Female,20,2031,0.0000,0.0000,0.0000,0.0000,0.0000,0.0000,0.0000
AP2,Female,20,2032,0.0000,0.0000,0.0000,0.0000,0.0000,0.0000,0.0000
AP2,Female,20,2033,0.0000,0.0000,0.0000,0.0000,0.0000,0.0000,0.0000
AP2,Female,20,2034,0.0000,0.0000,0.0000,0.0000,0.0000,0.0000,0.0000
AP2,Female,20,2035,0.0000,0.0000,0.0000,0.0000,0.0000,0.0000,0.0000
AP2,Female,20,2036,0.0000,0.0000,0.0000,0.0000,0.0000,0.0000,0.0000
AP2,Female,20,2037,0.0000,0.0000,0.0000,0.0000,0.0000,0.0000,0.0000
AP2,Female,20,2038,0.0000,0.0000,0.0000,0.0000,0.0000,0.0000,0.0000
AP2,Female,20,2039,0.0000,0.0000,0.0000,0.0000,0.0000,0.0000,0.0000
AP2,Female,20,2040,0.0000,0.0000,0.0000,0.0000,0.0000,0.0000,0.0000
AP2,Female,21,2021,0.0000,0.0000,0.0000,0.0000,0.0000,0.0000,0.0000
AP2,Female,21,2022,0.0000,0.0000,0.0000,0.0000,0.0000,0.0000,0.0000
AP2,Female,21,2023,0.0000,0.0000,0.0000,0.0000,0.0000,0.0000,0.0000
AP2,Female,21,2024,0.0000,0.0000,0.0000,0.0000,0.0000,0.0000,0.0000
AP2,Female,21,2025,0.0000,0.0000,0.0000,0.0000,0.0000,0.0000,0.0000
AP2,Female,21,2026,0.0000,0.0000,0.0000,0.0000,0.0000,0.0000,0.0000
AP2,Female,21,2027,0.0000,0.0000,0.0000,0.0000,0.0000,0.0000,0.0000
AP2,Female,21,2028,0.0000,0.0000,0.0000,0.0000,0.0000,0.0000,0.0000
AP2,Female,21,2029,0.0000,0.0000,0.0000,0.0000,0.0000,0.0000,0.0000
AP2,Female,21,2030,0.0000,0.0000,0.0000,0.0000,0.0000,0.0000,0.0000
AP2,Female,21,2031,0.0000,0.0000,0.0000,0.0000,0.0000,0.0000,0.0000
AP2,Female,21,2032,0.0000,0.0000,0.0000,0.0000,0.0000,0.0000,0.0000
AP2,Female,21,2033,0.0000,0.0000,0.0000,0.0000,0.0000,0.0000,0.0000
AP2,Female,21,2034,0.0000,0.0000,0.0000,0.0000,0.0000,0.0000,0.0000
AP2,Female,21,2035,0.0000,0.0000,0.0000,0.0000,0.0000,0.0000,0.0000
AP2,Female,21,2036,0.0000,0.0000,0.0000,0.0000,0.0000,0.0000,0.0000
AP2,Female,21,2037,0.0000,0.0000,0.0000,0.0000,0.0000,0.0000,0.0000
AP2,Female,21,2038,0.0000,0.0000,0.0000,0.0000,0.0000,0.0000,0.0000
AP2,Female,21,2039,0.0000,0.0000,0.0000,0.0000,0.0000,0.0000,0.0000
AP2,Female,21,2040,0.0000,0.0000,0.0000,0.0000,0.0000,0.0000,0.0000
AP2,Female,22,2021,0.0000,0.0000,0.0000,0.0000,0.0000,0.0000,0.0000
AP2,Female,22,2022,0.0000,0.0000,0.0000,0.0000,0.0000,0.0000,0.0000
AP2,Female,22,2023,0.0000,0.0000,0.0000,0.0000,0.0000,0.0000,0.0000
AP2,Female,22,2024,0.0000,0.0000,0.0000,0.0000,0.0000,0.0000,0.0000
AP2,Female,22,2025,0.0000,0.0000,0.0000,0.0000,0.0000,0.0000,0.0000
AP2,Female,22,2026,0.0000,0.0000,0.0000,0.0000,0.0000,0.0000,0.0000
AP2,Female,22,2027,0.0000,0.0000,0.0000,0.0000,0.0000,0.0000,0.0000
AP2,Female,22,2028,0.0000,0.0000,0.0000,0.0000,0.0000,0.0000,0.0000
AP2,Female,22,2029,0.0000,0.0000,0.0000,0.0000,0.0000,0.0000,0.0000
AP2,Female,22,2030,0.0000,0.0000,0.0000,0.0000,0.0000,0.0000,0.0000
AP2,Female,22,2031,0.0000,0.0000,0.0000,0.0000,0.0000,0.0000,0.0000
AP2,Female,22,2032,0.0000,0.0000,0.0000,0.0000,0.0000,0.0000,0.0000
AP2,Female,22,2033,0.0000,0.0000,0.0000,0.0000,0.0000,0.0000,0.0000
AP2,Female,22,2034,0.0000,0.0000,0.0000,0.0000,0.0000,0.0000,0.0000
AP2,Female,22,2035,0.0000,0.0000,0.0000,0.0000,0.0000,0.0000,0.0000
AP2,Female,22,2036,0.0000,0.0000,0.0000,0.0000,0.0000,0.0000,0.0000
AP2,Female,22,2037,0.0000,0.0000,0.0000,0.0000,0.0000,0.0000,0.0000
AP2,Female,22,2038,0.0000,0.0000,0.0000,0.0000,0.0000,0.0000,0.0000
AP2,Female,22,2039,0.0000,0.0000,0.0000,0.0000,0.0000,0.0000,0.0000
AP2,Female,22,2040,0.0000,0.0000,0.0000,0.0000,0.0000,0.0000,0.0000
AP2,Female,23,2021,0.0000,0.0000,0.0000,0.0000,0.0001,0.0000,0.0001
AP2,Female,23,2022,0.0000,0.0000,0.0000,0.0000,0.0000,0.0000,0.0001
AP2,Female,23,2023,0.0000,0.0000,0.0000,0.0000,0.0000,0.0000,0.0001
AP2,Female,23,2024,0.0000,0.0000,0.0000,0.0000,0.0000,0.0000,0.0001
AP2,Female,23,2025,0.0000,0.0000,0.0000,0.0000,0.0000,0.0000,0.0000
AP2,Female,23,2026,0.0000,0.0000,0.0000,0.0000,0.0000,0.0000,0.0000
AP2,Female,23,2027,0.0000,0.0000,0.0000,0.0000,0.0000,0.0000,0.0000
AP2,Female,23,2028,0.0000,0.0000,0.0000,0.0000,0.0000,0.0000,0.0000
AP2,Female,23,2029,0.0000,0.0000,0.0000,0.0000,0.0000,0.0000,0.0000
AP2,Female,23,2030,0.0000,0.0000,0.0000,0.0000,0.0000,0.0000,0.0000
AP2,Female,23,2031,0.0000,0.0000,0.0000,0.0000,0.0000,0.0000,0.0000
AP2,Female,23,2032,0.0000,0.0000,0.0000,0.0000,0.0000,0.0000,0.0000
AP2,Female,23,2033,0.0000,0.0000,0.0000,0.0000,0.0000,0.0000,0.0000
AP2,Female,23,2034,0.0000,0.0000,0.0000,0.0000,0.0000,0.0000,0.0000
AP2,Female,23,2035,0.0000,0.0000,0.0000,0.0000,0.0000,0.0000,0.0000
AP2,Female,23,2036,0.0000,0.0000,0.0000,0.0000,0.0000,0.0000,0.0000
AP2,Female,23,2037,0.0000,0.0000,0.0000,0.0000,0.0000,0.0000,0.0000
AP2,Female,23,2038,0.0000,0.0000,0.0000,0.0000,0.0000,0.0000,0.0000
AP2,Female,23,2039,0.0000,0.0000,0.0000,0.0000,0.0000,0.0000,0.0000
AP2,Female,23,2040,0.0000,0.0000,0.0000,0.0000,0.0000,0.0000,0.0000
AP2,Female,24,2021,0.0001,0.0001,0.0001,0.0001,0.0001,0.0001,0.0001
AP2,Female,24,2022,0.0001,0.0001,0.0001,0.0000,0.0001,0.0000,0.0001
AP2,Female,24,2023,0.0001,0.0000,0.0001,0.0000,0.0001,0.0000,0.0001
AP2,Female,24,2024,0.0000,0.0000,0.0001,0.0000,0.0001,0.0000,0.0001
AP2,Female,24,2025,0.0000,0.0000,0.0001,0.0000,0.0001,0.0000,0.0001
AP2,Female,24,2026,0.0000,0.0000,0.0000,0.0000,0.0001,0.0000,0.0001
AP2,Female,24,2027,0.0000,0.0000,0.0000,0.0000,0.0001,0.0000,0.0001
AP2,Female,24,2028,0.0000,0.0000,0.0000,0.0000,0.0001,0.0000,0.0001
AP2,Female,24,2029,0.0000,0.0000,0.0000,0.0000,0.0000,0.0000,0.0001
AP2,Female,24,2030,0.0000,0.0000,0.0000,0.0000,0.0000,0.0000,0.0001
AP2,Female,24,2031,0.0000,0.0000,0.0000,0.0000,0.0000,0.0000,0.0001
AP2,Female,24,2032,0.0000,0.0000,0.0000,0.0000,0.0000,0.0000,0.0001
AP2,Female,24,2033,0.0000,0.0000,0.0000,0.0000,0.0000,0.0000,0.0000
AP2,Female,24,2034,0.0000,0.0000,0.0000,0.0000,0.0000,0.0000,0.0000
AP2,Female,24,2035,0.0000,0.0000,0.0000,0.0000,0.0000,0.0000,0.0000
AP2,Female,24,2036,0.0000,0.0000,0.0000,0.0000,0.0000,0.0000,0.0000
AP2,Female,24,2037,0.0000,0.0000,0.0000,0.0000,0.0000,0.0000,0.0000
AP2,Female,24,2038,0.0000,0.0000,0.0000,0.0000,0.0000,0.0000,0.0000
AP2,Female,24,2039,0.0000,0.0000,0.0000,0.0000,0.0000,0.0000,0.0000
AP2,Female,24,2040,0.0000,0.0000,0.0000,0.0000,0.0000,0.0000,0.0000
AP2,Female,25,2021,0.0001,0.0001,0.0001,0.0001,0.0001,0.0001,0.0001
AP2,Female,25,2022,0.0001,0.0001,0.0001,0.0001,0.0001,0.0001,0.0001
AP2,Female,25,2023,0.0001,0.0001,0.0001,0.0001,0.0001,0.0001,0.0001
AP2,Female,25,2024,0.0001,0.0001,0.0001,0.0001,0.0001,0.0000,0.0001
AP2,Female,25,2025,0.0001,0.0001,0.0001,0.0000,0.0001,0.0000,0.0001
AP2,Female,25,2026,0.0001,0.0001,0.0001,0.0000,0.0001,0.0000,0.0001
AP2,Female,25,2027,0.0001,0.0000,0.0001,0.0000,0.0001,0.0000,0.0001
AP2,Female,25,2028,0.0001,0.0000,0.0001,0.0000,0.0001,0.0000,0.0001
AP2,Female,25,2029,0.0000,0.0000,0.0001,0.0000,0.0001,0.0000,0.0001
AP2,Female,25,2030,0.0000,0.0000,0.0001,0.0000,0.0001,0.0000,0.0001
AP2,Female,25,2031,0.0000,0.0000,0.0001,0.0000,0.0001,0.0000,0.0001
AP2,Female,25,2032,0.0000,0.0000,0.0000,0.0000,0.0001,0.0000,0.0001
AP2,Female,25,2033,0.0000,0.0000,0.0000,0.0000,0.0001,0.0000,0.0001
AP2,Female,25,2034,0.0000,0.0000,0.0000,0.0000,0.0000,0.0000,0.0001
AP2,Female,25,2035,0.0000,0.0000,0.0000,0.0000,0.0000,0.0000,0.0001
AP2,Female,25,2036,0.0000,0.0000,0.0000,0.0000,0.0000,0.0000,0.0001
AP2,Female,25,2037,0.0000,0.0000,0.0000,0.0000,0.0000,0.0000,0.0001
AP2,Female,25,2038,0.0000,0.0000,0.0000,0.0000,0.0000,0.0000,0.0001
AP2,Female,25,2039,0.0000,0.0000,0.0000,0.0000,0.0000,0.0000,0.0000
AP2,Female,25,2040,0.0000,0.0000,0.0000,0.0000,0.0000,0.0000,0.0000
AP2,Female,26,2021,0.0001,0.0001,0.0001,0.0001,0.0001,0.0001,0.0001
AP2,Female,26,2022,0.0001,0.0001,0.0001,0.0001,0.0001,0.0001,0.0001
AP2,Female,26,2023,0.0001,0.0001,0.0001,0.0001,0.0001,0.0001,0.0001
AP2,Female,26,2024,0.0001,0.0001,0.0001,0.0001,0.0001,0.0001,0.0001
AP2,Female,26,2025,0.0001,0.0001,0.0001,0.0001,0.0001,0.0001,0.0001
AP2,Female,26,2026,0.0001,0.0001,0.0001,0.0001,0.0001,0.0001,0.0001
AP2,Female,26,2027,0.0001,0.0001,0.0001,0.0001,0.0001,0.0000,0.0001
AP2,Female,26,2028,0.0001,0.0001,0.0001,0.0001,0.0001,0.0000,0.0001
AP2,Female,26,2029,0.0001,0.0001,0.0001,0.0000,0.0001,0.0000,0.0001
AP2,Female,26,2030,0.0001,0.0001,0.0001,0.0000,0.0001,0.0000,0.0001
AP2,Female,26,2031,0.0001,0.0000,0.0001,0.0000,0.0001,0.0000,0.0001
AP2,Female,26,2032,0.0001,0.0000,0.0001,0.0000,0.0001,0.0000,0.0001
AP2,Female,26,2033,0.0000,0.0000,0.0001,0.0000,0.0001,0.0000,0.0001
AP2,Female,26,2034,0.0000,0.0000,0.0001,0.0000,0.0001,0.0000,0.0001
AP2,Female,26,2035,0.0000,0.0000,0.0001,0.0000,0.0001,0.0000,0.0001
AP2,Female,26,2036,0.0000,0.0000,0.0001,0.0000,0.0001,0.0000,0.0001
AP2,Female,26,2037,0.0000,0.0000,0.0000,0.0000,0.0001,0.0000,0.0001
AP2,Female,26,2038,0.0000,0.0000,0.0000,0.0000,0.0001,0.0000,0.0001
AP2,Female,26,2039,0.0000,0.0000,0.0000,0.0000,0.0001,0.0000,0.0001
AP2,Female,26,2040,0.0000,0.0000,0.0000,0.0000,0.0000,0.0000,0.0001
AP2,Female,27,2021,0.0001,0.0001,0.0001,0.0001,0.0001,0.0001,0.0001
AP2,Female,27,2022,0.0001,0.0001,0.0001,0.0001,0.0001,0.0001,0.0001
AP2,Female,27,2023,0.0001,0.0001,0.0001,0.0001,0.0001,0.0001,0.0001
AP2,Female,27,2024,0.0001,0.0001,0.0001,0.0001,0.0001,0.0001,0.0001
AP2,Female,27,2025,0.0001,0.0001,0.0001,0.0001,0.0001,0.0001,0.0001
AP2,Female,27,2026,0.0001,0.0001,0.0001,0.0001,0.0001,0.0001,0.0001
AP2,Female,27,2027,0.0001,0.0001,0.0001,0.0001,0.0001,0.0001,0.0001
AP2,Female,27,2028,0.0001,0.0001,0.0001,0.0001,0.0001,0.0001,0.0001
AP2,Female,27,2029,0.0001,0.0001,0.0001,0.0001,0.0001,0.0001,0.0001
AP2,Female,27,2030,0.0001,0.0001,0.0001,0.0001,0.0001,0.0001,0.0001
AP2,Female,27,2031,0.0001,0.0001,0.0001,0.0001,0.0001,0.0000,0.0001
AP2,Female,27,2032,0.0001,0.0001,0.0001,0.0001,0.0001,0.0000,0.0001
AP2,Female,27,2033,0.0001,0.0001,0.0001,0.0000,0.0001,0.0000,0.0001
AP2,Female,27,2034,0.0001,0.0001,0.0001,0.0000,0.0001,0.0000,0.0001
AP2,Female,27,2035,0.0001,0.0000,0.0001,0.0000,0.0001,0.0000,0.0001
AP2,Female,27,2036,0.0001,0.0000,0.0001,0.0000,0.0001,0.0000,0.0001
AP2,Female,27,2037,0.0001,0.0000,0.0001,0.0000,0.0001,0.0000,0.0001
AP2,Female,27,2038,0.0000,0.0000,0.0001,0.0000,0.0001,0.0000,0.0001
AP2,Female,27,2039,0.0000,0.0000,0.0001,0.0000,0.0001,0.0000,0.0001
AP2,Female,27,2040,0.0000,0.0000,0.0001,0.0000,0.0001,0.0000,0.0001
AP2,Female,28,2021,0.0001,0.0001,0.0001,0.0001,0.0001,0.0001,0.0001
AP2,Female,28,2022,0.0001,0.0001,0.0001,0.0001,0.0001,0.0001,0.0001
AP2,Female,28,2023,0.0001,0.0001,0.0001,0.0001,0.0001,0.0001,0.0001
AP2,Female,28,2024,0.0001,0.0001,0.0001,0.0001,0.0001,0.0001,0.0001
AP2,Female,28,2025,0.0001,0.0001,0.0001,0.0001,0.0001,0.0001,0.0001
AP2,Female,28,2026,0.0001,0.0001,0.0001,0.0001,0.0001,0.0001,0.0001
AP2,Female,28,2027,0.0001,0.0001,0.0001,0.0001,0.0001,0.0001,0.0001
AP2,Female,28,2028,0.0001,0.0001,0.0001,0.0001,0.0001,0.0001,0.0001
AP2,Female,28,2029,0.0001,0.0001,0.0001,0.0001,0.0001,0.0001,0.0001
AP2,Female,28,2030,0.0001,0.0001,0.0001,0.0001,0.0001,0.0001,0.0001
AP2,Female,28,2031,0.0001,0.0001,0.0001,0.0001,0.0001,0.0001,0.0001
AP2,Female,28,2032,0.0001,0.0001,0.0001,0.0001,0.0001,0.0001,0.0001
AP2,Female,28,2033,0.0001,0.0001,0.0001,0.0001,0.0001,0.0001,0.0001
AP2,Female,28,2034,0.0001,0.0001,0.0001,0.0001,0.0001,0.0000,0.0001
AP2,Female,28,2035,0.0001,0.0001,0.0001,0.0001,0.0001,0.0000,0.0001
AP2,Female,28,2036,0.0001,0.0001,0.0001,0.0000,0.0001,0.0000,0.0001
AP2,Female,28,2037,0.0001,0.0001,0.0001,0.0000,0.0001,0.0000,0.0001
AP2,Female,28,2038,0.0001,0.0001,0.0001,0.0000,0.0001,0.0000,0.0001
AP2,Female,28,2039,0.0001,0.0000,0.0001,0.0000,0.0001,0.0000,0.0001
AP2,Female,28,2040,0.0001,0.0000,0.0001,0.0000,0.0001,0.0000,0.0001
AP2,Female,29,2021,0.0001,0.0001,0.0001,0.0001,0.0001,0.0001,0.0001
AP2,Female,29,2022,0.0001,0.0001,0.0001,0.0001,0.0001,0.0001,0.0001
AP2,Female,29,2023,0.0001,0.0001,0.0001,0.0001,0.0001,0.0001,0.0001
AP2,Female,29,2024,0.0001,0.0001,0.0001,0.0001,0.0001,0.0001,0.0001
AP2,Female,29,2025,0.0001,0.0001,0.0001,0.0001,0.0001,0.0001,0.0001
AP2,Female,29,2026,0.0001,0.0001,0.0001,0.0001,0.0001,0.0001,0.0001
AP2,Female,29,2027,0.0001,0.0001,0.0001,0.0001,0.0001,0.0001,0.0001
AP2,Female,29,2028,0.0001,0.0001,0.0001,0.0001,0.0001,0.0001,0.0001
AP2,Female,29,2029,0.0001,0.0001,0.0001,0.0001,0.0001,0.0001,0.0001
AP2,Female,29,2030,0.0001,0.0001,0.0001,0.0001,0.0001,0.0001,0.0001
AP2,Female,29,2031,0.0001,0.0001,0.0001,0.0001,0.0001,0.0001,0.0001
AP2,Female,29,2032,0.0001,0.0001,0.0001,0.0001,0.0001,0.0001,0.0001
AP2,Female,29,2033,0.0001,0.0001,0.0001,0.0001,0.0001,0.0001,0.0001
AP2,Female,29,2034,0.0001,0.0001,0.0001,0.0001,0.0001,0.0001,0.0001
AP2,Female,29,2035,0.0001,0.0001,0.0001,0.0001,0.0001,0.0001,0.0001
AP2,Female,29,2036,0.0001,0.0001,0.0001,0.0001,0.0001,0.0001,0.0001
AP2,Female,29,2037,0.0001,0.0001,0.0001,0.0001,0.0001,0.0001,0.0001
AP2,Female,29,2038,0.0001,0.0001,0.0001,0.0001,0.0001,0.0000,0.0001
AP2,Female,29,2039,0.0001,0.0001,0.0001,0.0001,0.0001,0.0000,0.0001
AP2,Female,29,2040,0.0001,0.0001,0.0001,0.0001,0.0001,0.0000,0.0001
AP2,Female,30,2021,0.0001,0.0001,0.0001,0.0001,0.0001,0.0001,0.0001
AP2,Female,30,2022,0.0001,0.0001,0.0001,0.0001,0.0001,0.0001,0.0001
AP2,Female,30,2023,0.0001,0.0001,0.0001,0.0001,0.0001,0.0001,0.0001
AP2,Female,30,2024,0.0001,0.0001,0.0001,0.0001,0.0001,0.0001,0.0001
AP2,Female,30,2025,0.0001,0.0001,0.0001,0.0001,0.0001,0.0001,0.0001
AP2,Female,30,2026,0.0001,0.0001,0.0001,0.0001,0.0001,0.0001,0.0001
AP2,Female,30,2027,0.0001,0.0001,0.0001,0.0001,0.0001,0.0001,0.0001
AP2,Female,30,2028,0.0001,0.0001,0.0001,0.0001,0.0001,0.0001,0.0001
AP2,Female,30,2029,0.0001,0.0001,0.0001,0.0001,0.0001,0.0001,0.0001
AP2,Female,30,2030,0.0001,0.0001,0.0001,0.0001,0.0001,0.0001,0.0001
AP2,Female,30,2031,0.0001,0.0001,0.0001,0.0001,0.0001,0.0001,0.0001
AP2,Female,30,2032,0.0001,0.0001,0.0001,0.0001,0.0001,0.0001,0.0001
AP2,Female,30,2033,0.0001,0.0001,0.0001,0.0001,0.0001,0.0001,0.0001
AP2,Female,30,2034,0.0001,0.0001,0.0001,0.0001,0.0001,0.0001,0.0001
AP2,Female,30,2035,0.0001,0.0001,0.0001,0.0001,0.0001,0.0001,0.0001
AP2,Female,30,2036,0.0001,0.0001,0.0001,0.0001,0.0001,0.0001,0.0001
AP2,Female,30,2037,0.0001,0.0001,0.0001,0.0001,0.0001,0.0001,0.0001
AP2,Female,30,2038,0.0001,0.0001,0.0001,0.0001,0.0001,0.0001,0.0001
AP2,Female,30,2039,0.0001,0.0001,0.0001,0.0001,0.0001,0.0001,0.0001
AP2,Female,30,2040,0.0001,0.0001,0.0001,0.0001,0.0001,0.0001,0.0001
AP2,Female,31,2021,0.0001,0.0001,0.0001,0.0001,0.0001,0.0001,0.0001
AP2,Female,31,2022,0.0001,0.0001,0.0001,0.0001,0.0001,0.0001,0.0001
AP2,Female,31,2023,0.0001,0.0001,0.0001,0.0001,0.0001,0.0001,0.0001
AP2,Female,31,2024,0.0001,0.0001,0.0001,0.0001,0.0001,0.0001,0.0001
AP2,Female,31,2025,0.0001,0.0001,0.0001,0.0001,0.0001,0.0001,0.0001
AP2,Female,31,2026,0.0001,0.0001,0.0001,0.0001,0.0001,0.0001,0.0001
AP2,Female,31,2027,0.0001,0.0001,0.0001,0.0001,0.0001,0.0001,0.0001
AP2,Female,31,2028,0.0001,0.0001,0.0001,0.0001,0.0001,0.0001,0.0001
AP2,Female,31,2029,0.0001,0.0001,0.0001,0.0001,0.0001,0.0001,0.0001
AP2,Female,31,2030,0.0001,0.0001,0.0001,0.0001,0.0001,0.0001,0.0001
AP2,Female,31,2031,0.0001,0.0001,0.0001,0.0001,0.0001,0.0001,0.0001
AP2,Female,31,2032,0.0001,0.0001,0.0001,0.0001,0.0001,0.0001,0.0001
AP2,Female,31,2033,0.0001,0.0001,0.0001,0.0001,0.0001,0.0001,0.0001
AP2,Female,31,2034,0.0001,0.0001,0.0001,0.0001,0.0001,0.0001,0.0001
AP2,Female,31,2035,0.0001,0.0001,0.0001,0.0001,0.0001,0.0001,0.0001
AP2,Female,31,2036,0.0001,0.0001,0.0001,0.0001,0.0001,0.0001,0.0001
AP2,Female,31,2037,0.0001,0.0001,0.0001,0.0001,0.0001,0.0001,0.0001
AP2,Female,31,2038,0.0001,0.0001,0.0001,0.0001,0.0001,0.0001,0.0001
AP2,Female,31,2039,0.0001,0.0001,0.0001,0.0001,0.0001,0.0001,0.0001
AP2,Female,31,2040,0.0001,0.0001,0.0001,0.0001,0.0001,0.0001,0.0001
AP2,Female,32,2021,0.0001,0.0001,0.0001,0.0001,0.0001,0.0001,0.0001
AP2,Female,32,2022,0.0001,0.0001,0.0001,0.0001,0.0001,0.0001,0.0001
AP2,Female,32,2023,0.0001,0.0001,0.0001,0.0001,0.0001,0.0001,0.0001
AP2,Female,32,2024,0.0001,0.0001,0.0001,0.0001,0.0001,0.0001,0.0001
AP2,Female,32,2025,0.0001,0.0001,0.0001,0.0001,0.0001,0.0001,0.0001
AP2,Female,32,2026,0.0001,0.0001,0.0001,0.0001,0.0001,0.0001,0.0001
AP2,Female,32,2027,0.0001,0.0001,0.0001,0.0001,0.0001,0.0001,0.0001
AP2,Female,32,2028,0.0001,0.0001,0.0001,0.0001,0.0001,0.0001,0.0001
AP2,Female,32,2029,0.0001,0.0001,0.0001,0.0001,0.0001,0.0001,0.0001
AP2,Female,32,2030,0.0001,0.0001,0.0001,0.0001,0.0001,0.0001,0.0001
AP2,Female,32,2031,0.0001,0.0001,0.0001,0.0001,0.0001,0.0001,0.0001
AP2,Female,32,2032,0.0001,0.0001,0.0001,0.0001,0.0001,0.0001,0.0001
AP2,Female,32,2033,0.0001,0.0001,0.0001,0.0001,0.0001,0.0001,0.0001
AP2,Female,32,2034,0.0001,0.0001,0.0001,0.0001,0.0001,0.0001,0.0001
AP2,Female,32,2035,0.0001,0.0001,0.0001,0.0001,0.0001,0.0001,0.0001
AP2,Female,32,2036,0.0001,0.0001,0.0001,0.0001,0.0001,0.0001,0.0001
AP2,Female,32,2037,0.0001,0.0001,0.0001,0.0001,0.0001,0.0001,0.0001
AP2,Female,32,2038,0.0001,0.0001,0.0001,0.0001,0.0001,0.0001,0.0001
AP2,Female,32,2039,0.0001,0.0001,0.0001,0.0001,0.0001,0.0001,0.0001
AP2,Female,32,2040,0.0001,0.0001,0.0001,0.0001,0.0001,0.0001,0.0001
AP2,Female,33,2021,0.0002,0.0002,0.0002,0.0002,0.0002,0.0002,0.0002
AP2,Female,33,2022,0.0002,0.0002,0.0002,0.0001,0.0002,0.0001,0.0002
AP2,Female,33,2023,0.0002,0.0001,0.0002,0.0001,0.0002,0.0001,0.0002
AP2,Female,33,2024,0.0001,0.0001,0.0002,0.0001,0.0002,0.0001,0.0002
AP2,Female,33,2025,0.0001,0.0001,0.0001,0.0001,0.0002,0.0001,0.0002
AP2,Female,33,2026,0.0001,0.0001,0.0001,0.0001,0.0002,0.0001,0.0002
AP2,Female,33,2027,0.0001,0.0001,0.0001,0.0001,0.0001,0.0001,0.0002
AP2,Female,33,2028,0.0001,0.0001,0.0001,0.0001,0.0001,0.0001,0.0002
AP2,Female,33,2029,0.0001,0.0001,0.0001,0.0001,0.0001,0.0001,0.0002
AP2,Female,33,2030,0.0001,0.0001,0.0001,0.0001,0.0001,0.0001,0.0002
AP2,Female,33,2031,0.0001,0.0001,0.0001,0.0001,0.0001,0.0001,0.0001
AP2,Female,33,2032,0.0001,0.0001,0.0001,0.0001,0.0001,0.0001,0.0001
AP2,Female,33,2033,0.0001,0.0001,0.0001,0.0001,0.0001,0.0001,0.0001
AP2,Female,33,2034,0.0001,0.0001,0.0001,0.0001,0.0001,0.0001,0.0001
AP2,Female,33,2035,0.0001,0.0001,0.0001,0.0001,0.0001,0.0001,0.0001
AP2,Female,33,2036,0.0001,0.0001,0.0001,0.0001,0.0001,0.0001,0.0001
AP2,Female,33,2037,0.0001,0.0001,0.0001,0.0001,0.0001,0.0001,0.0001
AP2,Female,33,2038,0.0001,0.0001,0.0001,0.0001,0.0001,0.0001,0.0001
AP2,Female,33,2039,0.0001,0.0001,0.0001,0.0001,0.0001,0.0001,0.0001
AP2,Female,33,2040,0.0001,0.0001,0.0001,0.0001,0.0001,0.0001,0.0001
AP2,Female,34,2021,0.0002,0.0002,0.0002,0.0002,0.0002,0.0002,0.0002
AP2,Female,34,2022,0.0002,0.0002,0.0002,0.0002,0.0002,0.0002,0.0002
AP2,Female,34,2023,0.0002,0.0002,0.0002,0.0002,0.0002,0.0002,0.0002
AP2,Female,34,2024,0.0002,0.0002,0.0002,0.0002,0.0002,0.0002,0.0002
AP2,Female,34,2025,0.0002,0.0002,0.0002,0.0002,0.0002,0.0001,0.0002
AP2,Female,34,2026,0.0002,0.0002,0.0002,0.0001,0.0002,0.0001,0.0002
AP2,Female,34,2027,0.0002,0.0001,0.0002,0.0001,0.0002,0.0001,0.0002
AP2,Female,34,2028,0.0002,0.0001,0.0002,0.0001,0.0002,0.0001,0.0002
AP2,Female,34,2029,0.0001,0.0001,0.0002,0.0001,0.0002,0.0001,0.0002
AP2,Female,34,2030,0.0001,0.0001,0.0002,0.0001,0.0002,0.0001,0.0002
AP2,Female,34,2031,0.0001,0.0001,0.0001,0.0001,0.0002,0.0001,0.0002
AP2,Female,34,2032,0.0001,0.0001,0.0001,0.0001,0.0002,0.0001,0.0002
AP2,Female,34,2033,0.0001,0.0001,0.0001,0.0001,0.0002,0.0001,0.0002
AP2,Female,34,2034,0.0001,0.0001,0.0001,0.0001,0.0001,0.0001,0.0002
AP2,Female,34,2035,0.0001,0.0001,0.0001,0.0001,0.0001,0.0001,0.0002
AP2,Female,34,2036,0.0001,0.0001,0.0001,0.0001,0.0001,0.0001,0.0002
AP2,Female,34,2037,0.0001,0.0001,0.0001,0.0001,0.0001,0.0001,0.0001
AP2,Female,34,2038,0.0001,0.0001,0.0001,0.0001,0.0001,0.0001,0.0001
AP2,Female,34,2039,0.0001,0.0001,0.0001,0.0001,0.0001,0.0001,0.0001
AP2,Female,34,2040,0.0001,0.0001,0.0001,0.0001,0.0001,0.0001,0.0001
AP2,Female,35,2021,0.0002,0.0002,0.0002,0.0002,0.0002,0.0002,0.0002
AP2,Female,35,2022,0.0002,0.0002,0.0002,0.0002,0.0002,0.0002,0.0002
AP2,Female,35,2023,0.0002,0.0002,0.0002,0.0002,0.0002,0.0002,0.0002
AP2,Female,35,2024,0.0002,0.0002,0.0002,0.0002,0.0002,0.0002,0.0002
AP2,Female,35,2025,0.0002,0.0002,0.0002,0.0002,0.0002,0.0002,0.0002
AP2,Female,35,2026,0.0002,0.0002,0.0002,0.0002,0.0002,0.0002,0.0002
AP2,Female,35,2027,0.0002,0.0002,0.0002,0.0002,0.0002,0.0002,0.0002
AP2,Female,35,2028,0.0002,0.0002,0.0002,0.0002,0.0002,0.0001,0.0002
AP2,Female,35,2029,0.0002,0.0002,0.0002,0.0002,0.0002,0.0001,0.0002
AP2,Female,35,2030,0.0002,0.0002,0.0002,0.0001,0.0002,0.0001,0.0002
AP2,Female,35,2031,0.0002,0.0001,0.0002,0.0001,0.0002,0.0001,0.0002
AP2,Female,35,2032,0.0002,0.0001,0.0002,0.0001,0.0002,0.0001,0.0002
AP2,Female,35,2033,0.0002,0.0001,0.0002,0.0001,0.0002,0.0001,0.0002
AP2,Female,35,2034,0.0001,0.0001,0.0002,0.0001,0.0002,0.0001,0.0002
AP2,Female,35,2035,0.0001,0.0001,0.0002,0.0001,0.0002,0.0001,0.0002
AP2,Female,35,2036,0.0001,0.0001,0.0001,0.0001,0.0002,0.0001,0.0002
AP2,Female,35,2037,0.0001,0.0001,0.0001,0.0001,0.0002,0.0001,0.0002
AP2,Female,35,2038,0.0001,0.0001,0.0001,0.0001,0.0002,0.0001,0.0002
AP2,Female,35,2039,0.0001,0.0001,0.0001,0.0001,0.0002,0.0001,0.0002
AP2,Female,35,2040,0.0001,0.0001,0.0001,0.0001,0.0001,0.0001,0.0002
AP2,Female,36,2021,0.0002,0.0002,0.0002,0.0002,0.0002,0.0002,0.0002
AP2,Female,36,2022,0.0002,0.0002,0.0002,0.0002,0.0002,0.0002,0.0002
AP2,Female,36,2023,0.0002,0.0002,0.0002,0.0002,0.0002,0.0002,0.0002
AP2,Female,36,2024,0.0002,0.0002,0.0002,0.0002,0.0002,0.0002,0.0002
AP2,Female,36,2025,0.0002,0.0002,0.0002,0.0002,0.0002,0.0002,0.0002
AP2,Female,36,2026,0.0002,0.0002,0.0002,0.0002,0.0002,0.0002,0.0002
AP2,Female,36,2027,0.0002,0.0002,0.0002,0.0002,0.0002,0.0002,0.0002
AP2,Female,36,2028,0.0002,0.0002,0.0002,0.0002,0.0002,0.0002,0.0002
AP2,Female,36,2029,0.0002,0.0002,0.0002,0.0002,0.0002,0.0002,0.0002
AP2,Female,36,2030,0.0002,0.0002,0.0002,0.0002,0.0002,0.0002,0.0002
AP2,Female,36,2031,0.0002,0.0002,0.0002,0.0002,0.0002,0.0002,0.0002
AP2,Female,36,2032,0.0002,0.0002,0.0002,0.0002,0.0002,0.0001,0.0002
AP2,Female,36,2033,0.0002,0.0002,0.0002,0.0002,0.0002,0.0001,0.0002
AP2,Female,36,2034,0.0002,0.0002,0.0002,0.0001,0.0002,0.0001,0.0002
AP2,Female,36,2035,0.0002,0.0002,0.0002,0.0001,0.0002,0.0001,0.0002
AP2,Female,36,2036,0.0002,0.0001,0.0002,0.0001,0.0002,0.0001,0.0002
AP2,Female,36,2037,0.0002,0.0001,0.0002,0.0001,0.0002,0.0001,0.0002
AP2,Female,36,2038,0.0002,0.0001,0.0002,0.0001,0.0002,0.0001,0.0002
AP2,Female,36,2039,0.0001,0.0001,0.0002,0.0001,0.0002,0.0001,0.0002
AP2,Female,36,2040,0.0001,0.0001,0.0002,0.0001,0.0002,0.0001,0.0002
AP2,Female,37,2021,0.0003,0.0003,0.0003,0.0003,0.0003,0.0002,0.0003
AP2,Female,37,2022,0.0003,0.0002,0.0003,0.0002,0.0003,0.0002,0.0003
AP2,Female,37,2023,0.0002,0.0002,0.0003,0.0002,0.0003,0.0002,0.0003
AP2,Female,37,2024,0.0002,0.0002,0.0002,0.0002,0.0003,0.0002,0.0003
AP2,Female,37,2025,0.0002,0.0002,0.0002,0.0002,0.0002,0.0002,0.0003
AP2,Female,37,2026,0.0002,0.0002,0.0002,0.0002,0.0002,0.0002,0.0003
AP2,Female,37,2027,0.0002,0.0002,0.0002,0.0002,0.0002,0.0002,0.0003
AP2,Female,37,2028,0.0002,0.0002,0.0002,0.0002,0.0002,0.0002,0.0002
AP2,Female,37,2029,0.0002,0.0002,0.0002,0.0002,0.0002,0.0002,0.0002
AP2,Female,37,2030,0.0002,0.0002,0.0002,0.0002,0.0002,0.0002,0.0002
AP2,Female,37,2031,0.0002,0.0002,0.0002,0.0002,0.0002,0.0002,0.0002
AP2,Female,37,2032,0.0002,0.0002,0.0002,0.0002,0.0002,0.0002,0.0002
AP2,Female,37,2033,0.0002,0.0002,0.0002,0.0002,0.0002,0.0002,0.0002
AP2,Female,37,2034,0.0002,0.0002,0.0002,0.0002,0.0002,0.0002,0.0002
AP2,Female,37,2035,0.0002,0.0002,0.0002,0.0002,0.0002,0.0002,0.0002
AP2,Female,37,2036,0.0002,0.0002,0.0002,0.0002,0.0002,0.0001,0.0002
AP2,Female,37,2037,0.0002,0.0002,0.0002,0.0002,0.0002,0.0001,0.0002
AP2,Female,37,2038,0.0002,0.0002,0.0002,0.0001,0.0002,0.0001,0.0002
AP2,Female,37,2039,0.0002,0.0002,0.0002,0.0001,0.0002,0.0001,0.0002
AP2,Female,37,2040,0.0002,0.0002,0.0002,0.0001,0.0002,0.0001,0.0002
AP2,Female,38,2021,0.0003,0.0003,0.0003,0.0003,0.0003,0.0003,0.0003
AP2,Female,38,2022,0.0003,0.0003,0.0003,0.0003,0.0003,0.0003,0.0003
AP2,Female,38,2023,0.0003,0.0003,0.0003,0.0003,0.0003,0.0003,0.0003
AP2,Female,38,2024,0.0003,0.0003,0.0003,0.0003,0.0003,0.0002,0.0003
AP2,Female,38,2025,0.0003,0.0003,0.0003,0.0002,0.0003,0.0002,0.0003
AP2,Female,38,2026,0.0003,0.0002,0.0003,0.0002,0.0003,0.0002,0.0003
AP2,Female,38,2027,0.0003,0.0002,0.0003,0.0002,0.0003,0.0002,0.0003
AP2,Female,38,2028,0.0002,0.0002,0.0003,0.0002,0.0003,0.0002,0.0003
AP2,Female,38,2029,0.0002,0.0002,0.0003,0.0002,0.0003,0.0002,0.0003
AP2,Female,38,2030,0.0002,0.0002,0.0002,0.0002,0.0003,0.0002,0.0003
AP2,Female,38,2031,0.0002,0.0002,0.0002,0.0002,0.0003,0.0002,0.0003
AP2,Female,38,2032,0.0002,0.0002,0.0002,0.0002,0.0002,0.0002,0.0003
AP2,Female,38,2033,0.0002,0.0002,0.0002,0.0002,0.0002,0.0002,0.0003
AP2,Female,38,2034,0.0002,0.0002,0.0002,0.0002,0.0002,0.0002,0.0003
AP2,Female,38,2035,0.0002,0.0002,0.0002,0.0002,0.0002,0.0002,0.0002
AP2,Female,38,2036,0.0002,0.0002,0.0002,0.0002,0.0002,0.0002,0.0002
AP2,Female,38,2037,0.0002,0.0002,0.0002,0.0002,0.0002,0.0002,0.0002
AP2,Female,38,2038,0.0002,0.0002,0.0002,0.0002,0.0002,0.0002,0.0002
AP2,Female,38,2039,0.0002,0.0002,0.0002,0.0002,0.0002,0.0002,0.0002
AP2,Female,38,2040,0.0002,0.0002,0.0002,0.0002,0.0002,0.0001,0.0002
AP2,Female,39,2021,0.0003,0.0003,0.0003,0.0003,0.0003,0.0003,0.0003
AP2,Female,39,2022,0.0003,0.0003,0.0003,0.0003,0.0003,0.0003,0.0003
AP2,Female,39,2023,0.0003,0.0003,0.0003,0.0003,0.0003,0.0003,0.0003
AP2,Female,39,2024,0.0003,0.0003,0.0003,0.0003,0.0003,0.0003,0.0003
AP2,Female,39,2025,0.0003,0.0003,0.0003,0.0003,0.0003,0.0003,0.0003
AP2,Female,39,2026,0.0003,0.0003,0.0003,0.0003,0.0003,0.0003,0.0003
AP2,Female,39,2027,0.0003,0.0003,0.0003,0.0003,0.0003,0.0003,0.0003
AP2,Female,39,2028,0.0003,0.0003,0.0003,0.0003,0.0003,0.0002,0.0003
AP2,Female,39,2029,0.0003,0.0003,0.0003,0.0002,0.0003,0.0002,0.0003
AP2,Female,39,2030,0.0003,0.0003,0.0003,0.0002,0.0003,0.0002,0.0003
AP2,Female,39,2031,0.0003,0.0002,0.0003,0.0002,0.0003,0.0002,0.0003
AP2,Female,39,2032,0.0003,0.0002,0.0003,0.0002,0.0003,0.0002,0.0003
AP2,Female,39,2033,0.0002,0.0002,0.0003,0.0002,0.0003,0.0002,0.0003
AP2,Female,39,2034,0.0002,0.0002,0.0003,0.0002,0.0003,0.0002,0.0003
AP2,Female,39,2035,0.0002,0.0002,0.0002,0.0002,0.0003,0.0002,0.0003
AP2,Female,39,2036,0.0002,0.0002,0.0002,0.0002,0.0003,0.0002,0.0003
AP2,Female,39,2037,0.0002,0.0002,0.0002,0.0002,0.0003,0.0002,0.0003
AP2,Female,39,2038,0.0002,0.0002,0.0002,0.0002,0.0002,0.0002,0.0003
AP2,Female,39,2039,0.0002,0.0002,0.0002,0.0002,0.0002,0.0002,0.0003
AP2,Female,39,2040,0.0002,0.0002,0.0002,0.0002,0.0002,0.0002,0.0003
AP2,Female,40,2021,0.0004,0.0004,0.0004,0.0004,0.0004,0.0004,0.0004
AP2,Female,40,2022,0.0004,0.0004,0.0004,0.0003,0.0004,0.0003,0.0004
AP2,Female,40,2023,0.0004,0.0003,0.0004,0.0003,0.0004,0.0003,0.0004
AP2,Female,40,2024,0.0003,0.0003,0.0004,0.0003,0.0004,0.0003,0.0004
AP2,Female,40,2025,0.0003,0.0003,0.0003,0.0003,0.0004,0.0003,0.0004
AP2,Female,40,2026,0.0003,0.0003,0.0003,0.0003,0.0004,0.0003,0.0004
AP2,Female,40,2027,0.0003,0.0003,0.0003,0.0003,0.0003,0.0003,0.0004
AP2,Female,40,2028,0.0003,0.0003,0.0003,0.0003,0.0003,0.0003,0.0004
AP2,Female,40,2029,0.0003,0.0003,0.0003,0.0003,0.0003,0.0003,0.0003
AP2,Female,40,2030,0.0003,0.0003,0.0003,0.0003,0.0003,0.0003,0.0003
AP2,Female,40,2031,0.0003,0.0003,0.0003,0.0003,0.0003,0.0003,0.0003
AP2,Female,40,2032,0.0003,0.0003,0.0003,0.0003,0.0003,0.0002,0.0003
AP2,Female,40,2033,0.0003,0.0003,0.0003,0.0002,0.0003,0.0002,0.0003
AP2,Female,40,2034,0.0003,0.0003,0.0003,0.0002,0.0003,0.0002,0.0003
AP2,Female,40,2035,0.0003,0.0002,0.0003,0.0002,0.0003,0.0002,0.0003
AP2,Female,40,2036,0.0003,0.0002,0.0003,0.0002,0.0003,0.0002,0.0003
AP2,Female,40,2037,0.0003,0.0002,0.0003,0.0002,0.0003,0.0002,0.0003
AP2,Female,40,2038,0.0002,0.0002,0.0003,0.0002,0.0003,0.0002,0.0003
AP2,Female,40,2039,0.0002,0.0002,0.0003,0.0002,0.0003,0.0002,0.0003
AP2,Female,40,2040,0.0002,0.0002,0.0003,0.0002,0.0003,0.0002,0.0003
AP2,Female,41,2021,0.0004,0.0004,0.0004,0.0004,0.0004,0.0004,0.0004
AP2,Female,41,2022,0.0004,0.0004,0.0004,0.0004,0.0004,0.0004,0.0004
AP2,Female,41,2023,0.0004,0.0004,0.0004,0.0004,0.0004,0.0004,0.0004
AP2,Female,41,2024,0.0004,0.0004,0.0004,0.0004,0.0004,0.0004,0.0004
AP2,Female,41,2025,0.0004,0.0004,0.0004,0.0004,0.0004,0.0003,0.0004
AP2,Female,41,2026,0.0004,0.0004,0.0004,0.0003,0.0004,0.0003,0.0004
AP2,Female,41,2027,0.0004,0.0003,0.0004,0.0003,0.0004,0.0003,0.0004
AP2,Female,41,2028,0.0004,0.0003,0.0004,0.0003,0.0004,0.0003,0.0004
AP2,Female,41,2029,0.0003,0.0003,0.0004,0.0003,0.0004,0.0003,0.0004
AP2,Female,41,2030,0.0003,0.0003,0.0004,0.0003,0.0004,0.0003,0.0004
AP2,Female,41,2031,0.0003,0.0003,0.0003,0.0003,0.0004,0.0003,0.0004
AP2,Female,41,2032,0.0003,0.0003,0.0003,0.0003,0.0004,0.0003,0.0004
AP2,Female,41,2033,0.0003,0.0003,0.0003,0.0003,0.0003,0.0003,0.0004
AP2,Female,41,2034,0.0003,0.0003,0.0003,0.0003,0.0003,0.0003,0.0004
AP2,Female,41,2035,0.0003,0.0003,0.0003,0.0003,0.0003,0.0003,0.0004
AP2,Female,41,2036,0.0003,0.0003,0.0003,0.0003,0.0003,0.0002,0.0003
AP2,Female,41,2037,0.0003,0.0003,0.0003,0.0003,0.0003,0.0002,0.0003
AP2,Female,41,2038,0.0003,0.0003,0.0003,0.0002,0.0003,0.0002,0.0003
AP2,Female,41,2039,0.0003,0.0003,0.0003,0.0002,0.0003,0.0002,0.0003
AP2,Female,41,2040,0.0003,0.0002,0.0003,0.0002,0.0003,0.0002,0.0003
AP2,Female,42,2021,0.0005,0.0005,0.0005,0.0005,0.0005,0.0005,0.0005
AP2,Female,42,2022,0.0005,0.0005,0.0005,0.0004,0.0005,0.0004,0.0005
AP2,Female,42,2023,0.0004,0.0004,0.0005,0.0004,0.0005,0.0004,0.0005
AP2,Female,42,2024,0.0004,0.0004,0.0005,0.0004,0.0005,0.0004,0.0005
AP2,Female,42,2025,0.0004,0.0004,0.0004,0.0004,0.0005,0.0004,0.0005
AP2,Female,42,2026,0.0004,0.0004,0.0004,0.0004,0.0004,0.0004,0.0005
AP2,Female,42,2027,0.0004,0.0004,0.0004,0.0004,0.0004,0.0004,0.0005
AP2,Female,42,2028,0.0004,0.0004,0.0004,0.0004,0.0004,0.0004,0.0004
AP2,Female,42,2029,0.0004,0.0004,0.0004,0.0004,0.0004,0.0003,0.0004
AP2,Female,42,2030,0.0004,0.0004,0.0004,0.0004,0.0004,0.0003,0.0004
AP2,Female,42,2031,0.0004,0.0004,0.0004,0.0003,0.0004,0.0003,0.0004
AP2,Female,42,2032,0.0004,0.0003,0.0004,0.0003,0.0004,0.0003,0.0004
AP2,Female,42,2033,0.0004,0.0003,0.0004,0.0003,0.0004,0.0003,0.0004
AP2,Female,42,2034,0.0003,0.0003,0.0004,0.0003,0.0004,0.0003,0.0004
AP2,Female,42,2035,0.0003,0.0003,0.0004,0.0003,0.0004,0.0003,0.0004
AP2,Female,42,2036,0.0003,0.0003,0.0004,0.0003,0.0004,0.0003,0.0004
AP2,Female,42,2037,0.0003,0.0003,0.0003,0.0003,0.0004,0.0003,0.0004
AP2,Female,42,2038,0.0003,0.0003,0.0003,0.0003,0.0004,0.0003,0.0004
AP2,Female,42,2039,0.0003,0.0003,0.0003,0.0003,0.0004,0.0003,0.0004
AP2,Female,42,2040,0.0003,0.0003,0.0003,0.0003,0.0003,0.0003,0.0004
AP2,Female,43,2021,0.0005,0.0005,0.0005,0.0005,0.0005,0.0005,0.0006
AP2,Female,43,2022,0.0005,0.0005,0.0005,0.0005,0.0005,0.0005,0.0005
AP2,Female,43,2023,0.0005,0.0005,0.0005,0.0005,0.0005,0.0005,0.0005
AP2,Female,43,2024,0.0005,0.0005,0.0005,0.0005,0.0005,0.0005,0.0005
AP2,Female,43,2025,0.0005,0.0005,0.0005,0.0005,0.0005,0.0004,0.0005
AP2,Female,43,2026,0.0005,0.0005,0.0005,0.0004,0.0005,0.0004,0.0005
AP2,Female,43,2027,0.0005,0.0004,0.0005,0.0004,0.0005,0.0004,0.0005
AP2,Female,43,2028,0.0005,0.0004,0.0005,0.0004,0.0005,0.0004,0.0005
AP2,Female,43,2029,0.0004,0.0004,0.0005,0.0004,0.0005,0.0004,0.0005
AP2,Female,43,2030,0.0004,0.0004,0.0005,0.0004,0.0005,0.0004,0.0005
AP2,Female,43,2031,0.0004,0.0004,0.0004,0.0004,0.0005,0.0004,0.0005
AP2,Female,43,2032,0.0004,0.0004,0.0004,0.0004,0.0005,0.0004,0.0005
AP2,Female,43,2033,0.0004,0.0004,0.0004,0.0004,0.0004,0.0003,0.0005
AP2,Female,43,2034,0.0004,0.0004,0.0004,0.0004,0.0004,0.0003,0.0005
AP2,Female,43,2035,0.0004,0.0004,0.0004,0.0003,0.0004,0.0003,0.0004
AP2,Female,43,2036,0.0004,0.0004,0.0004,0.0003,0.0004,0.0003,0.0004
AP2,Female,43,2037,0.0004,0.0003,0.0004,0.0003,0.0004,0.0003,0.0004
AP2,Female,43,2038,0.0004,0.0003,0.0004,0.0003,0.0004,0.0003,0.0004
AP2,Female,43,2039,0.0004,0.0003,0.0004,0.0003,0.0004,0.0003,0.0004
AP2,Female,43,2040,0.0003,0.0003,0.0004,0.0003,0.0004,0.0003,0.0004
AP2,Female,44,2021,0.0006,0.0006,0.0006,0.0006,0.0006,0.0006,0.0006
AP2,Female,44,2022,0.0006,0.0006,0.0006,0.0006,0.0006,0.0006,0.0006
AP2,Female,44,2023,0.0006,0.0006,0.0006,0.0005,0.0006,0.0005,0.0006
AP2,Female,44,2024,0.0006,0.0005,0.0006,0.0005,0.0006,0.0005,0.0006
AP2,Female,44,2025,0.0005,0.0005,0.0006,0.0005,0.0006,0.0005,0.0006
AP2,Female,44,2026,0.0005,0.0005,0.0006,0.0005,0.0006,0.0005,0.0006
AP2,Female,44,2027,0.0005,0.0005,0.0005,0.0005,0.0006,0.0005,0.0006
AP2,Female,44,2028,0.0005,0.0005,0.0005,0.0005,0.0005,0.0005,0.0006
AP2,Female,44,2029,0.0005,0.0005,0.0005,0.0005,0.0005,0.0004,0.0006
AP2,Female,44,2030,0.0005,0.0005,0.0005,0.0004,0.0005,0.0004,0.0006
AP2,Female,44,2031,0.0005,0.0005,0.0005,0.0004,0.0005,0.0004,0.0005
AP2,Female,44,2032,0.0005,0.0004,0.0005,0.0004,0.0005,0.0004,0.0005
AP2,Female,44,2033,0.0005,0.0004,0.0005,0.0004,0.0005,0.0004,0.0005
AP2,Female,44,2034,0.0004,0.0004,0.0005,0.0004,0.0005,0.0004,0.0005
AP2,Female,44,2035,0.0004,0.0004,0.0005,0.0004,0.0005,0.0004,0.0005
AP2,Female,44,2036,0.0004,0.0004,0.0004,0.0004,0.0005,0.0004,0.0005
AP2,Female,44,2037,0.0004,0.0004,0.0004,0.0004,0.0005,0.0004,0.0005
AP2,Female,44,2038,0.0004,0.0004,0.0004,0.0004,0.0005,0.0003,0.0005
AP2,Female,44,2039,0.0004,0.0004,0.0004,0.0004,0.0004,0.0003,0.0005
AP2,Female,44,2040,0.0004,0.0004,0.0004,0.0003,0.0004,0.0003,0.0005
AP2,Female,45,2021,0.0007,0.0007,0.0007,0.0007,0.0007,0.0006,0.0007
AP2,Female,45,2022,0.0007,0.0006,0.0007,0.0006,0.0007,0.0006,0.0007
AP2,Female,45,2023,0.0006,0.0006,0.0007,0.0006,0.0007,0.0006,0.0007
AP2,Female,45,2024,0.0006,0.0006,0.0006,0.0006,0.0007,0.0006,0.0007
AP2,Female,45,2025,0.0006,0.0006,0.0006,0.0006,0.0007,0.0006,0.0007
AP2,Female,45,2026,0.0006,0.0006,0.0006,0.0006,0.0006,0.0005,0.0007
AP2,Female,45,2027,0.0006,0.0006,0.0006,0.0006,0.0006,0.0005,0.0007
AP2,Female,45,2028,0.0006,0.0006,0.0006,0.0005,0.0006,0.0005,0.0006
AP2,Female,45,2029,0.0006,0.0005,0.0006,0.0005,0.0006,0.0005,0.0006
AP2,Female,45,2030,0.0006,0.0005,0.0006,0.0005,0.0006,0.0005,0.0006
AP2,Female,45,2031,0.0005,0.0005,0.0006,0.0005,0.0006,0.0005,0.0006
AP2,Female,45,2032,0.0005,0.0005,0.0006,0.0005,0.0006,0.0005,0.0006
AP2,Female,45,2033,0.0005,0.0005,0.0005,0.0005,0.0006,0.0004,0.0006
AP2,Female,45,2034,0.0005,0.0005,0.0005,0.0005,0.0006,0.0004,0.0006
AP2,Female,45,2035,0.0005,0.0005,0.0005,0.0004,0.0005,0.0004,0.0006
AP2,Female,45,2036,0.0005,0.0005,0.0005,0.0004,0.0005,0.0004,0.0006
AP2,Female,45,2037,0.0005,0.0004,0.0005,0.0004,0.0005,0.0004,0.0006
AP2,Female,45,2038,0.0005,0.0004,0.0005,0.0004,0.0005,0.0004,0.0005
AP2,Female,45,2039,0.0004,0.0004,0.0005,0.0004,0.0005,0.0004,0.0005
AP2,Female,45,2040,0.0004,0.0004,0.0005,0.0004,0.0005,0.0004,0.0005
AP2,Female,46,2021,0.0008,0.0007,0.0008,0.0007,0.0008,0.0007,0.0008
AP2,Female,46,2022,0.0007,0.0007,0.0008,0.0007,0.0008,0.0007,0.0008
AP2,Female,46,2023,0.0007,0.0007,0.0007,0.0007,0.0008,0.0007,0.0008
AP2,Female,46,2024,0.0007,0.0007,0.0007,0.0007,0.0007,0.0007,0.0008
AP2,Female,46,2025,0.0007,0.0007,0.0007,0.0007,0.0007,0.0006,0.0008
AP2,Female,46,2026,0.0007,0.0007,0.0007,0.0006,0.0007,0.0006,0.0007
AP2,Female,46,2027,0.0007,0.0006,0.0007,0.0006,0.0007,0.0006,0.0007
AP2,Female,46,2028,0.0006,0.0006,0.0007,0.0006,0.0007,0.0006,0.0007
AP2,Female,46,2029,0.0006,0.0006,0.0007,0.0006,0.0007,0.0006,0.0007
AP2,Female,46,2030,0.0006,0.0006,0.0006,0.0006,0.0007,0.0006,0.0007
AP2,Female,46,2031,0.0006,0.0006,0.0006,0.0006,0.0007,0.0005,0.0007
AP2,Female,46,2032,0.0006,0.0006,0.0006,0.0005,0.0006,0.0005,0.0007
AP2,Female,46,2033,0.0006,0.0006,0.0006,0.0005,0.0006,0.0005,0.0007
AP2,Female,46,2034,0.0006,0.0005,0.0006,0.0005,0.0006,0.0005,0.0007
AP2,Female,46,2035,0.0006,0.0005,0.0006,0.0005,0.0006,0.0005,0.0006
AP2,Female,46,2036,0.0005,0.0005,0.0006,0.0005,0.0006,0.0005,0.0006
AP2,Female,46,2037,0.0005,0.0005,0.0006,0.0005,0.0006,0.0005,0.0006
AP2,Female,46,2038,0.0005,0.0005,0.0006,0.0005,0.0006,0.0004,0.0006
AP2,Female,46,2039,0.0005,0.0005,0.0005,0.0005,0.0006,0.0004,0.0006
AP2,Female,46,2040,0.0005,0.0005,0.0005,0.0004,0.0006,0.0004,0.0006
AP2,Female,47,2021,0.0009,0.0008,0.0009,0.0008,0.0009,0.0008,0.0009
AP2,Female,47,2022,0.0008,0.0008,0.0009,0.0008,0.0009,0.0008,0.0009
AP2,Female,47,2023,0.0008,0.0008,0.0008,0.0008,0.0009,0.0008,0.0009
AP2,Female,47,2024,0.0008,0.0008,0.0008,0.0008,0.0008,0.0007,0.0009
AP2,Female,47,2025,0.0008,0.0008,0.0008,0.0007,0.0008,0.0007,0.0009
AP2,Female,47,2026,0.0008,0.0007,0.0008,0.0007,0.0008,0.0007,0.0008
AP2,Female,47,2027,0.0008,0.0007,0.0008,0.0007,0.0008,0.0007,0.0008
AP2,Female,47,2028,0.0007,0.0007,0.0008,0.0007,0.0008,0.0007,0.0008
AP2,Female,47,2029,0.0007,0.0007,0.0007,0.0007,0.0008,0.0006,0.0008
AP2,Female,47,2030,0.0007,0.0007,0.0007,0.0007,0.0008,0.0006,0.0008
AP2,Female,47,2031,0.0007,0.0007,0.0007,0.0006,0.0007,0.0006,0.0008
AP2,Female,47,2032,0.0007,0.0006,0.0007,0.0006,0.0007,0.0006,0.0008
AP2,Female,47,2033,0.0007,0.0006,0.0007,0.0006,0.0007,0.0006,0.0008
AP2,Female,47,2034,0.0006,0.0006,0.0007,0.0006,0.0007,0.0006,0.0007
AP2,Female,47,2035,0.0006,0.0006,0.0007,0.0006,0.0007,0.0005,0.0007
AP2,Female,47,2036,0.0006,0.0006,0.0006,0.0006,0.0007,0.0005,0.0007
AP2,Female,47,2037,0.0006,0.0006,0.0006,0.0005,0.0007,0.0005,0.0007
AP2,Female,47,2038,0.0006,0.0006,0.0006,0.0005,0.0007,0.0005,0.0007
AP2,Female,47,2039,0.0006,0.0005,0.0006,0.0005,0.0006,0.0005,0.0007
AP2,Female,47,2040,0.0006,0.0005,0.0006,0.0005,0.0006,0.0005,0.0007
AP2,Female,48,2021,0.0010,0.0010,0.0010,0.0009,0.0010,0.0009,0.0010
AP2,Female,48,2022,0.0009,0.0009,0.0010,0.0009,0.0010,0.0009,0.0010
AP2,Female,48,2023,0.0009,0.0009,0.0009,0.0009,0.0010,0.0009,0.0010
AP2,Female,48,2024,0.0009,0.0009,0.0009,0.0009,0.0009,0.0008,0.0010
AP2,Female,48,2025,0.0009,0.0009,0.0009,0.0008,0.0009,0.0008,0.0010
AP2,Female,48,2026,0.0009,0.0008,0.0009,0.0008,0.0009,0.0008,0.0009
AP2,Female,48,2027,0.0008,0.0008,0.0009,0.0008,0.0009,0.0008,0.0009
AP2,Female,48,2028,0.0008,0.0008,0.0009,0.0008,0.0009,0.0008,0.0009
AP2,Female,48,2029,0.0008,0.0008,0.0008,0.0008,0.0009,0.0007,0.0009
AP2,Female,48,2030,0.0008,0.0008,0.0008,0.0007,0.0009,0.0007,0.0009
AP2,Female,48,2031,0.0008,0.0007,0.0008,0.0007,0.0008,0.0007,0.0009
AP2,Female,48,2032,0.0008,0.0007,0.0008,0.0007,0.0008,0.0007,0.0009
AP2,Female,48,2033,0.0007,0.0007,0.0008,0.0007,0.0008,0.0006,0.0008
AP2,Female,48,2034,0.0007,0.0007,0.0008,0.0007,0.0008,0.0006,0.0008
AP2,Female,48,2035,0.0007,0.0007,0.0007,0.0006,0.0008,0.0006,0.0008
AP2,Female,48,2036,0.0007,0.0007,0.0007,0.0006,0.0008,0.0006,0.0008
AP2,Female,48,2037,0.0007,0.0006,0.0007,0.0006,0.0008,0.0006,0.0008
AP2,Female,48,2038,0.0007,0.0006,0.0007,0.0006,0.0007,0.0006,0.0008
AP2,Female,48,2039,0.0007,0.0006,0.0007,0.0006,0.0007,0.0006,0.0008
AP2,Female,48,2040,0.0006,0.0006,0.0007,0.0006,0.0007,0.0005,0.0008
AP2,Female,49,2021,0.0011,0.0011,0.0011,0.0011,0.0011,0.0010,0.0011
AP2,Female,49,2022,0.0011,0.0010,0.0011,0.0010,0.0011,0.0010,0.0011
AP2,Female,49,2023,0.0010,0.0010,0.0011,0.0010,0.0011,0.0010,0.0011
AP2,Female,49,2024,0.0010,0.0010,0.0010,0.0010,0.0011,0.0010,0.0011
AP2,Female,49,2025,0.0010,0.0010,0.0010,0.0009,0.0010,0.0009,0.0011
AP2,Female,49,2026,0.0010,0.0010,0.0010,0.0009,0.0010,0.0009,0.0011
AP2,Female,49,2027,0.0010,0.0009,0.0010,0.0009,0.0010,0.0009,0.0010
AP2,Female,49,2028,0.0009,0.0009,0.0010,0.0009,0.0010,0.0008,0.0010
AP2,Female,49,2029,0.0009,0.0009,0.0010,0.0009,0.0010,0.0008,0.0010
AP2,Female,49,2030,0.0009,0.0009,0.0009,0.0008,0.0010,0.0008,0.0010
AP2,Female,49,2031,0.0009,0.0008,0.0009,0.0008,0.0009,0.0008,0.0010
AP2,Female,49,2032,0.0009,0.0008,0.0009,0.0008,0.0009,0.0008,0.0010
AP2,Female,49,2033,0.0008,0.0008,0.0009,0.0008,0.0009,0.0007,0.0010
AP2,Female,49,2034,0.0008,0.0008,0.0009,0.0007,0.0009,0.0007,0.0009
AP2,Female,49,2035,0.0008,0.0008,0.0008,0.0007,0.0009,0.0007,0.0009
AP2,Female,49,2036,0.0008,0.0007,0.0008,0.0007,0.0009,0.0007,0.0009
AP2,Female,49,2037,0.0008,0.0007,0.0008,0.0007,0.0008,0.0007,0.0009
AP2,Female,49,2038,0.0008,0.0007,0.0008,0.0007,0.0008,0.0006,0.0009
AP2,Female,49,2039,0.0007,0.0007,0.0008,0.0007,0.0008,0.0006,0.0009
AP2,Female,49,2040,0.0007,0.0007,0.0008,0.0006,0.0008,0.0006,0.0009
AP2,Female,50,2021,0.0012,0.0012,0.0012,0.0012,0.0013,0.0012,0.0013
AP2,Female,50,2022,0.0012,0.0012,0.0012,0.0012,0.0012,0.0011,0.0013
AP2,Female,50,2023,0.0012,0.0012,0.0012,0.0011,0.0012,0.0011,0.0012
AP2,Female,50,2024,0.0012,0.0011,0.0012,0.0011,0.0012,0.0011,0.0012
AP2,Female,50,2025,0.0011,0.0011,0.0012,0.0011,0.0012,0.0010,0.0012
AP2,Female,50,2026,0.0011,0.0011,0.0011,0.0010,0.0012,0.0010,0.0012
AP2,Female,50,2027,0.0011,0.0011,0.0011,0.0010,0.0011,0.0010,0.0012
AP2,Female,50,2028,0.0011,0.0010,0.0011,0.0010,0.0011,0.0010,0.0012
AP2,Female,50,2029,0.0010,0.0010,0.0011,0.0010,0.0011,0.0009,0.0012
AP2,Female,50,2030,0.0010,0.0010,0.0011,0.0009,0.0011,0.0009,0.0011
AP2,Female,50,2031,0.0010,0.0010,0.0010,0.0009,0.0011,0.0009,0.0011
AP2,Female,50,2032,0.0010,0.0009,0.0010,0.0009,0.0011,0.0009,0.0011
AP2,Female,50,2033,0.0009,0.0009,0.0010,0.0009,0.0010,0.0008,0.0011
AP2,Female,50,2034,0.0009,0.0009,0.0010,0.0008,0.0010,0.0008,0.0011
AP2,Female,50,2035,0.0009,0.0009,0.0010,0.0008,0.0010,0.0008,0.0010
AP2,Female,50,2036,0.0009,0.0008,0.0009,0.0008,0.0010,0.0008,0.0010
AP2,Female,50,2037,0.0009,0.0008,0.0009,0.0008,0.0010,0.0007,0.0010
AP2,Female,50,2038,0.0009,0.0008,0.0009,0.0008,0.0009,0.0007,0.0010
AP2,Female,50,2039,0.0008,0.0008,0.0009,0.0008,0.0009,0.0007,0.0010
AP2,Female,50,2040,0.0008,0.0008,0.0009,0.0007,0.0009,0.0007,0.0010
AP2,Female,51,2021,0.0014,0.0014,0.0014,0.0014,0.0014,0.0013,0.0014
AP2,Female,51,2022,0.0014,0.0013,0.0014,0.0013,0.0014,0.0013,0.0014
AP2,Female,51,2023,0.0013,0.0013,0.0014,0.0013,0.0014,0.0013,0.0014
AP2,Female,51,2024,0.0013,0.0013,0.0013,0.0012,0.0014,0.0012,0.0014
AP2,Female,51,2025,0.0013,0.0012,0.0013,0.0012,0.0013,0.0012,0.0014
AP2,Female,51,2026,0.0012,0.0012,0.0013,0.0012,0.0013,0.0011,0.0014
AP2,Female,51,2027,0.0012,0.0012,0.0013,0.0012,0.0013,0.0011,0.0013
AP2,Female,51,2028,0.0012,0.0012,0.0012,0.0011,0.0013,0.0011,0.0013
AP2,Female,51,2029,0.0012,0.0011,0.0012,0.0011,0.0013,0.0011,0.0013
AP2,Female,51,2030,0.0011,0.0011,0.0012,0.0011,0.0012,0.0010,0.0013
AP2,Female,51,2031,0.0011,0.0011,0.0012,0.0010,0.0012,0.0010,0.0012
AP2,Female,51,2032,0.0011,0.0011,0.0011,0.0010,0.0012,0.0010,0.0012
AP2,Female,51,2033,0.0011,0.0010,0.0011,0.0010,0.0012,0.0009,0.0012
AP2,Female,51,2034,0.0011,0.0010,0.0011,0.0010,0.0011,0.0009,0.0012
AP2,Female,51,2035,0.0010,0.0010,0.0011,0.0009,0.0011,0.0009,0.0012
AP2,Female,51,2036,0.0010,0.0010,0.0011,0.0009,0.0011,0.0009,0.0012
AP2,Female,51,2037,0.0010,0.0009,0.0010,0.0009,0.0011,0.0008,0.0011
AP2,Female,51,2038,0.0010,0.0009,0.0010,0.0009,0.0011,0.0008,0.0011
AP2,Female,51,2039,0.0009,0.0009,0.0010,0.0009,0.0011,0.0008,0.0011
AP2,Female,51,2040,0.0009,0.0009,0.0010,0.0008,0.0010,0.0008,0.0011
AP2,Female,52,2021,0.0016,0.0015,0.0016,0.0015,0.0016,0.0015,0.0016
AP2,Female,52,2022,0.0015,0.0015,0.0016,0.0015,0.0016,0.0015,0.0016
AP2,Female,52,2023,0.0015,0.0015,0.0015,0.0014,0.0016,0.0014,0.0016
AP2,Female,52,2024,0.0015,0.0014,0.0015,0.0014,0.0015,0.0014,0.0016
AP2,Female,52,2025,0.0014,0.0014,0.0015,0.0014,0.0015,0.0013,0.0016
AP2,Female,52,2026,0.0014,0.0014,0.0014,0.0013,0.0015,0.0013,0.0015
AP2,Female,52,2027,0.0014,0.0013,0.0014,0.0013,0.0015,0.0013,0.0015
AP2,Female,52,2028,0.0013,0.0013,0.0014,0.0013,0.0014,0.0012,0.0015
AP2,Female,52,2029,0.0013,0.0013,0.0014,0.0012,0.0014,0.0012,0.0015
AP2,Female,52,2030,0.0013,0.0012,0.0013,0.0012,0.0014,0.0012,0.0014
AP2,Female,52,2031,0.0013,0.0012,0.0013,0.0012,0.0014,0.0011,0.0014
AP2,Female,52,2032,0.0012,0.0012,0.0013,0.0011,0.0013,0.0011,0.0014
AP2,Female,52,2033,0.0012,0.0012,0.0013,0.0011,0.0013,0.0011,0.0014
AP2,Female,52,2034,0.0012,0.0011,0.0012,0.0011,0.0013,0.0010,0.0013
AP2,Female,52,2035,0.0012,0.0011,0.0012,0.0011,0.0013,0.0010,0.0013
AP2,Female,52,2036,0.0011,0.0011,0.0012,0.0010,0.0012,0.0010,0.0013
AP2,Female,52,2037,0.0011,0.0011,0.0012,0.0010,0.0012,0.0010,0.0013
AP2,Female,52,2038,0.0011,0.0010,0.0012,0.0010,0.0012,0.0009,0.0013
AP2,Female,52,2039,0.0011,0.0010,0.0011,0.0010,0.0012,0.0009,0.0013
AP2,Female,52,2040,0.0010,0.0010,0.0011,0.0009,0.0012,0.0009,0.0012
AP2,Female,53,2021,0.0018,0.0017,0.0018,0.0017,0.0018,0.0017,0.0018
AP2,Female,53,2022,0.0017,0.0017,0.0017,0.0017,0.0018,0.0016,0.0018
AP2,Female,53,2023,0.0017,0.0017,0.0017,0.0016,0.0017,0.0016,0.0018
AP2,Female,53,2024,0.0017,0.0016,0.0017,0.0016,0.0017,0.0015,0.0018
AP2,Female,53,2025,0.0016,0.0016,0.0017,0.0015,0.0017,0.0015,0.0018
AP2,Female,53,2026,0.0016,0.0015,0.0016,0.0015,0.0017,0.0015,0.0017
AP2,Female,53,2027,0.0016,0.0015,0.0016,0.0015,0.0016,0.0014,0.0017
AP2,Female,53,2028,0.0015,0.0015,0.0016,0.0014,0.0016,0.0014,0.0017
AP2,Female,53,2029,0.0015,0.0014,0.0015,0.0014,0.0016,0.0013,0.0017
AP2,Female,53,2030,0.0015,0.0014,0.0015,0.0014,0.0016,0.0013,0.0016
AP2,Female,53,2031,0.0014,0.0014,0.0015,0.0013,0.0015,0.0013,0.0016
AP2,Female,53,2032,0.0014,0.0013,0.0015,0.0013,0.0015,0.0012,0.0016
AP2,Female,53,2033,0.0014,0.0013,0.0014,0.0013,0.0015,0.0012,0.0016
AP2,Female,53,2034,0.0013,0.0013,0.0014,0.0012,0.0015,0.0012,0.0015
AP2,Female,53,2035,0.0013,0.0013,0.0014,0.0012,0.0014,0.0011,0.0015
AP2,Female,53,2036,0.0013,0.0012,0.0014,0.0012,0.0014,0.0011,0.0015
AP2,Female,53,2037,0.0013,0.0012,0.0013,0.0011,0.0014,0.0011,0.0015
AP2,Female,53,2038,0.0012,0.0012,0.0013,0.0011,0.0014,0.0011,0.0014
AP2,Female,53,2039,0.0012,0.0011,0.0013,0.0011,0.0013,0.0010,0.0014
AP2,Female,53,2040,0.0012,0.0011,0.0013,0.0011,0.0013,0.0010,0.0014
AP2,Female,54,2021,0.0020,0.0020,0.0020,0.0019,0.0020,0.0019,0.0020
AP2,Female,54,2022,0.0019,0.0019,0.0020,0.0019,0.0020,0.0018,0.0020
AP2,Female,54,2023,0.0019,0.0019,0.0019,0.0018,0.0020,0.0018,0.0020
AP2,Female,54,2024,0.0019,0.0018,0.0019,0.0018,0.0019,0.0017,0.0020
AP2,Female,54,2025,0.0018,0.0018,0.0019,0.0017,0.0019,0.0017,0.0020
AP2,Female,54,2026,0.0018,0.0017,0.0018,0.0017,0.0019,0.0016,0.0020
AP2,Female,54,2027,0.0018,0.0017,0.0018,0.0017,0.0019,0.0016,0.0019
AP2,Female,54,2028,0.0017,0.0017,0.0018,0.0016,0.0018,0.0016,0.0019
AP2,Female,54,2029,0.0017,0.0016,0.0017,0.0016,0.0018,0.0015,0.0019
AP2,Female,54,2030,0.0016,0.0016,0.0017,0.0015,0.0018,0.0015,0.0018
AP2,Female,54,2031,0.0016,0.0016,0.0017,0.0015,0.0017,0.0014,0.0018
AP2,Female,54,2032,0.0016,0.0015,0.0017,0.0015,0.0017,0.0014,0.0018
AP2,Female,54,2033,0.0016,0.0015,0.0016,0.0014,0.0017,0.0014,0.0018
AP2,Female,54,2034,0.0015,0.0015,0.0016,0.0014,0.0017,0.0013,0.0017
AP2,Female,54,2035,0.0015,0.0014,0.0016,0.0014,0.0016,0.0013,0.0017
AP2,Female,54,2036,0.0015,0.0014,0.0015,0.0013,0.0016,0.0013,0.0017
AP2,Female,54,2037,0.0014,0.0014,0.0015,0.0013,0.0016,0.0012,0.0017
AP2,Female,54,2038,0.0014,0.0013,0.0015,0.0013,0.0016,0.0012,0.0016
AP2,Female,54,2039,0.0014,0.0013,0.0014,0.0012,0.0015,0.0012,0.0016
AP2,Female,54,2040,0.0013,0.0013,0.0014,0.0012,0.0015,0.0012,0.0016
AP2,Female,55,2021,0.0022,0.0022,0.0023,0.0022,0.0023,0.0022,0.0023
AP2,Female,55,2022,0.0022,0.0022,0.0022,0.0021,0.0023,0.0021,0.0023
AP2,Female,55,2023,0.0021,0.0021,0.0022,0.0021,0.0022,0.0020,0.0023
AP2,Female,55,2024,0.0021,0.0021,0.0021,0.0020,0.0022,0.0020,0.0022
AP2,Female,55,2025,0.0021,0.0020,0.0021,0.0020,0.0022,0.0019,0.0022
AP2,Female,55,2026,0.0020,0.0020,0.0021,0.0019,0.0021,0.0019,0.0022
AP2,Female,55,2027,0.0020,0.0019,0.0020,0.0019,0.0021,0.0018,0.0022
AP2,Female,55,2028,0.0019,0.0019,0.0020,0.0018,0.0021,0.0018,0.0021
AP2,Female,55,2029,0.0019,0.0018,0.0020,0.0018,0.0020,0.0017,0.0021
AP2,Female,55,2030,0.0019,0.0018,0.0019,0.0017,0.0020,0.0017,0.0021
AP2,Female,55,2031,0.0018,0.0018,0.0019,0.0017,0.0020,0.0016,0.0020
AP2,Female,55,2032,0.0018,0.0017,0.0019,0.0017,0.0019,0.0016,0.0020
AP2,Female,55,2033,0.0018,0.0017,0.0018,0.0016,0.0019,0.0015,0.0020
AP2,Female,55,2034,0.0017,0.0016,0.0018,0.0016,0.0019,0.0015,0.0019
AP2,Female,55,2035,0.0017,0.0016,0.0018,0.0015,0.0018,0.0015,0.0019
AP2,Female,55,2036,0.0017,0.0016,0.0017,0.0015,0.0018,0.0014,0.0019
AP2,Female,55,2037,0.0016,0.0015,0.0017,0.0015,0.0018,0.0014,0.0019
AP2,Female,55,2038,0.0016,0.0015,0.0017,0.0014,0.0018,0.0014,0.0018
AP2,Female,55,2039,0.0016,0.0015,0.0016,0.0014,0.0017,0.0013,0.0018
AP2,Female,55,2040,0.0015,0.0014,0.0016,0.0014,0.0017,0.0013,0.0018
AP2,Female,56,2021,0.0025,0.0025,0.0025,0.0025,0.0026,0.0024,0.0026
AP2,Female,56,2022,0.0025,0.0024,0.0025,0.0024,0.0025,0.0024,0.0026
AP2,Female,56,2023,0.0024,0.0024,0.0025,0.0023,0.0025,0.0023,0.0026
AP2,Female,56,2024,0.0024,0.0023,0.0024,0.0023,0.0025,0.0022,0.0025
AP2,Female,56,2025,0.0023,0.0023,0.0024,0.0022,0.0024,0.0021,0.0025
AP2,Female,56,2026,0.0023,0.0022,0.0023,0.0022,0.0024,0.0021,0.0025
AP2,Female,56,2027,0.0022,0.0022,0.0023,0.0021,0.0024,0.0020,0.0024
AP2,Female,56,2028,0.0022,0.0021,0.0023,0.0021,0.0023,0.0020,0.0024
AP2,Female,56,2029,0.0021,0.0021,0.0022,0.0020,0.0023,0.0019,0.0024
AP2,Female,56,2030,0.0021,0.0020,0.0022,0.0020,0.0023,0.0019,0.0023
AP2,Female,56,2031,0.0021,0.0020,0.0021,0.0019,0.0022,0.0018,0.0023
AP2,Female,56,2032,0.0020,0.0019,0.0021,0.0019,0.0022,0.0018,0.0023
AP2,Female,56,2033,0.0020,0.0019,0.0021,0.0018,0.0022,0.0017,0.0022
AP2,Female,56,2034,0.0019,0.0019,0.0020,0.0018,0.0021,0.0017,0.0022
AP2,Female,56,2035,0.0019,0.0018,0.0020,0.0017,0.0021,0.0017,0.0022
AP2,Female,56,2036,0.0019,0.0018,0.0020,0.0017,0.0020,0.0016,0.0021
AP2,Female,56,2037,0.0018,0.0017,0.0019,0.0017,0.0020,0.0016,0.0021
AP2,Female,56,2038,0.0018,0.0017,0.0019,0.0016,0.0020,0.0015,0.0021
AP2,Female,56,2039,0.0018,0.0017,0.0019,0.0016,0.0020,0.0015,0.0021
AP2,Female,56,2040,0.0017,0.0016,0.0018,0.0016,0.0019,0.0015,0.0020
AP2,Female,57,2021,0.0028,0.0028,0.0029,0.0028,0.0029,0.0027,0.0029
AP2,Female,57,2022,0.0028,0.0027,0.0028,0.0027,0.0029,0.0027,0.0029
AP2,Female,57,2023,0.0027,0.0027,0.0028,0.0026,0.0028,0.0026,0.0029
AP2,Female,57,2024,0.0027,0.0026,0.0027,0.0026,0.0028,0.0025,0.0029
AP2,Female,57,2025,0.0026,0.0026,0.0027,0.0025,0.0028,0.0024,0.0028
AP2,Female,57,2026,0.0026,0.0025,0.0026,0.0024,0.0027,0.0024,0.0028
AP2,Female,57,2027,0.0025,0.0025,0.0026,0.0024,0.0027,0.0023,0.0028
AP2,Female,57,2028,0.0025,0.0024,0.0026,0.0023,0.0026,0.0023,0.0027
AP2,Female,57,2029,0.0024,0.0023,0.0025,0.0023,0.0026,0.0022,0.0027
AP2,Female,57,2030,0.0024,0.0023,0.0025,0.0022,0.0026,0.0021,0.0026
AP2,Female,57,2031,0.0023,0.0022,0.0024,0.0022,0.0025,0.0021,0.0026
AP2,Female,57,2032,0.0023,0.0022,0.0024,0.0021,0.0025,0.0020,0.0026
AP2,Female,57,2033,0.0022,0.0021,0.0023,0.0021,0.0024,0.0020,0.0025
AP2,Female,57,2034,0.0022,0.0021,0.0023,0.0020,0.0024,0.0019,0.0025
AP2,Female,57,2035,0.0022,0.0021,0.0023,0.0020,0.0024,0.0019,0.0025
AP2,Female,57,2036,0.0021,0.0020,0.0022,0.0019,0.0023,0.0018,0.0024
AP2,Female,57,2037,0.0021,0.0020,0.0022,0.0019,0.0023,0.0018,0.0024
AP2,Female,57,2038,0.0020,0.0019,0.0021,0.0018,0.0022,0.0017,0.0024
AP2,Female,57,2039,0.0020,0.0019,0.0021,0.0018,0.0022,0.0017,0.0023
AP2,Female,57,2040,0.0020,0.0018,0.0021,0.0018,0.0022,0.0017,0.0023
AP2,Female,58,2021,0.0032,0.0032,0.0032,0.0031,0.0033,0.0031,0.0033
AP2,Female,58,2022,0.0031,0.0031,0.0032,0.0030,0.0032,0.0030,0.0033
AP2,Female,58,2023,0.0031,0.0030,0.0031,0.0030,0.0032,0.0029,0.0033
AP2,Female,58,2024,0.0030,0.0030,0.0031,0.0029,0.0031,0.0028,0.0032
AP2,Female,58,2025,0.0030,0.0029,0.0030,0.0028,0.0031,0.0027,0.0032
AP2,Female,58,2026,0.0029,0.0028,0.0030,0.0028,0.0031,0.0027,0.0032
AP2,Female,58,2027,0.0028,0.0028,0.0029,0.0027,0.0030,0.0026,0.0031
AP2,Female,58,2028,0.0028,0.0027,0.0029,0.0026,0.0030,0.0025,0.0031
AP2,Female,58,2029,0.0027,0.0026,0.0028,0.0026,0.0029,0.0025,0.0030
AP2,Female,58,2030,0.0027,0.0026,0.0028,0.0025,0.0029,0.0024,0.0030
AP2,Female,58,2031,0.0026,0.0025,0.0027,0.0024,0.0028,0.0024,0.0029
AP2,Female,58,2032,0.0026,0.0025,0.0027,0.0024,0.0028,0.0023,0.0029
AP2,Female,58,2033,0.0025,0.0024,0.0026,0.0023,0.0028,0.0022,0.0029
AP2,Female,58,2034,0.0025,0.0024,0.0026,0.0023,0.0027,0.0022,0.0028
AP2,Female,58,2035,0.0024,0.0023,0.0025,0.0022,0.0027,0.0021,0.0028
AP2,Female,58,2036,0.0024,0.0023,0.0025,0.0022,0.0026,0.0021,0.0027
AP2,Female,58,2037,0.0023,0.0022,0.0025,0.0021,0.0026,0.0020,0.0027
AP2,Female,58,2038,0.0023,0.0022,0.0024,0.0021,0.0025,0.0020,0.0027
AP2,Female,58,2039,0.0023,0.0021,0.0024,0.0020,0.0025,0.0019,0.0026
AP2,Female,58,2040,0.0022,0.0021,0.0023,0.0020,0.0025,0.0019,0.0026
AP2,Female,59,2021,0.0036,0.0036,0.0036,0.0035,0.0037,0.0035,0.0037
AP2,Female,59,2022,0.0035,0.0035,0.0036,0.0034,0.0036,0.0034,0.0037
AP2,Female,59,2023,0.0035,0.0034,0.0035,0.0033,0.0036,0.0033,0.0037
AP2,Female,59,2024,0.0034,0.0033,0.0035,0.0033,0.0036,0.0032,0.0037
AP2,Female,59,2025,0.0033,0.0033,0.0034,0.0032,0.0035,0.0031,0.0036
AP2,Female,59,2026,0.0033,0.0032,0.0034,0.0031,0.0035,0.0030,0.0036
AP2,Female,59,2027,0.0032,0.0031,0.0033,0.0030,0.0034,0.0029,0.0035
AP2,Female,59,2028,0.0032,0.0031,0.0033,0.0030,0.0034,0.0029,0.0035
AP2,Female,59,2029,0.0031,0.0030,0.0032,0.0029,0.0033,0.0028,0.0034
AP2,Female,59,2030,0.0030,0.0029,0.0031,0.0028,0.0033,0.0027,0.0034
AP2,Female,59,2031,0.0030,0.0029,0.0031,0.0028,0.0032,0.0027,0.0033
AP2,Female,59,2032,0.0029,0.0028,0.0030,0.0027,0.0032,0.0026,0.0033
AP2,Female,59,2033,0.0029,0.0027,0.0030,0.0026,0.0031,0.0025,0.0032
AP2,Female,59,2034,0.0028,0.0027,0.0029,0.0026,0.0031,0.0025,0.0032
AP2,Female,59,2035,0.0028,0.0026,0.0029,0.0025,0.0030,0.0024,0.0032
AP2,Female,59,2036,0.0027,0.0026,0.0028,0.0025,0.0030,0.0023,0.0031
AP2,Female,59,2037,0.0027,0.0025,0.0028,0.0024,0.0029,0.0023,0.0031
AP2,Female,59,2038,0.0026,0.0025,0.0027,0.0024,0.0029,0.0022,0.0030
AP2,Female,59,2039,0.0026,0.0024,0.0027,0.0023,0.0028,0.0022,0.0030
AP2,Female,59,2040,0.0025,0.0024,0.0026,0.0023,0.0028,0.0021,0.0029
AP2,Female,60,2021,0.0041,0.0040,0.0041,0.0040,0.0042,0.0039,0.0042
AP2,Female,60,2022,0.0040,0.0039,0.0041,0.0039,0.0041,0.0038,0.0042
AP2,Female,60,2023,0.0039,0.0038,0.0040,0.0038,0.0041,0.0037,0.0042
AP2,Female,60,2024,0.0038,0.0038,0.0039,0.0037,0.0040,0.0036,0.0041
AP2,Female,60,2025,0.0038,0.0037,0.0039,0.0036,0.0040,0.0035,0.0041
AP2,Female,60,2026,0.0037,0.0036,0.0038,0.0035,0.0039,0.0034,0.0040
AP2,Female,60,2027,0.0036,0.0035,0.0037,0.0034,0.0038,0.0033,0.0040
AP2,Female,60,2028,0.0036,0.0034,0.0037,0.0033,0.0038,0.0032,0.0039
AP2,Female,60,2029,0.0035,0.0034,0.0036,0.0033,0.0038,0.0031,0.0039
AP2,Female,60,2030,0.0034,0.0033,0.0036,0.0032,0.0037,0.0031,0.0038
AP2,Female,60,2031,0.0034,0.0032,0.0035,0.0031,0.0036,0.0030,0.0038
AP2,Female,60,2032,0.0033,0.0032,0.0034,0.0030,0.0036,0.0029,0.0037
AP2,Female,60,2033,0.0032,0.0031,0.0034,0.0030,0.0035,0.0028,0.0037
AP2,Female,60,2034,0.0032,0.0030,0.0033,0.0029,0.0035,0.0028,0.0036
AP2,Female,60,2035,0.0031,0.0030,0.0033,0.0028,0.0034,0.0027,0.0036
AP2,Female,60,2036,0.0031,0.0029,0.0032,0.0028,0.0034,0.0026,0.0035
AP2,Female,60,2037,0.0030,0.0028,0.0032,0.0027,0.0033,0.0026,0.0035
AP2,Female,60,2038,0.0029,0.0028,0.0031,0.0027,0.0033,0.0025,0.0034
AP2,Female,60,2039,0.0029,0.0027,0.0030,0.0026,0.0032,0.0025,0.0034
AP2,Female,60,2040,0.0028,0.0027,0.0030,0.0025,0.0032,0.0024,0.0033
AP2,Female,61,2021,0.0046,0.0045,0.0046,0.0045,0.0047,0.0044,0.0047
AP2,Female,61,2022,0.0045,0.0044,0.0046,0.0043,0.0046,0.0043,0.0047
AP2,Female,61,2023,0.0044,0.0043,0.0045,0.0042,0.0046,0.0041,0.0047
AP2,Female,61,2024,0.0043,0.0042,0.0044,0.0041,0.0045,0.0040,0.0047
AP2,Female,61,2025,0.0042,0.0041,0.0044,0.0040,0.0045,0.0039,0.0046
AP2,Female,61,2026,0.0042,0.0041,0.0043,0.0039,0.0044,0.0038,0.0046
AP2,Female,61,2027,0.0041,0.0040,0.0042,0.0039,0.0043,0.0037,0.0045
AP2,Female,61,2028,0.0040,0.0039,0.0042,0.0038,0.0043,0.0036,0.0044
AP2,Female,61,2029,0.0039,0.0038,0.0041,0.0037,0.0042,0.0035,0.0044
AP2,Female,61,2030,0.0039,0.0037,0.0040,0.0036,0.0042,0.0035,0.0043
AP2,Female,61,2031,0.0038,0.0036,0.0040,0.0035,0.0041,0.0034,0.0043
AP2,Female,61,2032,0.0037,0.0036,0.0039,0.0034,0.0040,0.0033,0.0042
AP2,Female,61,2033,0.0037,0.0035,0.0038,0.0034,0.0040,0.0032,0.0041
AP2,Female,61,2034,0.0036,0.0034,0.0037,0.0033,0.0039,0.0031,0.0041
AP2,Female,61,2035,0.0035,0.0033,0.0037,0.0032,0.0039,0.0030,0.0041
AP2,Female,61,2036,0.0035,0.0033,0.0036,0.0031,0.0038,0.0030,0.0040
AP2,Female,61,2037,0.0034,0.0032,0.0036,0.0031,0.0038,0.0029,0.0039
AP2,Female,61,2038,0.0033,0.0032,0.0035,0.0030,0.0037,0.0029,0.0039
AP2,Female,61,2039,0.0033,0.0031,0.0034,0.0029,0.0036,0.0028,0.0038
AP2,Female,61,2040,0.0032,0.0030,0.0034,0.0029,0.0036,0.0027,0.0038
AP2,Female,62,2021,0.0052,0.0051,0.0052,0.0050,0.0053,0.0050,0.0053
AP2,Female,62,2022,0.0051,0.0050,0.0052,0.0049,0.0052,0.0048,0.0053
AP2,Female,62,2023,0.0050,0.0049,0.0051,0.0048,0.0052,0.0047,0.0053
AP2,Female,62,2024,0.0049,0.0048,0.0050,0.0047,0.0051,0.0045,0.0053
AP2,Female,62,2025,0.0048,0.0047,0.0049,0.0045,0.0050,0.0044,0.0052
AP2,Female,62,2026,0.0047,0.0046,0.0048,0.0044,0.0050,0.0043,0.0052
AP2,Female,62,2027,0.0046,0.0045,0.0048,0.0044,0.0049,0.0042,0.0051
AP2,Female,62,2028,0.0045,0.0044,0.0047,0.0042,0.0048,0.0041,0.0050
AP2,Female,62,2029,0.0045,0.0043,0.0046,0.0041,0.0048,0.0040,0.0050
AP2,Female,62,2030,0.0044,0.0042,0.0045,0.0040,0.0047,0.0039,0.0049
AP2,Female,62,2031,0.0043,0.0041,0.0045,0.0040,0.0046,0.0038,0.0048
AP2,Female,62,2032,0.0042,0.0040,0.0044,0.0039,0.0046,0.0037,0.0047
AP2,Female,62,2033,0.0041,0.0039,0.0043,0.0038,0.0045,0.0036,0.0047
AP2,Female,62,2034,0.0041,0.0039,0.0042,0.0037,0.0045,0.0035,0.0046
AP2,Female,62,2035,0.0040,0.0038,0.0042,0.0036,0.0044,0.0034,0.0046
AP2,Female,62,2036,0.0039,0.0037,0.0041,0.0035,0.0043,0.0034,0.0045
AP2,Female,62,2037,0.0038,0.0036,0.0040,0.0035,0.0043,0.0033,0.0045
AP2,Female,62,2038,0.0038,0.0036,0.0040,0.0034,0.0042,0.0032,0.0044
AP2,Female,62,2039,0.0037,0.0035,0.0039,0.0033,0.0041,0.0032,0.0044
AP2,Female,62,2040,0.0036,0.0034,0.0038,0.0033,0.0041,0.0031,0.0043
AP2,Female,63,2021,0.0058,0.0057,0.0059,0.0057,0.0060,0.0056,0.0060
AP2,Female,63,2022,0.0057,0.0056,0.0058,0.0055,0.0059,0.0054,0.0060
AP2,Female,63,2023,0.0056,0.0055,0.0057,0.0054,0.0058,0.0053,0.0060
AP2,Female,63,2024,0.0055,0.0054,0.0056,0.0052,0.0058,0.0051,0.0059
AP2,Female,63,2025,0.0054,0.0053,0.0056,0.0051,0.0057,0.0050,0.0059
AP2,Female,63,2026,0.0053,0.0052,0.0055,0.0050,0.0056,0.0048,0.0058
AP2,Female,63,2027,0.0052,0.0050,0.0054,0.0049,0.0055,0.0047,0.0058
AP2,Female,63,2028,0.0051,0.0049,0.0053,0.0048,0.0055,0.0046,0.0057
AP2,Female,63,2029,0.0050,0.0048,0.0052,0.0047,0.0054,0.0045,0.0056
AP2,Female,63,2030,0.0049,0.0048,0.0051,0.0046,0.0053,0.0044,0.0055
AP2,Female,63,2031,0.0048,0.0047,0.0050,0.0045,0.0052,0.0043,0.0054
AP2,Female,63,2032,0.0048,0.0046,0.0050,0.0044,0.0052,0.0042,0.0054
AP2,Female,63,2033,0.0047,0.0045,0.0049,0.0043,0.0051,0.0041,0.0053
AP2,Female,63,2034,0.0046,0.0044,0.0048,0.0042,0.0050,0.0040,0.0053
AP2,Female,63,2035,0.0045,0.0043,0.0047,0.0041,0.0049,0.0039,0.0052
AP2,Female,63,2036,0.0044,0.0042,0.0046,0.0040,0.0049,0.0038,0.0051
AP2,Female,63,2037,0.0043,0.0041,0.0046,0.0039,0.0048,0.0037,0.0051
AP2,Female,63,2038,0.0043,0.0040,0.0045,0.0038,0.0048,0.0036,0.0050
AP2,Female,63,2039,0.0042,0.0040,0.0044,0.0038,0.0047,0.0036,0.0050
AP2,Female,63,2040,0.0041,0.0039,0.0044,0.0037,0.0046,0.0035,0.0049
AP2,Female,64,2021,0.0065,0.0065,0.0066,0.0064,0.0067,0.0063,0.0068
AP2,Female,64,2022,0.0064,0.0063,0.0066,0.0062,0.0067,0.0061,0.0068
AP2,Female,64,2023,0.0063,0.0062,0.0065,0.0061,0.0066,0.0059,0.0068
AP2,Female,64,2024,0.0062,0.0061,0.0064,0.0059,0.0065,0.0057,0.0067
AP2,Female,64,2025,0.0061,0.0059,0.0063,0.0058,0.0064,0.0056,0.0066
AP2,Female,64,2026,0.0060,0.0058,0.0062,0.0056,0.0064,0.0055,0.0066
AP2,Female,64,2027,0.0059,0.0057,0.0061,0.0055,0.0063,0.0053,0.0065
AP2,Female,64,2028,0.0058,0.0056,0.0060,0.0054,0.0062,0.0052,0.0064
AP2,Female,64,2029,0.0057,0.0055,0.0059,0.0053,0.0061,0.0051,0.0064
AP2,Female,64,2030,0.0056,0.0054,0.0058,0.0051,0.0060,0.0050,0.0063
AP2,Female,64,2031,0.0055,0.0053,0.0057,0.0050,0.0059,0.0048,0.0062
AP2,Female,64,2032,0.0054,0.0051,0.0056,0.0049,0.0059,0.0047,0.0061
AP2,Female,64,2033,0.0053,0.0050,0.0055,0.0048,0.0058,0.0046,0.0060
AP2,Female,64,2034,0.0052,0.0049,0.0054,0.0047,0.0057,0.0045,0.0060
AP2,Female,64,2035,0.0051,0.0048,0.0053,0.0046,0.0056,0.0044,0.0059
AP2,Female,64,2036,0.0050,0.0047,0.0053,0.0045,0.0055,0.0043,0.0058
AP2,Female,64,2037,0.0049,0.0047,0.0052,0.0044,0.0055,0.0042,0.0058
AP2,Female,64,2038,0.0048,0.0046,0.0051,0.0043,0.0054,0.0041,0.0057
AP2,Female,64,2039,0.0047,0.0045,0.0050,0.0042,0.0053,0.0040,0.0056
AP2,Female,64,2040,0.0047,0.0044,0.0049,0.0041,0.0052,0.0039,0.0056
AP2,Female,65,2021,0.0074,0.0073,0.0075,0.0072,0.0076,0.0071,0.0077
AP2,Female,65,2022,0.0072,0.0071,0.0074,0.0070,0.0075,0.0069,0.0077
AP2,Female,65,2023,0.0071,0.0070,0.0073,0.0068,0.0074,0.0067,0.0076
AP2,Female,65,2024,0.0070,0.0068,0.0072,0.0067,0.0074,0.0065,0.0076
AP2,Female,65,2025,0.0069,0.0067,0.0071,0.0065,0.0073,0.0063,0.0075
AP2,Female,65,2026,0.0068,0.0066,0.0070,0.0064,0.0072,0.0061,0.0074
AP2,Female,65,2027,0.0066,0.0064,0.0069,0.0062,0.0071,0.0060,0.0074
AP2,Female,65,2028,0.0065,0.0063,0.0068,0.0061,0.0070,0.0059,0.0073
AP2,Female,65,2029,0.0064,0.0062,0.0067,0.0059,0.0069,0.0057,0.0072
AP2,Female,65,2030,0.0063,0.0060,0.0066,0.0058,0.0068,0.0056,0.0071
AP2,Female,65,2031,0.0062,0.0059,0.0064,0.0057,0.0067,0.0054,0.0070
AP2,Female,65,2032,0.0061,0.0058,0.0063,0.0056,0.0066,0.0053,0.0069
AP2,Female,65,2033,0.0060,0.0057,0.0062,0.0054,0.0066,0.0051,0.0068
AP2,Female,65,2034,0.0059,0.0056,0.0061,0.0053,0.0065,0.0050,0.0067
AP2,Female,65,2035,0.0058,0.0055,0.0061,0.0052,0.0063,0.0049,0.0067
AP2,Female,65,2036,0.0057,0.0053,0.0060,0.0051,0.0062,0.0048,0.0066
AP2,Female,65,2037,0.0056,0.0053,0.0059,0.0050,0.0062,0.0047,0.0066
AP2,Female,65,2038,0.0055,0.0052,0.0058,0.0049,0.0061,0.0046,0.0065
AP2,Female,65,2039,0.0054,0.0051,0.0057,0.0048,0.0060,0.0046,0.0064
AP2,Female,65,2040,0.0053,0.0049,0.0056,0.0047,0.0059,0.0044,0.0063
AP2,Female,66,2021,0.0083,0.0082,0.0084,0.0081,0.0085,0.0080,0.0086
AP2,Female,66,2022,0.0082,0.0080,0.0083,0.0079,0.0085,0.0077,0.0086
AP2,Female,66,2023,0.0080,0.0078,0.0082,0.0077,0.0084,0.0075,0.0086
AP2,Female,66,2024,0.0079,0.0077,0.0081,0.0075,0.0083,0.0073,0.0086
AP2,Female,66,2025,0.0077,0.0075,0.0080,0.0073,0.0082,0.0071,0.0085
AP2,Female,66,2026,0.0076,0.0074,0.0079,0.0072,0.0081,0.0069,0.0084
AP2,Female,66,2027,0.0075,0.0072,0.0078,0.0070,0.0080,0.0067,0.0083
AP2,Female,66,2028,0.0074,0.0071,0.0076,0.0068,0.0079,0.0066,0.0083
AP2,Female,66,2029,0.0072,0.0069,0.0075,0.0067,0.0078,0.0064,0.0081
AP2,Female,66,2030,0.0071,0.0068,0.0074,0.0065,0.0077,0.0063,0.0080
AP2,Female,66,2031,0.0070,0.0067,0.0073,0.0064,0.0076,0.0061,0.0079
AP2,Female,66,2032,0.0069,0.0065,0.0072,0.0063,0.0075,0.0060,0.0078
AP2,Female,66,2033,0.0067,0.0064,0.0070,0.0061,0.0074,0.0058,0.0078
AP2,Female,66,2034,0.0066,0.0063,0.0069,0.0060,0.0073,0.0057,0.0077
AP2,Female,66,2035,0.0065,0.0062,0.0069,0.0058,0.0072,0.0055,0.0076
AP2,Female,66,2036,0.0064,0.0060,0.0067,0.0057,0.0071,0.0054,0.0075
AP2,Female,66,2037,0.0063,0.0059,0.0066,0.0056,0.0070,0.0053,0.0074
AP2,Female,66,2038,0.0062,0.0058,0.0066,0.0055,0.0069,0.0052,0.0074
AP2,Female,66,2039,0.0061,0.0057,0.0065,0.0054,0.0068,0.0051,0.0072
AP2,Female,66,2040,0.0060,0.0056,0.0064,0.0053,0.0067,0.0050,0.0072
AP2,Female,67,2021,0.0094,0.0092,0.0095,0.0091,0.0096,0.0090,0.0097
AP2,Female,67,2022,0.0092,0.0090,0.0094,0.0089,0.0095,0.0087,0.0097
AP2,Female,67,2023,0.0090,0.0088,0.0092,0.0086,0.0095,0.0084,0.0097
AP2,Female,67,2024,0.0089,0.0086,0.0091,0.0085,0.0094,0.0082,0.0097
AP2,Female,67,2025,0.0087,0.0085,0.0090,0.0082,0.0093,0.0079,0.0096
AP2,Female,67,2026,0.0086,0.0083,0.0089,0.0081,0.0092,0.0078,0.0095
AP2,Female,67,2027,0.0084,0.0082,0.0088,0.0079,0.0090,0.0076,0.0094
AP2,Female,67,2028,0.0083,0.0080,0.0086,0.0077,0.0090,0.0074,0.0093
AP2,Female,67,2029,0.0082,0.0078,0.0085,0.0075,0.0088,0.0072,0.0092
AP2,Female,67,2030,0.0080,0.0077,0.0084,0.0074,0.0087,0.0071,0.0091
AP2,Female,67,2031,0.0079,0.0075,0.0082,0.0072,0.0086,0.0069,0.0090
AP2,Female,67,2032,0.0077,0.0074,0.0081,0.0071,0.0085,0.0067,0.0089
AP2,Female,67,2033,0.0076,0.0072,0.0080,0.0069,0.0084,0.0065,0.0088
AP2,Female,67,2034,0.0075,0.0071,0.0078,0.0068,0.0083,0.0064,0.0087
AP2,Female,67,2035,0.0074,0.0070,0.0078,0.0066,0.0082,0.0062,0.0086
AP2,Female,67,2036,0.0072,0.0068,0.0076,0.0064,0.0080,0.0061,0.0085
AP2,Female,67,2037,0.0071,0.0067,0.0075,0.0063,0.0080,0.0060,0.0085
AP2,Female,67,2038,0.0070,0.0066,0.0074,0.0062,0.0078,0.0059,0.0084
AP2,Female,67,2039,0.0069,0.0065,0.0073,0.0061,0.0077,0.0058,0.0082
AP2,Female,67,2040,0.0067,0.0063,0.0072,0.0059,0.0076,0.0056,0.0082
AP2,Female,68,2021,0.0105,0.0104,0.0107,0.0103,0.0108,0.0101,0.0110
AP2,Female,68,2022,0.0104,0.0102,0.0106,0.0100,0.0108,0.0098,0.0110
AP2,Female,68,2023,0.0102,0.0099,0.0104,0.0097,0.0107,0.0095,0.0109
AP2,Female,68,2024,0.0100,0.0097,0.0103,0.0095,0.0106,0.0092,0.0109
AP2,Female,68,2025,0.0098,0.0095,0.0102,0.0093,0.0105,0.0089,0.0108
AP2,Female,68,2026,0.0097,0.0094,0.0100,0.0091,0.0104,0.0088,0.0107
AP2,Female,68,2027,0.0095,0.0092,0.0099,0.0089,0.0102,0.0085,0.0106
AP2,Female,68,2028,0.0094,0.0090,0.0097,0.0087,0.0101,0.0084,0.0106
AP2,Female,68,2029,0.0092,0.0088,0.0096,0.0085,0.0100,0.0081,0.0104
AP2,Female,68,2030,0.0090,0.0087,0.0095,0.0083,0.0099,0.0080,0.0103
AP2,Female,68,2031,0.0089,0.0085,0.0093,0.0081,0.0097,0.0077,0.0101
AP2,Female,68,2032,0.0087,0.0083,0.0092,0.0079,0.0096,0.0076,0.0101
AP2,Female,68,2033,0.0086,0.0082,0.0090,0.0078,0.0095,0.0074,0.0100
AP2,Female,68,2034,0.0085,0.0080,0.0089,0.0076,0.0094,0.0072,0.0098
AP2,Female,68,2035,0.0083,0.0079,0.0088,0.0074,0.0092,0.0070,0.0098
AP2,Female,68,2036,0.0082,0.0077,0.0086,0.0073,0.0091,0.0069,0.0096
AP2,Female,68,2037,0.0080,0.0076,0.0085,0.0071,0.0090,0.0067,0.0096
AP2,Female,68,2038,0.0079,0.0074,0.0084,0.0070,0.0089,0.0066,0.0095
AP2,Female,68,2039,0.0078,0.0073,0.0083,0.0069,0.0087,0.0065,0.0094
AP2,Female,68,2040,0.0076,0.0071,0.0082,0.0067,0.0086,0.0063,0.0093
AP2,Female,69,2021,0.0119,0.0117,0.0120,0.0115,0.0122,0.0114,0.0124
AP2,Female,69,2022,0.0117,0.0114,0.0119,0.0112,0.0121,0.0110,0.0124
AP2,Female,69,2023,0.0115,0.0112,0.0118,0.0109,0.0121,0.0107,0.0123
AP2,Female,69,2024,0.0113,0.0110,0.0116,0.0107,0.0119,0.0104,0.0123
AP2,Female,69,2025,0.0111,0.0108,0.0115,0.0104,0.0118,0.0100,0.0122
AP2,Female,69,2026,0.0109,0.0106,0.0113,0.0102,0.0117,0.0099,0.0121
AP2,Female,69,2027,0.0107,0.0103,0.0112,0.0100,0.0116,0.0096,0.0120
AP2,Female,69,2028,0.0106,0.0101,0.0110,0.0098,0.0114,0.0094,0.0119
AP2,Female,69,2029,0.0104,0.0099,0.0108,0.0096,0.0113,0.0092,0.0118
AP2,Female,69,2030,0.0102,0.0098,0.0107,0.0093,0.0112,0.0089,0.0117
AP2,Female,69,2031,0.0100,0.0096,0.0105,0.0091,0.0110,0.0087,0.0115
AP2,Female,69,2032,0.0099,0.0094,0.0104,0.0089,0.0108,0.0085,0.0114
AP2,Female,69,2033,0.0097,0.0092,0.0102,0.0088,0.0108,0.0083,0.0113
AP2,Female,69,2034,0.0096,0.0090,0.0100,0.0086,0.0106,0.0081,0.0112
AP2,Female,69,2035,0.0094,0.0089,0.0099,0.0084,0.0104,0.0079,0.0111
AP2,Female,69,2036,0.0092,0.0087,0.0098,0.0082,0.0103,0.0078,0.0109
AP2,Female,69,2037,0.0091,0.0085,0.0096,0.0080,0.0102,0.0076,0.0109
AP2,Female,69,2038,0.0089,0.0084,0.0095,0.0079,0.0101,0.0074,0.0108
AP2,Female,69,2039,0.0088,0.0082,0.0094,0.0078,0.0099,0.0073,0.0107
AP2,Female,69,2040,0.0086,0.0080,0.0093,0.0076,0.0097,0.0072,0.0105
AP2,Female,70,2021,0.0134,0.0132,0.0136,0.0130,0.0138,0.0128,0.0140
AP2,Female,70,2022,0.0131,0.0129,0.0134,0.0126,0.0137,0.0124,0.0140
AP2,Female,70,2023,0.0129,0.0126,0.0133,0.0123,0.0136,0.0120,0.0139
AP2,Female,70,2024,0.0127,0.0123,0.0131,0.0121,0.0135,0.0116,0.0139
AP2,Female,70,2025,0.0125,0.0121,0.0129,0.0117,0.0133,0.0113,0.0138
AP2,Female,70,2026,0.0123,0.0119,0.0127,0.0115,0.0132,0.0111,0.0137
AP2,Female,70,2027,0.0121,0.0117,0.0126,0.0113,0.0130,0.0108,0.0136
AP2,Female,70,2028,0.0119,0.0114,0.0124,0.0110,0.0129,0.0106,0.0135
AP2,Female,70,2029,0.0117,0.0112,0.0122,0.0108,0.0128,0.0103,0.0133
AP2,Female,70,2030,0.0115,0.0110,0.0121,0.0105,0.0126,0.0101,0.0133
AP2,Female,70,2031,0.0113,0.0108,0.0119,0.0103,0.0125,0.0098,0.0130
AP2,Female,70,2032,0.0112,0.0106,0.0117,0.0101,0.0123,0.0096,0.0129
AP2,Female,70,2033,0.0110,0.0104,0.0115,0.0099,0.0122,0.0093,0.0128
AP2,Female,70,2034,0.0108,0.0102,0.0113,0.0097,0.0120,0.0091,0.0127
AP2,Female,70,2035,0.0106,0.0100,0.0112,0.0094,0.0118,0.0089,0.0126
AP2,Female,70,2036,0.0104,0.0098,0.0111,0.0092,0.0117,0.0087,0.0124
AP2,Female,70,2037,0.0103,0.0096,0.0109,0.0090,0.0116,0.0086,0.0124
AP2,Female,70,2038,0.0101,0.0095,0.0108,0.0089,0.0114,0.0083,0.0123
AP2,Female,70,2039,0.0099,0.0093,0.0106,0.0087,0.0112,0.0082,0.0121
AP2,Female,70,2040,0.0098,0.0091,0.0105,0.0086,0.0110,0.0081,0.0120
AP2,Female,71,2021,0.0150,0.0148,0.0153,0.0146,0.0155,0.0144,0.0157
AP2,Female,71,2022,0.0148,0.0145,0.0151,0.0142,0.0154,0.0139,0.0157
AP2,Female,71,2023,0.0146,0.0142,0.0149,0.0138,0.0153,0.0135,0.0158
AP2,Female,71,2024,0.0143,0.0139,0.0148,0.0136,0.0152,0.0131,0.0157
AP2,Female,71,2025,0.0141,0.0136,0.0146,0.0132,0.0151,0.0127,0.0156
AP2,Female,71,2026,0.0139,0.0134,0.0144,0.0129,0.0149,0.0125,0.0155
AP2,Female,71,2027,0.0136,0.0131,0.0142,0.0127,0.0147,0.0121,0.0154
AP2,Female,71,2028,0.0134,0.0129,0.0140,0.0123,0.0146,0.0120,0.0153
AP2,Female,71,2029,0.0132,0.0126,0.0138,0.0121,0.0145,0.0115,0.0151
AP2,Female,71,2030,0.0130,0.0124,0.0137,0.0118,0.0143,0.0113,0.0150
AP2,Female,71,2031,0.0128,0.0122,0.0134,0.0116,0.0141,0.0110,0.0148
AP2,Female,71,2032,0.0126,0.0119,0.0132,0.0114,0.0139,0.0107,0.0146
AP2,Female,71,2033,0.0124,0.0117,0.0130,0.0111,0.0138,0.0105,0.0146
AP2,Female,71,2034,0.0122,0.0115,0.0128,0.0109,0.0136,0.0102,0.0144
AP2,Female,71,2035,0.0120,0.0113,0.0127,0.0106,0.0134,0.0100,0.0143
AP2,Female,71,2036,0.0118,0.0111,0.0125,0.0104,0.0132,0.0098,0.0141
AP2,Female,71,2037,0.0116,0.0109,0.0123,0.0102,0.0131,0.0096,0.0140
AP2,Female,71,2038,0.0114,0.0107,0.0122,0.0100,0.0129,0.0094,0.0140
AP2,Female,71,2039,0.0112,0.0105,0.0120,0.0099,0.0127,0.0093,0.0138
AP2,Female,71,2040,0.0111,0.0102,0.0119,0.0096,0.0125,0.0091,0.0136
AP2,Female,72,2021,0.0169,0.0167,0.0172,0.0164,0.0175,0.0161,0.0177
AP2,Female,72,2022,0.0167,0.0163,0.0170,0.0160,0.0174,0.0157,0.0177
AP2,Female,72,2023,0.0164,0.0159,0.0168,0.0156,0.0173,0.0152,0.0178
AP2,Female,72,2024,0.0161,0.0156,0.0167,0.0153,0.0172,0.0147,0.0177
AP2,Female,72,2025,0.0159,0.0153,0.0164,0.0148,0.0170,0.0143,0.0177
AP2,Female,72,2026,0.0156,0.0151,0.0162,0.0145,0.0168,0.0140,0.0175
AP2,Female,72,2027,0.0154,0.0148,0.0160,0.0143,0.0166,0.0136,0.0174
AP2,Female,72,2028,0.0151,0.0145,0.0158,0.0139,0.0165,0.0134,0.0173
AP2,Female,72,2029,0.0149,0.0142,0.0156,0.0136,0.0163,0.0130,0.0170
AP2,Female,72,2030,0.0147,0.0140,0.0154,0.0133,0.0162,0.0127,0.0170
AP2,Female,72,2031,0.0144,0.0137,0.0152,0.0130,0.0160,0.0124,0.0168
AP2,Female,72,2032,0.0142,0.0135,0.0150,0.0128,0.0157,0.0121,0.0166
AP2,Female,72,2033,0.0140,0.0132,0.0147,0.0125,0.0156,0.0118,0.0165
AP2,Female,72,2034,0.0138,0.0130,0.0145,0.0123,0.0154,0.0115,0.0163
AP2,Female,72,2035,0.0135,0.0127,0.0144,0.0120,0.0152,0.0112,0.0162
AP2,Female,72,2036,0.0133,0.0125,0.0142,0.0117,0.0150,0.0111,0.0160
AP2,Female,72,2037,0.0131,0.0123,0.0140,0.0115,0.0149,0.0109,0.0159
AP2,Female,72,2038,0.0129,0.0121,0.0138,0.0113,0.0146,0.0106,0.0158
AP2,Female,72,2039,0.0127,0.0118,0.0136,0.0111,0.0144,0.0104,0.0157
AP2,Female,72,2040,0.0125,0.0116,0.0135,0.0109,0.0142,0.0102,0.0155
AP2,Female,73,2021,0.0190,0.0187,0.0193,0.0185,0.0197,0.0181,0.0200
AP2,Female,73,2022,0.0187,0.0184,0.0192,0.0180,0.0196,0.0176,0.0200
AP2,Female,73,2023,0.0185,0.0179,0.0190,0.0175,0.0195,0.0170,0.0201
AP2,Female,73,2024,0.0182,0.0176,0.0188,0.0172,0.0194,0.0165,0.0200
AP2,Female,73,2025,0.0179,0.0173,0.0185,0.0167,0.0192,0.0160,0.0200
AP2,Female,73,2026,0.0176,0.0169,0.0183,0.0164,0.0190,0.0158,0.0197
AP2,Female,73,2027,0.0173,0.0166,0.0181,0.0160,0.0188,0.0153,0.0197
AP2,Female,73,2028,0.0171,0.0163,0.0178,0.0156,0.0186,0.0151,0.0195
AP2,Female,73,2029,0.0168,0.0160,0.0176,0.0153,0.0185,0.0146,0.0193
AP2,Female,73,2030,0.0165,0.0157,0.0174,0.0150,0.0183,0.0143,0.0193
AP2,Female,73,2031,0.0163,0.0155,0.0171,0.0147,0.0180,0.0139,0.0190
AP2,Female,73,2032,0.0160,0.0152,0.0169,0.0143,0.0178,0.0136,0.0187
AP2,Female,73,2033,0.0158,0.0149,0.0166,0.0141,0.0177,0.0132,0.0187
AP2,Female,73,2034,0.0155,0.0146,0.0164,0.0138,0.0175,0.0129,0.0185
AP2,Female,73,2035,0.0153,0.0144,0.0163,0.0135,0.0173,0.0126,0.0184
AP2,Female,73,2036,0.0151,0.0141,0.0160,0.0131,0.0170,0.0124,0.0182
AP2,Female,73,2037,0.0148,0.0139,0.0158,0.0129,0.0169,0.0122,0.0180
AP2,Female,73,2038,0.0146,0.0136,0.0156,0.0127,0.0165,0.0119,0.0179
AP2,Female,73,2039,0.0144,0.0134,0.0154,0.0125,0.0163,0.0117,0.0179
AP2,Female,73,2040,0.0141,0.0131,0.0153,0.0123,0.0161,0.0115,0.0176
AP2,Female,74,2021,0.0214,0.0211,0.0218,0.0208,0.0221,0.0204,0.0225
AP2,Female,74,2022,0.0211,0.0207,0.0216,0.0202,0.0221,0.0198,0.0225
AP2,Female,74,2023,0.0208,0.0202,0.0214,0.0196,0.0220,0.0191,0.0227
AP2,Female,74,2024,0.0204,0.0198,0.0212,0.0193,0.0218,0.0185,0.0226
AP2,Female,74,2025,0.0201,0.0194,0.0209,0.0187,0.0217,0.0180,0.0225
AP2,Female,74,2026,0.0198,0.0190,0.0207,0.0184,0.0214,0.0177,0.0223
AP2,Female,74,2027,0.0195,0.0187,0.0204,0.0180,0.0212,0.0172,0.0222
AP2,Female,74,2028,0.0192,0.0184,0.0201,0.0175,0.0211,0.0170,0.0220
AP2,Female,74,2029,0.0189,0.0180,0.0199,0.0172,0.0209,0.0164,0.0218
AP2,Female,74,2030,0.0186,0.0177,0.0196,0.0169,0.0206,0.0160,0.0218
AP2,Female,74,2031,0.0184,0.0174,0.0193,0.0165,0.0204,0.0157,0.0214
AP2,Female,74,2032,0.0181,0.0171,0.0191,0.0161,0.0201,0.0153,0.0212
AP2,Female,74,2033,0.0178,0.0167,0.0188,0.0158,0.0200,0.0149,0.0212
AP2,Female,74,2034,0.0175,0.0164,0.0186,0.0156,0.0198,0.0145,0.0210
AP2,Female,74,2035,0.0173,0.0162,0.0184,0.0152,0.0195,0.0142,0.0209
AP2,Female,74,2036,0.0170,0.0159,0.0181,0.0148,0.0193,0.0140,0.0206
AP2,Female,74,2037,0.0167,0.0156,0.0179,0.0145,0.0191,0.0137,0.0204
AP2,Female,74,2038,0.0165,0.0153,0.0177,0.0143,0.0188,0.0134,0.0203
AP2,Female,74,2039,0.0162,0.0151,0.0175,0.0141,0.0185,0.0131,0.0203
AP2,Female,74,2040,0.0160,0.0148,0.0173,0.0138,0.0183,0.0129,0.0200
AP2,Female,75,2021,0.0241,0.0237,0.0245,0.0233,0.0249,0.0229,0.0253
AP2,Female,75,2022,0.0237,0.0232,0.0243,0.0227,0.0248,0.0222,0.0254
AP2,Female,75,2023,0.0234,0.0227,0.0240,0.0221,0.0247,0.0215,0.0256
AP2,Female,75,2024,0.0230,0.0222,0.0238,0.0217,0.0246,0.0207,0.0254
AP2,Female,75,2025,0.0227,0.0218,0.0235,0.0211,0.0244,0.0203,0.0254
AP2,Female,75,2026,0.0223,0.0214,0.0233,0.0207,0.0242,0.0199,0.0252
AP2,Female,75,2027,0.0220,0.0211,0.0230,0.0202,0.0239,0.0193,0.0251
AP2,Female,75,2028,0.0217,0.0207,0.0227,0.0197,0.0238,0.0190,0.0249
AP2,Female,75,2029,0.0213,0.0203,0.0224,0.0193,0.0236,0.0184,0.0247
AP2,Female,75,2030,0.0210,0.0199,0.0222,0.0190,0.0233,0.0180,0.0246
AP2,Female,75,2031,0.0207,0.0196,0.0219,0.0186,0.0230,0.0176,0.0243
AP2,Female,75,2032,0.0204,0.0192,0.0215,0.0181,0.0227,0.0171,0.0240
AP2,Female,75,2033,0.0201,0.0189,0.0212,0.0178,0.0226,0.0167,0.0240
AP2,Female,75,2034,0.0198,0.0185,0.0210,0.0175,0.0224,0.0163,0.0238
AP2,Female,75,2035,0.0195,0.0182,0.0208,0.0171,0.0221,0.0159,0.0237
AP2,Female,75,2036,0.0192,0.0179,0.0205,0.0166,0.0218,0.0157,0.0233
AP2,Female,75,2037,0.0189,0.0176,0.0203,0.0163,0.0216,0.0154,0.0232
AP2,Female,75,2038,0.0186,0.0173,0.0200,0.0161,0.0213,0.0150,0.0231
AP2,Female,75,2039,0.0183,0.0170,0.0198,0.0159,0.0210,0.0147,0.0229
AP2,Female,75,2040,0.0181,0.0167,0.0196,0.0155,0.0207,0.0145,0.0228
AP2,Female,76,2021,0.0271,0.0266,0.0275,0.0262,0.0280,0.0257,0.0285
AP2,Female,76,2022,0.0267,0.0261,0.0273,0.0255,0.0280,0.0249,0.0286
AP2,Female,76,2023,0.0263,0.0255,0.0271,0.0248,0.0279,0.0241,0.0288
AP2,Female,76,2024,0.0259,0.0250,0.0268,0.0243,0.0277,0.0233,0.0287
AP2,Female,76,2025,0.0255,0.0245,0.0265,0.0237,0.0275,0.0227,0.0286
AP2,Female,76,2026,0.0251,0.0241,0.0262,0.0232,0.0272,0.0223,0.0285
AP2,Female,76,2027,0.0248,0.0237,0.0259,0.0227,0.0270,0.0217,0.0283
AP2,Female,76,2028,0.0244,0.0232,0.0256,0.0221,0.0269,0.0213,0.0282
AP2,Female,76,2029,0.0240,0.0228,0.0253,0.0217,0.0266,0.0207,0.0279
AP2,Female,76,2030,0.0237,0.0225,0.0250,0.0213,0.0263,0.0202,0.0278
AP2,Female,76,2031,0.0233,0.0220,0.0247,0.0209,0.0260,0.0198,0.0274
AP2,Female,76,2032,0.0230,0.0217,0.0243,0.0204,0.0257,0.0192,0.0273
AP2,Female,76,2033,0.0227,0.0212,0.0239,0.0200,0.0256,0.0188,0.0272
AP2,Female,76,2034,0.0223,0.0209,0.0237,0.0197,0.0254,0.0183,0.0270
AP2,Female,76,2035,0.0220,0.0206,0.0234,0.0192,0.0250,0.0179,0.0269
AP2,Female,76,2036,0.0217,0.0202,0.0232,0.0187,0.0247,0.0175,0.0265
AP2,Female,76,2037,0.0213,0.0199,0.0229,0.0184,0.0245,0.0173,0.0263
AP2,Female,76,2038,0.0210,0.0195,0.0226,0.0182,0.0241,0.0168,0.0262
AP2,Female,76,2039,0.0207,0.0192,0.0224,0.0179,0.0238,0.0165,0.0261
AP2,Female,76,2040,0.0204,0.0188,0.0221,0.0175,0.0235,0.0163,0.0258
AP2,Female,77,2021,0.0304,0.0299,0.0310,0.0294,0.0315,0.0288,0.0321
AP2,Female,77,2022,0.0300,0.0293,0.0308,0.0286,0.0314,0.0279,0.0322
AP2,Female,77,2023,0.0295,0.0286,0.0305,0.0278,0.0314,0.0270,0.0325
AP2,Female,77,2024,0.0291,0.0281,0.0302,0.0273,0.0312,0.0261,0.0323
AP2,Female,77,2025,0.0287,0.0276,0.0299,0.0266,0.0310,0.0255,0.0323
AP2,Female,77,2026,0.0283,0.0271,0.0296,0.0261,0.0307,0.0250,0.0322
AP2,Female,77,2027,0.0279,0.0267,0.0292,0.0255,0.0304,0.0243,0.0319
AP2,Female,77,2028,0.0275,0.0261,0.0288,0.0249,0.0304,0.0240,0.0318
AP2,Female,77,2029,0.0271,0.0256,0.0285,0.0244,0.0301,0.0233,0.0316
AP2,Female,77,2030,0.0267,0.0253,0.0282,0.0239,0.0297,0.0226,0.0315
AP2,Female,77,2031,0.0263,0.0248,0.0278,0.0235,0.0294,0.0223,0.0310
AP2,Female,77,2032,0.0259,0.0244,0.0274,0.0229,0.0290,0.0216,0.0309
AP2,Female,77,2033,0.0255,0.0239,0.0270,0.0225,0.0289,0.0211,0.0307
AP2,Female,77,2034,0.0252,0.0235,0.0268,0.0222,0.0287,0.0206,0.0307
AP2,Female,77,2035,0.0248,0.0232,0.0265,0.0216,0.0283,0.0201,0.0304
AP2,Female,77,2036,0.0244,0.0227,0.0262,0.0211,0.0279,0.0196,0.0301
AP2,Female,77,2037,0.0241,0.0224,0.0259,0.0207,0.0277,0.0194,0.0299
AP2,Female,77,2038,0.0237,0.0220,0.0256,0.0204,0.0273,0.0189,0.0297
AP2,Female,77,2039,0.0234,0.0217,0.0253,0.0201,0.0270,0.0186,0.0296
AP2,Female,77,2040,0.0231,0.0212,0.0251,0.0197,0.0266,0.0183,0.0294
AP2,Female,78,2021,0.0342,0.0336,0.0348,0.0330,0.0354,0.0323,0.0360
AP2,Female,78,2022,0.0337,0.0329,0.0346,0.0321,0.0354,0.0313,0.0362
AP2,Female,78,2023,0.0332,0.0322,0.0343,0.0312,0.0353,0.0303,0.0366
AP2,Female,78,2024,0.0327,0.0315,0.0340,0.0307,0.0352,0.0293,0.0364
AP2,Female,78,2025,0.0323,0.0309,0.0336,0.0298,0.0350,0.0286,0.0364
AP2,Female,78,2026,0.0318,0.0304,0.0333,0.0293,0.0346,0.0280,0.0363
AP2,Female,78,2027,0.0314,0.0299,0.0329,0.0287,0.0343,0.0273,0.0360
AP2,Female,78,2028,0.0309,0.0294,0.0325,0.0279,0.0342,0.0269,0.0359
AP2,Female,78,2029,0.0305,0.0288,0.0322,0.0274,0.0339,0.0261,0.0356
AP2,Female,78,2030,0.0300,0.0284,0.0317,0.0269,0.0336,0.0254,0.0356
AP2,Female,78,2031,0.0296,0.0279,0.0314,0.0264,0.0332,0.0250,0.0350
AP2,Female,78,2032,0.0292,0.0274,0.0309,0.0257,0.0327,0.0243,0.0349
AP2,Female,78,2033,0.0288,0.0269,0.0305,0.0253,0.0326,0.0236,0.0348
AP2,Female,78,2034,0.0284,0.0264,0.0302,0.0249,0.0324,0.0231,0.0347
AP2,Female,78,2035,0.0280,0.0261,0.0299,0.0242,0.0320,0.0225,0.0345
AP2,Female,78,2036,0.0276,0.0256,0.0296,0.0237,0.0316,0.0220,0.0342
AP2,Female,78,2037,0.0272,0.0252,0.0293,0.0233,0.0313,0.0218,0.0340
AP2,Female,78,2038,0.0268,0.0247,0.0289,0.0229,0.0309,0.0212,0.0338
AP2,Female,78,2039,0.0264,0.0244,0.0286,0.0225,0.0306,0.0209,0.0335
AP2,Female,78,2040,0.0260,0.0238,0.0283,0.0221,0.0302,0.0206,0.0333
AP2,Female,79,2021,0.0383,0.0376,0.0390,0.0370,0.0398,0.0362,0.0405
AP2,Female,79,2022,0.0378,0.0370,0.0388,0.0360,0.0398,0.0351,0.0407
AP2,Female,79,2023,0.0373,0.0361,0.0385,0.0350,0.0397,0.0340,0.0411
AP2,Female,79,2024,0.0368,0.0354,0.0382,0.0344,0.0396,0.0328,0.0410
AP2,Female,79,2025,0.0363,0.0348,0.0378,0.0335,0.0394,0.0321,0.0410
AP2,Female,79,2026,0.0358,0.0341,0.0375,0.0329,0.0390,0.0314,0.0409
AP2,Female,79,2027,0.0353,0.0337,0.0370,0.0322,0.0386,0.0306,0.0406
AP2,Female,79,2028,0.0348,0.0330,0.0366,0.0313,0.0386,0.0301,0.0405
AP2,Female,79,2029,0.0343,0.0324,0.0363,0.0307,0.0383,0.0293,0.0402
AP2,Female,79,2030,0.0338,0.0320,0.0358,0.0302,0.0379,0.0285,0.0403
AP2,Female,79,2031,0.0333,0.0313,0.0354,0.0296,0.0375,0.0280,0.0397
AP2,Female,79,2032,0.0329,0.0308,0.0349,0.0289,0.0370,0.0272,0.0395
AP2,Female,79,2033,0.0324,0.0303,0.0344,0.0284,0.0369,0.0265,0.0393
AP2,Female,79,2034,0.0320,0.0297,0.0341,0.0280,0.0366,0.0259,0.0393
AP2,Female,79,2035,0.0315,0.0294,0.0337,0.0272,0.0362,0.0252,0.0390
AP2,Female,79,2036,0.0311,0.0288,0.0334,0.0267,0.0358,0.0247,0.0387
AP2,Female,79,2037,0.0306,0.0284,0.0331,0.0261,0.0354,0.0244,0.0384
AP2,Female,79,2038,0.0302,0.0278,0.0326,0.0258,0.0350,0.0238,0.0383
AP2,Female,79,2039,0.0298,0.0275,0.0323,0.0253,0.0346,0.0235,0.0379
AP2,Female,79,2040,0.0294,0.0269,0.0320,0.0248,0.0342,0.0231,0.0378
AP2,Female,80,2021,0.0430,0.0422,0.0438,0.0415,0.0447,0.0406,0.0455
AP2,Female,80,2022,0.0424,0.0415,0.0436,0.0403,0.0447,0.0393,0.0458
AP2,Female,80,2023,0.0419,0.0405,0.0433,0.0393,0.0446,0.0381,0.0463
AP2,Female,80,2024,0.0413,0.0397,0.0429,0.0386,0.0445,0.0367,0.0462
AP2,Female,80,2025,0.0407,0.0390,0.0425,0.0376,0.0443,0.0360,0.0462
AP2,Female,80,2026,0.0402,0.0383,0.0422,0.0369,0.0439,0.0352,0.0460
AP2,Female,80,2027,0.0396,0.0378,0.0417,0.0361,0.0435,0.0343,0.0457
AP2,Female,80,2028,0.0391,0.0371,0.0411,0.0352,0.0435,0.0337,0.0457
AP2,Female,80,2029,0.0386,0.0364,0.0408,0.0344,0.0432,0.0328,0.0454
AP2,Female,80,2030,0.0380,0.0359,0.0403,0.0339,0.0427,0.0319,0.0455
AP2,Female,80,2031,0.0375,0.0351,0.0398,0.0333,0.0423,0.0314,0.0449
AP2,Female,80,2032,0.0370,0.0346,0.0393,0.0325,0.0417,0.0305,0.0446
AP2,Female,80,2033,0.0365,0.0341,0.0388,0.0319,0.0416,0.0297,0.0445
AP2,Female,80,2034,0.0360,0.0334,0.0385,0.0314,0.0414,0.0290,0.0445
AP2,Female,80,2035,0.0355,0.0331,0.0380,0.0306,0.0409,0.0282,0.0441
AP2,Female,80,2036,0.0350,0.0323,0.0377,0.0300,0.0405,0.0277,0.0438
AP2,Female,80,2037,0.0345,0.0319,0.0374,0.0294,0.0401,0.0274,0.0434
AP2,Female,80,2038,0.0341,0.0314,0.0368,0.0290,0.0396,0.0268,0.0435
AP2,Female,80,2039,0.0336,0.0309,0.0365,0.0285,0.0392,0.0263,0.0431
AP2,Female,80,2040,0.0331,0.0303,0.0362,0.0279,0.0388,0.0259,0.0428
AP2,Female,81,2021,0.0482,0.0473,0.0492,0.0465,0.0501,0.0455,0.0510
AP2,Female,81,2022,0.0476,0.0465,0.0490,0.0452,0.0502,0.0440,0.0514
AP2,Female,81,2023,0.0470,0.0454,0.0486,0.0440,0.0502,0.0426,0.0521
AP2,Female,81,2024,0.0463,0.0445,0.0482,0.0432,0.0500,0.0411,0.0520
AP2,Female,81,2025,0.0457,0.0438,0.0477,0.0421,0.0498,0.0403,0.0519
AP2,Female,81,2026,0.0451,0.0430,0.0474,0.0414,0.0494,0.0394,0.0518
AP2,Female,81,2027,0.0445,0.0424,0.0469,0.0404,0.0490,0.0385,0.0516
AP2,Female,81,2028,0.0439,0.0417,0.0463,0.0394,0.0489,0.0378,0.0515
AP2,Female,81,2029,0.0433,0.0409,0.0460,0.0386,0.0486,0.0367,0.0512
AP2,Female,81,2030,0.0428,0.0403,0.0454,0.0380,0.0482,0.0357,0.0513
AP2,Female,81,2031,0.0422,0.0395,0.0449,0.0373,0.0477,0.0352,0.0507
AP2,Female,81,2032,0.0416,0.0389,0.0443,0.0364,0.0471,0.0342,0.0504
AP2,Female,81,2033,0.0411,0.0383,0.0438,0.0358,0.0469,0.0333,0.0504
AP2,Female,81,2034,0.0405,0.0376,0.0434,0.0352,0.0467,0.0325,0.0503
AP2,Female,81,2035,0.0400,0.0372,0.0429,0.0343,0.0462,0.0315,0.0500
AP2,Female,81,2036,0.0394,0.0364,0.0425,0.0337,0.0457,0.0311,0.0496
AP2,Female,81,2037,0.0389,0.0359,0.0422,0.0330,0.0454,0.0307,0.0492
AP2,Female,81,2038,0.0384,0.0354,0.0416,0.0325,0.0448,0.0302,0.0492
AP2,Female,81,2039,0.0379,0.0348,0.0413,0.0320,0.0443,0.0295,0.0488
AP2,Female,81,2040,0.0374,0.0341,0.0409,0.0314,0.0439,0.0290,0.0484
AP2,Female,82,2021,0.0541,0.0530,0.0551,0.0521,0.0562,0.0509,0.0573
AP2,Female,82,2022,0.0534,0.0521,0.0549,0.0506,0.0563,0.0492,0.0578
AP2,Female,82,2023,0.0527,0.0509,0.0545,0.0493,0.0563,0.0477,0.0585
AP2,Female,82,2024,0.0520,0.0499,0.0541,0.0483,0.0562,0.0461,0.0585
AP2,Female,82,2025,0.0513,0.0490,0.0536,0.0471,0.0559,0.0451,0.0584
AP2,Female,82,2026,0.0506,0.0482,0.0533,0.0464,0.0555,0.0440,0.0583
AP2,Female,82,2027,0.0500,0.0476,0.0526,0.0452,0.0551,0.0431,0.0582
AP2,Female,82,2028,0.0493,0.0467,0.0520,0.0441,0.0551,0.0423,0.0579
AP2,Female,82,2029,0.0487,0.0459,0.0518,0.0432,0.0547,0.0411,0.0577
AP2,Female,82,2030,0.0481,0.0452,0.0511,0.0426,0.0543,0.0399,0.0578
AP2,Female,82,2031,0.0474,0.0443,0.0506,0.0419,0.0537,0.0393,0.0572
AP2,Female,82,2032,0.0468,0.0437,0.0498,0.0409,0.0531,0.0383,0.0568
AP2,Female,82,2033,0.0462,0.0430,0.0493,0.0401,0.0529,0.0373,0.0568
AP2,Female,82,2034,0.0456,0.0422,0.0489,0.0395,0.0528,0.0364,0.0569
AP2,Female,82,2035,0.0450,0.0418,0.0483,0.0384,0.0521,0.0353,0.0565
AP2,Female,82,2036,0.0444,0.0409,0.0479,0.0379,0.0517,0.0349,0.0560
AP2,Female,82,2037,0.0438,0.0403,0.0476,0.0370,0.0512,0.0344,0.0556
AP2,Female,82,2038,0.0432,0.0397,0.0469,0.0365,0.0506,0.0338,0.0555
AP2,Female,82,2039,0.0427,0.0392,0.0466,0.0359,0.0501,0.0331,0.0553
AP2,Female,82,2040,0.0421,0.0383,0.0461,0.0352,0.0495,0.0325,0.0549
AP2,Female,83,2021,0.0605,0.0594,0.0618,0.0583,0.0629,0.0569,0.0642
AP2,Female,83,2022,0.0598,0.0583,0.0616,0.0566,0.0631,0.0550,0.0648
AP2,Female,83,2023,0.0590,0.0570,0.0612,0.0552,0.0632,0.0534,0.0656
AP2,Female,83,2024,0.0583,0.0559,0.0606,0.0541,0.0632,0.0515,0.0657
AP2,Female,83,2025,0.0575,0.0549,0.0601,0.0528,0.0628,0.0504,0.0655
AP2,Female,83,2026,0.0568,0.0540,0.0599,0.0520,0.0624,0.0493,0.0655
AP2,Female,83,2027,0.0561,0.0534,0.0592,0.0506,0.0619,0.0482,0.0656
AP2,Female,83,2028,0.0554,0.0524,0.0584,0.0495,0.0619,0.0473,0.0651
AP2,Female,83,2029,0.0547,0.0514,0.0582,0.0483,0.0615,0.0459,0.0649
AP2,Female,83,2030,0.0540,0.0507,0.0574,0.0477,0.0611,0.0446,0.0650
AP2,Female,83,2031,0.0533,0.0496,0.0569,0.0470,0.0605,0.0440,0.0645
AP2,Female,83,2032,0.0526,0.0491,0.0561,0.0458,0.0599,0.0427,0.0641
AP2,Female,83,2033,0.0519,0.0484,0.0555,0.0450,0.0595,0.0418,0.0642
AP2,Female,83,2034,0.0513,0.0474,0.0550,0.0443,0.0595,0.0407,0.0642
AP2,Female,83,2035,0.0506,0.0469,0.0544,0.0431,0.0589,0.0396,0.0638
AP2,Female,83,2036,0.0500,0.0460,0.0539,0.0424,0.0583,0.0392,0.0633
AP2,Female,83,2037,0.0493,0.0453,0.0535,0.0415,0.0577,0.0386,0.0629
AP2,Female,83,2038,0.0487,0.0447,0.0529,0.0409,0.0571,0.0380,0.0627
AP2,Female,83,2039,0.0481,0.0440,0.0525,0.0403,0.0566,0.0371,0.0625
AP2,Female,83,2040,0.0474,0.0431,0.0520,0.0395,0.0559,0.0364,0.0621
AP2,Female,84,2021,0.0677,0.0664,0.0692,0.0652,0.0705,0.0636,0.0719
AP2,Female,84,2022,0.0669,0.0653,0.0689,0.0633,0.0707,0.0615,0.0726
AP2,Female,84,2023,0.0661,0.0637,0.0685,0.0617,0.0708,0.0596,0.0736
AP2,Female,84,2024,0.0652,0.0625,0.0680,0.0605,0.0708,0.0576,0.0738
AP2,Female,84,2025,0.0644,0.0614,0.0675,0.0590,0.0705,0.0564,0.0735
AP2,Female,84,2026,0.0636,0.0605,0.0671,0.0581,0.0700,0.0550,0.0736
AP2,Female,84,2027,0.0629,0.0597,0.0663,0.0566,0.0695,0.0539,0.0737
AP2,Female,84,2028,0.0621,0.0587,0.0655,0.0554,0.0695,0.0529,0.0733
AP2,Female,84,2029,0.0613,0.0576,0.0653,0.0541,0.0691,0.0514,0.0729
AP2,Female,84,2030,0.0605,0.0568,0.0645,0.0534,0.0687,0.0499,0.0731
AP2,Female,84,2031,0.0598,0.0557,0.0639,0.0525,0.0679,0.0491,0.0727
AP2,Female,84,2032,0.0590,0.0551,0.0631,0.0514,0.0674,0.0478,0.0722
AP2,Female,84,2033,0.0583,0.0542,0.0625,0.0504,0.0669,0.0468,0.0724
AP2,Female,84,2034,0.0576,0.0532,0.0619,0.0496,0.0670,0.0456,0.0724
AP2,Female,84,2035,0.0569,0.0527,0.0612,0.0484,0.0664,0.0444,0.0719
AP2,Female,84,2036,0.0562,0.0515,0.0607,0.0475,0.0656,0.0438,0.0716
AP2,Female,84,2037,0.0555,0.0508,0.0603,0.0466,0.0650,0.0432,0.0710
AP2,Female,84,2038,0.0548,0.0501,0.0597,0.0458,0.0645,0.0425,0.0708
AP2,Female,84,2039,0.0541,0.0494,0.0592,0.0452,0.0638,0.0415,0.0707
AP2,Female,84,2040,0.0534,0.0485,0.0587,0.0443,0.0632,0.0408,0.0702
AP2,Female,85,2021,0.0757,0.0742,0.0773,0.0729,0.0788,0.0710,0.0804
AP2,Female,85,2022,0.0748,0.0729,0.0771,0.0708,0.0792,0.0687,0.0812
AP2,Female,85,2023,0.0739,0.0713,0.0767,0.0690,0.0792,0.0666,0.0825
AP2,Female,85,2024,0.0730,0.0700,0.0761,0.0676,0.0793,0.0643,0.0826
AP2,Female,85,2025,0.0721,0.0687,0.0755,0.0659,0.0791,0.0630,0.0825
AP2,Female,85,2026,0.0713,0.0677,0.0752,0.0649,0.0786,0.0613,0.0826
AP2,Female,85,2027,0.0704,0.0668,0.0743,0.0633,0.0780,0.0602,0.0827
AP2,Female,85,2028,0.0695,0.0657,0.0734,0.0619,0.0779,0.0591,0.0823
AP2,Female,85,2029,0.0687,0.0645,0.0732,0.0604,0.0776,0.0574,0.0819
AP2,Female,85,2030,0.0679,0.0636,0.0724,0.0597,0.0771,0.0557,0.0822
AP2,Female,85,2031,0.0670,0.0624,0.0717,0.0587,0.0763,0.0549,0.0820
AP2,Female,85,2032,0.0662,0.0617,0.0709,0.0576,0.0758,0.0535,0.0812
AP2,Female,85,2033,0.0654,0.0608,0.0702,0.0565,0.0751,0.0522,0.0814
AP2,Female,85,2034,0.0646,0.0596,0.0695,0.0556,0.0754,0.0509,0.0814
AP2,Female,85,2035,0.0638,0.0591,0.0688,0.0543,0.0747,0.0496,0.0809
AP2,Female,85,2036,0.0631,0.0579,0.0682,0.0533,0.0739,0.0488,0.0808
AP2,Female,85,2037,0.0623,0.0570,0.0678,0.0522,0.0733,0.0484,0.0802
AP2,Female,85,2038,0.0615,0.0561,0.0672,0.0513,0.0726,0.0475,0.0801
AP2,Female,85,2039,0.0608,0.0555,0.0667,0.0507,0.0719,0.0464,0.0799
AP2,Female,85,2040,0.0601,0.0545,0.0661,0.0497,0.0712,0.0456,0.0794
AP2,Female,86,2021,0.0845,0.0828,0.0864,0.0814,0.0880,0.0792,0.0899
AP2,Female,86,2022,0.0836,0.0815,0.0862,0.0790,0.0885,0.0767,0.0908
AP2,Female,86,2023,0.0826,0.0796,0.0858,0.0770,0.0886,0.0743,0.0924
AP2,Female,86,2024,0.0816,0.0782,0.0851,0.0755,0.0888,0.0718,0.0925
AP2,Female,86,2025,0.0806,0.0768,0.0846,0.0736,0.0886,0.0703,0.0925
AP2,Female,86,2026,0.0797,0.0757,0.0842,0.0724,0.0880,0.0684,0.0926
AP2,Female,86,2027,0.0788,0.0747,0.0831,0.0707,0.0874,0.0672,0.0927
AP2,Female,86,2028,0.0778,0.0734,0.0823,0.0692,0.0873,0.0660,0.0923
AP2,Female,86,2029,0.0769,0.0722,0.0820,0.0675,0.0870,0.0641,0.0919
AP2,Female,86,2030,0.0760,0.0711,0.0812,0.0667,0.0866,0.0621,0.0921
AP2,Female,86,2031,0.0751,0.0698,0.0803,0.0656,0.0857,0.0611,0.0919
AP2,Female,86,2032,0.0742,0.0691,0.0796,0.0644,0.0851,0.0597,0.0912
AP2,Female,86,2033,0.0734,0.0680,0.0788,0.0631,0.0843,0.0584,0.0914
AP2,Female,86,2034,0.0725,0.0668,0.0781,0.0621,0.0848,0.0569,0.0915
AP2,Female,86,2035,0.0716,0.0661,0.0772,0.0608,0.0838,0.0554,0.0910
AP2,Female,86,2036,0.0708,0.0649,0.0766,0.0596,0.0832,0.0544,0.0910
AP2,Female,86,2037,0.0699,0.0638,0.0762,0.0585,0.0825,0.0541,0.0902
AP2,Female,86,2038,0.0691,0.0629,0.0755,0.0575,0.0817,0.0530,0.0903
AP2,Female,86,2039,0.0683,0.0621,0.0751,0.0568,0.0808,0.0519,0.0902
AP2,Female,86,2040,0.0675,0.0610,0.0743,0.0557,0.0803,0.0509,0.0894
AP2,Female,87,2021,0.0943,0.0924,0.0964,0.0907,0.0983,0.0882,0.1003
AP2,Female,87,2022,0.0932,0.0908,0.0962,0.0881,0.0988,0.0855,0.1014
AP2,Female,87,2023,0.0922,0.0888,0.0958,0.0859,0.0989,0.0828,0.1033
AP2,Female,87,2024,0.0911,0.0872,0.0951,0.0842,0.0993,0.0801,0.1034
AP2,Female,87,2025,0.0901,0.0857,0.0946,0.0822,0.0990,0.0784,0.1035
AP2,Female,87,2026,0.0891,0.0845,0.0941,0.0808,0.0985,0.0763,0.1036
AP2,Female,87,2027,0.0880,0.0835,0.0930,0.0789,0.0979,0.0751,0.1037
AP2,Female,87,2028,0.0870,0.0820,0.0921,0.0773,0.0977,0.0736,0.1035
AP2,Female,87,2029,0.0860,0.0806,0.0918,0.0753,0.0975,0.0714,0.1030
AP2,Female,87,2030,0.0850,0.0795,0.0909,0.0744,0.0970,0.0692,0.1034
AP2,Female,87,2031,0.0841,0.0780,0.0899,0.0734,0.0962,0.0682,0.1030
AP2,Female,87,2032,0.0831,0.0773,0.0893,0.0720,0.0954,0.0666,0.1024
AP2,Female,87,2033,0.0822,0.0761,0.0883,0.0706,0.0946,0.0653,0.1026
AP2,Female,87,2034,0.0812,0.0748,0.0875,0.0694,0.0952,0.0635,0.1027
AP2,Female,87,2035,0.0803,0.0740,0.0866,0.0679,0.0940,0.0618,0.1023
AP2,Female,87,2036,0.0793,0.0727,0.0860,0.0666,0.0935,0.0608,0.1023
AP2,Female,87,2037,0.0784,0.0715,0.0856,0.0654,0.0926,0.0605,0.1017
AP2,Female,87,2038,0.0775,0.0705,0.0849,0.0643,0.0920,0.0592,0.1017
AP2,Female,87,2039,0.0766,0.0696,0.0843,0.0635,0.0909,0.0580,0.1015
AP2,Female,87,2040,0.0757,0.0685,0.0836,0.0623,0.0903,0.0568,0.1008
AP2,Female,88,2021,0.1051,0.1029,0.1074,0.1010,0.1095,0.0982,0.1118
AP2,Female,88,2022,0.1039,0.1012,0.1073,0.0981,0.1101,0.0952,0.1131
AP2,Female,88,2023,0.1028,0.0989,0.1069,0.0957,0.1103,0.0922,0.1153
AP2,Female,88,2024,0.1016,0.0972,0.1061,0.0938,0.1108,0.0893,0.1155
AP2,Female,88,2025,0.1005,0.0955,0.1057,0.0916,0.1105,0.0874,0.1156
AP2,Female,88,2026,0.0994,0.0942,0.1051,0.0900,0.1100,0.0849,0.1159
AP2,Female,88,2027,0.0983,0.0931,0.1040,0.0879,0.1095,0.0837,0.1159
AP2,Female,88,2028,0.0972,0.0915,0.1029,0.0862,0.1092,0.0820,0.1158
AP2,Female,88,2029,0.0961,0.0901,0.1026,0.0840,0.1090,0.0797,0.1151
AP2,Female,88,2030,0.0950,0.0886,0.1016,0.0830,0.1084,0.0772,0.1158
AP2,Female,88,2031,0.0940,0.0872,0.1006,0.0819,0.1078,0.0761,0.1155
AP2,Female,88,2032,0.0929,0.0864,0.1000,0.0804,0.1068,0.0743,0.1149
AP2,Female,88,2033,0.0919,0.0850,0.0989,0.0788,0.1060,0.0729,0.1151
AP2,Female,88,2034,0.0909,0.0836,0.0980,0.0777,0.1065,0.0708,0.1150
AP2,Female,88,2035,0.0899,0.0828,0.0970,0.0759,0.1054,0.0690,0.1147
AP2,Female,88,2036,0.0889,0.0813,0.0966,0.0744,0.1050,0.0677,0.1147
AP2,Female,88,2037,0.0879,0.0802,0.0960,0.0731,0.1038,0.0676,0.1142
AP2,Female,88,2038,0.0869,0.0789,0.0953,0.0718,0.1033,0.0661,0.1145
AP2,Female,88,2039,0.0859,0.0779,0.0946,0.0710,0.1021,0.0647,0.1142
AP2,Female,88,2040,0.0849,0.0767,0.0939,0.0698,0.1016,0.0634,0.1137
AP2,Female,89,2021,0.1169,0.1145,0.1196,0.1124,0.1219,0.1091,0.1245
AP2,Female,89,2022,0.1156,0.1126,0.1195,0.1092,0.1227,0.1058,0.1259
AP2,Female,89,2023,0.1144,0.1101,0.1191,0.1064,0.1230,0.1025,0.1285
AP2,Female,89,2024,0.1132,0.1083,0.1182,0.1044,0.1235,0.0993,0.1290
AP2,Female,89,2025,0.1120,0.1063,0.1178,0.1020,0.1232,0.0973,0.1290
AP2,Female,89,2026,0.1108,0.1049,0.1172,0.1003,0.1227,0.0944,0.1294
AP2,Female,89,2027,0.1096,0.1038,0.1160,0.0978,0.1222,0.0932,0.1294
AP2,Female,89,2028,0.1084,0.1019,0.1149,0.0960,0.1219,0.0912,0.1293
AP2,Female,89,2029,0.1072,0.1004,0.1146,0.0937,0.1217,0.0887,0.1284
AP2,Female,89,2030,0.1061,0.0988,0.1135,0.0924,0.1211,0.0860,0.1295
AP2,Female,89,2031,0.1049,0.0973,0.1123,0.0914,0.1206,0.0847,0.1291
AP2,Female,89,2032,0.1038,0.0963,0.1117,0.0897,0.1195,0.0827,0.1286
AP2,Female,89,2033,0.1027,0.0948,0.1105,0.0880,0.1186,0.0812,0.1288
AP2,Female,89,2034,0.1016,0.0933,0.1097,0.0868,0.1193,0.0790,0.1287
AP2,Female,89,2035,0.1005,0.0924,0.1086,0.0848,0.1181,0.0769,0.1285
AP2,Female,89,2036,0.0994,0.0909,0.1082,0.0830,0.1177,0.0756,0.1284
AP2,Female,89,2037,0.0983,0.0895,0.1076,0.0816,0.1162,0.0754,0.1279
AP2,Female,89,2038,0.0972,0.0882,0.1068,0.0802,0.1160,0.0738,0.1286
AP2,Female,89,2039,0.0962,0.0871,0.1060,0.0794,0.1146,0.0722,0.1283
AP2,Female,89,2040,0.0951,0.0858,0.1053,0.0780,0.1139,0.0708,0.1278
AP2,Female,90,2021,0.1299,0.1271,0.1328,0.1248,0.1355,0.1212,0.1384
AP2,Female,90,2022,0.1285,0.1251,0.1328,0.1213,0.1364,0.1175,0.1401
AP2,Female,90,2023,0.1272,0.1223,0.1325,0.1183,0.1368,0.1138,0.1429
AP2,Female,90,2024,0.1259,0.1203,0.1315,0.1160,0.1375,0.1104,0.1436
AP2,Female,90,2025,0.1246,0.1183,0.1312,0.1133,0.1372,0.1082,0.1437
AP2,Female,90,2026,0.1233,0.1167,0.1305,0.1116,0.1366,0.1049,0.1442
AP2,Female,90,2027,0.1220,0.1155,0.1292,0.1088,0.1362,0.1037,0.1443
AP2,Female,90,2028,0.1207,0.1135,0.1281,0.1069,0.1358,0.1013,0.1442
AP2,Female,90,2029,0.1195,0.1118,0.1276,0.1043,0.1357,0.0986,0.1430
AP2,Female,90,2030,0.1182,0.1100,0.1266,0.1028,0.1350,0.0956,0.1447
AP2,Female,90,2031,0.1170,0.1085,0.1252,0.1017,0.1347,0.0940,0.1440
AP2,Female,90,2032,0.1158,0.1075,0.1247,0.0999,0.1334,0.0920,0.1436
AP2,Female,90,2033,0.1146,0.1056,0.1234,0.0981,0.1326,0.0903,0.1439
AP2,Female,90,2034,0.1134,0.1041,0.1225,0.0967,0.1334,0.0881,0.1437
AP2,Female,90,2035,0.1122,0.1030,0.1214,0.0944,0.1319,0.0855,0.1438
AP2,Female,90,2036,0.1110,0.1014,0.1210,0.0926,0.1319,0.0842,0.1434
AP2,Female,90,2037,0.1098,0.0999,0.1203,0.0911,0.1301,0.0841,0.1431
AP2,Female,90,2038,0.1087,0.0984,0.1194,0.0894,0.1299,0.0823,0.1439
AP2,Female,90,2039,0.1075,0.0973,0.1187,0.0887,0.1285,0.0804,0.1435
AP2,Female,90,2040,0.1064,0.0958,0.1177,0.0871,0.1275,0.0790,0.1434
AP2,Female,91,2021,0.1440,0.1409,0.1474,0.1383,0.1503,0.1343,0.1537
AP2,Female,91,2022,0.1426,0.1387,0.1473,0.1345,0.1513,0.1302,0.1555
AP2,Female,91,2023,0.1412,0.1357,0.1472,0.1312,0.1519,0.1262,0.1586
AP2,Female,91,2024,0.1398,0.1335,0.1460,0.1287,0.1528,0.1225,0.1596
AP2,Female,91,2025,0.1384,0.1313,0.1457,0.1258,0.1525,0.1201,0.1597
AP2,Female,91,2026,0.1370,0.1296,0.1450,0.1240,0.1519,0.1164,0.1603
AP2,Female,91,2027,0.1356,0.1283,0.1437,0.1208,0.1514,0.1150,0.1606
AP2,Female,91,2028,0.1343,0.1261,0.1424,0.1187,0.1510,0.1126,0.1605
AP2,Female,91,2029,0.1329,0.1243,0.1420,0.1160,0.1510,0.1094,0.1591
AP2,Female,91,2030,0.1316,0.1224,0.1409,0.1143,0.1503,0.1061,0.1613
AP2,Female,91,2031,0.1302,0.1207,0.1395,0.1131,0.1502,0.1044,0.1603
AP2,Female,91,2032,0.1289,0.1196,0.1389,0.1110,0.1488,0.1022,0.1599
AP2,Female,91,2033,0.1276,0.1175,0.1377,0.1091,0.1478,0.1004,0.1606
AP2,Female,91,2034,0.1263,0.1160,0.1366,0.1076,0.1487,0.0980,0.1601
AP2,Female,91,2035,0.1251,0.1147,0.1352,0.1051,0.1471,0.0951,0.1608
AP2,Female,91,2036,0.1238,0.1130,0.1349,0.1031,0.1472,0.0938,0.1600
AP2,Female,91,2037,0.1225,0.1112,0.1341,0.1016,0.1455,0.0936,0.1598
AP2,Female,91,2038,0.1213,0.1099,0.1334,0.0996,0.1449,0.0917,0.1606
AP2,Female,91,2039,0.1200,0.1085,0.1326,0.0990,0.1436,0.0894,0.1603
AP2,Female,91,2040,0.1188,0.1069,0.1316,0.0970,0.1426,0.0881,0.1605
AP2,Female,92,2021,0.1595,0.1560,0.1632,0.1530,0.1664,0.1487,0.1702
AP2,Female,92,2022,0.1579,0.1537,0.1632,0.1489,0.1677,0.1442,0.1722
AP2,Female,92,2023,0.1564,0.1503,0.1631,0.1453,0.1684,0.1397,0.1757
AP2,Female,92,2024,0.1549,0.1480,0.1619,0.1426,0.1694,0.1358,0.1769
AP2,Female,92,2025,0.1534,0.1456,0.1617,0.1394,0.1692,0.1331,0.1771
AP2,Female,92,2026,0.1520,0.1438,0.1609,0.1375,0.1685,0.1289,0.1778
AP2,Female,92,2027,0.1505,0.1423,0.1594,0.1341,0.1681,0.1274,0.1782
AP2,Female,92,2028,0.1490,0.1399,0.1581,0.1317,0.1677,0.1248,0.1783
AP2,Female,92,2029,0.1476,0.1380,0.1577,0.1288,0.1678,0.1212,0.1769
AP2,Female,92,2030,0.1462,0.1360,0.1566,0.1270,0.1668,0.1177,0.1790
AP2,Female,92,2031,0.1447,0.1341,0.1552,0.1256,0.1669,0.1159,0.1783
AP2,Female,92,2032,0.1433,0.1327,0.1544,0.1234,0.1656,0.1135,0.1778
AP2,Female,92,2033,0.1419,0.1306,0.1533,0.1213,0.1645,0.1115,0.1787
AP2,Female,92,2034,0.1406,0.1289,0.1521,0.1196,0.1657,0.1089,0.1781
AP2,Female,92,2035,0.1392,0.1276,0.1505,0.1168,0.1638,0.1057,0.1794
AP2,Female,92,2036,0.1378,0.1256,0.1502,0.1145,0.1641,0.1043,0.1781
AP2,Female,92,2037,0.1365,0.1236,0.1495,0.1131,0.1625,0.1041,0.1785
AP2,Female,92,2038,0.1351,0.1224,0.1486,0.1109,0.1614,0.1020,0.1792
AP2,Female,92,2039,0.1338,0.1208,0.1477,0.1100,0.1600,0.0994,0.1787
AP2,Female,92,2040,0.1325,0.1193,0.1467,0.1081,0.1592,0.0980,0.1793
AP2,Female,93,2021,0.1762,0.1724,0.1803,0.1691,0.1838,0.1642,0.1881
AP2,Female,93,2022,0.1746,0.1699,0.1805,0.1646,0.1854,0.1593,0.1904
AP2,Female,93,2023,0.1730,0.1662,0.1804,0.1606,0.1863,0.1544,0.1942
AP2,Female,93,2024,0.1714,0.1637,0.1791,0.1577,0.1873,0.1502,0.1956
AP2,Female,93,2025,0.1698,0.1611,0.1789,0.1543,0.1872,0.1472,0.1961
AP2,Female,93,2026,0.1682,0.1593,0.1782,0.1522,0.1865,0.1427,0.1969
AP2,Female,93,2027,0.1667,0.1576,0.1765,0.1485,0.1862,0.1410,0.1972
AP2,Female,93,2028,0.1651,0.1550,0.1751,0.1457,0.1860,0.1380,0.1977
AP2,Female,93,2029,0.1636,0.1531,0.1748,0.1426,0.1861,0.1342,0.1963
AP2,Female,93,2030,0.1621,0.1507,0.1737,0.1407,0.1851,0.1304,0.1985
AP2,Female,93,2031,0.1606,0.1486,0.1722,0.1393,0.1850,0.1285,0.1978
AP2,Female,93,2032,0.1591,0.1472,0.1714,0.1369,0.1837,0.1259,0.1974
AP2,Female,93,2033,0.1576,0.1449,0.1702,0.1346,0.1824,0.1239,0.1986
AP2,Female,93,2034,0.1561,0.1433,0.1691,0.1329,0.1842,0.1208,0.1980
AP2,Female,93,2035,0.1546,0.1417,0.1674,0.1298,0.1820,0.1173,0.1994
AP2,Female,93,2036,0.1532,0.1395,0.1672,0.1270,0.1826,0.1158,0.1981
AP2,Female,93,2037,0.1517,0.1374,0.1663,0.1256,0.1810,0.1155,0.1988
AP2,Female,93,2038,0.1503,0.1360,0.1653,0.1233,0.1797,0.1134,0.1997
AP2,Female,93,2039,0.1489,0.1342,0.1645,0.1223,0.1781,0.1104,0.1988
AP2,Female,93,2040,0.1475,0.1326,0.1634,0.1203,0.1773,0.1090,0.1998
AP2,Female,94,2021,0.1943,0.1901,0.1988,0.1864,0.2027,0.1811,0.2073
AP2,Female,94,2022,0.1926,0.1874,0.1991,0.1816,0.2045,0.1758,0.2100
AP2,Female,94,2023,0.1909,0.1833,0.1991,0.1772,0.2056,0.1705,0.2142
AP2,Female,94,2024,0.1892,0.1806,0.1977,0.1740,0.2067,0.1656,0.2158
AP2,Female,94,2025,0.1875,0.1779,0.1977,0.1705,0.2067,0.1624,0.2166
AP2,Female,94,2026,0.1859,0.1759,0.1969,0.1681,0.2059,0.1577,0.2174
AP2,Female,94,2027,0.1842,0.1742,0.1951,0.1641,0.2055,0.1558,0.2178
AP2,Female,94,2028,0.1826,0.1714,0.1937,0.1611,0.2056,0.1524,0.2185
AP2,Female,94,2029,0.1810,0.1695,0.1935,0.1576,0.2060,0.1484,0.2172
AP2,Female,94,2030,0.1794,0.1667,0.1922,0.1557,0.2049,0.1441,0.2194
AP2,Female,94,2031,0.1777,0.1644,0.1908,0.1541,0.2044,0.1422,0.2185
AP2,Female,94,2032,0.1762,0.1630,0.1898,0.1516,0.2032,0.1393,0.2187
AP2,Female,94,2033,0.1746,0.1605,0.1887,0.1491,0.2019,0.1372,0.2199
AP2,Female,94,2034,0.1730,0.1589,0.1876,0.1470,0.2041,0.1338,0.2195
AP2,Female,94,2035,0.1714,0.1570,0.1857,0.1439,0.2018,0.1301,0.2207
AP2,Female,94,2036,0.1699,0.1545,0.1856,0.1407,0.2027,0.1285,0.2198
AP2,Female,94,2037,0.1684,0.1525,0.1846,0.1393,0.2011,0.1282,0.2209
AP2,Female,94,2038,0.1668,0.1510,0.1834,0.1371,0.1997,0.1255,0.2213
AP2,Female,94,2039,0.1653,0.1489,0.1828,0.1357,0.1977,0.1221,0.2206
AP2,Female,94,2040,0.1638,0.1472,0.1814,0.1335,0.1970,0.1210,0.2221
AP2,Female,95,2021,0.2138,0.2091,0.2187,0.2051,0.2230,0.1993,0.2280
AP2,Female,95,2022,0.2120,0.2062,0.2192,0.2000,0.2251,0.1935,0.2311
AP2,Female,95,2023,0.2102,0.2019,0.2192,0.1952,0.2263,0.1877,0.2357
AP2,Female,95,2024,0.2084,0.1991,0.2177,0.1918,0.2276,0.1825,0.2376
AP2,Female,95,2025,0.2067,0.1960,0.2179,0.1880,0.2276,0.1789,0.2386
AP2,Female,95,2026,0.2049,0.1940,0.2170,0.1853,0.2269,0.1738,0.2392
AP2,Female,95,2027,0.2032,0.1921,0.2152,0.1808,0.2264,0.1716,0.2401
AP2,Female,95,2028,0.2015,0.1892,0.2137,0.1778,0.2267,0.1680,0.2409
AP2,Female,95,2029,0.1997,0.1871,0.2136,0.1738,0.2271,0.1637,0.2396
AP2,Female,95,2030,0.1980,0.1841,0.2121,0.1720,0.2262,0.1591,0.2420
AP2,Female,95,2031,0.1963,0.1816,0.2107,0.1700,0.2254,0.1571,0.2408
AP2,Female,95,2032,0.1947,0.1802,0.2097,0.1676,0.2242,0.1540,0.2415
AP2,Female,95,2033,0.1930,0.1776,0.2086,0.1649,0.2228,0.1516,0.2428
AP2,Female,95,2034,0.1913,0.1757,0.2076,0.1624,0.2257,0.1480,0.2427
AP2,Female,95,2035,0.1897,0.1736,0.2057,0.1593,0.2231,0.1437,0.2438
AP2,Female,95,2036,0.1880,0.1709,0.2052,0.1557,0.2242,0.1422,0.2432
AP2,Female,95,2037,0.1864,0.1688,0.2045,0.1543,0.2224,0.1418,0.2445
AP2,Female,95,2038,0.1848,0.1670,0.2031,0.1520,0.2213,0.1386,0.2444
AP2,Female,95,2039,0.1832,0.1650,0.2026,0.1505,0.2194,0.1354,0.2440
AP2,Female,95,2040,0.1816,0.1632,0.2009,0.1481,0.2181,0.1341,0.2459
AP2,Female,96,2021,0.2346,0.2295,0.2400,0.2251,0.2446,0.2188,0.2500
AP2,Female,96,2022,0.2328,0.2265,0.2406,0.2197,0.2470,0.2126,0.2536
AP2,Female,96,2023,0.2309,0.2218,0.2406,0.2146,0.2483,0.2063,0.2586
AP2,Female,96,2024,0.2290,0.2188,0.2392,0.2109,0.2500,0.2007,0.2610
AP2,Female,96,2025,0.2272,0.2156,0.2393,0.2068,0.2499,0.1969,0.2620
AP2,Female,96,2026,0.2254,0.2134,0.2385,0.2039,0.2494,0.1911,0.2628
AP2,Female,96,2027,0.2235,0.2114,0.2366,0.1989,0.2489,0.1887,0.2639
AP2,Female,96,2028,0.2217,0.2082,0.2351,0.1958,0.2492,0.1850,0.2648
AP2,Female,96,2029,0.2199,0.2060,0.2352,0.1915,0.2499,0.1803,0.2633
AP2,Female,96,2030,0.2181,0.2030,0.2336,0.1896,0.2490,0.1753,0.2660
AP2,Female,96,2031,0.2164,0.2002,0.2320,0.1874,0.2482,0.1732,0.2647
AP2,Female,96,2032,0.2146,0.1986,0.2313,0.1849,0.2469,0.1699,0.2656
AP2,Female,96,2033,0.2128,0.1961,0.2301,0.1820,0.2454,0.1672,0.2671
AP2,Female,96,2034,0.2111,0.1937,0.2291,0.1794,0.2488,0.1634,0.2676
AP2,Female,96,2035,0.2094,0.1916,0.2271,0.1760,0.2463,0.1589,0.2685
AP2,Female,96,2036,0.2076,0.1886,0.2267,0.1721,0.2472,0.1572,0.2683
AP2,Female,96,2037,0.2059,0.1864,0.2257,0.1705,0.2452,0.1566,0.2696
AP2,Female,96,2038,0.2042,0.1846,0.2243,0.1681,0.2445,0.1531,0.2691
AP2,Female,96,2039,0.2025,0.1826,0.2238,0.1663,0.2425,0.1498,0.2692
AP2,Female,96,2040,0.2008,0.1805,0.2221,0.1638,0.2410,0.1484,0.2711
AP2,Female,97,2021,0.2569,0.2513,0.2627,0.2465,0.2677,0.2396,0.2735
AP2,Female,97,2022,0.2549,0.2481,0.2635,0.2408,0.2703,0.2330,0.2776
AP2,Female,97,2023,0.2530,0.2430,0.2635,0.2353,0.2719,0.2262,0.2829
AP2,Female,97,2024,0.2510,0.2399,0.2621,0.2312,0.2738,0.2203,0.2859
AP2,Female,97,2025,0.2491,0.2365,0.2624,0.2268,0.2737,0.2161,0.2867
AP2,Female,97,2026,0.2472,0.2342,0.2614,0.2239,0.2733,0.2098,0.2876
AP2,Female,97,2027,0.2453,0.2321,0.2594,0.2185,0.2727,0.2073,0.2892
AP2,Female,97,2028,0.2434,0.2286,0.2579,0.2150,0.2733,0.2034,0.2900
AP2,Female,97,2029,0.2416,0.2262,0.2580,0.2105,0.2741,0.1981,0.2887
AP2,Female,97,2030,0.2397,0.2232,0.2565,0.2085,0.2731,0.1928,0.2916
AP2,Female,97,2031,0.2378,0.2202,0.2548,0.2064,0.2723,0.1905,0.2903
AP2,Female,97,2032,0.2360,0.2186,0.2540,0.2036,0.2710,0.1870,0.2913
AP2,Female,97,2033,0.2341,0.2157,0.2532,0.2004,0.2696,0.1840,0.2932
AP2,Female,97,2034,0.2323,0.2133,0.2520,0.1977,0.2731,0.1802,0.2938
AP2,Female,97,2035,0.2305,0.2113,0.2500,0.1939,0.2709,0.1753,0.2948
AP2,Female,97,2036,0.2287,0.2077,0.2495,0.1899,0.2716,0.1735,0.2946
AP2,Female,97,2037,0.2269,0.2057,0.2483,0.1880,0.2697,0.1729,0.2965
AP2,Female,97,2038,0.2251,0.2035,0.2473,0.1854,0.2689,0.1690,0.2956
AP2,Female,97,2039,0.2233,0.2014,0.2467,0.1837,0.2668,0.1647,0.2960
AP2,Female,97,2040,0.2216,0.1994,0.2448,0.1807,0.2654,0.1637,0.2980
AP2,Female,98,2021,0.2804,0.2744,0.2867,0.2692,0.2921,0.2619,0.2983
AP2,Female,98,2022,0.2784,0.2710,0.2877,0.2631,0.2950,0.2548,0.3028
AP2,Female,98,2023,0.2764,0.2657,0.2877,0.2573,0.2970,0.2475,0.3084
AP2,Female,98,2024,0.2744,0.2623,0.2863,0.2530,0.2989,0.2412,0.3121
AP2,Female,98,2025,0.2724,0.2587,0.2869,0.2484,0.2991,0.2366,0.3130
AP2,Female,98,2026,0.2705,0.2563,0.2857,0.2452,0.2987,0.2300,0.3140
AP2,Female,98,2027,0.2685,0.2541,0.2838,0.2395,0.2983,0.2273,0.3157
AP2,Female,98,2028,0.2665,0.2504,0.2822,0.2357,0.2989,0.2231,0.3166
AP2,Female,98,2029,0.2646,0.2480,0.2824,0.2310,0.2996,0.2172,0.3156
AP2,Female,98,2030,0.2626,0.2449,0.2808,0.2287,0.2987,0.2116,0.3186
AP2,Female,98,2031,0.2607,0.2417,0.2791,0.2269,0.2978,0.2091,0.3175
AP2,Female,98,2032,0.2588,0.2396,0.2782,0.2233,0.2963,0.2055,0.3186
AP2,Female,98,2033,0.2569,0.2368,0.2776,0.2202,0.2955,0.2019,0.3208
AP2,Female,98,2034,0.2550,0.2343,0.2762,0.2172,0.2993,0.1982,0.3213
AP2,Female,98,2035,0.2531,0.2321,0.2742,0.2131,0.2969,0.1930,0.3224
AP2,Female,98,2036,0.2512,0.2282,0.2736,0.2089,0.2975,0.1911,0.3223
AP2,Female,98,2037,0.2493,0.2264,0.2726,0.2070,0.2956,0.1901,0.3244
AP2,Female,98,2038,0.2475,0.2238,0.2717,0.2043,0.2952,0.1862,0.3237
AP2,Female,98,2039,0.2456,0.2217,0.2710,0.2026,0.2930,0.1811,0.3242
AP2,Female,98,2040,0.2438,0.2198,0.2692,0.1991,0.2913,0.1804,0.3263
AP2,Female,99,2021,0.3053,0.2989,0.3121,0.2932,0.3177,0.2854,0.3244
AP2,Female,99,2022,0.3032,0.2952,0.3130,0.2867,0.3209,0.2778,0.3293
AP2,Female,99,2023,0.3011,0.2896,0.3132,0.2805,0.3232,0.2700,0.3352
AP2,Female,99,2024,0.2991,0.2859,0.3120,0.2760,0.3254,0.2634,0.3396
AP2,Female,99,2025,0.2971,0.2822,0.3127,0.2713,0.3257,0.2584,0.3402
AP2,Female,99,2026,0.2950,0.2799,0.3115,0.2678,0.3254,0.2515,0.3417
AP2,Female,99,2027,0.2930,0.2775,0.3096,0.2618,0.3250,0.2488,0.3435
AP2,Female,99,2028,0.2910,0.2736,0.3078,0.2577,0.3255,0.2441,0.3446
AP2,Female,99,2029,0.2890,0.2711,0.3080,0.2527,0.3264,0.2378,0.3438
AP2,Female,99,2030,0.2870,0.2678,0.3063,0.2504,0.3255,0.2316,0.3470
AP2,Female,99,2031,0.2850,0.2645,0.3047,0.2484,0.3247,0.2290,0.3458
AP2,Female,99,2032,0.2830,0.2621,0.3040,0.2445,0.3234,0.2251,0.3473
AP2,Female,99,2033,0.2810,0.2593,0.3034,0.2414,0.3228,0.2213,0.3493
AP2,Female,99,2034,0.2791,0.2568,0.3019,0.2380,0.3266,0.2175,0.3501
AP2,Female,99,2035,0.2771,0.2543,0.2999,0.2337,0.3242,0.2120,0.3515
AP2,Female,99,2036,0.2752,0.2503,0.2992,0.2292,0.3247,0.2101,0.3514
AP2,Female,99,2037,0.2732,0.2480,0.2981,0.2272,0.3230,0.2088,0.3540
AP2,Female,99,2038,0.2713,0.2455,0.2975,0.2247,0.3224,0.2045,0.3534
AP2,Female,99,2039,0.2694,0.2433,0.2967,0.2226,0.3207,0.1991,0.3538
AP2,Female,99,2040,0.2674,0.2415,0.2949,0.2188,0.3186,0.1984,0.3560
AP2,Female,100,2021,0.3313,0.3245,0.3386,0.3185,0.3446,0.3102,0.3514
AP2,Female,100,2022,0.3292,0.3206,0.3397,0.3118,0.3480,0.3021,0.3568
AP2,Female,100,2023,0.3271,0.3149,0.3399,0.3050,0.3505,0.2939,0.3631
AP2,Female,100,2024,0.3250,0.3110,0.3389,0.3003,0.3531,0.2868,0.3682
AP2,Female,100,2025,0.3229,0.3070,0.3395,0.2954,0.3533,0.2815,0.3687
AP2,Female,100,2026,0.3208,0.3047,0.3384,0.2919,0.3531,0.2739,0.3701
AP2,Female,100,2027,0.3188,0.3021,0.3367,0.2854,0.3531,0.2715,0.3725
AP2,Female,100,2028,0.3167,0.2980,0.3349,0.2811,0.3533,0.2664,0.3738
AP2,Female,100,2029,0.3146,0.2955,0.3348,0.2757,0.3543,0.2597,0.3730
AP2,Female,100,2030,0.3126,0.2920,0.3332,0.2734,0.3536,0.2530,0.3765
AP2,Female,100,2031,0.3106,0.2884,0.3316,0.2712,0.3530,0.2502,0.3751
AP2,Female,100,2032,0.3085,0.2860,0.3310,0.2671,0.3516,0.2460,0.3771
AP2,Female,100,2033,0.3065,0.2830,0.3305,0.2638,0.3513,0.2420,0.3792
AP2,Female,100,2034,0.3045,0.2805,0.3289,0.2601,0.3552,0.2379,0.3802
AP2,Female,100,2035,0.3025,0.2779,0.3270,0.2557,0.3527,0.2326,0.3817
AP2,Female,100,2036,0.3005,0.2737,0.3261,0.2508,0.3531,0.2304,0.3818
AP2,Female,100,2037,0.2985,0.2712,0.3248,0.2484,0.3517,0.2285,0.3850
AP2,Female,100,2038,0.2965,0.2684,0.3245,0.2461,0.3509,0.2241,0.3842
AP2,Female,100,2039,0.2945,0.2664,0.3241,0.2438,0.3495,0.2183,0.3846
AP2,Female,100,2040,0.2925,0.2645,0.3223,0.2400,0.3473,0.2176,0.3870
AP3,Female,18,2021,0.0001,0.0001,0.0001,0.0001,0.0001,0.0001,0.0002
AP3,Female,18,2022,0.0001,0.0001,0.0001,0.0001,0.0001,0.0001,0.0002
AP3,Female,18,2023,0.0001,0.0001,0.0001,0.0001,0.0001,0.0001,0.0002
AP3,Female,18,2024,0.0001,0.0001,0.0001,0.0001,0.0001,0.0001,0.0002
AP3,Female,18,2025,0.0001,0.0001,0.0001,0.0001,0.0001,0.0001,0.0002
AP3,Female,18,2026,0.0001,0.0001,0.0001,0.0001,0.0001,0.0001,0.0002
AP3,Female,18,2027,0.0001,0.0001,0.0001,0.0001,0.0001,0.0001,0.0001
AP3,Female,18,2028,0.0001,0.0001,0.0001,0.0001,0.0001,0.0001,0.0001
AP3,Female,18,2029,0.0001,0.0001,0.0001,0.0001,0.0001,0.0001,0.0001
AP3,Female,18,2030,0.0001,0.0001,0.0001,0.0001,0.0001,0.0001,0.0001
AP3,Female,18,2031,0.0001,0.0001,0.0001,0.0001,0.0001,0.0001,0.0001
AP3,Female,18,2032,0.0001,0.0001,0.0001,0.0001,0.0001,0.0001,0.0001
AP3,Female,18,2033,0.0001,0.0001,0.0001,0.0001,0.0001,0.0001,0.0001
AP3,Female,18,2034,0.0001,0.0001,0.0001,0.0001,0.0001,0.0001,0.0001
AP3,Female,18,2035,0.0001,0.0001,0.0001,0.0001,0.0001,0.0001,0.0001
AP3,Female,18,2036,0.0001,0.0001,0.0001,0.0001,0.0001,0.0001,0.0001
AP3,Female,18,2037,0.0001,0.0001,0.0001,0.0001,0.0001,0.0001,0.0001
AP3,Female,18,2038,0.0001,0.0001,0.0001,0.0001,0.0001,0.0001,0.0001
AP3,Female,18,2039,0.0001,0.0001,0.0001,0.0001,0.0001,0.0001,0.0001
AP3,Female,18,2040,0.0001,0.0001,0.0001,0.0001,0.0001,0.0001,0.0001
AP3,Female,19,2021,0.0002,0.0001,0.0002,0.0001,0.0002,0.0001,0.0002
AP3,Female,19,2022,0.0001,0.0001,0.0002,0.0001,0.0002,0.0001,0.0002
AP3,Female,19,2023,0.0001,0.0001,0.0002,0.0001,0.0002,0.0001,0.0002
AP3,Female,19,2024,0.0001,0.0001,0.0001,0.0001,0.0002,0.0001,0.0002
AP3,Female,19,2025,0.0001,0.0001,0.0001,0.0001,0.0002,0.0001,0.0002
AP3,Female,19,2026,0.0001,0.0001,0.0001,0.0001,0.0002,0.0001,0.0002
AP3,Female,19,2027,0.0001,0.0001,0.0001,0.0001,0.0001,0.0001,0.0002
AP3,Female,19,2028,0.0001,0.0001,0.0001,0.0001,0.0001,0.0001,0.0002
AP3,Female,19,2029,0.0001,0.0001,0.0001,0.0001,0.0001,0.0001,0.0002
AP3,Female,19,2030,0.0001,0.0001,0.0001,0.0001,0.0001,0.0001,0.0002
AP3,Female,19,2031,0.0001,0.0001,0.0001,0.0001,0.0001,0.0001,0.0002
AP3,Female,19,2032,0.0001,0.0001,0.0001,0.0001,0.0001,0.0001,0.0002
AP3,Female,19,2033,0.0001,0.0001,0.0001,0.0001,0.0001,0.0001,0.0001
AP3,Female,19,2034,0.0001,0.0001,0.0001,0.0001,0.0001,0.0001,0.0001
AP3,Female,19,2035,0.0001,0.0001,0.0001,0.0001,0.0001,0.0001,0.0001
AP3,Female,19,2036,0.0001,0.0001,0.0001,0.0001,0.0001,0.0001,0.0001
AP3,Female,19,2037,0.0001,0.0001,0.0001,0.0001,0.0001,0.0001,0.0001
AP3,Female,19,2038,0.0001,0.0001,0.0001,0.0001,0.0001,0.0001,0.0001
AP3,Female,19,2039,0.0001,0.0001,0.0001,0.0001,0.0001,0.0001,0.0001
AP3,Female,19,2040,0.0001,0.0001,0.0001,0.0001,0.0001,0.0001,0.0001
AP3,Female,20,2021,0.0002,0.0002,0.0002,0.0002,0.0002,0.0002,0.0002
AP3,Female,20,2022,0.0002,0.0002,0.0002,0.0001,0.0002,0.0001,0.0002
AP3,Female,20,2023,0.0002,0.0001,0.0002,0.0001,0.0002,0.0001,0.0002
AP3,Female,20,2024,0.0002,0.0001,0.0002,0.0001,0.0002,0.0001,0.0002
AP3,Female,20,2025,0.0001,0.0001,0.0002,0.0001,0.0002,0.0001,0.0002
AP3,Female,20,2026,0.0001,0.0001,0.0002,0.0001,0.0002,0.0001,0.0002
AP3,Female,20,2027,0.0001,0.0001,0.0002,0.0001,0.0002,0.0001,0.0002
AP3,Female,20,2028,0.0001,0.0001,0.0001,0.0001,0.0002,0.0001,0.0002
AP3,Female,20,2029,0.0001,0.0001,0.0001,0.0001,0.0002,0.0001,0.0002
AP3,Female,20,2030,0.0001,0.0001,0.0001,0.0001,0.0002,0.0001,0.0002
AP3,Female,20,2031,0.0001,0.0001,0.0001,0.0001,0.0001,0.0001,0.0002
AP3,Female,20,2032,0.0001,0.0001,0.0001,0.0001,0.0001,0.0001,0.0002
AP3,Female,20,2033,0.0001,0.0001,0.0001,0.0001,0.0001,0.0001,0.0002
AP3,Female,20,2034,0.0001,0.0001,0.0001,0.0001,0.0001,0.0001,0.0002
AP3,Female,20,2035,0.0001,0.0001,0.0001,0.0001,0.0001,0.0001,0.0002
AP3,Female,20,2036,0.0001,0.0001,0.0001,0.0001,0.0001,0.0001,0.0002
AP3,Female,20,2037,0.0001,0.0001,0.0001,0.0001,0.0001,0.0001,0.0001
AP3,Female,20,2038,0.0001,0.0001,0.0001,0.0001,0.0001,0.0001,0.0001
AP3,Female,20,2039,0.0001,0.0001,0.0001,0.0001,0.0001,0.0001,0.0001
AP3,Female,20,2040,0.0001,0.0001,0.0001,0.0001,0.0001,0.0001,0.0001
AP3,Female,21,2021,0.0002,0.0002,0.0002,0.0002,0.0002,0.0002,0.0002
AP3,Female,21,2022,0.0002,0.0002,0.0002,0.0002,0.0002,0.0002,0.0002
AP3,Female,21,2023,0.0002,0.0002,0.0002,0.0002,0.0002,0.0001,0.0002
AP3,Female,21,2024,0.0002,0.0002,0.0002,0.0001,0.0002,0.0001,0.0002
AP3,Female,21,2025,0.0002,0.0001,0.0002,0.0001,0.0002,0.0001,0.0002
AP3,Female,21,2026,0.0002,0.0001,0.0002,0.0001,0.0002,0.0001,0.0002
AP3,Female,21,2027,0.0002,0.0001,0.0002,0.0001,0.0002,0.0001,0.0002
AP3,Female,21,2028,0.0001,0.0001,0.0002,0.0001,0.0002,0.0001,0.0002
AP3,Female,21,2029,0.0001,0.0001,0.0002,0.0001,0.0002,0.0001,0.0002
AP3,Female,21,2030,0.0001,0.0001,0.0002,0.0001,0.0002,0.0001,0.0002
AP3,Female,21,2031,0.0001,0.0001,0.0001,0.0001,0.0002,0.0001,0.0002
AP3,Female,21,2032,0.0001,0.0001,0.0001,0.0001,0.0002,0.0001,0.0002
AP3,Female,21,2033,0.0001,0.0001,0.0001,0.0001,0.0002,0.0001,0.0002
AP3,Female,21,2034,0.0001,0.0001,0.0001,0.0001,0.0002,0.0001,0.0002
AP3,Female,21,2035,0.0001,0.0001,0.0001,0.0001,0.0001,0.0001,0.0002
AP3,Female,21,2036,0.0001,0.0001,0.0001,0.0001,0.0001,0.0001,0.0002
AP3,Female,21,2037,0.0001,0.0001,0.0001,0.0001,0.0001,0.0001,0.0002
AP3,Female,21,2038,0.0001,0.0001,0.0001,0.0001,0.0001,0.0001,0.0002
AP3,Female,21,2039,0.0001,0.0001,0.0001,0.0001,0.0001,0.0001,0.0002
AP3,Female,21,2040,0.0001,0.0001,0.0001,0.0001,0.0001,0.0001,0.0002
AP3,Female,22,2021,0.0002,0.0002,0.0002,0.0002,0.0002,0.0002,0.0002
AP3,Female,22,2022,0.0002,0.0002,0.0002,0.0002,0.0002,0.0002,0.0002
AP3,Female,22,2023,0.0002,0.0002,0.0002,0.0002,0.0002,0.0002,0.0002
AP3,Female,22,2024,0.0002,0.0002,0.0002,0.0002,0.0002,0.0002,0.0002
AP3,Female,22,2025,0.0002,0.0002,0.0002,0.0002,0.0002,0.0001,0.0002
AP3,Female,22,2026,0.0002,0.0002,0.0002,0.0001,0.0002,0.0001,0.0002
AP3,Female,22,2027,0.0002,0.0002,0.0002,0.0001,0.0002,0.0001,0.0002
AP3,Female,22,2028,0.0002,0.0001,0.0002,0.0001,0.0002,0.0001,0.0002
AP3,Female,22,2029,0.0002,0.0001,0.0002,0.0001,0.0002,0.0001,0.0002
AP3,Female,22,2030,0.0002,0.0001,0.0002,0.0001,0.0002,0.0001,0.0002
AP3,Female,22,2031,0.0001,0.0001,0.0002,0.0001,0.0002,0.0001,0.0002
AP3,Female,22,2032,0.0001,0.0001,0.0002,0.0001,0.0002,0.0001,0.0002
AP3,Female,22,2033,0.0001,0.0001,0.0002,0.0001,0.0002,0.0001,0.0002
AP3,Female,22,2034,0.0001,0.0001,0.0002,0.0001,0.0002,0.0001,0.0002
AP3,Female,22,2035,0.0001,0.0001,0.0001,0.0001,0.0002,0.0001,0.0002
AP3,Female,22,2036,0.0001,0.0001,0.0001,0.0001,0.0002,0.0001,0.0002
AP3,Female,22,2037,0.0001,0.0001,0.0001,0.0001,0.0002,0.0001,0.0002
AP3,Female,22,2038,0.0001,0.0001,0.0001,0.0001,0.0002,0.0001,0.0002
AP3,Female,22,2039,0.0001,0.0001,0.0001,0.0001,0.0001,0.0001,0.0002
AP3,Female,22,2040,0.0001,0.0001,0.0001,0.0001,0.0001,0.0001,0.0002
AP3,Female,23,2021,0.0002,0.0002,0.0002,0.0002,0.0002,0.0002,0.0002
AP3,Female,23,2022,0.0002,0.0002,0.0002,0.0002,0.0002,0.0002,0.0002
AP3,Female,23,2023,0.0002,0.0002,0.0002,0.0002,0.0002,0.0002,0.0002
AP3,Female,23,2024,0.0002,0.0002,0.0002,0.0002,0.0002,0.0002,0.0002
AP3,Female,23,2025,0.0002,0.0002,0.0002,0.0002,0.0002,0.0002,0.0002
AP3,Female,23,2026,0.0002,0.0002,0.0002,0.0002,0.0002,0.0002,0.0002
AP3,Female,23,2027,0.0002,0.0002,0.0002,0.0002,0.0002,0.0001,0.0002
AP3,Female,23,2028,0.0002,0.0002,0.0002,0.0002,0.0002,0.0001,0.0002
AP3,Female,23,2029,0.0002,0.0002,0.0002,0.0001,0.0002,0.0001,0.0002
AP3,Female,23,2030,0.0002,0.0002,0.0002,0.0001,0.0002,0.0001,0.0002
AP3,Female,23,2031,0.0002,0.0001,0.0002,0.0001,0.0002,0.0001,0.0002
AP3,Female,23,2032,0.0002,0.0001,0.0002,0.0001,0.0002,0.0001,0.0002
AP3,Female,23,2033,0.0002,0.0001,0.0002,0.0001,0.0002,0.0001,0.0002
AP3,Female,23,2034,0.0001,0.0001,0.0002,0.0001,0.0002,0.0001,0.0002
AP3,Female,23,2035,0.0001,0.0001,0.0002,0.0001,0.0002,0.0001,0.0002
AP3,Female,23,2036,0.0001,0.0001,0.0002,0.0001,0.0002,0.0001,0.0002
AP3,Female,23,2037,0.0001,0.0001,0.0002,0.0001,0.0002,0.0001,0.0002
AP3,Female,23,2038,0.0001,0.0001,0.0001,0.0001,0.0002,0.0001,0.0002
AP3,Female,23,2039,0.0001,0.0001,0.0001,0.0001,0.0002,0.0001,0.0002
AP3,Female,23,2040,0.0001,0.0001,0.0001,0.0001,0.0002,0.0001,0.0002
AP3,Female,24,2021,0.0002,0.0002,0.0002,0.0002,0.0002,0.0002,0.0002
AP3,Female,24,2022,0.0002,0.0002,0.0002,0.0002,0.0002,0.0002,0.0002
AP3,Female,24,2023,0.0002,0.0002,0.0002,0.0002,0.0002,0.0002,0.0002
AP3,Female,24,2024,0.0002,0.0002,0.0002,0.0002,0.0002,0.0002,0.0002
AP3,Female,24,2025,0.0002,0.0002,0.0002,0.0002,0.0002,0.0002,0.0002
AP3,Female,24,2026,0.0002,0.0002,0.0002,0.0002,0.0002,0.0002,0.0002
AP3,Female,24,2027,0.0002,0.0002,0.0002,0.0002,0.0002,0.0002,0.0002
AP3,Female,24,2028,0.0002,0.0002,0.0002,0.0002,0.0002,0.0002,0.0002
AP3,Female,24,2029,0.0002,0.0002,0.0002,0.0002,0.0002,0.0001,0.0002
AP3,Female,24,2030,0.0002,0.0002,0.0002,0.0002,0.0002,0.0001,0.0002
AP3,Female,24,2031,0.0002,0.0002,0.0002,0.0001,0.0002,0.0001,0.0002
AP3,Female,24,2032,0.0002,0.0002,0.0002,0.0001,0.0002,0.0001,0.0002
AP3,Female,24,2033,0.0002,0.0001,0.0002,0.0001,0.0002,0.0001,0.0002
AP3,Female,24,2034,0.0002,0.0001,0.0002,0.0001,0.0002,0.0001,0.0002
AP3,Female,24,2035,0.0002,0.0001,0.0002,0.0001,0.0002,0.0001,0.0002
AP3,Female,24,2036,0.0002,0.0001,0.0002,0.0001,0.0002,0.0001,0.0002
AP3,Female,24,2037,0.0001,0.0001,0.0002,0.0001,0.0002,0.0001,0.0002
AP3,Female,24,2038,0.0001,0.0001,0.0002,0.0001,0.0002,0.0001,0.0002
AP3,Female,24,2039,0.0001,0.0001,0.0002,0.0001,0.0002,0.0001,0.0002
AP3,Female,24,2040,0.0001,0.0001,0.0002,0.0001,0.0002,0.0001,0.0002
AP3,Female,25,2021,0.0002,0.0002,0.0002,0.0002,0.0002,0.0002,0.0002
AP3,Female,25,2022,0.0002,0.0002,0.0002,0.0002,0.0002,0.0002,0.0002
AP3,Female,25,2023,0.0002,0.0002,0.0002,0.0002,0.0002,0.0002,0.0002
AP3,Female,25,2024,0.0002,0.0002,0.0002,0.0002,0.0002,0.0002,0.0002
AP3,Female,25,2025,0.0002,0.0002,0.0002,0.0002,0.0002,0.0002,0.0002
AP3,Female,25,2026,0.0002,0.0002,0.0002,0.0002,0.0002,0.0002,0.0002
AP3,Female,25,2027,0.0002,0.0002,0.0002,0.0002,0.0002,0.0002,0.0002
AP3,Female,25,2028,0.0002,0.0002,0.0002,0.0002,0.0002,0.0002,0.0002
AP3,Female,25,2029,0.0002,0.0002,0.0002,0.0002,0.0002,0.0002,0.0002
AP3,Female,25,2030,0.0002,0.0002,0.0002,0.0002,0.0002,0.0002,0.0002
AP3,Female,25,2031,0.0002,0.0002,0.0002,0.0002,0.0002,0.0001,0.0002
AP3,Female,25,2032,0.0002,0.0002,0.0002,0.0002,0.0002,0.0001,0.0002
AP3,Female,25,2033,0.0002,0.0002,0.0002,0.0001,0.0002,0.0001,0.0002
AP3,Female,25,2034,0.0002,0.0002,0.0002,0.0001,0.0002,0.0001,0.0002
AP3,Female,25,2035,0.0002,0.0002,0.0002,0.0001,0.0002,0.0001,0.0002
AP3,Female,25,2036,0.0002,0.0001,0.0002,0.0001,0.0002,0.0001,0.0002
AP3,Female,25,2037,0.0002,0.0001,0.0002,0.0001,0.0002,0.0001,0.0002
AP3,Female,25,2038,0.0002,0.0001,0.0002,0.0001,0.0002,0.0001,0.0002
AP3,Female,25,2039,0.0002,0.0001,0.0002,0.0001,0.0002,0.0001,0.0002
AP3,Female,25,2040,0.0001,0.0001,0.0002,0.0001,0.0002,0.0001,0.0002
AP3,Female,26,2021,0.0002,0.0002,0.0002,0.0002,0.0002,0.0002,0.0003
AP3,Female,26,2022,0.0002,0.0002,0.0002,0.0002,0.0002,0.0002,0.0003
AP3,Female,26,2023,0.0002,0.0002,0.0002,0.0002,0.0002,0.0002,0.0003
AP3,Female,26,2024,0.0002,0.0002,0.0002,0.0002,0.0002,0.0002,0.0002
AP3,Female,26,2025,0.0002,0.0002,0.0002,0.0002,0.0002,0.0002,0.0002
AP3,Female,26,2026,0.0002,0.0002,0.0002,0.0002,0.0002,0.0002,0.0002
AP3,Female,26,2027,0.0002,0.0002,0.0002,0.0002,0.0002,0.0002,0.0002
AP3,Female,26,2028,0.0002,0.0002,0.0002,0.0002,0.0002,0.0002,0.0002
AP3,Female,26,2029,0.0002,0.0002,0.0002,0.0002,0.0002,0.0002,0.0002
AP3,Female,26,2030,0.0002,0.0002,0.0002,0.0002,0.0002,0.0002,0.0002
AP3,Female,26,2031,0.0002,0.0002,0.0002,0.0002,0.0002,0.0002,0.0002
AP3,Female,26,2032,0.0002,0.0002,0.0002,0.0002,0.0002,0.0002,0.0002
AP3,Female,26,2033,0.0002,0.0002,0.0002,0.0002,0.0002,0.0001,0.0002
AP3,Female,26,2034,0.0002,0.0002,0.0002,0.0002,0.0002,0.0001,0.0002
AP3,Female,26,2035,0.0002,0.0002,0.0002,0.0002,0.0002,0.0001,0.0002
AP3,Female,26,2036,0.0002,0.0002,0.0002,0.0001,0.0002,0.0001,0.0002
AP3,Female,26,2037,0.0002,0.0002,0.0002,0.0001,0.0002,0.0001,0.0002
AP3,Female,26,2038,0.0002,0.0002,0.0002,0.0001,0.0002,0.0001,0.0002
AP3,Female,26,2039,0.0002,0.0001,0.0002,0.0001,0.0002,0.0001,0.0002
AP3,Female,26,2040,0.0002,0.0001,0.0002,0.0001,0.0002,0.0001,0.0002
AP3,Female,27,2021,0.0003,0.0002,0.0003,0.0002,0.0003,0.0002,0.0003
AP3,Female,27,2022,0.0002,0.0002,0.0003,0.0002,0.0003,0.0002,0.0003
AP3,Female,27,2023,0.0002,0.0002,0.0002,0.0002,0.0003,0.0002,0.0003
AP3,Female,27,2024,0.0002,0.0002,0.0002,0.0002,0.0003,0.0002,0.0003
AP3,Female,27,2025,0.0002,0.0002,0.0002,0.0002,0.0003,0.0002,0.0003
AP3,Female,27,2026,0.0002,0.0002,0.0002,0.0002,0.0002,0.0002,0.0003
AP3,Female,27,2027,0.0002,0.0002,0.0002,0.0002,0.0002,0.0002,0.0003
AP3,Female,27,2028,0.0002,0.0002,0.0002,0.0002,0.0002,0.0002,0.0003
AP3,Female,27,2029,0.0002,0.0002,0.0002,0.0002,0.0002,0.0002,0.0002
AP3,Female,27,2030,0.0002,0.0002,0.0002,0.0002,0.0002,0.0002,0.0002
AP3,Female,27,2031,0.0002,0.0002,0.0002,0.0002,0.0002,0.0002,0.0002
AP3,Female,27,2032,0.0002,0.0002,0.0002,0.0002,0.0002,0.0002,0.0002
AP3,Female,27,2033,0.0002,0.0002,0.0002,0.0002,0.0002,0.0002,0.0002
AP3,Female,27,2034,0.0002,0.0002,0.0002,0.0002,0.0002,0.0002,0.0002
AP3,Female,27,2035,0.0002,0.0002,0.0002,0.0002,0.0002,0.0002,0.0002
AP3,Female,27,2036,0.0002,0.0002,0.0002,0.0002,0.0002,0.0001,0.0002
AP3,Female,27,2037,0.0002,0.0002,0.0002,0.0002,0.0002,0.0001,0.0002
AP3,Female,27,2038,0.0002,0.0002,0.0002,0.0002,0.0002,0.0001,0.0002
AP3,Female,27,2039,0.0002,0.0002,0.0002,0.0001,0.0002,0.0001,0.0002
AP3,Female,27,2040,0.0002,0.0002,0.0002,0.0001,0.0002,0.0001,0.0002
AP3,Female,28,2021,0.0003,0.0003,0.0003,0.0003,0.0003,0.0003,0.0003
AP3,Female,28,2022,0.0003,0.0003,0.0003,0.0003,0.0003,0.0002,0.0003
AP3,Female,28,2023,0.0003,0.0003,0.0003,0.0002,0.0003,0.0002,0.0003
AP3,Female,28,2024,0.0003,0.0002,0.0003,0.0002,0.0003,0.0002,0.0003
AP3,Female,28,2025,0.0002,0.0002,0.0003,0.0002,0.0003,0.0002,0.0003
AP3,Female,28,2026,0.0002,0.0002,0.0003,0.0002,0.0003,0.0002,0.0003
AP3,Female,28,2027,0.0002,0.0002,0.0002,0.0002,0.0003,0.0002,0.0003
AP3,Female,28,2028,0.0002,0.0002,0.0002,0.0002,0.0003,0.0002,0.0003
AP3,Female,28,2029,0.0002,0.0002,0.0002,0.0002,0.0003,0.0002,0.0003
AP3,Female,28,2030,0.0002,0.0002,0.0002,0.0002,0.0002,0.0002,0.0003
AP3,Female,28,2031,0.0002,0.0002,0.0002,0.0002,0.0002,0.0002,0.0003
AP3,Female,28,2032,0.0002,0.0002,0.0002,0.0002,0.0002,0.0002,0.0003
AP3,Female,28,2033,0.0002,0.0002,0.0002,0.0002,0.0002,0.0002,0.0003
AP3,Female,28,2034,0.0002,0.0002,0.0002,0.0002,0.0002,0.0002,0.0002
AP3,Female,28,2035,0.0002,0.0002,0.0002,0.0002,0.0002,0.0002,0.0002
AP3,Female,28,2036,0.0002,0.0002,0.0002,0.0002,0.0002,0.0002,0.0002
AP3,Female,28,2037,0.0002,0.0002,0.0002,0.0002,0.0002,0.0002,0.0002
AP3,Female,28,2038,0.0002,0.0002,0.0002,0.0002,0.0002,0.0001,0.0002
AP3,Female,28,2039,0.0002,0.0002,0.0002,0.0002,0.0002,0.0001,0.0002
AP3,Female,28,2040,0.0002,0.0002,0.0002,0.0002,0.0002,0.0001,0.0002
AP3,Female,29,2021,0.0003,0.0003,0.0003,0.0003,0.0003,0.0003,0.0003
AP3,Female,29,2022,0.0003,0.0003,0.0003,0.0003,0.0003,0.0003,0.0003
AP3,Female,29,2023,0.0003,0.0003,0.0003,0.0003,0.0003,0.0003,0.0003
AP3,Female,29,2024,0.0003,0.0003,0.0003,0.0003,0.0003,0.0002,0.0003
AP3,Female,29,2025,0.0003,0.0003,0.0003,0.0002,0.0003,0.0002,0.0003
AP3,Female,29,2026,0.0003,0.0002,0.0003,0.0002,0.0003,0.0002,0.0003
AP3,Female,29,2027,0.0003,0.0002,0.0003,0.0002,0.0003,0.0002,0.0003
AP3,Female,29,2028,0.0002,0.0002,0.0003,0.0002,0.0003,0.0002,0.0003
AP3,Female,29,2029,0.0002,0.0002,0.0003,0.0002,0.0003,0.0002,0.0003
AP3,Female,29,2030,0.0002,0.0002,0.0003,0.0002,0.0003,0.0002,0.0003
AP3,Female,29,2031,0.0002,0.0002,0.0002,0.0002,0.0003,0.0002,0.0003
AP3,Female,29,2032,0.0002,0.0002,0.0002,0.0002,0.0003,0.0002,0.0003
AP3,Female,29,2033,0.0002,0.0002,0.0002,0.0002,0.0002,0.0002,0.0003
AP3,Female,29,2034,0.0002,0.0002,0.0002,0.0002,0.0002,0.0002,0.0003
AP3,Female,29,2035,0.0002,0.0002,0.0002,0.0002,0.0002,0.0002,0.0003
AP3,Female,29,2036,0.0002,0.0002,0.0002,0.0002,0.0002,0.0002,0.0003
AP3,Female,29,2037,0.0002,0.0002,0.0002,0.0002,0.0002,0.0002,0.0003
AP3,Female,29,2038,0.0002,0.0002,0.0002,0.0002,0.0002,0.0002,0.0002
AP3,Female,29,2039,0.0002,0.0002,0.0002,0.0002,0.0002,0.0002,0.0002
AP3,Female,29,2040,0.0002,0.0002,0.0002,0.0002,0.0002,0.0002,0.0002
AP3,Female,30,2021,0.0003,0.0003,0.0003,0.0003,0.0003,0.0003,0.0003
AP3,Female,30,2022,0.0003,0.0003,0.0003,0.0003,0.0003,0.0003,0.0003
AP3,Female,30,2023,0.0003,0.0003,0.0003,0.0003,0.0003,0.0003,0.0003
AP3,Female,30,2024,0.0003,0.0003,0.0003,0.0003,0.0003,0.0003,0.0003
AP3,Female,30,2025,0.0003,0.0003,0.0003,0.0003,0.0003,0.0003,0.0003
AP3,Female,30,2026,0.0003,0.0003,0.0003,0.0003,0.0003,0.0002,0.0003
AP3,Female,30,2027,0.0003,0.0003,0.0003,0.0002,0.0003,0.0002,0.0003
AP3,Female,30,2028,0.0003,0.0003,0.0003,0.0002,0.0003,0.0002,0.0003
AP3,Female,30,2029,0.0003,0.0002,0.0003,0.0002,0.0003,0.0002,0.0003
AP3,Female,30,2030,0.0003,0.0002,0.0003,0.0002,0.0003,0.0002,0.0003
AP3,Female,30,2031,0.0002,0.0002,0.0003,0.0002,0.0003,0.0002,0.0003
AP3,Female,30,2032,0.0002,0.0002,0.0003,0.0002,0.0003,0.0002,0.0003
AP3,Female,30,2033,0.0002,0.0002,0.0003,0.0002,0.0003,0.0002,0.0003
AP3,Female,30,2034,0.0002,0.0002,0.0002,0.0002,0.0003,0.0002,0.0003
AP3,Female,30,2035,0.0002,0.0002,0.0002,0.0002,0.0003,0.0002,0.0003
AP3,Female,30,2036,0.0002,0.0002,0.0002,0.0002,0.0003,0.0002,0.0003
AP3,Female,30,2037,0.0002,0.0002,0.0002,0.0002,0.0002,0.0002,0.0003
AP3,Female,30,2038,0.0002,0.0002,0.0002,0.0002,0.0002,0.0002,0.0003
AP3,Female,30,2039,0.0002,0.0002,0.0002,0.0002,0.0002,0.0002,0.0003
AP3,Female,30,2040,0.0002,0.0002,0.0002,0.0002,0.0002,0.0002,0.0003
AP3,Female,31,2021,0.0003,0.0003,0.0003,0.0003,0.0003,0.0003,0.0003
AP3,Female,31,2022,0.0003,0.0003,0.0003,0.0003,0.0003,0.0003,0.0003
AP3,Female,31,2023,0.0003,0.0003,0.0003,0.0003,0.0003,0.0003,0.0003
AP3,Female,31,2024,0.0003,0.0003,0.0003,0.0003,0.0003,0.0003,0.0003
AP3,Female,31,2025,0.0003,0.0003,0.0003,0.0003,0.0003,0.0003,0.0003
AP3,Female,31,2026,0.0003,0.0003,0.0003,0.0003,0.0003,0.0003,0.0003
AP3,Female,31,2027,0.0003,0.0003,0.0003,0.0003,0.0003,0.0003,0.0003
AP3,Female,31,2028,0.0003,0.0003,0.0003,0.0003,0.0003,0.0002,0.0003
AP3,Female,31,2029,0.0003,0.0003,0.0003,0.0003,0.0003,0.0002,0.0003
AP3,Female,31,2030,0.0003,0.0003,0.0003,0.0002,0.0003,0.0002,0.0003
AP3,Female,31,2031,0.0003,0.0003,0.0003,0.0002,0.0003,0.0002,0.0003
AP3,Female,31,2032,0.0003,0.0002,0.0003,0.0002,0.0003,0.0002,0.0003
AP3,Female,31,2033,0.0003,0.0002,0.0003,0.0002,0.0003,0.0002,0.0003
AP3,Female,31,2034,0.0002,0.0002,0.0003,0.0002,0.0003,0.0002,0.0003
AP3,Female,31,2035,0.0002,0.0002,0.0003,0.0002,0.0003,0.0002,0.0003
AP3,Female,31,2036,0.0002,0.0002,0.0003,0.0002,0.0003,0.0002,0.0003
AP3,Female,31,2037,0.0002,0.0002,0.0002,0.0002,0.0003,0.0002,0.0003
AP3,Female,31,2038,0.0002,0.0002,0.0002,0.0002,0.0003,0.0002,0.0003
AP3,Female,31,2039,0.0002,0.0002,0.0002,0.0002,0.0003,0.0002,0.0003
AP3,Female,31,2040,0.0002,0.0002,0.0002,0.0002,0.0002,0.0002,0.0003
AP3,Female,32,2021,0.0003,0.0003,0.0004,0.0003,0.0004,0.0003,0.0004
AP3,Female,32,2022,0.0003,0.0003,0.0003,0.0003,0.0004,0.0003,0.0004
AP3,Female,32,2023,0.0003,0.0003,0.0003,0.0003,0.0004,0.0003,0.0004
AP3,Female,32,2024,0.0003,0.0003,0.0003,0.0003,0.0003,0.0003,0.0004
AP3,Female,32,2025,0.0003,0.0003,0.0003,0.0003,0.0003,0.0003,0.0004
AP3,Female,32,2026,0.0003,0.0003,0.0003,0.0003,0.0003,0.0003,0.0004
AP3,Female,32,2027,0.0003,0.0003,0.0003,0.0003,0.0003,0.0003,0.0003
AP3,Female,32,2028,0.0003,0.0003,0.0003,0.0003,0.0003,0.0003,0.0003
AP3,Female,32,2029,0.0003,0.0003,0.0003,0.0003,0.0003,0.0003,0.0003
AP3,Female,32,2030,0.0003,0.0003,0.0003,0.0003,0.0003,0.0003,0.0003
AP3,Female,32,2031,0.0003,0.0003,0.0003,0.0003,0.0003,0.0002,0.0003
AP3,Female,32,2032,0.0003,0.0003,0.0003,0.0003,0.0003,0.0002,0.0003
AP3,Female,32,2033,0.0003,0.0003,0.0003,0.0002,0.0003,0.0002,0.0003
AP3,Female,32,2034,0.0003,0.0003,0.0003,0.0002,0.0003,0.0002,0.0003
AP3,Female,32,2035,0.0003,0.0002,0.0003,0.0002,0.0003,0.0002,0.0003
AP3,Female,32,2036,0.0003,0.0002,0.0003,0.0002,0.0003,0.0002,0.0003
AP3,Female,32,2037,0.0003,0.0002,0.0003,0.0002,0.0003,0.0002,0.0003
AP3,Female,32,2038,0.0002,0.0002,0.0003,0.0002,0.0003,0.0002,0.0003
AP3,Female,32,2039,0.0002,0.0002,0.0003,0.0002,0.0003,0.0002,0.0003
AP3,Female,32,2040,0.0002,0.0002,0.0003,0.0002,0.0003,0.0002,0.0003
AP3,Female,33,2021,0.0004,0.0004,0.0004,0.0004,0.0004,0.0004,0.0004
AP3,Female,33,2022,0.0004,0.0004,0.0004,0.0004,0.0004,0.0003,0.0004
AP3,Female,33,2023,0.0004,0.0003,0.0004,0.0003,0.0004,0.0003,0.0004
AP3,Female,33,2024,0.0003,0.0003,0.0004,0.0003,0.0004,0.0003,0.0004
AP3,Female,33,2025,0.0003,0.0003,0.0004,0.0003,0.0004,0.0003,0.0004
AP3,Female,33,2026,0.0003,0.0003,0.0003,0.0003,0.0004,0.0003,0.0004
AP3,Female,33,2027,0.0003,0.0003,0.0003,0.0003,0.0004,0.0003,0.0004
AP3,Female,33,2028,0.0003,0.0003,0.0003,0.0003,0.0003,0.0003,0.0004
AP3,Female,33,2029,0.0003,0.0003,0.0003,0.0003,0.0003,0.0003,0.0004
AP3,Female,33,2030,0.0003,0.0003,0.0003,0.0003,0.0003,0.0003,0.0004
AP3,Female,33,2031,0.0003,0.0003,0.0003,0.0003,0.0003,0.0003,0.0003
AP3,Female,33,2032,0.0003,0.0003,0.0003,0.0003,0.0003,0.0003,0.0003
AP3,Female,33,2033,0.0003,0.0003,0.0003,0.0003,0.0003,0.0002,0.0003
AP3,Female,33,2034,0.0003,0.0003,0.0003,0.0003,0.0003,0.0002,0.0003
AP3,Female,33,2035,0.0003,0.0003,0.0003,0.0002,0.0003,0.0002,0.0003
AP3,Female,33,2036,0.0003,0.0003,0.0003,0.0002,0.0003,0.0002,0.0003
AP3,Female,33,2037,0.0003,0.0003,0.0003,0.0002,0.0003,0.0002,0.0003
AP3,Female,33,2038,0.0003,0.0002,0.0003,0.0002,0.0003,0.0002,0.0003
AP3,Female,33,2039,0.0003,0.0002,0.0003,0.0002,0.0003,0.0002,0.0003
AP3,Female,33,2040,0.0003,0.0002,0.0003,0.0002,0.0003,0.0002,0.0003
AP3,Female,34,2021,0.0004,0.0004,0.0004,0.0004,0.0004,0.0004,0.0004
AP3,Female,34,2022,0.0004,0.0004,0.0004,0.0004,0.0004,0.0004,0.0004
AP3,Female,34,2023,0.0004,0.0004,0.0004,0.0004,0.0004,0.0004,0.0004
AP3,Female,34,2024,0.0004,0.0004,0.0004,0.0004,0.0004,0.0003,0.0004
AP3,Female,34,2025,0.0004,0.0004,0.0004,0.0003,0.0004,0.0003,0.0004
AP3,Female,34,2026,0.0004,0.0003,0.0004,0.0003,0.0004,0.0003,0.0004
AP3,Female,34,2027,0.0004,0.0003,0.0004,0.0003,0.0004,0.0003,0.0004
AP3,Female,34,2028,0.0003,0.0003,0.0004,0.0003,0.0004,0.0003,0.0004
AP3,Female,34,2029,0.0003,0.0003,0.0004,0.0003,0.0004,0.0003,0.0004
AP3,Female,34,2030,0.0003,0.0003,0.0003,0.0003,0.0004,0.0003,0.0004
AP3,Female,34,2031,0.0003,0.0003,0.0003,0.0003,0.0004,0.0003,0.0004
AP3,Female,34,2032,0.0003,0.0003,0.0003,0.0003,0.0003,0.0003,0.0004
AP3,Female,34,2033,0.0003,0.0003,0.0003,0.0003,0.0003,0.0003,0.0004
AP3,Female,34,2034,0.0003,0.0003,0.0003,0.0003,0.0003,0.0003,0.0004
AP3,Female,34,2035,0.0003,0.0003,0.0003,0.0003,0.0003,0.0002,0.0003
AP3,Female,34,2036,0.0003,0.0003,0.0003,0.0003,0.0003,0.0002,0.0003
AP3,Female,34,2037,0.0003,0.0003,0.0003,0.0003,0.0003,0.0002,0.0003
AP3,Female,34,2038,0.0003,0.0003,0.0003,0.0002,0.0003,0.0002,0.0003
AP3,Female,34,2039,0.0003,0.0003,0.0003,0.0002,0.0003,0.0002,0.0003
AP3,Female,34,2040,0.0003,0.0003,0.0003,0.0002,0.0003,0.0002,0.0003
AP3,Female,35,2021,0.0004,0.0004,0.0004,0.0004,0.0004,0.0004,0.0004
AP3,Female,35,2022,0.0004,0.0004,0.0004,0.0004,0.0004,0.0004,0.0004
AP3,Female,35,2023,0.0004,0.0004,0.0004,0.0004,0.0004,0.0004,0.0004
AP3,Female,35,2024,0.0004,0.0004,0.0004,0.0004,0.0004,0.0004,0.0004
AP3,Female,35,2025,0.0004,0.0004,0.0004,0.0004,0.0004,0.0004,0.0004
AP3,Female,35,2026,0.0004,0.0004,0.0004,0.0004,0.0004,0.0003,0.0004
AP3,Female,35,2027,0.0004,0.0004,0.0004,0.0003,0.0004,0.0003,0.0004
AP3,Female,35,2028,0.0004,0.0004,0.0004,0.0003,0.0004,0.0003,0.0004
AP3,Female,35,2029,0.0004,0.0003,0.0004,0.0003,0.0004,0.0003,0.0004
AP3,Female,35,2030,0.0004,0.0003,0.0004,0.0003,0.0004,0.0003,0.0004
AP3,Female,35,2031,0.0003,0.0003,0.0004,0.0003,0.0004,0.0003,0.0004
AP3,Female,35,2032,0.0003,0.0003,0.0004,0.0003,0.0004,0.0003,0.0004
AP3,Female,35,2033,0.0003,0.0003,0.0003,0.0003,0.0004,0.0003,0.0004
AP3,Female,35,2034,0.0003,0.0003,0.0003,0.0003,0.0004,0.0003,0.0004
AP3,Female,35,2035,0.0003,0.0003,0.0003,0.0003,0.0003,0.0003,0.0004
AP3,Female,35,2036,0.0003,0.0003,0.0003,0.0003,0.0003,0.0003,0.0004
AP3,Female,35,2037,0.0003,0.0003,0.0003,0.0003,0.0003,0.0003,0.0004
AP3,Female,35,2038,0.0003,0.0003,0.0003,0.0003,0.0003,0.0002,0.0004
AP3,Female,35,2039,0.0003,0.0003,0.0003,0.0003,0.0003,0.0002,0.0003
AP3,Female,35,2040,0.0003,0.0003,0.0003,0.0003,0.0003,0.0002,0.0003
AP3,Female,36,2021,0.0005,0.0004,0.0005,0.0004,0.0005,0.0004,0.0005
AP3,Female,36,2022,0.0004,0.0004,0.0005,0.0004,0.0005,0.0004,0.0005
AP3,Female,36,2023,0.0004,0.0004,0.0004,0.0004,0.0005,0.0004,0.0005
AP3,Female,36,2024,0.0004,0.0004,0.0004,0.0004,0.0004,0.0004,0.0005
AP3,Female,36,2025,0.0004,0.0004,0.0004,0.0004,0.0004,0.0004,0.0005
AP3,Female,36,2026,0.0004,0.0004,0.0004,0.0004,0.0004,0.0004,0.0004
AP3,Female,36,2027,0.0004,0.0004,0.0004,0.0004,0.0004,0.0004,0.0004
AP3,Female,36,2028,0.0004,0.0004,0.0004,0.0004,0.0004,0.0004,0.0004
AP3,Female,36,2029,0.0004,0.0004,0.0004,0.0004,0.0004,0.0003,0.0004
AP3,Female,36,2030,0.0004,0.0004,0.0004,0.0003,0.0004,0.0003,0.0004
AP3,Female,36,2031,0.0004,0.0004,0.0004,0.0003,0.0004,0.0003,0.0004
AP3,Female,36,2032,0.0004,0.0003,0.0004,0.0003,0.0004,0.0003,0.0004
AP3,Female,36,2033,0.0004,0.0003,0.0004,0.0003,0.0004,0.0003,0.0004
AP3,Female,36,2034,0.0003,0.0003,0.0004,0.0003,0.0004,0.0003,0.0004
AP3,Female,36,2035,0.0003,0.0003,0.0004,0.0003,0.0004,0.0003,0.0004
AP3,Female,36,2036,0.0003,0.0003,0.0003,0.0003,0.0004,0.0003,0.0004
AP3,Female,36,2037,0.0003,0.0003,0.0003,0.0003,0.0004,0.0003,0.0004
AP3,Female,36,2038,0.0003,0.0003,0.0003,0.0003,0.0004,0.0003,0.0004
AP3,Female,36,2039,0.0003,0.0003,0.0003,0.0003,0.0003,0.0003,0.0004
AP3,Female,36,2040,0.0003,0.0003,0.0003,0.0003,0.0003,0.0003,0.0004
AP3,Female,37,2021,0.0005,0.0005,0.0005,0.0005,0.0005,0.0005,0.0005
AP3,Female,37,2022,0.0005,0.0005,0.0005,0.0005,0.0005,0.0004,0.0005
AP3,Female,37,2023,0.0005,0.0005,0.0005,0.0004,0.0005,0.0004,0.0005
AP3,Female,37,2024,0.0005,0.0004,0.0005,0.0004,0.0005,0.0004,0.0005
AP3,Female,37,2025,0.0004,0.0004,0.0005,0.0004,0.0005,0.0004,0.0005
AP3,Female,37,2026,0.0004,0.0004,0.0004,0.0004,0.0005,0.0004,0.0005
AP3,Female,37,2027,0.0004,0.0004,0.0004,0.0004,0.0005,0.0004,0.0005
AP3,Female,37,2028,0.0004,0.0004,0.0004,0.0004,0.0004,0.0004,0.0005
AP3,Female,37,2029,0.0004,0.0004,0.0004,0.0004,0.0004,0.0004,0.0005
AP3,Female,37,2030,0.0004,0.0004,0.0004,0.0004,0.0004,0.0004,0.0004
AP3,Female,37,2031,0.0004,0.0004,0.0004,0.0004,0.0004,0.0003,0.0004
AP3,Female,37,2032,0.0004,0.0004,0.0004,0.0004,0.0004,0.0003,0.0004
AP3,Female,37,2033,0.0004,0.0004,0.0004,0.0003,0.0004,0.0003,0.0004
AP3,Female,37,2034,0.0004,0.0004,0.0004,0.0003,0.0004,0.0003,0.0004
AP3,Female,37,2035,0.0004,0.0003,0.0004,0.0003,0.0004,0.0003,0.0004
AP3,Female,37,2036,0.0004,0.0003,0.0004,0.0003,0.0004,0.0003,0.0004
AP3,Female,37,2037,0.0003,0.0003,0.0004,0.0003,0.0004,0.0003,0.0004
AP3,Female,37,2038,0.0003,0.0003,0.0004,0.0003,0.0004,0.0003,0.0004
AP3,Female,37,2039,0.0003,0.0003,0.0004,0.0003,0.0004,0.0003,0.0004
AP3,Female,37,2040,0.0003,0.0003,0.0003,0.0003,0.0004,0.0003,0.0004
AP3,Female,38,2021,0.0005,0.0005,0.0005,0.0005,0.0005,0.0005,0.0005
AP3,Female,38,2022,0.0005,0.0005,0.0005,0.0005,0.0005,0.0005,0.0005
AP3,Female,38,2023,0.0005,0.0005,0.0005,0.0005,0.0005,0.0005,0.0005
AP3,Female,38,2024,0.0005,0.0005,0.0005,0.0005,0.0005,0.0004,0.0005
AP3,Female,38,2025,0.0005,0.0005,0.0005,0.0004,0.0005,0.0004,0.0005
AP3,Female,38,2026,0.0005,0.0004,0.0005,0.0004,0.0005,0.0004,0.0005
AP3,Female,38,2027,0.0005,0.0004,0.0005,0.0004,0.0005,0.0004,0.0005
AP3,Female,38,2028,0.0004,0.0004,0.0005,0.0004,0.0005,0.0004,0.0005
AP3,Female,38,2029,0.0004,0.0004,0.0005,0.0004,0.0005,0.0004,0.0005
AP3,Female,38,2030,0.0004,0.0004,0.0004,0.0004,0.0005,0.0004,0.0005
AP3,Female,38,2031,0.0004,0.0004,0.0004,0.0004,0.0005,0.0004,0.0005
AP3,Female,38,2032,0.0004,0.0004,0.0004,0.0004,0.0004,0.0004,0.0005
AP3,Female,38,2033,0.0004,0.0004,0.0004,0.0004,0.0004,0.0003,0.0005
AP3,Female,38,2034,0.0004,0.0004,0.0004,0.0004,0.0004,0.0003,0.0005
AP3,Female,38,2035,0.0004,0.0004,0.0004,0.0003,0.0004,0.0003,0.0004
AP3,Female,38,2036,0.0004,0.0004,0.0004,0.0003,0.0004,0.0003,0.0004
AP3,Female,38,2037,0.0004,0.0004,0.0004,0.0003,0.0004,0.0003,0.0004
AP3,Female,38,2038,0.0004,0.0003,0.0004,0.0003,0.0004,0.0003,0.0004
AP3,Female,38,2039,0.0004,0.0003,0.0004,0.0003,0.0004,0.0003,0.0004
AP3,Female,38,2040,0.0003,0.0003,0.0004,0.0003,0.0004,0.0003,0.0004
AP3,Female,39,2021,0.0005,0.0005,0.0006,0.0005,0.0006,0.0005,0.0006
AP3,Female,39,2022,0.0005,0.0005,0.0005,0.0005,0.0006,0.0005,0.0006
AP3,Female,39,2023,0.0005,0.0005,0.0005,0.0005,0.0005,0.0005,0.0006
AP3,Female,39,2024,0.0005,0.0005,0.0005,0.0005,0.0005,0.0005,0.0006
AP3,Female,39,2025,0.0005,0.0005,0.0005,0.0005,0.0005,0.0005,0.0005
AP3,Female,39,2026,0.0005,0.0005,0.0005,0.0005,0.0005,0.0005,0.0005
AP3,Female,39,2027,0.0005,0.0005,0.0005,0.0005,0.0005,0.0004,0.0005
AP3,Female,39,2028,0.0005,0.0005,0.0005,0.0004,0.0005,0.0004,0.0005
AP3,Female,39,2029,0.0005,0.0004,0.0005,0.0004,0.0005,0.0004,0.0005
AP3,Female,39,2030,0.0005,0.0004,0.0005,0.0004,0.0005,0.0004,0.0005
AP3,Female,39,2031,0.0004,0.0004,0.0005,0.0004,0.0005,0.0004,0.0005
AP3,Female,39,2032,0.0004,0.0004,0.0005,0.0004,0.0005,0.0004,0.0005
AP3,Female,39,2033,0.0004,0.0004,0.0004,0.0004,0.0005,0.0004,0.0005
AP3,Female,39,2034,0.0004,0.0004,0.0004,0.0004,0.0005,0.0004,0.0005
AP3,Female,39,2035,0.0004,0.0004,0.0004,0.0004,0.0004,0.0004,0.0005
AP3,Female,39,2036,0.0004,0.0004,0.0004,0.0004,0.0004,0.0003,0.0005
AP3,Female,39,2037,0.0004,0.0004,0.0004,0.0004,0.0004,0.0003,0.0005
AP3,Female,39,2038,0.0004,0.0004,0.0004,0.0003,0.0004,0.0003,0.0005
AP3,Female,39,2039,0.0004,0.0004,0.0004,0.0003,0.0004,0.0003,0.0004
AP3,Female,39,2040,0.0004,0.0004,0.0004,0.0003,0.0004,0.0003,0.0004
AP3,Female,40,2021,0.0006,0.0006,0.0006,0.0006,0.0006,0.0006,0.0006
AP3,Female,40,2022,0.0006,0.0006,0.0006,0.0006,0.0006,0.0005,0.0006
AP3,Female,40,2023,0.0006,0.0005,0.0006,0.0005,0.0006,0.0005,0.0006
AP3,Female,40,2024,0.0005,0.0005,0.0006,0.0005,0.0006,0.0005,0.0006
AP3,Female,40,2025,0.0005,0.0005,0.0006,0.0005,0.0006,0.0005,0.0006
AP3,Female,40,2026,0.0005,0.0005,0.0005,0.0005,0.0006,0.0005,0.0006
AP3,Female,40,2027,0.0005,0.0005,0.0005,0.0005,0.0005,0.0005,0.0006
AP3,Female,40,2028,0.0005,0.0005,0.0005,0.0005,0.0005,0.0005,0.0006
AP3,Female,40,2029,0.0005,0.0005,0.0005,0.0005,0.0005,0.0004,0.0006
AP3,Female,40,2030,0.0005,0.0005,0.0005,0.0005,0.0005,0.0004,0.0005
AP3,Female,40,2031,0.0005,0.0005,0.0005,0.0004,0.0005,0.0004,0.0005
AP3,Female,40,2032,0.0005,0.0004,0.0005,0.0004,0.0005,0.0004,0.0005
AP3,Female,40,2033,0.0005,0.0004,0.0005,0.0004,0.0005,0.0004,0.0005
AP3,Female,40,2034,0.0004,0.0004,0.0005,0.0004,0.0005,0.0004,0.0005
AP3,Female,40,2035,0.0004,0.0004,0.0005,0.0004,0.0005,0.0004,0.0005
AP3,Female,40,2036,0.0004,0.0004,0.0005,0.0004,0.0005,0.0004,0.0005
AP3,Female,40,2037,0.0004,0.0004,0.0004,0.0004,0.0005,0.0004,0.0005
AP3,Female,40,2038,0.0004,0.0004,0.0004,0.0004,0.0005,0.0004,0.0005
AP3,Female,40,2039,0.0004,0.0004,0.0004,0.0004,0.0004,0.0003,0.0005
AP3,Female,40,2040,0.0004,0.0004,0.0004,0.0004,0.0004,0.0003,0.0005
AP3,Female,41,2021,0.0006,0.0006,0.0006,0.0006,0.0006,0.0006,0.0006
AP3,Female,41,2022,0.0006,0.0006,0.0006,0.0006,0.0006,0.0006,0.0006
AP3,Female,41,2023,0.0006,0.0006,0.0006,0.0006,0.0006,0.0006,0.0006
AP3,Female,41,2024,0.0006,0.0006,0.0006,0.0006,0.0006,0.0005,0.0006
AP3,Female,41,2025,0.0006,0.0006,0.0006,0.0005,0.0006,0.0005,0.0006
AP3,Female,41,2026,0.0006,0.0005,0.0006,0.0005,0.0006,0.0005,0.0006
AP3,Female,41,2027,0.0006,0.0005,0.0006,0.0005,0.0006,0.0005,0.0006
AP3,Female,41,2028,0.0005,0.0005,0.0006,0.0005,0.0006,0.0005,0.0006
AP3,Female,41,2029,0.0005,0.0005,0.0005,0.0005,0.0006,0.0005,0.0006
AP3,Female,41,2030,0.0005,0.0005,0.0005,0.0005,0.0006,0.0005,0.0006
AP3,Female,41,2031,0.0005,0.0005,0.0005,0.0005,0.0005,0.0005,0.0006
AP3,Female,41,2032,0.0005,0.0005,0.0005,0.0005,0.0005,0.0004,0.0006
AP3,Female,41,2033,0.0005,0.0005,0.0005,0.0005,0.0005,0.0004,0.0006
AP3,Female,41,2034,0.0005,0.0005,0.0005,0.0004,0.0005,0.0004,0.0005
AP3,Female,41,2035,0.0005,0.0004,0.0005,0.0004,0.0005,0.0004,0.0005
AP3,Female,41,2036,0.0005,0.0004,0.0005,0.0004,0.0005,0.0004,0.0005
AP3,Female,41,2037,0.0005,0.0004,0.0005,0.0004,0.0005,0.0004,0.0005
AP3,Female,41,2038,0.0004,0.0004,0.0005,0.0004,0.0005,0.0004,0.0005
AP3,Female,41,2039,0.0004,0.0004,0.0005,0.0004,0.0005,0.0004,0.0005
AP3,Female,41,2040,0.0004,0.0004,0.0004,0.0004,0.0005,0.0004,0.0005
AP3,Female,42,2021,0.0007,0.0007,0.0007,0.0006,0.0007,0.0006,0.0007
AP3,Female,42,2022,0.0007,0.0006,0.0007,0.0006,0.0007,0.0006,0.0007
AP3,Female,42,2023,0.0006,0.0006,0.0007,0.0006,0.0007,0.0006,0.0007
AP3,Female,42,2024,0.0006,0.0006,0.0006,0.0006,0.0007,0.0006,0.0007
AP3,Female,42,2025,0.0006,0.0006,0.0006,0.0006,0.0006,0.0006,0.0007
AP3,Female,42,2026,0.0006,0.0006,0.0006,0.0006,0.0006,0.0006,0.0007
AP3,Female,42,2027,0.0006,0.0006,0.0006,0.0006,0.0006,0.0005,0.0006
AP3,Female,42,2028,0.0006,0.0006,0.0006,0.0005,0.0006,0.0005,0.0006
AP3,Female,42,2029,0.0006,0.0005,0.0006,0.0005,0.0006,0.0005,0.0006
AP3,Female,42,2030,0.0006,0.0005,0.0006,0.0005,0.0006,0.0005,0.0006
AP3,Female,42,2031,0.0005,0.0005,0.0006,0.0005,0.0006,0.0005,0.0006
AP3,Female,42,2032,0.0005,0.0005,0.0006,0.0005,0.0006,0.0005,0.0006
AP3,Female,42,2033,0.0005,0.0005,0.0005,0.0005,0.0006,0.0005,0.0006
AP3,Female,42,2034,0.0005,0.0005,0.0005,0.0005,0.0006,0.0004,0.0006
AP3,Female,42,2035,0.0005,0.0005,0.0005,0.0005,0.0005,0.0004,0.0006
AP3,Female,42,2036,0.0005,0.0005,0.0005,0.0004,0.0005,0.0004,0.0006
AP3,Female,42,2037,0.0005,0.0005,0.0005,0.0004,0.0005,0.0004,0.0006
AP3,Female,42,2038,0.0005,0.0004,0.0005,0.0004,0.0005,0.0004,0.0005
AP3,Female,42,2039,0.0005,0.0004,0.0005,0.0004,0.0005,0.0004,0.0005
AP3,Female,42,2040,0.0005,0.0004,0.0005,0.0004,0.0005,0.0004,0.0005
AP3,Female,43,2021,0.0007,0.0007,0.0007,0.0007,0.0007,0.0007,0.0007
AP3,Female,43,2022,0.0007,0.0007,0.0007,0.0007,0.0007,0.0007,0.0007
AP3,Female,43,2023,0.0007,0.0007,0.0007,0.0007,0.0007,0.0006,0.0007
AP3,Female,43,2024,0.0007,0.0007,0.0007,0.0006,0.0007,0.0006,0.0007
AP3,Female,43,2025,0.0007,0.0006,0.0007,0.0006,0.0007,0.0006,0.0007
AP3,Female,43,2026,0.0006,0.0006,0.0007,0.0006,0.0007,0.0006,0.0007
AP3,Female,43,2027,0.0006,0.0006,0.0006,0.0006,0.0007,0.0006,0.0007
AP3,Female,43,2028,0.0006,0.0006,0.0006,0.0006,0.0007,0.0006,0.0007
AP3,Female,43,2029,0.0006,0.0006,0.0006,0.0006,0.0006,0.0005,0.0007
AP3,Female,43,2030,0.0006,0.0006,0.0006,0.0006,0.0006,0.0005,0.0007
AP3,Female,43,2031,0.0006,0.0006,0.0006,0.0005,0.0006,0.0005,0.0006
AP3,Female,43,2032,0.0006,0.0005,0.0006,0.0005,0.0006,0.0005,0.0006
AP3,Female,43,2033,0.0006,0.0005,0.0006,0.0005,0.0006,0.0005,0.0006
AP3,Female,43,2034,0.0005,0.0005,0.0006,0.0005,0.0006,0.0005,0.0006
AP3,Female,43,2035,0.0005,0.0005,0.0006,0.0005,0.0006,0.0005,0.0006
AP3,Female,43,2036,0.0005,0.0005,0.0005,0.0005,0.0006,0.0005,0.0006
AP3,Female,43,2037,0.0005,0.0005,0.0005,0.0005,0.0006,0.0004,0.0006
AP3,Female,43,2038,0.0005,0.0005,0.0005,0.0005,0.0006,0.0004,0.0006
AP3,Female,43,2039,0.0005,0.0005,0.0005,0.0004,0.0005,0.0004,0.0006
AP3,Female,43,2040,0.0005,0.0005,0.0005,0.0004,0.0005,0.0004,0.0006
AP3,Female,44,2021,0.0008,0.0007,0.0008,0.0007,0.0008,0.0007,0.0008
AP3,Female,44,2022,0.0007,0.0007,0.0008,0.0007,0.0008,0.0007,0.0008
AP3,Female,44,2023,0.0007,0.0007,0.0007,0.0007,0.0008,0.0007,0.0008
AP3,Female,44,2024,0.0007,0.0007,0.0007,0.0007,0.0007,0.0007,0.0008
AP3,Female,44,2025,0.0007,0.0007,0.0007,0.0007,0.0007,0.0006,0.0007
AP3,Female,44,2026,0.0007,0.0007,0.0007,0.0006,0.0007,0.0006,0.0007
AP3,Female,44,2027,0.0007,0.0007,0.0007,0.0006,0.0007,0.0006,0.0007
AP3,Female,44,2028,0.0007,0.0006,0.0007,0.0006,0.0007,0.0006,0.0007
AP3,Female,44,2029,0.0006,0.0006,0.0007,0.0006,0.0007,0.0006,0.0007
AP3,Female,44,2030,0.0006,0.0006,0.0007,0.0006,0.0007,0.0006,0.0007
AP3,Female,44,2031,0.0006,0.0006,0.0006,0.0006,0.0007,0.0006,0.0007
AP3,Female,44,2032,0.0006,0.0006,0.0006,0.0006,0.0007,0.0005,0.0007
AP3,Female,44,2033,0.0006,0.0006,0.0006,0.0005,0.0006,0.0005,0.0007
AP3,Female,44,2034,0.0006,0.0006,0.0006,0.0005,0.0006,0.0005,0.0007
AP3,Female,44,2035,0.0006,0.0005,0.0006,0.0005,0.0006,0.0005,0.0007
AP3,Female,44,2036,0.0006,0.0005,0.0006,0.0005,0.0006,0.0005,0.0006
AP3,Female,44,2037,0.0005,0.0005,0.0006,0.0005,0.0006,0.0005,0.0006
AP3,Female,44,2038,0.0005,0.0005,0.0006,0.0005,0.0006,0.0005,0.0006
AP3,Female,44,2039,0.0005,0.0005,0.0006,0.0005,0.0006,0.0005,0.0006
AP3,Female,44,2040,0.0005,0.0005,0.0005,0.0005,0.0006,0.0004,0.0006
AP3,Female,45,2021,0.0008,0.0008,0.0008,0.0008,0.0008,0.0008,0.0008
AP3,Female,45,2022,0.0008,0.0008,0.0008,0.0008,0.0008,0.0008,0.0008
AP3,Female,45,2023,0.0008,0.0008,0.0008,0.0007,0.0008,0.0007,0.0008
AP3,Female,45,2024,0.0008,0.0007,0.0008,0.0007,0.0008,0.0007,0.0008
AP3,Female,45,2025,0.0007,0.0007,0.0008,0.0007,0.0008,0.0007,0.0008
AP3,Female,45,2026,0.0007,0.0007,0.0008,0.0007,0.0008,0.0007,0.0008
AP3,Female,45,2027,0.0007,0.0007,0.0007,0.0007,0.0008,0.0007,0.0008
AP3,Female,45,2028,0.0007,0.0007,0.0007,0.0007,0.0007,0.0006,0.0008
AP3,Female,45,2029,0.0007,0.0007,0.0007,0.0006,0.0007,0.0006,0.0008
AP3,Female,45,2030,0.0007,0.0007,0.0007,0.0006,0.0007,0.0006,0.0007
AP3,Female,45,2031,0.0007,0.0006,0.0007,0.0006,0.0007,0.0006,0.0007
AP3,Female,45,2032,0.0006,0.0006,0.0007,0.0006,0.0007,0.0006,0.0007
AP3,Female,45,2033,0.0006,0.0006,0.0007,0.0006,0.0007,0.0006,0.0007
AP3,Female,45,2034,0.0006,0.0006,0.0006,0.0006,0.0007,0.0006,0.0007
AP3,Female,45,2035,0.0006,0.0006,0.0006,0.0006,0.0007,0.0005,0.0007
AP3,Female,45,2036,0.0006,0.0006,0.0006,0.0005,0.0007,0.0005,0.0007
AP3,Female,45,2037,0.0006,0.0006,0.0006,0.0005,0.0006,0.0005,0.0007
AP3,Female,45,2038,0.0006,0.0005,0.0006,0.0005,0.0006,0.0005,0.0007
AP3,Female,45,2039,0.0006,0.0005,0.0006,0.0005,0.0006,0.0005,0.0007
AP3,Female,45,2040,0.0006,0.0005,0.0006,0.0005,0.0006,0.0005,0.0006
AP3,Female,46,2021,0.0009,0.0008,0.0009,0.0008,0.0009,0.0008,0.0009
AP3,Female,46,2022,0.0008,0.0008,0.0009,0.0008,0.0009,0.0008,0.0009
AP3,Female,46,2023,0.0008,0.0008,0.0008,0.0008,0.0009,0.0008,0.0009
AP3,Female,46,2024,0.0008,0.0008,0.0008,0.0008,0.0008,0.0008,0.0009
AP3,Female,46,2025,0.0008,0.0008,0.0008,0.0008,0.0008,0.0007,0.0009
AP3,Female,46,2026,0.0008,0.0008,0.0008,0.0007,0.0008,0.0007,0.0008
AP3,Female,46,2027,0.0008,0.0007,0.0008,0.0007,0.0008,0.0007,0.0008
AP3,Female,46,2028,0.0007,0.0007,0.0008,0.0007,0.0008,0.0007,0.0008
AP3,Female,46,2029,0.0007,0.0007,0.0008,0.0007,0.0008,0.0007,0.0008
AP3,Female,46,2030,0.0007,0.0007,0.0007,0.0007,0.0008,0.0006,0.0008
AP3,Female,46,2031,0.0007,0.0007,0.0007,0.0007,0.0008,0.0006,0.0008
AP3,Female,46,2032,0.0007,0.0007,0.0007,0.0006,0.0007,0.0006,0.0008
AP3,Female,46,2033,0.0007,0.0006,0.0007,0.0006,0.0007,0.0006,0.0008
AP3,Female,46,2034,0.0007,0.0006,0.0007,0.0006,0.0007,0.0006,0.0008
AP3,Female,46,2035,0.0006,0.0006,0.0007,0.0006,0.0007,0.0006,0.0007
AP3,Female,46,2036,0.0006,0.0006,0.0007,0.0006,0.0007,0.0006,0.0007
AP3,Female,46,2037,0.0006,0.0006,0.0007,0.0006,0.0007,0.0005,0.0007
AP3,Female,46,2038,0.0006,0.0006,0.0006,0.0006,0.0007,0.0005,0.0007
AP3,Female,46,2039,0.0006,0.0006,0.0006,0.0005,0.0007,0.0005,0.0007
AP3,Female,46,2040,0.0006,0.0006,0.0006,0.0005,0.0007,0.0005,0.0007
AP3,Female,47,2021,0.0009,0.0009,0.0009,0.0009,0.0009,0.0009,0.0009
AP3,Female,47,2022,0.0009,0.0009,0.0009,0.0009,0.0009,0.0009,0.0009
AP3,Female,47,2023,0.0009,0.0009,0.0009,0.0008,0.0009,0.0008,0.0009
AP3,Female,47,2024,0.0009,0.0008,0.0009,0.0008,0.0009,0.0008,0.0009
AP3,Female,47,2025,0.0008,0.0008,0.0009,0.0008,0.0009,0.0008,0.0009
AP3,Female,47,2026,0.0008,0.0008,0.0009,0.0008,0.0009,0.0008,0.0009
AP3,Female,47,2027,0.0008,0.0008,0.0008,0.0008,0.0009,0.0007,0.0009
AP3,Female,47,2028,0.0008,0.0008,0.0008,0.0007,0.0008,0.0007,0.0009
AP3,Female,47,2029,0.0008,0.0008,0.0008,0.0007,0.0008,0.0007,0.0009
AP3,Female,47,2030,0.0008,0.0007,0.0008,0.0007,0.0008,0.0007,0.0009
AP3,Female,47,2031,0.0008,0.0007,0.0008,0.0007,0.0008,0.0007,0.0008
AP3,Female,47,2032,0.0007,0.0007,0.0008,0.0007,0.0008,0.0007,0.0008
AP3,Female,47,2033,0.0007,0.0007,0.0008,0.0007,0.0008,0.0006,0.0008
AP3,Female,47,2034,0.0007,0.0007,0.0007,0.0006,0.0008,0.0006,0.0008
AP3,Female,47,2035,0.0007,0.0007,0.0007,0.0006,0.0008,0.0006,0.0008
AP3,Female,47,2036,0.0007,0.0006,0.0007,0.0006,0.0007,0.0006,0.0008
AP3,Female,47,2037,0.0007,0.0006,0.0007,0.0006,0.0007,0.0006,0.0008
AP3,Female,47,2038,0.0007,0.0006,0.0007,0.0006,0.0007,0.0006,0.0008
AP3,Female,47,2039,0.0006,0.0006,0.0007,0.0006,0.0007,0.0006,0.0007
AP3,Female,47,2040,0.0006,0.0006,0.0007,0.0006,0.0007,0.0005,0.0007
AP3,Female,48,2021,0.0010,0.0010,0.0010,0.0010,0.0010,0.0009,0.0010
AP3,Female,48,2022,0.0010,0.0009,0.0010,0.0009,0.0010,0.0009,0.0010
AP3,Female,48,2023,0.0009,0.0009,0.0010,0.0009,0.0010,0.0009,0.0010
AP3,Female,48,2024,0.0009,0.0009,0.0009,0.0009,0.0010,0.0009,0.0010
AP3,Female,48,2025,0.0009,0.0009,0.0009,0.0009,0.0010,0.0008,0.0010
AP3,Female,48,2026,0.0009,0.0009,0.0009,0.0008,0.0009,0.0008,0.0010
AP3,Female,48,2027,0.0009,0.0008,0.0009,0.0008,0.0009,0.0008,0.0009
AP3,Female,48,2028,0.0009,0.0008,0.0009,0.0008,0.0009,0.0008,0.0009
AP3,Female,48,2029,0.0008,0.0008,0.0009,0.0008,0.0009,0.0008,0.0009
AP3,Female,48,2030,0.0008,0.0008,0.0009,0.0008,0.0009,0.0007,0.0009
AP3,Female,48,2031,0.0008,0.0008,0.0008,0.0007,0.0009,0.0007,0.0009
AP3,Female,48,2032,0.0008,0.0008,0.0008,0.0007,0.0009,0.0007,0.0009
AP3,Female,48,2033,0.0008,0.0007,0.0008,0.0007,0.0008,0.0007,0.0009
AP3,Female,48,2034,0.0008,0.0007,0.0008,0.0007,0.0008,0.0007,0.0009
AP3,Female,48,2035,0.0007,0.0007,0.0008,0.0007,0.0008,0.0007,0.0008
AP3,Female,48,2036,0.0007,0.0007,0.0008,0.0007,0.0008,0.0006,0.0008
AP3,Female,48,2037,0.0007,0.0007,0.0007,0.0006,0.0008,0.0006,0.0008
AP3,Female,48,2038,0.0007,0.0007,0.0007,0.0006,0.0008,0.0006,0.0008
AP3,Female,48,2039,0.0007,0.0006,0.0007,0.0006,0.0008,0.0006,0.0008
AP3,Female,48,2040,0.0007,0.0006,0.0007,0.0006,0.0007,0.0006,0.0008
AP3,Female,49,2021,0.0010,0.0010,0.0011,0.0010,0.0011,0.0010,0.0011
AP3,Female,49,2022,0.0010,0.0010,0.0010,0.0010,0.0011,0.0010,0.0011
AP3,Female,49,2023,0.0010,0.0010,0.0010,0.0010,0.0010,0.0009,0.0011
AP3,Female,49,2024,0.0010,0.0010,0.0010,0.0009,0.0010,0.0009,0.0011
AP3,Female,49,2025,0.0010,0.0009,0.0010,0.0009,0.0010,0.0009,0.0010
AP3,Female,49,2026,0.0009,0.0009,0.0010,0.0009,0.0010,0.0009,0.0010
AP3,Female,49,2027,0.0009,0.0009,0.0010,0.0009,0.0010,0.0009,0.0010
AP3,Female,49,2028,0.0009,0.0009,0.0009,0.0009,0.0010,0.0008,0.0010
AP3,Female,49,2029,0.0009,0.0009,0.0009,0.0008,0.0010,0.0008,0.0010
AP3,Female,49,2030,0.0009,0.0008,0.0009,0.0008,0.0009,0.0008,0.0010
AP3,Female,49,2031,0.0009,0.0008,0.0009,0.0008,0.0009,0.0008,0.0010
AP3,Female,49,2032,0.0008,0.0008,0.0009,0.0008,0.0009,0.0007,0.0010
AP3,Female,49,2033,0.0008,0.0008,0.0009,0.0008,0.0009,0.0007,0.0009
AP3,Female,49,2034,0.0008,0.0008,0.0008,0.0007,0.0009,0.0007,0.0009
AP3,Female,49,2035,0.0008,0.0008,0.0008,0.0007,0.0009,0.0007,0.0009
AP3,Female,49,2036,0.0008,0.0007,0.0008,0.0007,0.0009,0.0007,0.0009
AP3,Female,49,2037,0.0008,0.0007,0.0008,0.0007,0.0008,0.0007,0.0009
AP3,Female,49,2038,0.0007,0.0007,0.0008,0.0007,0.0008,0.0006,0.0009
AP3,Female,49,2039,0.0007,0.0007,0.0008,0.0007,0.0008,0.0006,0.0009
AP3,Female,49,2040,0.0007,0.0007,0.0008,0.0006,0.0008,0.0006,0.0008
AP3,Female,50,2021,0.0011,0.0011,0.0011,0.0011,0.0011,0.0011,0.0012
AP3,Female,50,2022,0.0011,0.0011,0.0011,0.0011,0.0011,0.0010,0.0011
AP3,Female,50,2023,0.0011,0.0010,0.0011,0.0010,0.0011,0.0010,0.0011
AP3,Female,50,2024,0.0010,0.0010,0.0011,0.0010,0.0011,0.0010,0.0011
AP3,Female,50,2025,0.0010,0.0010,0.0011,0.0010,0.0011,0.0010,0.0011
AP3,Female,50,2026,0.0010,0.0010,0.0010,0.0010,0.0011,0.0009,0.0011
AP3,Female,50,2027,0.0010,0.0010,0.0010,0.0009,0.0011,0.0009,0.0011
AP3,Female,50,2028,0.0010,0.0009,0.0010,0.0009,0.0010,0.0009,0.0011
AP3,Female,50,2029,0.0009,0.0009,0.0010,0.0009,0.0010,0.0009,0.0011
AP3,Female,50,2030,0.0009,0.0009,0.0010,0.0009,0.0010,0.0008,0.0010
AP3,Female,50,2031,0.0009,0.0009,0.0010,0.0008,0.0010,0.0008,0.0010
AP3,Female,50,2032,0.0009,0.0009,0.0009,0.0008,0.0010,0.0008,0.0010
AP3,Female,50,2033,0.0009,0.0008,0.0009,0.0008,0.0010,0.0008,0.0010
AP3,Female,50,2034,0.0009,0.0008,0.0009,0.0008,0.0009,0.0008,0.0010
AP3,Female,50,2035,0.0008,0.0008,0.0009,0.0008,0.0009,0.0007,0.0010
AP3,Female,50,2036,0.0008,0.0008,0.0009,0.0008,0.0009,0.0007,0.0010
AP3,Female,50,2037,0.0008,0.0008,0.0009,0.0007,0.0009,0.0007,0.0009
AP3,Female,50,2038,0.0008,0.0008,0.0008,0.0007,0.0009,0.0007,0.0009
AP3,Female,50,2039,0.0008,0.0007,0.0008,0.0007,0.0009,0.0007,0.0009
AP3,Female,50,2040,0.0008,0.0007,0.0008,0.0007,0.0009,0.0006,0.0009
AP3,Female,51,2021,0.0013,0.0012,0.0013,0.0012,0.0013,0.0012,0.0013
AP3,Female,51,2022,0.0012,0.0012,0.0013,0.0012,0.0013,0.0012,0.0013
AP3,Female,51,2023,0.0012,0.0012,0.0012,0.0012,0.0013,0.0011,0.0013
AP3,Female,51,2024,0.0012,0.0012,0.0012,0.0011,0.0012,0.0011,0.0013
AP3,Female,51,2025,0.0012,0.0011,0.0012,0.0011,0.0012,0.0011,0.0013
AP3,Female,51,2026,0.0011,0.0011,0.0012,0.0011,0.0012,0.0011,0.0012
AP3,Female,51,2027,0.0011,0.0011,0.0012,0.0011,0.0012,0.0010,0.0012
AP3,Female,51,2028,0.0011,0.0011,0.0011,0.0010,0.0012,0.0010,0.0012
AP3,Female,51,2029,0.0011,0.0010,0.0011,0.0010,0.0012,0.0010,0.0012
AP3,Female,51,2030,0.0011,0.0010,0.0011,0.0010,0.0011,0.0009,0.0012
AP3,Female,51,2031,0.0010,0.0010,0.0011,0.0010,0.0011,0.0009,0.0012
AP3,Female,51,2032,0.0010,0.0010,0.0011,0.0009,0.0011,0.0009,0.0011
AP3,Female,51,2033,0.0010,0.0010,0.0010,0.0009,0.0011,0.0009,0.0011
AP3,Female,51,2034,0.0010,0.0009,0.0010,0.0009,0.0011,0.0009,0.0011
AP3,Female,51,2035,0.0010,0.0009,0.0010,0.0009,0.0010,0.0008,0.0011
AP3,Female,51,2036,0.0009,0.0009,0.0010,0.0009,0.0010,0.0008,0.0011
AP3,Female,51,2037,0.0009,0.0009,0.0010,0.0008,0.0010,0.0008,0.0011
AP3,Female,51,2038,0.0009,0.0009,0.0010,0.0008,0.0010,0.0008,0.0011
AP3,Female,51,2039,0.0009,0.0008,0.0009,0.0008,0.0010,0.0008,0.0010
AP3,Female,51,2040,0.0009,0.0008,0.0009,0.0008,0.0010,0.0007,0.0010
AP3,Female,52,2021,0.0014,0.0014,0.0014,0.0014,0.0015,0.0014,0.0015
AP3,Female,52,2022,0.0014,0.0014,0.0014,0.0014,0.0014,0.0013,0.0015
AP3,Female,52,2023,0.0014,0.0013,0.0014,0.0013,0.0014,0.0013,0.0015
AP3,Female,52,2024,0.0013,0.0013,0.0014,0.0013,0.0014,0.0013,0.0014
AP3,Female,52,2025,0.0013,0.0013,0.0014,0.0013,0.0014,0.0012,0.0014
AP3,Female,52,2026,0.0013,0.0013,0.0013,0.0012,0.0014,0.0012,0.0014
AP3,Female,52,2027,0.0013,0.0012,0.0013,0.0012,0.0013,0.0012,0.0014
AP3,Female,52,2028,0.0012,0.0012,0.0013,0.0012,0.0013,0.0011,0.0014
AP3,Female,52,2029,0.0012,0.0012,0.0013,0.0011,0.0013,0.0011,0.0013
AP3,Female,52,2030,0.0012,0.0012,0.0012,0.0011,0.0013,0.0011,0.0013
AP3,Female,52,2031,0.0012,0.0011,0.0012,0.0011,0.0013,0.0011,0.0013
AP3,Female,52,2032,0.0011,0.0011,0.0012,0.0011,0.0012,0.0010,0.0013
AP3,Female,52,2033,0.0011,0.0011,0.0012,0.0010,0.0012,0.0010,0.0013
AP3,Female,52,2034,0.0011,0.0011,0.0012,0.0010,0.0012,0.0010,0.0013
AP3,Female,52,2035,0.0011,0.0010,0.0011,0.0010,0.0012,0.0010,0.0012
AP3,Female,52,2036,0.0011,0.0010,0.0011,0.0010,0.0012,0.0009,0.0012
AP3,Female,52,2037,0.0010,0.0010,0.0011,0.0010,0.0011,0.0009,0.0012
AP3,Female,52,2038,0.0010,0.0010,0.0011,0.0009,0.0011,0.0009,0.0012
AP3,Female,52,2039,0.0010,0.0010,0.0011,0.0009,0.0011,0.0009,0.0012
AP3,Female,52,2040,0.0010,0.0009,0.0010,0.0009,0.0011,0.0008,0.0012
AP3,Female,53,2021,0.0016,0.0016,0.0016,0.0016,0.0016,0.0015,0.0017
AP3,Female,53,2022,0.0016,0.0015,0.0016,0.0015,0.0016,0.0015,0.0017
AP3,Female,53,2023,0.0015,0.0015,0.0016,0.0015,0.0016,0.0015,0.0016
AP3,Female,53,2024,0.0015,0.0015,0.0016,0.0015,0.0016,0.0014,0.0016
AP3,Female,53,2025,0.0015,0.0015,0.0015,0.0014,0.0016,0.0014,0.0016
AP3,Female,53,2026,0.0015,0.0014,0.0015,0.0014,0.0015,0.0013,0.0016
AP3,Female,53,2027,0.0014,0.0014,0.0015,0.0014,0.0015,0.0013,0.0016
AP3,Female,53,2028,0.0014,0.0014,0.0015,0.0013,0.0015,0.0013,0.0015
AP3,Female,53,2029,0.0014,0.0013,0.0014,0.0013,0.0015,0.0013,0.0015
AP3,Female,53,2030,0.0014,0.0013,0.0014,0.0013,0.0015,0.0012,0.0015
AP3,Female,53,2031,0.0013,0.0013,0.0014,0.0012,0.0014,0.0012,0.0015
AP3,Female,53,2032,0.0013,0.0013,0.0014,0.0012,0.0014,0.0012,0.0015
AP3,Female,53,2033,0.0013,0.0012,0.0013,0.0012,0.0014,0.0011,0.0015
AP3,Female,53,2034,0.0013,0.0012,0.0013,0.0012,0.0014,0.0011,0.0014
AP3,Female,53,2035,0.0012,0.0012,0.0013,0.0011,0.0013,0.0011,0.0014
AP3,Female,53,2036,0.0012,0.0011,0.0013,0.0011,0.0013,0.0011,0.0014
AP3,Female,53,2037,0.0012,0.0011,0.0012,0.0011,0.0013,0.0010,0.0014
AP3,Female,53,2038,0.0012,0.0011,0.0012,0.0011,0.0013,0.0010,0.0014
AP3,Female,53,2039,0.0011,0.0011,0.0012,0.0010,0.0013,0.0010,0.0013
AP3,Female,53,2040,0.0011,0.0011,0.0012,0.0010,0.0012,0.0010,0.0013
AP3,Female,54,2021,0.0018,0.0018,0.0018,0.0018,0.0019,0.0018,0.0019
AP3,Female,54,2022,0.0018,0.0018,0.0018,0.0017,0.0018,0.0017,0.0019
AP3,Female,54,2023,0.0017,0.0017,0.0018,0.0017,0.0018,0.0017,0.0019
AP3,Female,54,2024,0.0017,0.0017,0.0018,0.0016,0.0018,0.0016,0.0018
AP3,Female,54,2025,0.0017,0.0016,0.0017,0.0016,0.0018,0.0016,0.0018
AP3,Female,54,2026,0.0017,0.0016,0.0017,0.0016,0.0017,0.0015,0.0018
AP3,Female,54,2027,0.0016,0.0016,0.0017,0.0015,0.0017,0.0015,0.0018
AP3,Female,54,2028,0.0016,0.0015,0.0016,0.0015,0.0017,0.0015,0.0018
AP3,Female,54,2029,0.0016,0.0015,0.0016,0.0015,0.0017,0.0014,0.0017
AP3,Female,54,2030,0.0015,0.0015,0.0016,0.0014,0.0016,0.0014,0.0017
AP3,Female,54,2031,0.0015,0.0014,0.0016,0.0014,0.0016,0.0013,0.0017
AP3,Female,54,2032,0.0015,0.0014,0.0015,0.0014,0.0016,0.0013,0.0017
AP3,Female,54,2033,0.0014,0.0014,0.0015,0.0013,0.0016,0.0013,0.0016
AP3,Female,54,2034,0.0014,0.0014,0.0015,0.0013,0.0015,0.0013,0.0016
AP3,Female,54,2035,0.0014,0.0013,0.0015,0.0013,0.0015,0.0012,0.0016
AP3,Female,54,2036,0.0014,0.0013,0.0014,0.0012,0.0015,0.0012,0.0016
AP3,Female,54,2037,0.0013,0.0013,0.0014,0.0012,0.0015,0.0012,0.0015
AP3,Female,54,2038,0.0013,0.0012,0.0014,0.0012,0.0014,0.0011,0.0015
AP3,Female,54,2039,0.0013,0.0012,0.0014,0.0012,0.0014,0.0011,0.0015
AP3,Female,54,2040,0.0013,0.0012,0.0013,0.0011,0.0014,0.0011,0.0015
AP3,Female,55,2021,0.0021,0.0020,0.0021,0.0020,0.0021,0.0020,0.0021
AP3,Female,55,2022,0.0020,0.0020,0.0020,0.0020,0.0021,0.0019,0.0021
AP3,Female,55,2023,0.0020,0.0019,0.0020,0.0019,0.0021,0.0019,0.0021
AP3,Female,55,2024,0.0019,0.0019,0.0020,0.0019,0.0020,0.0018,0.0021
AP3,Female,55,2025,0.0019,0.0019,0.0020,0.0018,0.0020,0.0018,0.0021
AP3,Female,55,2026,0.0019,0.0018,0.0019,0.0018,0.0020,0.0017,0.0020
AP3,Female,55,2027,0.0018,0.0018,0.0019,0.0017,0.0019,0.0017,0.0020
AP3,Female,55,2028,0.0018,0.0017,0.0019,0.0017,0.0019,0.0017,0.0020
AP3,Female,55,2029,0.0018,0.0017,0.0018,0.0017,0.0019,0.0016,0.0019
AP3,Female,55,2030,0.0017,0.0017,0.0018,0.0016,0.0019,0.0016,0.0019
AP3,Female,55,2031,0.0017,0.0016,0.0018,0.0016,0.0018,0.0015,0.0019
AP3,Female,55,2032,0.0017,0.0016,0.0017,0.0016,0.0018,0.0015,0.0019
AP3,Female,55,2033,0.0016,0.0016,0.0017,0.0015,0.0018,0.0015,0.0019
AP3,Female,55,2034,0.0016,0.0015,0.0017,0.0015,0.0017,0.0014,0.0018
AP3,Female,55,2035,0.0016,0.0015,0.0017,0.0014,0.0017,0.0014,0.0018
AP3,Female,55,2036,0.0015,0.0015,0.0016,0.0014,0.0017,0.0014,0.0018
AP3,Female,55,2037,0.0015,0.0014,0.0016,0.0014,0.0017,0.0013,0.0018
AP3,Female,55,2038,0.0015,0.0014,0.0016,0.0014,0.0016,0.0013,0.0017
AP3,Female,55,2039,0.0015,0.0014,0.0015,0.0013,0.0016,0.0013,0.0017
AP3,Female,55,2040,0.0014,0.0014,0.0015,0.0013,0.0016,0.0012,0.0017
AP3,Female,56,2021,0.0023,0.0023,0.0023,0.0023,0.0024,0.0022,0.0024
AP3,Female,56,2022,0.0023,0.0022,0.0023,0.0022,0.0024,0.0022,0.0024
AP3,Female,56,2023,0.0022,0.0022,0.0023,0.0022,0.0023,0.0021,0.0024
AP3,Female,56,2024,0.0022,0.0021,0.0022,0.0021,0.0023,0.0021,0.0023
AP3,Female,56,2025,0.0022,0.0021,0.0022,0.0021,0.0023,0.0020,0.0023
AP3,Female,56,2026,0.0021,0.0021,0.0022,0.0020,0.0022,0.0020,0.0023
AP3,Female,56,2027,0.0021,0.0020,0.0021,0.0020,0.0022,0.0019,0.0023
AP3,Female,56,2028,0.0020,0.0020,0.0021,0.0019,0.0022,0.0019,0.0022
AP3,Female,56,2029,0.0020,0.0019,0.0021,0.0019,0.0021,0.0018,0.0022
AP3,Female,56,2030,0.0020,0.0019,0.0020,0.0018,0.0021,0.0018,0.0022
AP3,Female,56,2031,0.0019,0.0019,0.0020,0.0018,0.0021,0.0017,0.0021
AP3,Female,56,2032,0.0019,0.0018,0.0020,0.0018,0.0020,0.0017,0.0021
AP3,Female,56,2033,0.0019,0.0018,0.0019,0.0017,0.0020,0.0017,0.0021
AP3,Female,56,2034,0.0018,0.0017,0.0019,0.0017,0.0020,0.0016,0.0021
AP3,Female,56,2035,0.0018,0.0017,0.0019,0.0016,0.0019,0.0016,0.0020
AP3,Female,56,2036,0.0018,0.0017,0.0018,0.0016,0.0019,0.0015,0.0020
AP3,Female,56,2037,0.0017,0.0016,0.0018,0.0016,0.0019,0.0015,0.0020
AP3,Female,56,2038,0.0017,0.0016,0.0018,0.0015,0.0019,0.0015,0.0020
AP3,Female,56,2039,0.0017,0.0016,0.0017,0.0015,0.0018,0.0014,0.0019
AP3,Female,56,2040,0.0016,0.0015,0.0017,0.0015,0.0018,0.0014,0.0019
AP3,Female,57,2021,0.0026,0.0026,0.0027,0.0026,0.0027,0.0025,0.0027
AP3,Female,57,2022,0.0026,0.0025,0.0026,0.0025,0.0027,0.0025,0.0027
AP3,Female,57,2023,0.0025,0.0025,0.0026,0.0024,0.0026,0.0024,0.0027
AP3,Female,57,2024,0.0025,0.0024,0.0025,0.0024,0.0026,0.0023,0.0026
AP3,Female,57,2025,0.0024,0.0024,0.0025,0.0023,0.0026,0.0023,0.0026
AP3,Female,57,2026,0.0024,0.0023,0.0025,0.0023,0.0025,0.0022,0.0026
AP3,Female,57,2027,0.0023,0.0023,0.0024,0.0022,0.0025,0.0022,0.0026
AP3,Female,57,2028,0.0023,0.0022,0.0024,0.0022,0.0024,0.0021,0.0025
AP3,Female,57,2029,0.0023,0.0022,0.0023,0.0021,0.0024,0.0021,0.0025
AP3,Female,57,2030,0.0022,0.0021,0.0023,0.0021,0.0024,0.0020,0.0025
AP3,Female,57,2031,0.0022,0.0021,0.0023,0.0020,0.0023,0.0020,0.0024
AP3,Female,57,2032,0.0021,0.0021,0.0022,0.0020,0.0023,0.0019,0.0024
AP3,Female,57,2033,0.0021,0.0020,0.0022,0.0019,0.0023,0.0019,0.0024
AP3,Female,57,2034,0.0021,0.0020,0.0022,0.0019,0.0022,0.0018,0.0024
AP3,Female,57,2035,0.0020,0.0019,0.0021,0.0019,0.0022,0.0018,0.0023
AP3,Female,57,2036,0.0020,0.0019,0.0021,0.0018,0.0022,0.0017,0.0023
AP3,Female,57,2037,0.0019,0.0019,0.0020,0.0018,0.0021,0.0017,0.0023
AP3,Female,57,2038,0.0019,0.0018,0.0020,0.0017,0.0021,0.0017,0.0022
AP3,Female,57,2039,0.0019,0.0018,0.0020,0.0017,0.0021,0.0016,0.0022
AP3,Female,57,2040,0.0018,0.0018,0.0019,0.0017,0.0020,0.0016,0.0021
AP3,Female,58,2021,0.0030,0.0029,0.0030,0.0029,0.0030,0.0029,0.0031
AP3,Female,58,2022,0.0029,0.0029,0.0030,0.0028,0.0030,0.0028,0.0031
AP3,Female,58,2023,0.0029,0.0028,0.0029,0.0028,0.0030,0.0027,0.0030
AP3,Female,58,2024,0.0028,0.0027,0.0029,0.0027,0.0029,0.0026,0.0030
AP3,Female,58,2025,0.0028,0.0027,0.0028,0.0026,0.0029,0.0026,0.0030
AP3,Female,58,2026,0.0027,0.0026,0.0028,0.0026,0.0029,0.0025,0.0029
AP3,Female,58,2027,0.0027,0.0026,0.0027,0.0025,0.0028,0.0025,0.0029
AP3,Female,58,2028,0.0026,0.0025,0.0027,0.0025,0.0028,0.0024,0.0029
AP3,Female,58,2029,0.0026,0.0025,0.0027,0.0024,0.0027,0.0023,0.0028
AP3,Female,58,2030,0.0025,0.0024,0.0026,0.0024,0.0027,0.0023,0.0028
AP3,Female,58,2031,0.0025,0.0024,0.0026,0.0023,0.0026,0.0022,0.0028
AP3,Female,58,2032,0.0024,0.0023,0.0025,0.0023,0.0026,0.0022,0.0027
AP3,Female,58,2033,0.0024,0.0023,0.0025,0.0022,0.0026,0.0021,0.0027
AP3,Female,58,2034,0.0023,0.0022,0.0024,0.0022,0.0025,0.0021,0.0027
AP3,Female,58,2035,0.0023,0.0022,0.0024,0.0021,0.0025,0.0020,0.0026
AP3,Female,58,2036,0.0022,0.0021,0.0024,0.0021,0.0025,0.0020,0.0026
AP3,Female,58,2037,0.0022,0.0021,0.0023,0.0020,0.0024,0.0019,0.0026
AP3,Female,58,2038,0.0022,0.0021,0.0023,0.0020,0.0024,0.0019,0.0025
AP3,Female,58,2039,0.0021,0.0020,0.0022,0.0019,0.0023,0.0018,0.0025
AP3,Female,58,2040,0.0021,0.0020,0.0022,0.0019,0.0023,0.0018,0.0024
AP3,Female,59,2021,0.0034,0.0033,0.0034,0.0033,0.0034,0.0032,0.0035
AP3,Female,59,2022,0.0033,0.0032,0.0033,0.0032,0.0034,0.0031,0.0035
AP3,Female,59,2023,0.0032,0.0032,0.0033,0.0031,0.0034,0.0031,0.0034
AP3,Female,59,2024,0.0032,0.0031,0.0032,0.0030,0.0033,0.0030,0.0034
AP3,Female,59,2025,0.0031,0.0030,0.0032,0.0030,0.0033,0.0029,0.0033
AP3,Female,59,2026,0.0031,0.0030,0.0032,0.0029,0.0032,0.0028,0.0033
AP3,Female,59,2027,0.0030,0.0029,0.0031,0.0028,0.0032,0.0028,0.0033
AP3,Female,59,2028,0.0029,0.0029,0.0031,0.0028,0.0031,0.0027,0.0032
AP3,Female,59,2029,0.0029,0.0028,0.0030,0.0027,0.0031,0.0026,0.0032
AP3,Female,59,2030,0.0028,0.0027,0.0030,0.0027,0.0031,0.0026,0.0032
AP3,Female,59,2031,0.0028,0.0027,0.0029,0.0026,0.0030,0.0025,0.0031
AP3,Female,59,2032,0.0027,0.0026,0.0029,0.0025,0.0029,0.0025,0.0031
AP3,Female,59,2033,0.0027,0.0026,0.0028,0.0025,0.0029,0.0024,0.0031
AP3,Female,59,2034,0.0026,0.0025,0.0028,0.0024,0.0029,0.0023,0.0030
AP3,Female,59,2035,0.0026,0.0025,0.0027,0.0024,0.0028,0.0023,0.0030
AP3,Female,59,2036,0.0025,0.0024,0.0027,0.0023,0.0028,0.0022,0.0029
AP3,Female,59,2037,0.0025,0.0024,0.0026,0.0023,0.0027,0.0022,0.0029
AP3,Female,59,2038,0.0025,0.0023,0.0026,0.0022,0.0027,0.0021,0.0029
AP3,Female,59,2039,0.0024,0.0023,0.0025,0.0022,0.0027,0.0021,0.0028
AP3,Female,59,2040,0.0024,0.0023,0.0025,0.0021,0.0026,0.0020,0.0028
AP3,Female,60,2021,0.0038,0.0037,0.0038,0.0037,0.0039,0.0037,0.0039
AP3,Female,60,2022,0.0037,0.0037,0.0038,0.0036,0.0038,0.0035,0.0039
AP3,Female,60,2023,0.0037,0.0036,0.0037,0.0035,0.0038,0.0034,0.0039
AP3,Female,60,2024,0.0036,0.0035,0.0037,0.0034,0.0038,0.0034,0.0038
AP3,Female,60,2025,0.0035,0.0034,0.0036,0.0034,0.0037,0.0033,0.0038
AP3,Female,60,2026,0.0035,0.0034,0.0036,0.0033,0.0037,0.0032,0.0038
AP3,Female,60,2027,0.0034,0.0033,0.0035,0.0032,0.0036,0.0031,0.0037
AP3,Female,60,2028,0.0033,0.0032,0.0035,0.0031,0.0035,0.0031,0.0037
AP3,Female,60,2029,0.0033,0.0032,0.0034,0.0031,0.0035,0.0030,0.0036
AP3,Female,60,2030,0.0032,0.0031,0.0033,0.0030,0.0035,0.0029,0.0036
AP3,Female,60,2031,0.0032,0.0031,0.0033,0.0030,0.0034,0.0029,0.0036
AP3,Female,60,2032,0.0031,0.0030,0.0032,0.0029,0.0033,0.0028,0.0035
AP3,Female,60,2033,0.0030,0.0029,0.0032,0.0028,0.0033,0.0027,0.0035
AP3,Female,60,2034,0.0030,0.0029,0.0031,0.0028,0.0032,0.0026,0.0034
AP3,Female,60,2035,0.0029,0.0028,0.0031,0.0027,0.0032,0.0026,0.0034
AP3,Female,60,2036,0.0029,0.0028,0.0030,0.0026,0.0031,0.0025,0.0033
AP3,Female,60,2037,0.0028,0.0027,0.0030,0.0026,0.0031,0.0025,0.0033
AP3,Female,60,2038,0.0028,0.0026,0.0029,0.0025,0.0031,0.0024,0.0033
AP3,Female,60,2039,0.0027,0.0026,0.0029,0.0025,0.0030,0.0024,0.0032
AP3,Female,60,2040,0.0027,0.0026,0.0028,0.0024,0.0030,0.0023,0.0031
AP3,Female,61,2021,0.0043,0.0042,0.0043,0.0042,0.0044,0.0041,0.0044
AP3,Female,61,2022,0.0042,0.0041,0.0043,0.0041,0.0043,0.0040,0.0044
AP3,Female,61,2023,0.0041,0.0041,0.0042,0.0040,0.0043,0.0039,0.0044
AP3,Female,61,2024,0.0041,0.0040,0.0042,0.0039,0.0042,0.0038,0.0043
AP3,Female,61,2025,0.0040,0.0039,0.0041,0.0038,0.0042,0.0037,0.0043
AP3,Female,61,2026,0.0039,0.0038,0.0040,0.0037,0.0041,0.0036,0.0043
AP3,Female,61,2027,0.0038,0.0037,0.0040,0.0036,0.0041,0.0036,0.0042
AP3,Female,61,2028,0.0038,0.0037,0.0039,0.0036,0.0040,0.0035,0.0041
AP3,Female,61,2029,0.0037,0.0036,0.0038,0.0035,0.0040,0.0034,0.0041
AP3,Female,61,2030,0.0036,0.0035,0.0038,0.0034,0.0039,0.0033,0.0041
AP3,Female,61,2031,0.0036,0.0034,0.0037,0.0033,0.0038,0.0032,0.0040
AP3,Female,61,2032,0.0035,0.0034,0.0037,0.0033,0.0038,0.0031,0.0040
AP3,Female,61,2033,0.0034,0.0033,0.0036,0.0032,0.0037,0.0031,0.0039
AP3,Female,61,2034,0.0034,0.0032,0.0035,0.0031,0.0037,0.0030,0.0039
AP3,Female,61,2035,0.0033,0.0032,0.0035,0.0031,0.0036,0.0029,0.0038
AP3,Female,61,2036,0.0033,0.0031,0.0034,0.0030,0.0036,0.0029,0.0038
AP3,Female,61,2037,0.0032,0.0031,0.0034,0.0029,0.0035,0.0028,0.0037
AP3,Female,61,2038,0.0032,0.0030,0.0033,0.0029,0.0035,0.0027,0.0037
AP3,Female,61,2039,0.0031,0.0029,0.0033,0.0028,0.0034,0.0027,0.0036
AP3,Female,61,2040,0.0030,0.0029,0.0032,0.0028,0.0034,0.0026,0.0036
AP3,Female,62,2021,0.0048,0.0048,0.0049,0.0047,0.0049,0.0047,0.0050
AP3,Female,62,2022,0.0048,0.0047,0.0048,0.0046,0.0049,0.0045,0.0050
AP3,Female,62,2023,0.0047,0.0046,0.0048,0.0045,0.0049,0.0044,0.0050
AP3,Female,62,2024,0.0046,0.0045,0.0047,0.0044,0.0048,0.0043,0.0049
AP3,Female,62,2025,0.0045,0.0044,0.0046,0.0043,0.0048,0.0042,0.0049
AP3,Female,62,2026,0.0044,0.0043,0.0046,0.0042,0.0047,0.0041,0.0048
AP3,Female,62,2027,0.0043,0.0042,0.0045,0.0041,0.0046,0.0040,0.0048
AP3,Female,62,2028,0.0043,0.0041,0.0044,0.0040,0.0046,0.0039,0.0047
AP3,Female,62,2029,0.0042,0.0041,0.0044,0.0039,0.0045,0.0038,0.0046
AP3,Female,62,2030,0.0041,0.0040,0.0043,0.0038,0.0044,0.0037,0.0046
AP3,Female,62,2031,0.0040,0.0039,0.0042,0.0038,0.0044,0.0036,0.0046
AP3,Female,62,2032,0.0040,0.0038,0.0042,0.0037,0.0043,0.0035,0.0045
AP3,Female,62,2033,0.0039,0.0037,0.0041,0.0036,0.0042,0.0035,0.0045
AP3,Female,62,2034,0.0038,0.0037,0.0040,0.0035,0.0042,0.0034,0.0044
AP3,Female,62,2035,0.0038,0.0036,0.0040,0.0035,0.0041,0.0033,0.0043
AP3,Female,62,2036,0.0037,0.0035,0.0039,0.0034,0.0040,0.0032,0.0043
AP3,Female,62,2037,0.0036,0.0035,0.0038,0.0033,0.0040,0.0031,0.0042
AP3,Female,62,2038,0.0036,0.0034,0.0038,0.0032,0.0039,0.0031,0.0042
AP3,Female,62,2039,0.0035,0.0033,0.0037,0.0032,0.0039,0.0030,0.0041
AP3,Female,62,2040,0.0034,0.0033,0.0037,0.0031,0.0038,0.0030,0.0040
AP3,Female,63,2021,0.0055,0.0054,0.0055,0.0053,0.0056,0.0053,0.0057
AP3,Female,63,2022,0.0054,0.0053,0.0055,0.0052,0.0056,0.0051,0.0057
AP3,Female,63,2023,0.0053,0.0052,0.0054,0.0051,0.0055,0.0050,0.0056
AP3,Female,63,2024,0.0052,0.0051,0.0053,0.0050,0.0054,0.0048,0.0056
AP3,Female,63,2025,0.0051,0.0050,0.0053,0.0049,0.0054,0.0047,0.0055
AP3,Female,63,2026,0.0050,0.0049,0.0052,0.0047,0.0053,0.0046,0.0055
AP3,Female,63,2027,0.0049,0.0048,0.0051,0.0047,0.0052,0.0045,0.0054
AP3,Female,63,2028,0.0048,0.0047,0.0050,0.0045,0.0052,0.0044,0.0053
AP3,Female,63,2029,0.0047,0.0046,0.0049,0.0044,0.0051,0.0043,0.0053
AP3,Female,63,2030,0.0047,0.0045,0.0049,0.0044,0.0050,0.0042,0.0052
AP3,Female,63,2031,0.0046,0.0044,0.0048,0.0043,0.0049,0.0041,0.0052
AP3,Female,63,2032,0.0045,0.0043,0.0047,0.0042,0.0049,0.0040,0.0051
AP3,Female,63,2033,0.0044,0.0042,0.0046,0.0041,0.0048,0.0039,0.0051
AP3,Female,63,2034,0.0043,0.0042,0.0046,0.0040,0.0047,0.0038,0.0050
AP3,Female,63,2035,0.0043,0.0041,0.0045,0.0039,0.0047,0.0037,0.0049
AP3,Female,63,2036,0.0042,0.0040,0.0044,0.0038,0.0046,0.0036,0.0049
AP3,Female,63,2037,0.0041,0.0039,0.0043,0.0037,0.0045,0.0035,0.0048
AP3,Female,63,2038,0.0040,0.0038,0.0043,0.0037,0.0045,0.0035,0.0047
AP3,Female,63,2039,0.0040,0.0038,0.0042,0.0036,0.0044,0.0034,0.0047
AP3,Female,63,2040,0.0039,0.0037,0.0042,0.0035,0.0044,0.0033,0.0046
AP3,Female,64,2021,0.0062,0.0061,0.0063,0.0060,0.0063,0.0060,0.0064
AP3,Female,64,2022,0.0061,0.0060,0.0062,0.0059,0.0063,0.0058,0.0064
AP3,Female,64,2023,0.0060,0.0059,0.0061,0.0057,0.0062,0.0056,0.0064
AP3,Female,64,2024,0.0059,0.0057,0.0060,0.0056,0.0062,0.0055,0.0063
AP3,Female,64,2025,0.0058,0.0056,0.0059,0.0055,0.0061,0.0053,0.0063
AP3,Female,64,2026,0.0057,0.0055,0.0059,0.0054,0.0060,0.0052,0.0062
AP3,Female,64,2027,0.0056,0.0054,0.0058,0.0053,0.0059,0.0051,0.0061
AP3,Female,64,2028,0.0055,0.0053,0.0057,0.0051,0.0058,0.0050,0.0060
AP3,Female,64,2029,0.0054,0.0052,0.0056,0.0050,0.0058,0.0049,0.0060
AP3,Female,64,2030,0.0053,0.0051,0.0055,0.0049,0.0057,0.0047,0.0059
AP3,Female,64,2031,0.0052,0.0050,0.0054,0.0048,0.0056,0.0046,0.0059
AP3,Female,64,2032,0.0051,0.0049,0.0053,0.0047,0.0055,0.0045,0.0058
AP3,Female,64,2033,0.0050,0.0048,0.0052,0.0046,0.0054,0.0044,0.0058
AP3,Female,64,2034,0.0049,0.0047,0.0052,0.0045,0.0054,0.0043,0.0057
AP3,Female,64,2035,0.0048,0.0046,0.0051,0.0044,0.0053,0.0042,0.0056
AP3,Female,64,2036,0.0047,0.0045,0.0050,0.0043,0.0052,0.0041,0.0055
AP3,Female,64,2037,0.0047,0.0044,0.0049,0.0042,0.0051,0.0040,0.0055
AP3,Female,64,2038,0.0046,0.0043,0.0049,0.0041,0.0051,0.0039,0.0054
AP3,Female,64,2039,0.0045,0.0043,0.0048,0.0040,0.0050,0.0039,0.0053
AP3,Female,64,2040,0.0044,0.0042,0.0047,0.0040,0.0049,0.0038,0.0052
AP3,Female,65,2021,0.0070,0.0069,0.0071,0.0068,0.0072,0.0067,0.0073
AP3,Female,65,2022,0.0069,0.0067,0.0070,0.0066,0.0071,0.0065,0.0072
AP3,Female,65,2023,0.0067,0.0066,0.0069,0.0065,0.0070,0.0063,0.0072
AP3,Female,65,2024,0.0066,0.0065,0.0068,0.0063,0.0070,0.0062,0.0071
AP3,Female,65,2025,0.0065,0.0063,0.0067,0.0062,0.0069,0.0060,0.0071
AP3,Female,65,2026,0.0064,0.0062,0.0066,0.0060,0.0068,0.0059,0.0070
AP3,Female,65,2027,0.0063,0.0061,0.0065,0.0059,0.0067,0.0057,0.0069
AP3,Female,65,2028,0.0062,0.0060,0.0064,0.0058,0.0066,0.0056,0.0069
AP3,Female,65,2029,0.0061,0.0059,0.0063,0.0057,0.0065,0.0055,0.0068
AP3,Female,65,2030,0.0060,0.0058,0.0062,0.0055,0.0065,0.0054,0.0067
AP3,Female,65,2031,0.0059,0.0056,0.0061,0.0054,0.0063,0.0052,0.0067
AP3,Female,65,2032,0.0058,0.0055,0.0060,0.0053,0.0063,0.0051,0.0066
AP3,Female,65,2033,0.0057,0.0054,0.0059,0.0052,0.0062,0.0050,0.0065
AP3,Female,65,2034,0.0056,0.0053,0.0058,0.0051,0.0061,0.0049,0.0065
AP3,Female,65,2035,0.0055,0.0052,0.0057,0.0050,0.0060,0.0047,0.0063
AP3,Female,65,2036,0.0054,0.0051,0.0057,0.0049,0.0059,0.0046,0.0063
AP3,Female,65,2037,0.0053,0.0050,0.0056,0.0048,0.0058,0.0045,0.0062
AP3,Female,65,2038,0.0052,0.0049,0.0055,0.0047,0.0058,0.0044,0.0061
AP3,Female,65,2039,0.0051,0.0048,0.0054,0.0046,0.0057,0.0044,0.0061
AP3,Female,65,2040,0.0050,0.0047,0.0053,0.0045,0.0056,0.0043,0.0059
AP3,Female,66,2021,0.0079,0.0078,0.0080,0.0077,0.0081,0.0076,0.0082
AP3,Female,66,2022,0.0078,0.0076,0.0079,0.0075,0.0080,0.0073,0.0082
AP3,Female,66,2023,0.0076,0.0075,0.0078,0.0073,0.0079,0.0071,0.0081
AP3,Female,66,2024,0.0075,0.0073,0.0077,0.0072,0.0079,0.0070,0.0081
AP3,Female,66,2025,0.0074,0.0072,0.0076,0.0070,0.0078,0.0068,0.0080
AP3,Female,66,2026,0.0072,0.0070,0.0075,0.0068,0.0077,0.0066,0.0079
AP3,Female,66,2027,0.0071,0.0069,0.0074,0.0067,0.0076,0.0065,0.0079
AP3,Female,66,2028,0.0070,0.0068,0.0073,0.0065,0.0075,0.0063,0.0078
AP3,Female,66,2029,0.0069,0.0066,0.0071,0.0064,0.0074,0.0062,0.0077
AP3,Female,66,2030,0.0068,0.0065,0.0070,0.0063,0.0073,0.0060,0.0076
AP3,Female,66,2031,0.0066,0.0064,0.0069,0.0061,0.0072,0.0059,0.0076
AP3,Female,66,2032,0.0065,0.0062,0.0068,0.0060,0.0071,0.0058,0.0075
AP3,Female,66,2033,0.0064,0.0061,0.0067,0.0059,0.0070,0.0056,0.0074
AP3,Female,66,2034,0.0063,0.0060,0.0066,0.0057,0.0069,0.0055,0.0074
AP3,Female,66,2035,0.0062,0.0059,0.0065,0.0056,0.0068,0.0053,0.0072
AP3,Female,66,2036,0.0061,0.0058,0.0064,0.0055,0.0067,0.0052,0.0072
AP3,Female,66,2037,0.0060,0.0057,0.0063,0.0054,0.0066,0.0051,0.0070
AP3,Female,66,2038,0.0059,0.0056,0.0062,0.0053,0.0066,0.0050,0.0070
AP3,Female,66,2039,0.0058,0.0055,0.0062,0.0052,0.0065,0.0049,0.0069
AP3,Female,66,2040,0.0057,0.0054,0.0060,0.0051,0.0064,0.0048,0.0068
AP3,Female,67,2021,0.0089,0.0088,0.0090,0.0087,0.0091,0.0086,0.0093
AP3,Female,67,2022,0.0088,0.0086,0.0089,0.0084,0.0091,0.0083,0.0093
AP3,Female,67,2023,0.0086,0.0084,0.0088,0.0082,0.0090,0.0081,0.0092
AP3,Female,67,2024,0.0085,0.0083,0.0087,0.0081,0.0089,0.0079,0.0091
AP3,Female,67,2025,0.0083,0.0081,0.0086,0.0079,0.0088,0.0076,0.0091
AP3,Female,67,2026,0.0082,0.0079,0.0085,0.0077,0.0087,0.0075,0.0090
AP3,Female,67,2027,0.0080,0.0078,0.0084,0.0075,0.0086,0.0073,0.0090
AP3,Female,67,2028,0.0079,0.0076,0.0082,0.0074,0.0085,0.0071,0.0088
AP3,Female,67,2029,0.0078,0.0075,0.0081,0.0072,0.0084,0.0069,0.0087
AP3,Female,67,2030,0.0076,0.0074,0.0080,0.0071,0.0083,0.0068,0.0087
AP3,Female,67,2031,0.0075,0.0072,0.0079,0.0069,0.0082,0.0066,0.0086
AP3,Female,67,2032,0.0074,0.0070,0.0077,0.0068,0.0081,0.0065,0.0085
AP3,Female,67,2033,0.0073,0.0069,0.0076,0.0066,0.0079,0.0063,0.0084
AP3,Female,67,2034,0.0071,0.0068,0.0075,0.0065,0.0078,0.0062,0.0083
AP3,Female,67,2035,0.0070,0.0067,0.0074,0.0064,0.0077,0.0060,0.0082
AP3,Female,67,2036,0.0069,0.0065,0.0073,0.0062,0.0076,0.0059,0.0081
AP3,Female,67,2037,0.0068,0.0064,0.0072,0.0061,0.0075,0.0058,0.0080
AP3,Female,67,2038,0.0067,0.0063,0.0071,0.0060,0.0075,0.0057,0.0079
AP3,Female,67,2039,0.0066,0.0062,0.0070,0.0058,0.0074,0.0056,0.0079
AP3,Female,67,2040,0.0064,0.0061,0.0069,0.0057,0.0072,0.0054,0.0077
AP3,Female,68,2021,0.0101,0.0099,0.0102,0.0098,0.0103,0.0097,0.0105
AP3,Female,68,2022,0.0099,0.0097,0.0101,0.0095,0.0103,0.0093,0.0105
AP3,Female,68,2023,0.0097,0.0095,0.0100,0.0093,0.0102,0.0091,0.0104
AP3,Female,68,2024,0.0096,0.0093,0.0098,0.0091,0.0101,0.0088,0.0104
AP3,Female,68,2025,0.0094,0.0091,0.0097,0.0089,0.0100,0.0086,0.0103
AP3,Female,68,2026,0.0092,0.0089,0.0096,0.0087,0.0099,0.0084,0.0102
AP3,Female,68,2027,0.0091,0.0088,0.0095,0.0085,0.0097,0.0082,0.0102
AP3,Female,68,2028,0.0089,0.0086,0.0093,0.0083,0.0096,0.0080,0.0100
AP3,Female,68,2029,0.0088,0.0085,0.0091,0.0081,0.0095,0.0078,0.0099
AP3,Female,68,2030,0.0086,0.0083,0.0090,0.0080,0.0094,0.0077,0.0099
AP3,Female,68,2031,0.0085,0.0081,0.0089,0.0078,0.0093,0.0075,0.0098
AP3,Female,68,2032,0.0084,0.0080,0.0088,0.0076,0.0092,0.0073,0.0096
AP3,Female,68,2033,0.0082,0.0078,0.0086,0.0075,0.0090,0.0072,0.0095
AP3,Female,68,2034,0.0081,0.0077,0.0085,0.0073,0.0089,0.0070,0.0095
AP3,Female,68,2035,0.0079,0.0075,0.0084,0.0072,0.0088,0.0068,0.0093
AP3,Female,68,2036,0.0078,0.0074,0.0083,0.0070,0.0086,0.0066,0.0092
AP3,Female,68,2037,0.0077,0.0073,0.0081,0.0069,0.0085,0.0065,0.0091
AP3,Female,68,2038,0.0076,0.0071,0.0080,0.0067,0.0085,0.0064,0.0090
AP3,Female,68,2039,0.0074,0.0070,0.0079,0.0066,0.0084,0.0063,0.0089
AP3,Female,68,2040,0.0073,0.0069,0.0078,0.0065,0.0082,0.0061,0.0088
AP3,Female,69,2021,0.0114,0.0112,0.0115,0.0111,0.0117,0.0109,0.0118
AP3,Female,69,2022,0.0112,0.0110,0.0114,0.0108,0.0116,0.0105,0.0119
AP3,Female,69,2023,0.0110,0.0107,0.0113,0.0105,0.0115,0.0102,0.0118
AP3,Female,69,2024,0.0108,0.0105,0.0111,0.0103,0.0114,0.0100,0.0117
AP3,Female,69,2025,0.0106,0.0103,0.0110,0.0100,0.0113,0.0097,0.0117
AP3,Female,69,2026,0.0105,0.0101,0.0109,0.0098,0.0112,0.0095,0.0115
AP3,Female,69,2027,0.0103,0.0099,0.0107,0.0096,0.0110,0.0093,0.0115
AP3,Female,69,2028,0.0101,0.0097,0.0105,0.0094,0.0109,0.0090,0.0113
AP3,Female,69,2029,0.0099,0.0096,0.0103,0.0091,0.0108,0.0088,0.0112
AP3,Female,69,2030,0.0098,0.0094,0.0102,0.0090,0.0107,0.0087,0.0112
AP3,Female,69,2031,0.0096,0.0092,0.0101,0.0088,0.0105,0.0084,0.0111
AP3,Female,69,2032,0.0095,0.0090,0.0099,0.0086,0.0104,0.0083,0.0109
AP3,Female,69,2033,0.0093,0.0088,0.0098,0.0084,0.0102,0.0081,0.0108
AP3,Female,69,2034,0.0091,0.0087,0.0096,0.0083,0.0101,0.0079,0.0107
AP3,Female,69,2035,0.0090,0.0085,0.0095,0.0081,0.0099,0.0076,0.0106
AP3,Female,69,2036,0.0088,0.0084,0.0094,0.0079,0.0098,0.0075,0.0105
AP3,Female,69,2037,0.0087,0.0082,0.0092,0.0077,0.0097,0.0073,0.0104
AP3,Female,69,2038,0.0086,0.0081,0.0091,0.0076,0.0096,0.0072,0.0102
AP3,Female,69,2039,0.0084,0.0079,0.0090,0.0074,0.0095,0.0071,0.0102
AP3,Female,69,2040,0.0083,0.0078,0.0088,0.0073,0.0093,0.0069,0.0100
AP3,Female,70,2021,0.0128,0.0127,0.0130,0.0125,0.0132,0.0123,0.0134
AP3,Female,70,2022,0.0126,0.0124,0.0129,0.0121,0.0131,0.0119,0.0134
AP3,Female,70,2023,0.0124,0.0121,0.0127,0.0118,0.0130,0.0115,0.0134
AP3,Female,70,2024,0.0122,0.0119,0.0126,0.0116,0.0129,0.0112,0.0133
AP3,Female,70,2025,0.0120,0.0116,0.0124,0.0113,0.0128,0.0109,0.0132
AP3,Female,70,2026,0.0118,0.0114,0.0123,0.0110,0.0127,0.0107,0.0131
AP3,Female,70,2027,0.0116,0.0112,0.0121,0.0108,0.0125,0.0104,0.0131
AP3,Female,70,2028,0.0114,0.0110,0.0119,0.0106,0.0124,0.0102,0.0129
AP3,Female,70,2029,0.0112,0.0108,0.0117,0.0103,0.0122,0.0099,0.0127
AP3,Female,70,2030,0.0111,0.0106,0.0116,0.0101,0.0121,0.0097,0.0127
AP3,Female,70,2031,0.0109,0.0104,0.0114,0.0099,0.0119,0.0095,0.0127
AP3,Female,70,2032,0.0107,0.0102,0.0112,0.0097,0.0118,0.0093,0.0124
AP3,Female,70,2033,0.0105,0.0100,0.0111,0.0095,0.0116,0.0091,0.0123
AP3,Female,70,2034,0.0103,0.0098,0.0109,0.0093,0.0115,0.0089,0.0121
AP3,Female,70,2035,0.0102,0.0096,0.0107,0.0091,0.0113,0.0086,0.0120
AP3,Female,70,2036,0.0100,0.0094,0.0106,0.0089,0.0111,0.0085,0.0119
AP3,Female,70,2037,0.0098,0.0093,0.0104,0.0087,0.0110,0.0083,0.0118
AP3,Female,70,2038,0.0097,0.0091,0.0103,0.0086,0.0109,0.0081,0.0117
AP3,Female,70,2039,0.0095,0.0090,0.0102,0.0084,0.0108,0.0080,0.0115
AP3,Female,70,2040,0.0094,0.0088,0.0100,0.0082,0.0106,0.0078,0.0114
AP3,Female,71,2021,0.0145,0.0143,0.0147,0.0141,0.0149,0.0139,0.0151
AP3,Female,71,2022,0.0142,0.0140,0.0146,0.0137,0.0149,0.0134,0.0152
AP3,Female,71,2023,0.0140,0.0137,0.0144,0.0133,0.0147,0.0130,0.0152
AP3,Female,71,2024,0.0138,0.0134,0.0142,0.0131,0.0146,0.0127,0.0150
AP3,Female,71,2025,0.0136,0.0131,0.0141,0.0127,0.0145,0.0123,0.0150
AP3,Female,71,2026,0.0133,0.0129,0.0139,0.0124,0.0143,0.0121,0.0148
AP3,Female,71,2027,0.0131,0.0127,0.0137,0.0122,0.0142,0.0117,0.0148
AP3,Female,71,2028,0.0129,0.0124,0.0135,0.0120,0.0140,0.0115,0.0146
AP3,Female,71,2029,0.0127,0.0122,0.0133,0.0117,0.0139,0.0112,0.0144
AP3,Female,71,2030,0.0125,0.0120,0.0131,0.0114,0.0137,0.0110,0.0144
AP3,Female,71,2031,0.0123,0.0117,0.0129,0.0112,0.0135,0.0107,0.0144
AP3,Female,71,2032,0.0121,0.0115,0.0127,0.0110,0.0134,0.0105,0.0141
AP3,Female,71,2033,0.0119,0.0113,0.0125,0.0107,0.0132,0.0102,0.0140
AP3,Female,71,2034,0.0117,0.0111,0.0124,0.0105,0.0130,0.0100,0.0138
AP3,Female,71,2035,0.0115,0.0109,0.0122,0.0103,0.0128,0.0097,0.0136
AP3,Female,71,2036,0.0113,0.0107,0.0120,0.0101,0.0126,0.0095,0.0136
AP3,Female,71,2037,0.0111,0.0105,0.0118,0.0098,0.0125,0.0093,0.0134
AP3,Female,71,2038,0.0110,0.0103,0.0117,0.0097,0.0124,0.0091,0.0133
AP3,Female,71,2039,0.0108,0.0101,0.0115,0.0095,0.0123,0.0090,0.0131
AP3,Female,71,2040,0.0106,0.0099,0.0114,0.0093,0.0121,0.0088,0.0130
AP3,Female,72,2021,0.0163,0.0161,0.0166,0.0159,0.0168,0.0156,0.0171
AP3,Female,72,2022,0.0161,0.0158,0.0165,0.0155,0.0168,0.0151,0.0172
AP3,Female,72,2023,0.0158,0.0154,0.0163,0.0150,0.0166,0.0147,0.0172
AP3,Female,72,2024,0.0156,0.0151,0.0161,0.0148,0.0166,0.0143,0.0170
AP3,Female,72,2025,0.0153,0.0148,0.0159,0.0144,0.0164,0.0139,0.0170
AP3,Female,72,2026,0.0151,0.0145,0.0157,0.0140,0.0162,0.0136,0.0169
AP3,Female,72,2027,0.0148,0.0143,0.0155,0.0138,0.0160,0.0132,0.0167
AP3,Female,72,2028,0.0146,0.0140,0.0153,0.0135,0.0158,0.0129,0.0166
AP3,Female,72,2029,0.0144,0.0137,0.0150,0.0131,0.0157,0.0126,0.0164
AP3,Female,72,2030,0.0141,0.0135,0.0148,0.0129,0.0155,0.0124,0.0164
AP3,Female,72,2031,0.0139,0.0132,0.0146,0.0126,0.0153,0.0120,0.0163
AP3,Female,72,2032,0.0137,0.0130,0.0144,0.0124,0.0152,0.0118,0.0160
AP3,Female,72,2033,0.0135,0.0127,0.0142,0.0121,0.0149,0.0115,0.0159
AP3,Female,72,2034,0.0132,0.0125,0.0140,0.0119,0.0148,0.0113,0.0157
AP3,Female,72,2035,0.0130,0.0123,0.0138,0.0116,0.0145,0.0109,0.0156
AP3,Female,72,2036,0.0128,0.0121,0.0136,0.0113,0.0143,0.0107,0.0154
AP3,Female,72,2037,0.0126,0.0119,0.0134,0.0111,0.0142,0.0105,0.0153
AP3,Female,72,2038,0.0124,0.0116,0.0133,0.0109,0.0141,0.0103,0.0151
AP3,Female,72,2039,0.0122,0.0114,0.0131,0.0107,0.0139,0.0101,0.0149
AP3,Female,72,2040,0.0120,0.0112,0.0129,0.0105,0.0137,0.0099,0.0148
AP3,Female,73,2021,0.0184,0.0182,0.0188,0.0179,0.0190,0.0176,0.0193
AP3,Female,73,2022,0.0182,0.0178,0.0186,0.0174,0.0190,0.0170,0.0194
AP3,Female,73,2023,0.0179,0.0174,0.0184,0.0169,0.0188,0.0165,0.0194
AP3,Female,73,2024,0.0176,0.0170,0.0182,0.0167,0.0187,0.0161,0.0192
AP3,Female,73,2025,0.0173,0.0167,0.0180,0.0162,0.0186,0.0156,0.0193
AP3,Female,73,2026,0.0170,0.0164,0.0178,0.0158,0.0184,0.0153,0.0190
AP3,Female,73,2027,0.0168,0.0161,0.0175,0.0155,0.0182,0.0149,0.0190
AP3,Female,73,2028,0.0165,0.0158,0.0173,0.0151,0.0180,0.0146,0.0188
AP3,Female,73,2029,0.0162,0.0155,0.0170,0.0148,0.0178,0.0142,0.0186
AP3,Female,73,2030,0.0160,0.0153,0.0167,0.0146,0.0176,0.0139,0.0186
AP3,Female,73,2031,0.0157,0.0149,0.0166,0.0142,0.0174,0.0136,0.0185
AP3,Female,73,2032,0.0155,0.0147,0.0163,0.0139,0.0172,0.0133,0.0182
AP3,Female,73,2033,0.0152,0.0144,0.0160,0.0136,0.0169,0.0130,0.0180
AP3,Female,73,2034,0.0150,0.0141,0.0159,0.0133,0.0167,0.0127,0.0178
AP3,Female,73,2035,0.0147,0.0139,0.0156,0.0131,0.0165,0.0123,0.0177
AP3,Female,73,2036,0.0145,0.0136,0.0154,0.0128,0.0163,0.0121,0.0175
AP3,Female,73,2037,0.0143,0.0134,0.0152,0.0125,0.0161,0.0118,0.0173
AP3,Female,73,2038,0.0140,0.0131,0.0150,0.0123,0.0160,0.0116,0.0172
AP3,Female,73,2039,0.0138,0.0129,0.0148,0.0121,0.0158,0.0113,0.0169
AP3,Female,73,2040,0.0136,0.0127,0.0146,0.0118,0.0156,0.0111,0.0168
AP3,Female,74,2021,0.0208,0.0205,0.0212,0.0202,0.0215,0.0198,0.0218
AP3,Female,74,2022,0.0205,0.0201,0.0210,0.0196,0.0214,0.0192,0.0220
AP3,Female,74,2023,0.0202,0.0196,0.0207,0.0191,0.0213,0.0186,0.0219
AP3,Female,74,2024,0.0198,0.0192,0.0205,0.0188,0.0212,0.0181,0.0218
AP3,Female,74,2025,0.0195,0.0188,0.0203,0.0183,0.0211,0.0176,0.0218
AP3,Female,74,2026,0.0192,0.0185,0.0201,0.0178,0.0208,0.0172,0.0216
AP3,Female,74,2027,0.0189,0.0182,0.0198,0.0174,0.0206,0.0168,0.0215
AP3,Female,74,2028,0.0186,0.0179,0.0195,0.0171,0.0204,0.0164,0.0213
AP3,Female,74,2029,0.0183,0.0175,0.0192,0.0167,0.0201,0.0160,0.0212
AP3,Female,74,2030,0.0180,0.0172,0.0189,0.0164,0.0199,0.0156,0.0211
AP3,Female,74,2031,0.0178,0.0168,0.0187,0.0161,0.0197,0.0152,0.0210
AP3,Female,74,2032,0.0175,0.0165,0.0184,0.0157,0.0195,0.0150,0.0206
AP3,Female,74,2033,0.0172,0.0162,0.0182,0.0154,0.0192,0.0146,0.0204
AP3,Female,74,2034,0.0169,0.0159,0.0180,0.0150,0.0190,0.0143,0.0203
AP3,Female,74,2035,0.0167,0.0157,0.0177,0.0148,0.0187,0.0138,0.0201
AP3,Female,74,2036,0.0164,0.0154,0.0175,0.0144,0.0185,0.0137,0.0200
AP3,Female,74,2037,0.0161,0.0151,0.0172,0.0141,0.0183,0.0133,0.0197
AP3,Female,74,2038,0.0159,0.0148,0.0170,0.0139,0.0182,0.0130,0.0196
AP3,Female,74,2039,0.0156,0.0146,0.0168,0.0136,0.0180,0.0128,0.0192
AP3,Female,74,2040,0.0154,0.0143,0.0166,0.0133,0.0177,0.0124,0.0191
AP3,Female,75,2021,0.0235,0.0231,0.0239,0.0227,0.0242,0.0224,0.0246
AP3,Female,75,2022,0.0231,0.0226,0.0237,0.0221,0.0242,0.0216,0.0248
AP3,Female,75,2023,0.0227,0.0221,0.0234,0.0215,0.0240,0.0210,0.0248
AP3,Female,75,2024,0.0224,0.0217,0.0232,0.0211,0.0240,0.0204,0.0246
AP3,Female,75,2025,0.0220,0.0212,0.0230,0.0206,0.0238,0.0198,0.0247
AP3,Female,75,2026,0.0217,0.0208,0.0227,0.0201,0.0235,0.0193,0.0244
AP3,Female,75,2027,0.0214,0.0205,0.0224,0.0196,0.0233,0.0189,0.0243
AP3,Female,75,2028,0.0210,0.0202,0.0221,0.0192,0.0230,0.0184,0.0242
AP3,Female,75,2029,0.0207,0.0197,0.0217,0.0188,0.0228,0.0179,0.0240
AP3,Female,75,2030,0.0204,0.0194,0.0214,0.0185,0.0226,0.0176,0.0239
AP3,Female,75,2031,0.0201,0.0190,0.0212,0.0181,0.0223,0.0171,0.0238
AP3,Female,75,2032,0.0198,0.0186,0.0209,0.0177,0.0221,0.0168,0.0235
AP3,Female,75,2033,0.0194,0.0183,0.0206,0.0173,0.0218,0.0164,0.0232
AP3,Female,75,2034,0.0191,0.0180,0.0203,0.0169,0.0215,0.0161,0.0231
AP3,Female,75,2035,0.0188,0.0177,0.0200,0.0166,0.0212,0.0156,0.0228
AP3,Female,75,2036,0.0185,0.0173,0.0198,0.0162,0.0209,0.0154,0.0226
AP3,Female,75,2037,0.0183,0.0171,0.0195,0.0159,0.0207,0.0150,0.0224
AP3,Female,75,2038,0.0180,0.0168,0.0193,0.0156,0.0207,0.0146,0.0222
AP3,Female,75,2039,0.0177,0.0165,0.0190,0.0154,0.0204,0.0143,0.0219
AP3,Female,75,2040,0.0174,0.0161,0.0188,0.0150,0.0202,0.0139,0.0217
AP3,Female,76,2021,0.0264,0.0260,0.0270,0.0256,0.0274,0.0252,0.0278
AP3,Female,76,2022,0.0260,0.0255,0.0267,0.0249,0.0273,0.0243,0.0280
AP3,Female,76,2023,0.0256,0.0249,0.0264,0.0242,0.0271,0.0236,0.0280
AP3,Female,76,2024,0.0253,0.0244,0.0262,0.0238,0.0271,0.0230,0.0278
AP3,Female,76,2025,0.0249,0.0239,0.0259,0.0232,0.0269,0.0223,0.0279
AP3,Female,76,2026,0.0245,0.0235,0.0256,0.0226,0.0266,0.0217,0.0277
AP3,Female,76,2027,0.0241,0.0231,0.0253,0.0221,0.0263,0.0213,0.0275
AP3,Female,76,2028,0.0237,0.0227,0.0250,0.0216,0.0261,0.0207,0.0274
AP3,Female,76,2029,0.0234,0.0222,0.0246,0.0212,0.0258,0.0202,0.0272
AP3,Female,76,2030,0.0230,0.0218,0.0243,0.0208,0.0256,0.0197,0.0271
AP3,Female,76,2031,0.0227,0.0214,0.0239,0.0203,0.0253,0.0192,0.0270
AP3,Female,76,2032,0.0223,0.0210,0.0236,0.0199,0.0251,0.0189,0.0266
AP3,Female,76,2033,0.0220,0.0206,0.0233,0.0195,0.0247,0.0184,0.0264
AP3,Female,76,2034,0.0216,0.0203,0.0230,0.0190,0.0244,0.0181,0.0262
AP3,Female,76,2035,0.0213,0.0199,0.0227,0.0187,0.0240,0.0176,0.0259
AP3,Female,76,2036,0.0210,0.0195,0.0224,0.0183,0.0237,0.0173,0.0257
AP3,Female,76,2037,0.0206,0.0193,0.0221,0.0179,0.0236,0.0168,0.0255
AP3,Female,76,2038,0.0203,0.0189,0.0219,0.0176,0.0234,0.0165,0.0252
AP3,Female,76,2039,0.0200,0.0186,0.0216,0.0173,0.0232,0.0161,0.0250
AP3,Female,76,2040,0.0197,0.0183,0.0213,0.0169,0.0229,0.0156,0.0247
AP3,Female,77,2021,0.0298,0.0293,0.0304,0.0288,0.0308,0.0284,0.0314
AP3,Female,77,2022,0.0294,0.0287,0.0302,0.0281,0.0308,0.0273,0.0316
AP3,Female,77,2023,0.0289,0.0281,0.0298,0.0273,0.0306,0.0265,0.0317
AP3,Female,77,2024,0.0285,0.0275,0.0295,0.0268,0.0306,0.0259,0.0314
AP3,Female,77,2025,0.0280,0.0269,0.0293,0.0261,0.0304,0.0251,0.0316
AP3,Female,77,2026,0.0276,0.0265,0.0290,0.0254,0.0300,0.0244,0.0313
AP3,Female,77,2027,0.0272,0.0261,0.0286,0.0249,0.0298,0.0239,0.0312
AP3,Female,77,2028,0.0268,0.0256,0.0282,0.0243,0.0295,0.0233,0.0311
AP3,Female,77,2029,0.0264,0.0251,0.0278,0.0239,0.0292,0.0227,0.0308
AP3,Female,77,2030,0.0260,0.0246,0.0274,0.0234,0.0290,0.0222,0.0307
AP3,Female,77,2031,0.0256,0.0241,0.0271,0.0229,0.0286,0.0216,0.0306
AP3,Female,77,2032,0.0252,0.0237,0.0267,0.0224,0.0284,0.0212,0.0301
AP3,Female,77,2033,0.0248,0.0233,0.0263,0.0220,0.0279,0.0207,0.0301
AP3,Female,77,2034,0.0244,0.0229,0.0261,0.0214,0.0277,0.0204,0.0297
AP3,Female,77,2035,0.0241,0.0225,0.0256,0.0211,0.0272,0.0198,0.0295
AP3,Female,77,2036,0.0237,0.0221,0.0254,0.0206,0.0269,0.0195,0.0293
AP3,Female,77,2037,0.0233,0.0217,0.0250,0.0202,0.0267,0.0189,0.0290
AP3,Female,77,2038,0.0230,0.0213,0.0247,0.0198,0.0266,0.0185,0.0287
AP3,Female,77,2039,0.0226,0.0209,0.0245,0.0195,0.0263,0.0181,0.0285
AP3,Female,77,2040,0.0223,0.0206,0.0242,0.0191,0.0260,0.0176,0.0282
AP3,Female,78,2021,0.0336,0.0330,0.0343,0.0325,0.0348,0.0319,0.0354
AP3,Female,78,2022,0.0331,0.0323,0.0340,0.0316,0.0347,0.0307,0.0357
AP3,Female,78,2023,0.0326,0.0317,0.0336,0.0307,0.0346,0.0297,0.0358
AP3,Female,78,2024,0.0321,0.0310,0.0333,0.0301,0.0345,0.0291,0.0355
AP3,Female,78,2025,0.0316,0.0303,0.0331,0.0293,0.0344,0.0282,0.0357
AP3,Female,78,2026,0.0311,0.0298,0.0327,0.0286,0.0339,0.0274,0.0355
AP3,Female,78,2027,0.0307,0.0294,0.0323,0.0280,0.0337,0.0269,0.0353
AP3,Female,78,2028,0.0302,0.0289,0.0319,0.0273,0.0334,0.0262,0.0352
AP3,Female,78,2029,0.0298,0.0282,0.0314,0.0268,0.0330,0.0255,0.0348
AP3,Female,78,2030,0.0293,0.0277,0.0310,0.0263,0.0328,0.0249,0.0348
AP3,Female,78,2031,0.0289,0.0272,0.0306,0.0257,0.0325,0.0243,0.0347
AP3,Female,78,2032,0.0284,0.0267,0.0302,0.0252,0.0323,0.0238,0.0341
AP3,Female,78,2033,0.0280,0.0262,0.0298,0.0247,0.0316,0.0232,0.0341
AP3,Female,78,2034,0.0276,0.0258,0.0295,0.0241,0.0313,0.0229,0.0336
AP3,Female,78,2035,0.0272,0.0254,0.0290,0.0237,0.0308,0.0222,0.0336
AP3,Female,78,2036,0.0268,0.0249,0.0287,0.0232,0.0305,0.0219,0.0331
AP3,Female,78,2037,0.0264,0.0245,0.0283,0.0228,0.0303,0.0212,0.0330
AP3,Female,78,2038,0.0260,0.0240,0.0280,0.0223,0.0301,0.0208,0.0326
AP3,Female,78,2039,0.0256,0.0236,0.0277,0.0219,0.0299,0.0203,0.0324
AP3,Female,78,2040,0.0252,0.0232,0.0273,0.0215,0.0295,0.0198,0.0321
AP3,Female,79,2021,0.0378,0.0371,0.0386,0.0365,0.0392,0.0359,0.0399
AP3,Female,79,2022,0.0372,0.0364,0.0383,0.0355,0.0392,0.0345,0.0403
AP3,Female,79,2023,0.0367,0.0356,0.0379,0.0345,0.0390,0.0334,0.0405
AP3,Female,79,2024,0.0362,0.0348,0.0376,0.0338,0.0389,0.0327,0.0402
AP3,Female,79,2025,0.0356,0.0341,0.0373,0.0330,0.0388,0.0317,0.0403
AP3,Female,79,2026,0.0351,0.0336,0.0369,0.0321,0.0383,0.0309,0.0401
AP3,Female,79,2027,0.0346,0.0330,0.0365,0.0315,0.0380,0.0302,0.0400
AP3,Female,79,2028,0.0341,0.0325,0.0359,0.0308,0.0377,0.0294,0.0399
AP3,Female,79,2029,0.0336,0.0318,0.0354,0.0302,0.0374,0.0287,0.0394
AP3,Female,79,2030,0.0331,0.0312,0.0351,0.0296,0.0371,0.0280,0.0395
AP3,Female,79,2031,0.0326,0.0306,0.0346,0.0289,0.0368,0.0272,0.0394
AP3,Female,79,2032,0.0321,0.0301,0.0342,0.0283,0.0366,0.0267,0.0387
AP3,Female,79,2033,0.0316,0.0296,0.0336,0.0278,0.0358,0.0261,0.0388
AP3,Female,79,2034,0.0311,0.0290,0.0333,0.0271,0.0354,0.0256,0.0382
AP3,Female,79,2035,0.0307,0.0286,0.0329,0.0267,0.0349,0.0250,0.0381
AP3,Female,79,2036,0.0302,0.0281,0.0324,0.0261,0.0346,0.0246,0.0377
AP3,Female,79,2037,0.0298,0.0276,0.0321,0.0256,0.0344,0.0239,0.0375
AP3,Female,79,2038,0.0293,0.0271,0.0317,0.0251,0.0341,0.0233,0.0371
AP3,Female,79,2039,0.0289,0.0266,0.0314,0.0247,0.0339,0.0228,0.0368
AP3,Female,79,2040,0.0285,0.0261,0.0309,0.0242,0.0334,0.0224,0.0366
AP3,Female,80,2021,0.0425,0.0417,0.0434,0.0411,0.0441,0.0403,0.0449
AP3,Female,80,2022,0.0419,0.0409,0.0432,0.0399,0.0441,0.0388,0.0454
AP3,Female,80,2023,0.0413,0.0401,0.0427,0.0388,0.0440,0.0375,0.0457
AP3,Female,80,2024,0.0407,0.0392,0.0424,0.0380,0.0439,0.0366,0.0454
AP3,Female,80,2025,0.0401,0.0384,0.0420,0.0371,0.0438,0.0356,0.0456
AP3,Female,80,2026,0.0395,0.0377,0.0416,0.0360,0.0432,0.0347,0.0453
AP3,Female,80,2027,0.0390,0.0372,0.0412,0.0354,0.0429,0.0339,0.0451
AP3,Female,80,2028,0.0384,0.0366,0.0406,0.0346,0.0427,0.0330,0.0451
AP3,Female,80,2029,0.0378,0.0358,0.0400,0.0339,0.0422,0.0322,0.0446
AP3,Female,80,2030,0.0373,0.0352,0.0396,0.0333,0.0419,0.0314,0.0447
AP3,Female,80,2031,0.0367,0.0345,0.0392,0.0325,0.0415,0.0305,0.0446
AP3,Female,80,2032,0.0362,0.0339,0.0386,0.0318,0.0414,0.0299,0.0438
AP3,Female,80,2033,0.0357,0.0333,0.0380,0.0313,0.0406,0.0293,0.0440
AP3,Female,80,2034,0.0351,0.0327,0.0376,0.0306,0.0400,0.0287,0.0434
AP3,Female,80,2035,0.0346,0.0321,0.0373,0.0300,0.0395,0.0280,0.0433
AP3,Female,80,2036,0.0341,0.0316,0.0366,0.0294,0.0392,0.0275,0.0427
AP3,Female,80,2037,0.0336,0.0310,0.0363,0.0289,0.0390,0.0269,0.0427
AP3,Female,80,2038,0.0331,0.0305,0.0359,0.0282,0.0387,0.0261,0.0421
AP3,Female,80,2039,0.0326,0.0300,0.0355,0.0277,0.0384,0.0255,0.0417
AP3,Female,80,2040,0.0322,0.0295,0.0350,0.0272,0.0379,0.0251,0.0415
AP3,Female,81,2021,0.0478,0.0469,0.0488,0.0461,0.0496,0.0453,0.0506
AP3,Female,81,2022,0.0471,0.0460,0.0486,0.0448,0.0497,0.0436,0.0511
AP3,Female,81,2023,0.0465,0.0451,0.0481,0.0436,0.0496,0.0421,0.0515
AP3,Female,81,2024,0.0458,0.0441,0.0477,0.0427,0.0495,0.0411,0.0512
AP3,Female,81,2025,0.0451,0.0431,0.0473,0.0417,0.0494,0.0400,0.0515
AP3,Female,81,2026,0.0445,0.0424,0.0469,0.0405,0.0487,0.0389,0.0512
AP3,Female,81,2027,0.0439,0.0418,0.0465,0.0397,0.0485,0.0381,0.0510
AP3,Female,81,2028,0.0432,0.0411,0.0457,0.0389,0.0482,0.0370,0.0509
AP3,Female,81,2029,0.0426,0.0403,0.0451,0.0381,0.0477,0.0361,0.0504
AP3,Female,81,2030,0.0420,0.0396,0.0446,0.0373,0.0474,0.0353,0.0506
AP3,Female,81,2031,0.0414,0.0388,0.0442,0.0366,0.0469,0.0342,0.0506
AP3,Female,81,2032,0.0408,0.0382,0.0436,0.0357,0.0468,0.0335,0.0496
AP3,Female,81,2033,0.0402,0.0375,0.0430,0.0352,0.0459,0.0329,0.0498
AP3,Female,81,2034,0.0396,0.0369,0.0426,0.0344,0.0453,0.0321,0.0492
AP3,Female,81,2035,0.0391,0.0362,0.0421,0.0337,0.0448,0.0314,0.0491
AP3,Female,81,2036,0.0385,0.0356,0.0414,0.0331,0.0444,0.0310,0.0484
AP3,Female,81,2037,0.0379,0.0349,0.0410,0.0325,0.0441,0.0302,0.0485
AP3,Female,81,2038,0.0374,0.0343,0.0406,0.0317,0.0439,0.0293,0.0479
AP3,Female,81,2039,0.0369,0.0338,0.0402,0.0312,0.0435,0.0287,0.0473
AP3,Female,81,2040,0.0363,0.0332,0.0396,0.0306,0.0430,0.0282,0.0471
AP3,Female,82,2021,0.0537,0.0527,0.0549,0.0518,0.0558,0.0508,0.0569
AP3,Female,82,2022,0.0530,0.0516,0.0547,0.0503,0.0560,0.0489,0.0576
AP3,Female,82,2023,0.0522,0.0507,0.0541,0.0490,0.0558,0.0473,0.0581
AP3,Female,82,2024,0.0515,0.0495,0.0537,0.0480,0.0558,0.0461,0.0578
AP3,Female,82,2025,0.0508,0.0484,0.0533,0.0467,0.0557,0.0449,0.0580
AP3,Female,82,2026,0.0501,0.0477,0.0529,0.0454,0.0549,0.0437,0.0578
AP3,Female,82,2027,0.0494,0.0469,0.0523,0.0446,0.0546,0.0427,0.0577
AP3,Female,82,2028,0.0487,0.0462,0.0516,0.0436,0.0544,0.0415,0.0574
AP3,Female,82,2029,0.0480,0.0453,0.0508,0.0428,0.0538,0.0405,0.0570
AP3,Female,82,2030,0.0473,0.0445,0.0503,0.0419,0.0535,0.0396,0.0572
AP3,Female,82,2031,0.0466,0.0436,0.0499,0.0411,0.0530,0.0383,0.0572
AP3,Female,82,2032,0.0460,0.0429,0.0492,0.0401,0.0529,0.0375,0.0562
AP3,Female,82,2033,0.0453,0.0421,0.0484,0.0396,0.0520,0.0368,0.0564
AP3,Female,82,2034,0.0447,0.0414,0.0480,0.0386,0.0513,0.0360,0.0557
AP3,Female,82,2035,0.0440,0.0407,0.0475,0.0379,0.0507,0.0352,0.0556
AP3,Female,82,2036,0.0434,0.0401,0.0467,0.0372,0.0502,0.0347,0.0548
AP3,Female,82,2037,0.0428,0.0393,0.0463,0.0365,0.0499,0.0338,0.0549
AP3,Female,82,2038,0.0422,0.0386,0.0459,0.0357,0.0497,0.0329,0.0544
AP3,Female,82,2039,0.0416,0.0381,0.0454,0.0351,0.0493,0.0322,0.0536
AP3,Female,82,2040,0.0410,0.0373,0.0447,0.0344,0.0487,0.0317,0.0534
AP3,Female,83,2021,0.0603,0.0591,0.0617,0.0581,0.0628,0.0569,0.0640
AP3,Female,83,2022,0.0595,0.0579,0.0614,0.0564,0.0629,0.0548,0.0648
AP3,Female,83,2023,0.0587,0.0569,0.0608,0.0549,0.0628,0.0531,0.0654
AP3,Female,83,2024,0.0579,0.0556,0.0604,0.0539,0.0628,0.0516,0.0652
AP3,Female,83,2025,0.0571,0.0544,0.0600,0.0524,0.0627,0.0503,0.0653
AP3,Female,83,2026,0.0563,0.0536,0.0595,0.0510,0.0619,0.0490,0.0651
AP3,Female,83,2027,0.0555,0.0527,0.0589,0.0500,0.0615,0.0478,0.0651
AP3,Female,83,2028,0.0547,0.0519,0.0581,0.0489,0.0613,0.0465,0.0648
AP3,Female,83,2029,0.0540,0.0509,0.0573,0.0480,0.0607,0.0454,0.0643
AP3,Female,83,2030,0.0532,0.0500,0.0566,0.0470,0.0603,0.0444,0.0646
AP3,Female,83,2031,0.0525,0.0490,0.0562,0.0461,0.0598,0.0430,0.0646
AP3,Female,83,2032,0.0517,0.0483,0.0555,0.0450,0.0596,0.0421,0.0636
AP3,Female,83,2033,0.0510,0.0473,0.0546,0.0444,0.0588,0.0413,0.0636
AP3,Female,83,2034,0.0503,0.0466,0.0542,0.0434,0.0580,0.0403,0.0629
AP3,Female,83,2035,0.0496,0.0457,0.0535,0.0426,0.0573,0.0395,0.0628
AP3,Female,83,2036,0.0489,0.0451,0.0528,0.0417,0.0569,0.0388,0.0620
AP3,Female,83,2037,0.0482,0.0442,0.0523,0.0410,0.0564,0.0378,0.0622
AP3,Female,83,2038,0.0476,0.0435,0.0517,0.0402,0.0562,0.0369,0.0617
AP3,Female,83,2039,0.0469,0.0429,0.0513,0.0394,0.0558,0.0361,0.0606
AP3,Female,83,2040,0.0462,0.0421,0.0505,0.0387,0.0551,0.0356,0.0606
AP3,Female,84,2021,0.0677,0.0663,0.0692,0.0652,0.0705,0.0637,0.0719
AP3,Female,84,2022,0.0668,0.0650,0.0690,0.0633,0.0707,0.0614,0.0727
AP3,Female,84,2023,0.0659,0.0638,0.0683,0.0615,0.0706,0.0595,0.0734
AP3,Female,84,2024,0.0650,0.0624,0.0679,0.0604,0.0706,0.0579,0.0733
AP3,Female,84,2025,0.0641,0.0610,0.0674,0.0588,0.0705,0.0563,0.0735
AP3,Female,84,2026,0.0632,0.0601,0.0669,0.0571,0.0696,0.0549,0.0733
AP3,Female,84,2027,0.0624,0.0591,0.0663,0.0561,0.0693,0.0535,0.0734
AP3,Female,84,2028,0.0615,0.0582,0.0653,0.0548,0.0690,0.0520,0.0730
AP3,Female,84,2029,0.0607,0.0571,0.0644,0.0537,0.0684,0.0509,0.0726
AP3,Female,84,2030,0.0598,0.0562,0.0638,0.0527,0.0679,0.0498,0.0729
AP3,Female,84,2031,0.0590,0.0550,0.0632,0.0517,0.0675,0.0481,0.0728
AP3,Female,84,2032,0.0582,0.0542,0.0625,0.0506,0.0672,0.0471,0.0720
AP3,Female,84,2033,0.0574,0.0532,0.0615,0.0499,0.0663,0.0463,0.0718
AP3,Female,84,2034,0.0566,0.0523,0.0610,0.0487,0.0654,0.0451,0.0709
AP3,Female,84,2035,0.0558,0.0514,0.0604,0.0478,0.0646,0.0443,0.0709
AP3,Female,84,2036,0.0551,0.0506,0.0596,0.0469,0.0643,0.0434,0.0703
AP3,Female,84,2037,0.0543,0.0496,0.0590,0.0461,0.0637,0.0423,0.0703
AP3,Female,84,2038,0.0536,0.0489,0.0584,0.0451,0.0635,0.0414,0.0699
AP3,Female,84,2039,0.0528,0.0482,0.0578,0.0443,0.0632,0.0404,0.0686
AP3,Female,84,2040,0.0521,0.0474,0.0571,0.0434,0.0625,0.0398,0.0687
AP3,Female,85,2021,0.0759,0.0743,0.0776,0.0730,0.0790,0.0714,0.0807
AP3,Female,85,2022,0.0749,0.0728,0.0774,0.0709,0.0794,0.0687,0.0816
AP3,Female,85,2023,0.0739,0.0715,0.0766,0.0689,0.0792,0.0667,0.0824
AP3,Female,85,2024,0.0729,0.0699,0.0762,0.0676,0.0792,0.0648,0.0824
AP3,Female,85,2025,0.0719,0.0683,0.0757,0.0658,0.0793,0.0631,0.0826
AP3,Female,85,2026,0.0709,0.0674,0.0751,0.0639,0.0782,0.0615,0.0824
AP3,Female,85,2027,0.0700,0.0663,0.0745,0.0629,0.0779,0.0599,0.0825
AP3,Female,85,2028,0.0691,0.0652,0.0733,0.0615,0.0777,0.0582,0.0821
AP3,Female,85,2029,0.0681,0.0640,0.0724,0.0601,0.0770,0.0569,0.0817
AP3,Female,85,2030,0.0672,0.0630,0.0718,0.0590,0.0765,0.0557,0.0822
AP3,Female,85,2031,0.0663,0.0618,0.0711,0.0581,0.0761,0.0538,0.0820
AP3,Female,85,2032,0.0654,0.0609,0.0704,0.0567,0.0757,0.0527,0.0811
AP3,Female,85,2033,0.0645,0.0597,0.0692,0.0559,0.0748,0.0518,0.0813
AP3,Female,85,2034,0.0637,0.0588,0.0688,0.0546,0.0738,0.0504,0.0801
AP3,Female,85,2035,0.0628,0.0577,0.0680,0.0536,0.0730,0.0496,0.0799
AP3,Female,85,2036,0.0620,0.0568,0.0672,0.0526,0.0726,0.0485,0.0795
AP3,Female,85,2037,0.0611,0.0557,0.0666,0.0518,0.0720,0.0473,0.0794
AP3,Female,85,2038,0.0603,0.0549,0.0659,0.0507,0.0718,0.0463,0.0790
AP3,Female,85,2039,0.0595,0.0541,0.0652,0.0496,0.0712,0.0454,0.0774
AP3,Female,85,2040,0.0587,0.0532,0.0644,0.0487,0.0706,0.0446,0.0777
AP3,Female,86,2021,0.0850,0.0832,0.0869,0.0817,0.0886,0.0798,0.0905
AP3,Female,86,2022,0.0839,0.0815,0.0867,0.0793,0.0890,0.0769,0.0915
AP3,Female,86,2023,0.0828,0.0799,0.0859,0.0772,0.0888,0.0746,0.0926
AP3,Female,86,2024,0.0817,0.0783,0.0854,0.0756,0.0889,0.0725,0.0925
AP3,Female,86,2025,0.0806,0.0765,0.0849,0.0736,0.0890,0.0706,0.0927
AP3,Female,86,2026,0.0795,0.0755,0.0842,0.0715,0.0878,0.0687,0.0927
AP3,Female,86,2027,0.0785,0.0742,0.0836,0.0704,0.0876,0.0669,0.0929
AP3,Female,86,2028,0.0775,0.0731,0.0823,0.0688,0.0873,0.0650,0.0923
AP3,Female,86,2029,0.0764,0.0718,0.0813,0.0674,0.0865,0.0636,0.0920
AP3,Female,86,2030,0.0754,0.0707,0.0805,0.0660,0.0861,0.0623,0.0924
AP3,Female,86,2031,0.0744,0.0692,0.0799,0.0650,0.0855,0.0601,0.0924
AP3,Female,86,2032,0.0735,0.0682,0.0791,0.0634,0.0852,0.0589,0.0913
AP3,Female,86,2033,0.0725,0.0669,0.0778,0.0627,0.0842,0.0580,0.0916
AP3,Female,86,2034,0.0715,0.0659,0.0775,0.0613,0.0831,0.0564,0.0904
AP3,Female,86,2035,0.0706,0.0647,0.0766,0.0600,0.0822,0.0556,0.0902
AP3,Female,86,2036,0.0696,0.0637,0.0756,0.0590,0.0818,0.0542,0.0898
AP3,Female,86,2037,0.0687,0.0625,0.0750,0.0580,0.0812,0.0529,0.0895
AP3,Female,86,2038,0.0678,0.0616,0.0743,0.0569,0.0810,0.0519,0.0892
AP3,Female,86,2039,0.0669,0.0608,0.0735,0.0557,0.0802,0.0509,0.0873
AP3,Female,86,2040,0.0660,0.0598,0.0726,0.0546,0.0797,0.0499,0.0877
AP3,Female,87,2021,0.0950,0.0930,0.0972,0.0913,0.0992,0.0892,0.1013
AP3,Female,87,2022,0.0938,0.0911,0.0970,0.0886,0.0996,0.0859,0.1025
AP3,Female,87,2023,0.0926,0.0894,0.0962,0.0863,0.0995,0.0833,0.1037
AP3,Female,87,2024,0.0914,0.0876,0.0957,0.0845,0.0997,0.0810,0.1037
AP3,Female,87,2025,0.0902,0.0856,0.0951,0.0823,0.0998,0.0788,0.1040
AP3,Female,87,2026,0.0891,0.0845,0.0944,0.0800,0.0985,0.0767,0.1040
AP3,Female,87,2027,0.0879,0.0831,0.0937,0.0787,0.0984,0.0747,0.1044
AP3,Female,87,2028,0.0868,0.0818,0.0924,0.0768,0.0981,0.0726,0.1037
AP3,Female,87,2029,0.0857,0.0803,0.0912,0.0753,0.0972,0.0711,0.1034
AP3,Female,87,2030,0.0846,0.0792,0.0904,0.0738,0.0966,0.0694,0.1037
AP3,Female,87,2031,0.0835,0.0775,0.0897,0.0727,0.0960,0.0672,0.1038
AP3,Female,87,2032,0.0824,0.0764,0.0889,0.0709,0.0957,0.0658,0.1026
AP3,Female,87,2033,0.0813,0.0749,0.0875,0.0701,0.0947,0.0649,0.1029
AP3,Female,87,2034,0.0803,0.0737,0.0872,0.0686,0.0935,0.0631,0.1019
AP3,Female,87,2035,0.0792,0.0725,0.0860,0.0673,0.0927,0.0622,0.1016
AP3,Female,87,2036,0.0782,0.0714,0.0850,0.0662,0.0923,0.0606,0.1014
AP3,Female,87,2037,0.0772,0.0701,0.0843,0.0649,0.0915,0.0592,0.1009
AP3,Female,87,2038,0.0762,0.0691,0.0836,0.0637,0.0913,0.0580,0.1007
AP3,Female,87,2039,0.0752,0.0683,0.0827,0.0625,0.0904,0.0569,0.0984
AP3,Female,87,2040,0.0742,0.0671,0.0818,0.0612,0.0898,0.0557,0.0989
AP3,Female,88,2021,0.1061,0.1039,0.1086,0.1019,0.1108,0.0996,0.1132
AP3,Female,88,2022,0.1048,0.1018,0.1084,0.0990,0.1114,0.0958,0.1146
AP3,Female,88,2023,0.1035,0.0998,0.1075,0.0963,0.1113,0.0929,0.1160
AP3,Female,88,2024,0.1022,0.0978,0.1070,0.0943,0.1115,0.0904,0.1161
AP3,Female,88,2025,0.1009,0.0956,0.1065,0.0920,0.1118,0.0880,0.1165
AP3,Female,88,2026,0.0996,0.0944,0.1056,0.0894,0.1102,0.0856,0.1165
AP3,Female,88,2027,0.0984,0.0929,0.1049,0.0879,0.1103,0.0834,0.1170
AP3,Female,88,2028,0.0971,0.0915,0.1036,0.0859,0.1101,0.0810,0.1164
AP3,Female,88,2029,0.0959,0.0898,0.1022,0.0842,0.1091,0.0794,0.1160
AP3,Female,88,2030,0.0947,0.0886,0.1014,0.0826,0.1083,0.0776,0.1163
AP3,Female,88,2031,0.0935,0.0868,0.1005,0.0812,0.1076,0.0751,0.1165
AP3,Female,88,2032,0.0923,0.0855,0.0996,0.0791,0.1073,0.0734,0.1154
AP3,Female,88,2033,0.0911,0.0839,0.0982,0.0784,0.1065,0.0725,0.1157
AP3,Female,88,2034,0.0900,0.0826,0.0978,0.0768,0.1052,0.0705,0.1147
AP3,Female,88,2035,0.0888,0.0811,0.0967,0.0753,0.1043,0.0694,0.1144
AP3,Female,88,2036,0.0877,0.0800,0.0954,0.0739,0.1039,0.0677,0.1144
AP3,Female,88,2037,0.0866,0.0785,0.0948,0.0725,0.1029,0.0661,0.1135
AP3,Female,88,2038,0.0855,0.0774,0.0939,0.0712,0.1029,0.0648,0.1134
AP3,Female,88,2039,0.0844,0.0765,0.0930,0.0700,0.1019,0.0637,0.1107
AP3,Female,88,2040,0.0833,0.0752,0.0919,0.0685,0.1012,0.0623,0.1113
AP3,Female,89,2021,0.1184,0.1159,0.1212,0.1136,0.1237,0.1110,0.1263
AP3,Female,89,2022,0.1169,0.1135,0.1210,0.1103,0.1243,0.1068,0.1280
AP3,Female,89,2023,0.1155,0.1114,0.1200,0.1075,0.1243,0.1036,0.1296
AP3,Female,89,2024,0.1141,0.1092,0.1195,0.1051,0.1246,0.1009,0.1299
AP3,Female,89,2025,0.1127,0.1067,0.1190,0.1027,0.1249,0.0981,0.1303
AP3,Female,89,2026,0.1113,0.1054,0.1181,0.0996,0.1233,0.0955,0.1302
AP3,Female,89,2027,0.1099,0.1036,0.1173,0.0981,0.1235,0.0930,0.1310
AP3,Female,89,2028,0.1086,0.1021,0.1158,0.0960,0.1233,0.0902,0.1303
AP3,Female,89,2029,0.1072,0.1003,0.1143,0.0940,0.1220,0.0885,0.1299
AP3,Female,89,2030,0.1059,0.0990,0.1135,0.0922,0.1213,0.0865,0.1301
AP3,Female,89,2031,0.1046,0.0970,0.1126,0.0906,0.1206,0.0838,0.1305
AP3,Female,89,2032,0.1033,0.0956,0.1114,0.0884,0.1201,0.0818,0.1295
AP3,Female,89,2033,0.1020,0.0937,0.1100,0.0878,0.1194,0.0808,0.1298
AP3,Female,89,2034,0.1007,0.0922,0.1095,0.0859,0.1181,0.0787,0.1287
AP3,Female,89,2035,0.0995,0.0906,0.1084,0.0842,0.1170,0.0773,0.1286
AP3,Female,89,2036,0.0982,0.0895,0.1071,0.0826,0.1166,0.0754,0.1286
AP3,Female,89,2037,0.0970,0.0879,0.1062,0.0810,0.1155,0.0737,0.1276
AP3,Female,89,2038,0.0958,0.0867,0.1053,0.0796,0.1156,0.0723,0.1276
AP3,Female,89,2039,0.0946,0.0856,0.1044,0.0783,0.1144,0.0711,0.1246
AP3,Female,89,2040,0.0934,0.0842,0.1031,0.0765,0.1139,0.0695,0.1252
AP3,Female,90,2021,0.1318,0.1290,0.1350,0.1264,0.1378,0.1236,0.1406
AP3,Female,90,2022,0.1302,0.1264,0.1348,0.1227,0.1385,0.1190,0.1427
AP3,Female,90,2023,0.1287,0.1241,0.1338,0.1198,0.1386,0.1153,0.1445
AP3,Female,90,2024,0.1271,0.1217,0.1332,0.1170,0.1388,0.1125,0.1449
AP3,Female,90,2025,0.1256,0.1189,0.1327,0.1144,0.1395,0.1091,0.1454
AP3,Female,90,2026,0.1241,0.1176,0.1317,0.1110,0.1377,0.1062,0.1454
AP3,Female,90,2027,0.1226,0.1155,0.1310,0.1092,0.1378,0.1035,0.1463
AP3,Female,90,2028,0.1212,0.1138,0.1292,0.1069,0.1377,0.1003,0.1455
AP3,Female,90,2029,0.1197,0.1119,0.1276,0.1048,0.1364,0.0985,0.1453
AP3,Female,90,2030,0.1183,0.1104,0.1267,0.1028,0.1356,0.0962,0.1454
AP3,Female,90,2031,0.1168,0.1083,0.1258,0.1010,0.1348,0.0932,0.1460
AP3,Female,90,2032,0.1154,0.1067,0.1245,0.0988,0.1343,0.0911,0.1451
AP3,Female,90,2033,0.1140,0.1047,0.1231,0.0980,0.1338,0.0900,0.1454
AP3,Female,90,2034,0.1126,0.1029,0.1225,0.0959,0.1324,0.0880,0.1441
AP3,Female,90,2035,0.1113,0.1012,0.1213,0.0940,0.1310,0.0862,0.1440
AP3,Female,90,2036,0.1099,0.1000,0.1199,0.0923,0.1307,0.0839,0.1444
AP3,Female,90,2037,0.1086,0.0983,0.1189,0.0905,0.1294,0.0821,0.1435
AP3,Female,90,2038,0.1072,0.0969,0.1180,0.0890,0.1295,0.0806,0.1432
AP3,Female,90,2039,0.1059,0.0956,0.1171,0.0873,0.1284,0.0794,0.1399
AP3,Female,90,2040,0.1046,0.0941,0.1156,0.0856,0.1276,0.0775,0.1407
AP3,Female,91,2021,0.1465,0.1434,0.1500,0.1404,0.1532,0.1373,0.1564
AP3,Female,91,2022,0.1448,0.1406,0.1500,0.1363,0.1541,0.1322,0.1588
AP3,Female,91,2023,0.1431,0.1380,0.1489,0.1332,0.1543,0.1280,0.1608
AP3,Female,91,2024,0.1415,0.1353,0.1483,0.1301,0.1545,0.1250,0.1614
AP3,Female,91,2025,0.1398,0.1324,0.1478,0.1272,0.1553,0.1213,0.1620
AP3,Female,91,2026,0.1382,0.1308,0.1467,0.1234,0.1535,0.1179,0.1621
AP3,Female,91,2027,0.1366,0.1285,0.1460,0.1215,0.1536,0.1150,0.1630
AP3,Female,91,2028,0.1350,0.1267,0.1440,0.1190,0.1536,0.1116,0.1622
AP3,Female,91,2029,0.1334,0.1245,0.1423,0.1167,0.1522,0.1095,0.1622
AP3,Female,91,2030,0.1318,0.1230,0.1414,0.1144,0.1513,0.1069,0.1623
AP3,Female,91,2031,0.1303,0.1207,0.1404,0.1124,0.1505,0.1036,0.1631
AP3,Female,91,2032,0.1287,0.1191,0.1388,0.1102,0.1502,0.1013,0.1620
AP3,Female,91,2033,0.1272,0.1167,0.1375,0.1091,0.1494,0.1001,0.1625
AP3,Female,91,2034,0.1257,0.1147,0.1368,0.1068,0.1479,0.0981,0.1610
AP3,Female,91,2035,0.1242,0.1129,0.1354,0.1048,0.1465,0.0961,0.1608
AP3,Female,91,2036,0.1228,0.1116,0.1340,0.1029,0.1461,0.0932,0.1618
AP3,Female,91,2037,0.1213,0.1098,0.1330,0.1008,0.1448,0.0913,0.1611
AP3,Female,91,2038,0.1199,0.1081,0.1321,0.0993,0.1450,0.0897,0.1602
AP3,Female,91,2039,0.1184,0.1067,0.1311,0.0973,0.1438,0.0885,0.1565
AP3,Female,91,2040,0.1170,0.1052,0.1295,0.0955,0.1429,0.0862,0.1577
AP3,Female,92,2021,0.1626,0.1591,0.1665,0.1557,0.1700,0.1523,0.1736
AP3,Female,92,2022,0.1607,0.1560,0.1665,0.1514,0.1710,0.1467,0.1763
AP3,Female,92,2023,0.1589,0.1531,0.1654,0.1477,0.1714,0.1420,0.1786
AP3,Female,92,2024,0.1571,0.1503,0.1647,0.1444,0.1717,0.1387,0.1793
AP3,Female,92,2025,0.1554,0.1471,0.1643,0.1412,0.1726,0.1347,0.1803
AP3,Female,92,2026,0.1536,0.1453,0.1632,0.1371,0.1707,0.1308,0.1804
AP3,Female,92,2027,0.1518,0.1428,0.1625,0.1349,0.1708,0.1276,0.1811
AP3,Female,92,2028,0.1501,0.1408,0.1600,0.1323,0.1707,0.1238,0.1803
AP3,Female,92,2029,0.1484,0.1383,0.1584,0.1297,0.1694,0.1215,0.1806
AP3,Female,92,2030,0.1467,0.1369,0.1574,0.1271,0.1684,0.1186,0.1809
AP3,Female,92,2031,0.1450,0.1342,0.1563,0.1249,0.1677,0.1150,0.1817
AP3,Female,92,2032,0.1434,0.1325,0.1548,0.1225,0.1673,0.1125,0.1806
AP3,Female,92,2033,0.1417,0.1299,0.1532,0.1214,0.1665,0.1112,0.1810
AP3,Female,92,2034,0.1401,0.1277,0.1526,0.1189,0.1649,0.1089,0.1794
AP3,Female,92,2035,0.1385,0.1258,0.1512,0.1167,0.1635,0.1068,0.1792
AP3,Female,92,2036,0.1369,0.1242,0.1495,0.1146,0.1632,0.1036,0.1808
AP3,Female,92,2037,0.1353,0.1224,0.1487,0.1122,0.1617,0.1015,0.1804
AP3,Female,92,2038,0.1337,0.1204,0.1475,0.1108,0.1617,0.0997,0.1789
AP3,Female,92,2039,0.1322,0.1189,0.1462,0.1085,0.1607,0.0985,0.1747
AP3,Female,92,2040,0.1306,0.1174,0.1445,0.1062,0.1599,0.0958,0.1764
AP3,Female,93,2021,0.1800,0.1762,0.1844,0.1725,0.1882,0.1686,0.1922
AP3,Female,93,2022,0.1780,0.1728,0.1844,0.1677,0.1894,0.1625,0.1953
AP3,Female,93,2023,0.1761,0.1696,0.1833,0.1636,0.1900,0.1573,0.1979
AP3,Female,93,2024,0.1742,0.1666,0.1826,0.1600,0.1903,0.1536,0.1989
AP3,Female,93,2025,0.1723,0.1629,0.1822,0.1564,0.1914,0.1492,0.2001
AP3,Female,93,2026,0.1704,0.1611,0.1809,0.1520,0.1892,0.1449,0.2002
AP3,Female,93,2027,0.1685,0.1583,0.1803,0.1496,0.1895,0.1415,0.2007
AP3,Female,93,2028,0.1666,0.1562,0.1776,0.1467,0.1894,0.1372,0.2002
AP3,Female,93,2029,0.1648,0.1535,0.1759,0.1439,0.1880,0.1347,0.2005
AP3,Female,93,2030,0.1630,0.1518,0.1748,0.1411,0.1872,0.1315,0.2008
AP3,Female,93,2031,0.1612,0.1491,0.1735,0.1387,0.1863,0.1275,0.2020
AP3,Female,93,2032,0.1594,0.1472,0.1721,0.1359,0.1862,0.1248,0.2009
AP3,Female,93,2033,0.1576,0.1444,0.1701,0.1350,0.1852,0.1235,0.2011
AP3,Female,93,2034,0.1558,0.1419,0.1697,0.1322,0.1835,0.1209,0.1995
AP3,Female,93,2035,0.1541,0.1399,0.1682,0.1296,0.1821,0.1187,0.1993
AP3,Female,93,2036,0.1523,0.1382,0.1664,0.1274,0.1818,0.1149,0.2012
AP3,Female,93,2037,0.1506,0.1362,0.1655,0.1250,0.1800,0.1128,0.2015
AP3,Female,93,2038,0.1489,0.1340,0.1644,0.1234,0.1802,0.1106,0.1994
AP3,Female,93,2039,0.1473,0.1325,0.1629,0.1209,0.1792,0.1095,0.1950
AP3,Female,93,2040,0.1456,0.1306,0.1611,0.1182,0.1784,0.1064,0.1965
AP3,Female,94,2021,0.1988,0.1946,0.2036,0.1905,0.2079,0.1862,0.2123
AP3,Female,94,2022,0.1968,0.1909,0.2037,0.1853,0.2093,0.1796,0.2157
AP3,Female,94,2023,0.1947,0.1876,0.2027,0.1808,0.2099,0.1738,0.2187
AP3,Female,94,2024,0.1926,0.1843,0.2019,0.1771,0.2105,0.1698,0.2200
AP3,Female,94,2025,0.1906,0.1803,0.2016,0.1729,0.2117,0.1652,0.2213
AP3,Female,94,2026,0.1886,0.1783,0.2001,0.1682,0.2094,0.1603,0.2214
AP3,Female,94,2027,0.1866,0.1751,0.1997,0.1654,0.2099,0.1565,0.2219
AP3,Female,94,2028,0.1846,0.1730,0.1967,0.1623,0.2099,0.1519,0.2217
AP3,Female,94,2029,0.1826,0.1700,0.1950,0.1594,0.2080,0.1491,0.2220
AP3,Female,94,2030,0.1806,0.1681,0.1937,0.1563,0.2076,0.1456,0.2224
AP3,Female,94,2031,0.1787,0.1652,0.1923,0.1539,0.2064,0.1410,0.2240
AP3,Female,94,2032,0.1768,0.1632,0.1908,0.1509,0.2067,0.1381,0.2229
AP3,Female,94,2033,0.1748,0.1601,0.1887,0.1496,0.2055,0.1368,0.2228
AP3,Female,94,2034,0.1730,0.1574,0.1882,0.1467,0.2038,0.1339,0.2210
AP3,Female,94,2035,0.1711,0.1552,0.1868,0.1437,0.2022,0.1317,0.2212
AP3,Female,94,2036,0.1692,0.1533,0.1849,0.1413,0.2021,0.1272,0.2234
AP3,Female,94,2037,0.1674,0.1512,0.1839,0.1391,0.1999,0.1251,0.2235
AP3,Female,94,2038,0.1655,0.1488,0.1827,0.1371,0.2004,0.1228,0.2217
AP3,Female,94,2039,0.1637,0.1473,0.1812,0.1342,0.1994,0.1216,0.2174
AP3,Female,94,2040,0.1619,0.1452,0.1791,0.1311,0.1985,0.1182,0.2187
AP3,Female,95,2021,0.2192,0.2145,0.2244,0.2100,0.2292,0.2051,0.2338
AP3,Female,95,2022,0.2169,0.2105,0.2246,0.2044,0.2307,0.1981,0.2377
AP3,Female,95,2023,0.2147,0.2070,0.2235,0.1995,0.2314,0.1916,0.2410
AP3,Female,95,2024,0.2125,0.2034,0.2228,0.1953,0.2322,0.1872,0.2427
AP3,Female,95,2025,0.2104,0.1990,0.2224,0.1909,0.2335,0.1825,0.2442
AP3,Female,95,2026,0.2082,0.1969,0.2208,0.1860,0.2313,0.1770,0.2443
AP3,Female,95,2027,0.2061,0.1933,0.2205,0.1828,0.2318,0.1727,0.2446
AP3,Female,95,2028,0.2039,0.1913,0.2172,0.1793,0.2320,0.1680,0.2450
AP3,Female,95,2029,0.2018,0.1879,0.2155,0.1762,0.2298,0.1648,0.2454
AP3,Female,95,2030,0.1997,0.1860,0.2141,0.1729,0.2294,0.1608,0.2456
AP3,Female,95,2031,0.1977,0.1829,0.2128,0.1702,0.2282,0.1558,0.2476
AP3,Female,95,2032,0.1956,0.1806,0.2111,0.1670,0.2288,0.1530,0.2467
AP3,Female,95,2033,0.1936,0.1772,0.2089,0.1657,0.2271,0.1513,0.2459
AP3,Female,95,2034,0.1915,0.1746,0.2083,0.1626,0.2256,0.1483,0.2443
AP3,Female,95,2035,0.1895,0.1721,0.2069,0.1593,0.2238,0.1460,0.2447
AP3,Female,95,2036,0.1875,0.1697,0.2051,0.1565,0.2238,0.1407,0.2473
AP3,Female,95,2037,0.1856,0.1676,0.2037,0.1541,0.2217,0.1385,0.2472
AP3,Female,95,2038,0.1836,0.1650,0.2026,0.1522,0.2218,0.1362,0.2457
AP3,Female,95,2039,0.1817,0.1633,0.2009,0.1486,0.2213,0.1347,0.2413
AP3,Female,95,2040,0.1797,0.1610,0.1989,0.1452,0.2202,0.1311,0.2425
AP3,Female,96,2021,0.2409,0.2359,0.2467,0.2309,0.2518,0.2255,0.2569
AP3,Female,96,2022,0.2386,0.2316,0.2469,0.2248,0.2537,0.2180,0.2613
AP3,Female,96,2023,0.2362,0.2277,0.2459,0.2195,0.2544,0.2109,0.2649
AP3,Female,96,2024,0.2339,0.2239,0.2452,0.2150,0.2553,0.2062,0.2669
AP3,Female,96,2025,0.2316,0.2192,0.2448,0.2102,0.2568,0.2011,0.2685
AP3,Female,96,2026,0.2293,0.2169,0.2431,0.2049,0.2545,0.1951,0.2687
AP3,Female,96,2027,0.2271,0.2131,0.2428,0.2014,0.2553,0.1902,0.2690
AP3,Female,96,2028,0.2248,0.2108,0.2394,0.1977,0.2554,0.1852,0.2699
AP3,Female,96,2029,0.2226,0.2072,0.2376,0.1944,0.2530,0.1817,0.2705
AP3,Female,96,2030,0.2203,0.2050,0.2361,0.1909,0.2528,0.1773,0.2704
AP3,Female,96,2031,0.2181,0.2017,0.2348,0.1878,0.2518,0.1718,0.2727
AP3,Female,96,2032,0.2160,0.1993,0.2330,0.1845,0.2526,0.1691,0.2719
AP3,Female,96,2033,0.2138,0.1958,0.2307,0.1832,0.2506,0.1674,0.2706
AP3,Female,96,2034,0.2116,0.1930,0.2298,0.1797,0.2490,0.1639,0.2690
AP3,Female,96,2035,0.2095,0.1903,0.2286,0.1764,0.2469,0.1615,0.2699
AP3,Female,96,2036,0.2074,0.1875,0.2266,0.1730,0.2473,0.1555,0.2726
AP3,Female,96,2037,0.2052,0.1852,0.2251,0.1704,0.2449,0.1532,0.2724
AP3,Female,96,2038,0.2032,0.1826,0.2242,0.1686,0.2452,0.1507,0.2715
AP3,Female,96,2039,0.2011,0.1808,0.2220,0.1644,0.2448,0.1490,0.2661
AP3,Female,96,2040,0.1990,0.1784,0.2204,0.1610,0.2434,0.1452,0.2680
AP3,Female,97,2021,0.2641,0.2586,0.2705,0.2532,0.2760,0.2474,0.2815
AP3,Female,97,2022,0.2616,0.2541,0.2707,0.2466,0.2780,0.2394,0.2863
AP3,Female,97,2023,0.2592,0.2498,0.2696,0.2410,0.2789,0.2316,0.2903
AP3,Female,97,2024,0.2567,0.2459,0.2691,0.2363,0.2799,0.2266,0.2926
AP3,Female,97,2025,0.2543,0.2407,0.2687,0.2310,0.2816,0.2210,0.2944
AP3,Female,97,2026,0.2519,0.2383,0.2667,0.2252,0.2790,0.2144,0.2947
AP3,Female,97,2027,0.2495,0.2341,0.2666,0.2215,0.2802,0.2092,0.2949
AP3,Female,97,2028,0.2471,0.2317,0.2631,0.2176,0.2804,0.2037,0.2963
AP3,Female,97,2029,0.2448,0.2278,0.2612,0.2140,0.2781,0.1999,0.2971
AP3,Female,97,2030,0.2424,0.2256,0.2596,0.2102,0.2779,0.1951,0.2972
AP3,Female,97,2031,0.2401,0.2221,0.2580,0.2068,0.2770,0.1893,0.2993
AP3,Female,97,2032,0.2378,0.2195,0.2565,0.2035,0.2774,0.1866,0.2985
AP3,Female,97,2033,0.2355,0.2157,0.2540,0.2019,0.2755,0.1849,0.2973
AP3,Female,97,2034,0.2332,0.2128,0.2531,0.1978,0.2740,0.1808,0.2957
AP3,Female,97,2035,0.2309,0.2099,0.2521,0.1946,0.2716,0.1782,0.2966
AP3,Female,97,2036,0.2287,0.2071,0.2496,0.1908,0.2722,0.1716,0.2993
AP3,Female,97,2037,0.2264,0.2045,0.2482,0.1880,0.2699,0.1690,0.2996
AP3,Female,97,2038,0.2242,0.2016,0.2470,0.1863,0.2704,0.1664,0.2989
AP3,Female,97,2039,0.2220,0.1998,0.2449,0.1814,0.2700,0.1646,0.2925
AP3,Female,97,2040,0.2198,0.1970,0.2430,0.1777,0.2684,0.1605,0.2951
AP3,Female,98,2021,0.2887,0.2827,0.2955,0.2770,0.3015,0.2706,0.3074
AP3,Female,98,2022,0.2861,0.2778,0.2958,0.2700,0.3037,0.2621,0.3127
AP3,Female,98,2023,0.2835,0.2734,0.2948,0.2638,0.3049,0.2536,0.3172
AP3,Female,98,2024,0.2810,0.2691,0.2942,0.2589,0.3059,0.2482,0.3198
AP3,Female,98,2025,0.2784,0.2638,0.2939,0.2531,0.3079,0.2423,0.3217
AP3,Female,98,2026,0.2759,0.2613,0.2919,0.2470,0.3050,0.2351,0.3222
AP3,Female,98,2027,0.2734,0.2565,0.2917,0.2430,0.3065,0.2296,0.3224
AP3,Female,98,2028,0.2709,0.2542,0.2882,0.2391,0.3069,0.2237,0.3240
AP3,Female,98,2029,0.2684,0.2500,0.2864,0.2348,0.3045,0.2194,0.3252
AP3,Female,98,2030,0.2660,0.2475,0.2843,0.2308,0.3045,0.2141,0.3254
AP3,Female,98,2031,0.2635,0.2442,0.2831,0.2272,0.3035,0.2080,0.3273
AP3,Female,98,2032,0.2611,0.2412,0.2815,0.2238,0.3036,0.2055,0.3270
AP3,Female,98,2033,0.2587,0.2370,0.2788,0.2219,0.3023,0.2034,0.3255
AP3,Female,98,2034,0.2563,0.2340,0.2780,0.2175,0.3001,0.1992,0.3241
AP3,Female,98,2035,0.2539,0.2308,0.2770,0.2142,0.2982,0.1963,0.3249
AP3,Female,98,2036,0.2515,0.2281,0.2742,0.2101,0.2984,0.1891,0.3276
AP3,Female,98,2037,0.2491,0.2253,0.2729,0.2070,0.2964,0.1863,0.3287
AP3,Female,98,2038,0.2468,0.2221,0.2714,0.2047,0.2969,0.1834,0.3278
AP3,Female,98,2039,0.2444,0.2205,0.2692,0.1996,0.2962,0.1815,0.3208
AP3,Female,98,2040,0.2421,0.2171,0.2673,0.1957,0.2949,0.1771,0.3238
AP3,Female,99,2021,0.3145,0.3082,0.3219,0.3020,0.3283,0.2952,0.3347
AP3,Female,99,2022,0.3119,0.3029,0.3222,0.2946,0.3307,0.2862,0.3403
AP3,Female,99,2023,0.3092,0.2983,0.3213,0.2879,0.3321,0.2770,0.3454
AP3,Female,99,2024,0.3065,0.2939,0.3209,0.2828,0.3333,0.2711,0.3482
AP3,Female,99,2025,0.3039,0.2880,0.3204,0.2766,0.3354,0.2649,0.3504
AP3,Female,99,2026,0.3013,0.2854,0.3184,0.2704,0.3326,0.2571,0.3509
AP3,Female,99,2027,0.2987,0.2803,0.3183,0.2656,0.3342,0.2512,0.3513
AP3,Female,99,2028,0.2961,0.2781,0.3146,0.2616,0.3348,0.2449,0.3528
AP3,Female,99,2029,0.2935,0.2734,0.3129,0.2571,0.3321,0.2403,0.3547
AP3,Female,99,2030,0.2909,0.2709,0.3109,0.2528,0.3323,0.2345,0.3550
AP3,Female,99,2031,0.2884,0.2674,0.3096,0.2489,0.3318,0.2282,0.3566
AP3,Female,99,2032,0.2858,0.2641,0.3080,0.2454,0.3314,0.2257,0.3563
AP3,Female,99,2033,0.2833,0.2598,0.3050,0.2436,0.3303,0.2231,0.3550
AP3,Female,99,2034,0.2808,0.2566,0.3044,0.2388,0.3277,0.2189,0.3539
AP3,Female,99,2035,0.2783,0.2531,0.3030,0.2354,0.3263,0.2156,0.3545
AP3,Female,99,2036,0.2758,0.2505,0.3002,0.2306,0.3263,0.2078,0.3572
AP3,Female,99,2037,0.2733,0.2474,0.2990,0.2273,0.3241,0.2049,0.3592
AP3,Female,99,2038,0.2708,0.2439,0.2974,0.2247,0.3249,0.2019,0.3580
AP3,Female,99,2039,0.2684,0.2420,0.2948,0.2197,0.3242,0.1996,0.3507
AP3,Female,99,2040,0.2659,0.2386,0.2934,0.2148,0.3229,0.1947,0.3538
AP3,Female,100,2021,0.3416,0.3349,0.3494,0.3283,0.3564,0.3210,0.3631
AP3,Female,100,2022,0.3389,0.3294,0.3499,0.3203,0.3589,0.3116,0.3690
AP3,Female,100,2023,0.3361,0.3245,0.3490,0.3134,0.3605,0.3015,0.3746
AP3,Female,100,2024,0.3334,0.3199,0.3487,0.3079,0.3618,0.2951,0.3777
AP3,Female,100,2025,0.3306,0.3138,0.3481,0.3014,0.3642,0.2889,0.3800
AP3,Female,100,2026,0.3279,0.3110,0.3462,0.2947,0.3613,0.2805,0.3808
AP3,Female,100,2027,0.3252,0.3054,0.3460,0.2896,0.3630,0.2740,0.3814
AP3,Female,100,2028,0.3225,0.3033,0.3425,0.2854,0.3639,0.2674,0.3828
AP3,Female,100,2029,0.3199,0.2983,0.3406,0.2805,0.3608,0.2628,0.3851
AP3,Female,100,2030,0.3172,0.2955,0.3388,0.2762,0.3614,0.2562,0.3853
AP3,Female,100,2031,0.3145,0.2920,0.3373,0.2717,0.3608,0.2496,0.3873
AP3,Female,100,2032,0.3119,0.2885,0.3357,0.2684,0.3607,0.2470,0.3865
AP3,Female,100,2033,0.3093,0.2839,0.3327,0.2666,0.3598,0.2444,0.3854
AP3,Female,100,2034,0.3066,0.2808,0.3322,0.2614,0.3571,0.2399,0.3848
AP3,Female,100,2035,0.3040,0.2767,0.3303,0.2579,0.3557,0.2362,0.3853
AP3,Female,100,2036,0.3014,0.2744,0.3277,0.2527,0.3556,0.2275,0.3880
AP3,Female,100,2037,0.2989,0.2710,0.3262,0.2492,0.3535,0.2247,0.3909
AP3,Female,100,2038,0.2963,0.2674,0.3249,0.2459,0.3541,0.2217,0.3893
AP3,Female,100,2039,0.2937,0.2652,0.3221,0.2411,0.3534,0.2188,0.3809
AP3,Female,100,2040,0.2912,0.2614,0.3209,0.2357,0.3525,0.2135,0.3850
AP2,Male,18,2021,0.0001,0.0001,0.0001,0.0001,0.0001,0.0001,0.0001
AP2,Male,18,2022,0.0001,0.0001,0.0001,0.0001,0.0001,0.0001,0.0001
AP2,Male,18,2023,0.0001,0.0001,0.0001,0.0001,0.0001,0.0001,0.0001
AP2,Male,18,2024,0.0001,0.0001,0.0001,0.0001,0.0001,0.0001,0.0001
AP2,Male,18,2025,0.0001,0.0001,0.0001,0.0001,0.0001,0.0001,0.0001
AP2,Male,18,2026,0.0001,0.0001,0.0001,0.0001,0.0001,0.0001,0.0001
AP2,Male,18,2027,0.0001,0.0001,0.0001,0.0001,0.0001,0.0001,0.0001
AP2,Male,18,2028,0.0001,0.0001,0.0001,0.0001,0.0001,0.0001,0.0001
AP2,Male,18,2029,0.0001,0.0001,0.0001,0.0001,0.0001,0.0001,0.0001
AP2,Male,18,2030,0.0001,0.0001,0.0001,0.0001,0.0001,0.0001,0.0001
AP2,Male,18,2031,0.0001,0.0001,0.0001,0.0001,0.0001,0.0001,0.0001
AP2,Male,18,2032,0.0001,0.0001,0.0001,0.0001,0.0001,0.0001,0.0001
AP2,Male,18,2033,0.0001,0.0001,0.0001,0.0001,0.0001,0.0001,0.0001
AP2,Male,18,2034,0.0001,0.0001,0.0001,0.0001,0.0001,0.0001,0.0001
AP2,Male,18,2035,0.0001,0.0001,0.0001,0.0001,0.0001,0.0001,0.0001
AP2,Male,18,2036,0.0001,0.0001,0.0001,0.0001,0.0001,0.0001,0.0001
AP2,Male,18,2037,0.0001,0.0001,0.0001,0.0001,0.0001,0.0001,0.0001
AP2,Male,18,2038,0.0001,0.0001,0.0001,0.0001,0.0001,0.0001,0.0001
AP2,Male,18,2039,0.0001,0.0001,0.0001,0.0001,0.0001,0.0001,0.0001
AP2,Male,18,2040,0.0001,0.0001,0.0001,0.0001,0.0001,0.0001,0.0001
AP2,Male,19,2021,0.0001,0.0001,0.0001,0.0001,0.0001,0.0001,0.0001
AP2,Male,19,2022,0.0001,0.0001,0.0001,0.0001,0.0001,0.0001,0.0001
AP2,Male,19,2023,0.0001,0.0001,0.0001,0.0001,0.0001,0.0001,0.0001
AP2,Male,19,2024,0.0001,0.0001,0.0001,0.0001,0.0001,0.0001,0.0001
AP2,Male,19,2025,0.0001,0.0001,0.0001,0.0001,0.0001,0.0001,0.0001
AP2,Male,19,2026,0.0001,0.0001,0.0001,0.0001,0.0001,0.0001,0.0001
AP2,Male,19,2027,0.0001,0.0001,0.0001,0.0001,0.0001,0.0001,0.0001
AP2,Male,19,2028,0.0001,0.0001,0.0001,0.0001,0.0001,0.0001,0.0001
AP2,Male,19,2029,0.0001,0.0001,0.0001,0.0001,0.0001,0.0001,0.0001
AP2,Male,19,2030,0.0001,0.0001,0.0001,0.0001,0.0001,0.0001,0.0001
AP2,Male,19,2031,0.0001,0.0001,0.0001,0.0001,0.0001,0.0001,0.0001
AP2,Male,19,2032,0.0001,0.0001,0.0001,0.0001,0.0001,0.0001,0.0001
AP2,Male,19,2033,0.0001,0.0001,0.0001,0.0001,0.0001,0.0001,0.0001
AP2,Male,19,2034,0.0001,0.0001,0.0001,0.0001,0.0001,0.0001,0.0001
AP2,Male,19,2035,0.0001,0.0001,0.0001,0.0001,0.0001,0.0001,0.0001
AP2,Male,19,2036,0.0001,0.0001,0.0001,0.0001,0.0001,0.0001,0.0001
AP2,Male,19,2037,0.0001,0.0001,0.0001,0.0001,0.0001,0.0001,0.0001
AP2,Male,19,2038,0.0001,0.0001,0.0001,0.0001,0.0001,0.0001,0.0001
AP2,Male,19,2039,0.0001,0.0001,0.0001,0.0001,0.0001,0.0001,0.0001
AP2,Male,19,2040,0.0001,0.0001,0.0001,0.0001,0.0001,0.0001,0.0001
AP2,Male,20,2021,0.0001,0.0001,0.0002,0.0001,0.0002,0.0001,0.0002
AP2,Male,20,2022,0.0001,0.0001,0.0002,0.0001,0.0002,0.0001,0.0002
AP2,Male,20,2023,0.0001,0.0001,0.0001,0.0001,0.0002,0.0001,0.0002
AP2,Male,20,2024,0.0001,0.0001,0.0001,0.0001,0.0002,0.0001,0.0002
AP2,Male,20,2025,0.0001,0.0001,0.0001,0.0001,0.0002,0.0001,0.0002
AP2,Male,20,2026,0.0001,0.0001,0.0001,0.0001,0.0001,0.0001,0.0002
AP2,Male,20,2027,0.0001,0.0001,0.0001,0.0001,0.0001,0.0001,0.0002
AP2,Male,20,2028,0.0001,0.0001,0.0001,0.0001,0.0001,0.0001,0.0002
AP2,Male,20,2029,0.0001,0.0001,0.0001,0.0001,0.0001,0.0001,0.0002
AP2,Male,20,2030,0.0001,0.0001,0.0001,0.0001,0.0001,0.0001,0.0002
AP2,Male,20,2031,0.0001,0.0001,0.0001,0.0001,0.0001,0.0001,0.0002
AP2,Male,20,2032,0.0001,0.0001,0.0001,0.0001,0.0001,0.0001,0.0002
AP2,Male,20,2033,0.0001,0.0001,0.0001,0.0001,0.0001,0.0001,0.0002
AP2,Male,20,2034,0.0001,0.0001,0.0001,0.0001,0.0001,0.0001,0.0001
AP2,Male,20,2035,0.0001,0.0001,0.0001,0.0001,0.0001,0.0001,0.0001
AP2,Male,20,2036,0.0001,0.0001,0.0001,0.0001,0.0001,0.0001,0.0001
AP2,Male,20,2037,0.0001,0.0001,0.0001,0.0001,0.0001,0.0001,0.0001
AP2,Male,20,2038,0.0001,0.0001,0.0001,0.0001,0.0001,0.0001,0.0001
AP2,Male,20,2039,0.0001,0.0001,0.0001,0.0001,0.0001,0.0001,0.0001
AP2,Male,20,2040,0.0001,0.0001,0.0001,0.0001,0.0001,0.0001,0.0001
AP2,Male,21,2021,0.0002,0.0002,0.0002,0.0002,0.0002,0.0002,0.0002
AP2,Male,21,2022,0.0002,0.0002,0.0002,0.0002,0.0002,0.0001,0.0002
AP2,Male,21,2023,0.0002,0.0002,0.0002,0.0001,0.0002,0.0001,0.0002
AP2,Male,21,2024,0.0002,0.0001,0.0002,0.0001,0.0002,0.0001,0.0002
AP2,Male,21,2025,0.0002,0.0001,0.0002,0.0001,0.0002,0.0001,0.0002
AP2,Male,21,2026,0.0001,0.0001,0.0002,0.0001,0.0002,0.0001,0.0002
AP2,Male,21,2027,0.0001,0.0001,0.0002,0.0001,0.0002,0.0001,0.0002
AP2,Male,21,2028,0.0001,0.0001,0.0002,0.0001,0.0002,0.0001,0.0002
AP2,Male,21,2029,0.0001,0.0001,0.0002,0.0001,0.0002,0.0001,0.0002
AP2,Male,21,2030,0.0001,0.0001,0.0001,0.0001,0.0002,0.0001,0.0002
AP2,Male,21,2031,0.0001,0.0001,0.0001,0.0001,0.0002,0.0001,0.0002
AP2,Male,21,2032,0.0001,0.0001,0.0001,0.0001,0.0002,0.0001,0.0002
AP2,Male,21,2033,0.0001,0.0001,0.0001,0.0001,0.0002,0.0001,0.0002
AP2,Male,21,2034,0.0001,0.0001,0.0001,0.0001,0.0002,0.0001,0.0002
AP2,Male,21,2035,0.0001,0.0001,0.0001,0.0001,0.0001,0.0001,0.0002
AP2,Male,21,2036,0.0001,0.0001,0.0001,0.0001,0.0001,0.0001,0.0002
AP2,Male,21,2037,0.0001,0.0001,0.0001,0.0001,0.0001,0.0001,0.0002
AP2,Male,21,2038,0.0001,0.0001,0.0001,0.0001,0.0001,0.0001,0.0002
AP2,Male,21,2039,0.0001,0.0001,0.0001,0.0001,0.0001,0.0001,0.0002
AP2,Male,21,2040,0.0001,0.0001,0.0001,0.0001,0.0001,0.0001,0.0002
AP2,Male,22,2021,0.0002,0.0002,0.0002,0.0002,0.0002,0.0002,0.0002
AP2,Male,22,2022,0.0002,0.0002,0.0002,0.0002,0.0002,0.0002,0.0002
AP2,Male,22,2023,0.0002,0.0002,0.0002,0.0002,0.0002,0.0002,0.0002
AP2,Male,22,2024,0.0002,0.0002,0.0002,0.0002,0.0002,0.0001,0.0002
AP2,Male,22,2025,0.0002,0.0002,0.0002,0.0002,0.0002,0.0001,0.0002
AP2,Male,22,2026,0.0002,0.0002,0.0002,0.0001,0.0002,0.0001,0.0002
AP2,Male,22,2027,0.0002,0.0002,0.0002,0.0001,0.0002,0.0001,0.0002
AP2,Male,22,2028,0.0002,0.0001,0.0002,0.0001,0.0002,0.0001,0.0002
AP2,Male,22,2029,0.0002,0.0001,0.0002,0.0001,0.0002,0.0001,0.0002
AP2,Male,22,2030,0.0002,0.0001,0.0002,0.0001,0.0002,0.0001,0.0002
AP2,Male,22,2031,0.0001,0.0001,0.0002,0.0001,0.0002,0.0001,0.0002
AP2,Male,22,2032,0.0001,0.0001,0.0002,0.0001,0.0002,0.0001,0.0002
AP2,Male,22,2033,0.0001,0.0001,0.0002,0.0001,0.0002,0.0001,0.0002
AP2,Male,22,2034,0.0001,0.0001,0.0002,0.0001,0.0002,0.0001,0.0002
AP2,Male,22,2035,0.0001,0.0001,0.0002,0.0001,0.0002,0.0001,0.0002
AP2,Male,22,2036,0.0001,0.0001,0.0001,0.0001,0.0002,0.0001,0.0002
AP2,Male,22,2037,0.0001,0.0001,0.0001,0.0001,0.0002,0.0001,0.0002
AP2,Male,22,2038,0.0001,0.0001,0.0001,0.0001,0.0002,0.0001,0.0002
AP2,Male,22,2039,0.0001,0.0001,0.0001,0.0001,0.0002,0.0001,0.0002
AP2,Male,22,2040,0.0001,0.0001,0.0001,0.0001,0.0001,0.0001,0.0002
AP2,Male,23,2021,0.0002,0.0002,0.0002,0.0002,0.0002,0.0002,0.0002
AP2,Male,23,2022,0.0002,0.0002,0.0002,0.0002,0.0002,0.0002,0.0002
AP2,Male,23,2023,0.0002,0.0002,0.0002,0.0002,0.0002,0.0002,0.0002
AP2,Male,23,2024,0.0002,0.0002,0.0002,0.0002,0.0002,0.0002,0.0002
AP2,Male,23,2025,0.0002,0.0002,0.0002,0.0002,0.0002,0.0002,0.0002
AP2,Male,23,2026,0.0002,0.0002,0.0002,0.0002,0.0002,0.0002,0.0002
AP2,Male,23,2027,0.0002,0.0002,0.0002,0.0002,0.0002,0.0001,0.0002
AP2,Male,23,2028,0.0002,0.0002,0.0002,0.0002,0.0002,0.0001,0.0002
AP2,Male,23,2029,0.0002,0.0002,0.0002,0.0001,0.0002,0.0001,0.0002
AP2,Male,23,2030,0.0002,0.0002,0.0002,0.0001,0.0002,0.0001,0.0002
AP2,Male,23,2031,0.0002,0.0002,0.0002,0.0001,0.0002,0.0001,0.0002
AP2,Male,23,2032,0.0002,0.0001,0.0002,0.0001,0.0002,0.0001,0.0002
AP2,Male,23,2033,0.0002,0.0001,0.0002,0.0001,0.0002,0.0001,0.0002
AP2,Male,23,2034,0.0002,0.0001,0.0002,0.0001,0.0002,0.0001,0.0002
AP2,Male,23,2035,0.0002,0.0001,0.0002,0.0001,0.0002,0.0001,0.0002
AP2,Male,23,2036,0.0001,0.0001,0.0002,0.0001,0.0002,0.0001,0.0002
AP2,Male,23,2037,0.0001,0.0001,0.0002,0.0001,0.0002,0.0001,0.0002
AP2,Male,23,2038,0.0001,0.0001,0.0002,0.0001,0.0002,0.0001,0.0002
AP2,Male,23,2039,0.0001,0.0001,0.0002,0.0001,0.0002,0.0001,0.0002
AP2,Male,23,2040,0.0001,0.0001,0.0002,0.0001,0.0002,0.0001,0.0002
AP2,Male,24,2021,0.0002,0.0002,0.0002,0.0002,0.0002,0.0002,0.0002
AP2,Male,24,2022,0.0002,0.0002,0.0002,0.0002,0.0002,0.0002,0.0002
AP2,Male,24,2023,0.0002,0.0002,0.0002,0.0002,0.0002,0.0002,0.0002
AP2,Male,24,2024,0.0002,0.0002,0.0002,0.0002,0.0002,0.0002,0.0002
AP2,Male,24,2025,0.0002,0.0002,0.0002,0.0002,0.0002,0.0002,0.0002
AP2,Male,24,2026,0.0002,0.0002,0.0002,0.0002,0.0002,0.0002,0.0002
AP2,Male,24,2027,0.0002,0.0002,0.0002,0.0002,0.0002,0.0002,0.0002
AP2,Male,24,2028,0.0002,0.0002,0.0002,0.0002,0.0002,0.0002,0.0002
AP2,Male,24,2029,0.0002,0.0002,0.0002,0.0002,0.0002,0.0002,0.0002
AP2,Male,24,2030,0.0002,0.0002,0.0002,0.0002,0.0002,0.0001,0.0002
AP2,Male,24,2031,0.0002,0.0002,0.0002,0.0002,0.0002,0.0001,0.0002
AP2,Male,24,2032,0.0002,0.0002,0.0002,0.0002,0.0002,0.0001,0.0002
AP2,Male,24,2033,0.0002,0.0002,0.0002,0.0001,0.0002,0.0001,0.0002
AP2,Male,24,2034,0.0002,0.0002,0.0002,0.0001,0.0002,0.0001,0.0002
AP2,Male,24,2035,0.0002,0.0002,0.0002,0.0001,0.0002,0.0001,0.0002
AP2,Male,24,2036,0.0002,0.0002,0.0002,0.0001,0.0002,0.0001,0.0002
AP2,Male,24,2037,0.0002,0.0001,0.0002,0.0001,0.0002,0.0001,0.0002
AP2,Male,24,2038,0.0002,0.0001,0.0002,0.0001,0.0002,0.0001,0.0002
AP2,Male,24,2039,0.0002,0.0001,0.0002,0.0001,0.0002,0.0001,0.0002
AP2,Male,24,2040,0.0002,0.0001,0.0002,0.0001,0.0002,0.0001,0.0002
AP2,Male,25,2021,0.0002,0.0002,0.0003,0.0002,0.0003,0.0002,0.0003
AP2,Male,25,2022,0.0002,0.0002,0.0002,0.0002,0.0003,0.0002,0.0003
AP2,Male,25,2023,0.0002,0.0002,0.0002,0.0002,0.0003,0.0002,0.0003
AP2,Male,25,2024,0.0002,0.0002,0.0002,0.0002,0.0003,0.0002,0.0003
AP2,Male,25,2025,0.0002,0.0002,0.0002,0.0002,0.0003,0.0002,0.0003
AP2,Male,25,2026,0.0002,0.0002,0.0002,0.0002,0.0002,0.0002,0.0003
AP2,Male,25,2027,0.0002,0.0002,0.0002,0.0002,0.0002,0.0002,0.0003
AP2,Male,25,2028,0.0002,0.0002,0.0002,0.0002,0.0002,0.0002,0.0003
AP2,Male,25,2029,0.0002,0.0002,0.0002,0.0002,0.0002,0.0002,0.0003
AP2,Male,25,2030,0.0002,0.0002,0.0002,0.0002,0.0002,0.0002,0.0003
AP2,Male,25,2031,0.0002,0.0002,0.0002,0.0002,0.0002,0.0002,0.0003
AP2,Male,25,2032,0.0002,0.0002,0.0002,0.0002,0.0002,0.0002,0.0002
AP2,Male,25,2033,0.0002,0.0002,0.0002,0.0002,0.0002,0.0002,0.0002
AP2,Male,25,2034,0.0002,0.0002,0.0002,0.0002,0.0002,0.0002,0.0002
AP2,Male,25,2035,0.0002,0.0002,0.0002,0.0002,0.0002,0.0001,0.0002
AP2,Male,25,2036,0.0002,0.0002,0.0002,0.0002,0.0002,0.0001,0.0002
AP2,Male,25,2037,0.0002,0.0002,0.0002,0.0002,0.0002,0.0001,0.0002
AP2,Male,25,2038,0.0002,0.0002,0.0002,0.0001,0.0002,0.0001,0.0002
AP2,Male,25,2039,0.0002,0.0002,0.0002,0.0001,0.0002,0.0001,0.0002
AP2,Male,25,2040,0.0002,0.0002,0.0002,0.0001,0.0002,0.0001,0.0002
AP2,Male,26,2021,0.0003,0.0003,0.0003,0.0003,0.0003,0.0003,0.0003
AP2,Male,26,2022,0.0003,0.0003,0.0003,0.0003,0.0003,0.0002,0.0003
AP2,Male,26,2023,0.0003,0.0003,0.0003,0.0002,0.0003,0.0002,0.0003
AP2,Male,26,2024,0.0003,0.0002,0.0003,0.0002,0.0003,0.0002,0.0003
AP2,Male,26,2025,0.0003,0.0002,0.0003,0.0002,0.0003,0.0002,0.0003
AP2,Male,26,2026,0.0002,0.0002,0.0003,0.0002,0.0003,0.0002,0.0003
AP2,Male,26,2027,0.0002,0.0002,0.0003,0.0002,0.0003,0.0002,0.0003
AP2,Male,26,2028,0.0002,0.0002,0.0003,0.0002,0.0003,0.0002,0.0003
AP2,Male,26,2029,0.0002,0.0002,0.0002,0.0002,0.0003,0.0002,0.0003
AP2,Male,26,2030,0.0002,0.0002,0.0002,0.0002,0.0003,0.0002,0.0003
AP2,Male,26,2031,0.0002,0.0002,0.0002,0.0002,0.0003,0.0002,0.0003
AP2,Male,26,2032,0.0002,0.0002,0.0002,0.0002,0.0003,0.0002,0.0003
AP2,Male,26,2033,0.0002,0.0002,0.0002,0.0002,0.0003,0.0002,0.0003
AP2,Male,26,2034,0.0002,0.0002,0.0002,0.0002,0.0002,0.0002,0.0003
AP2,Male,26,2035,0.0002,0.0002,0.0002,0.0002,0.0002,0.0002,0.0003
AP2,Male,26,2036,0.0002,0.0002,0.0002,0.0002,0.0002,0.0002,0.0003
AP2,Male,26,2037,0.0002,0.0002,0.0002,0.0002,0.0002,0.0002,0.0003
AP2,Male,26,2038,0.0002,0.0002,0.0002,0.0002,0.0002,0.0001,0.0003
AP2,Male,26,2039,0.0002,0.0002,0.0002,0.0002,0.0002,0.0001,0.0003
AP2,Male,26,2040,0.0002,0.0002,0.0002,0.0002,0.0002,0.0001,0.0002
AP2,Male,27,2021,0.0003,0.0003,0.0003,0.0003,0.0003,0.0003,0.0003
AP2,Male,27,2022,0.0003,0.0003,0.0003,0.0003,0.0003,0.0003,0.0003
AP2,Male,27,2023,0.0003,0.0003,0.0003,0.0003,0.0003,0.0003,0.0003
AP2,Male,27,2024,0.0003,0.0003,0.0003,0.0003,0.0003,0.0003,0.0003
AP2,Male,27,2025,0.0003,0.0003,0.0003,0.0003,0.0003,0.0002,0.0003
AP2,Male,27,2026,0.0003,0.0003,0.0003,0.0002,0.0003,0.0002,0.0003
AP2,Male,27,2027,0.0003,0.0003,0.0003,0.0002,0.0003,0.0002,0.0003
AP2,Male,27,2028,0.0003,0.0002,0.0003,0.0002,0.0003,0.0002,0.0003
AP2,Male,27,2029,0.0003,0.0002,0.0003,0.0002,0.0003,0.0002,0.0003
AP2,Male,27,2030,0.0003,0.0002,0.0003,0.0002,0.0003,0.0002,0.0003
AP2,Male,27,2031,0.0002,0.0002,0.0003,0.0002,0.0003,0.0002,0.0003
AP2,Male,27,2032,0.0002,0.0002,0.0003,0.0002,0.0003,0.0002,0.0003
AP2,Male,27,2033,0.0002,0.0002,0.0003,0.0002,0.0003,0.0002,0.0003
AP2,Male,27,2034,0.0002,0.0002,0.0003,0.0002,0.0003,0.0002,0.0003
AP2,Male,27,2035,0.0002,0.0002,0.0003,0.0002,0.0003,0.0002,0.0003
AP2,Male,27,2036,0.0002,0.0002,0.0002,0.0002,0.0003,0.0002,0.0003
AP2,Male,27,2037,0.0002,0.0002,0.0002,0.0002,0.0003,0.0002,0.0003
AP2,Male,27,2038,0.0002,0.0002,0.0002,0.0002,0.0003,0.0002,0.0003
AP2,Male,27,2039,0.0002,0.0002,0.0002,0.0002,0.0003,0.0002,0.0003
AP2,Male,27,2040,0.0002,0.0002,0.0002,0.0002,0.0002,0.0002,0.0003
AP2,Male,28,2021,0.0003,0.0003,0.0003,0.0003,0.0003,0.0003,0.0004
AP2,Male,28,2022,0.0003,0.0003,0.0003,0.0003,0.0003,0.0003,0.0004
AP2,Male,28,2023,0.0003,0.0003,0.0003,0.0003,0.0003,0.0003,0.0004
AP2,Male,28,2024,0.0003,0.0003,0.0003,0.0003,0.0003,0.0003,0.0004
AP2,Male,28,2025,0.0003,0.0003,0.0003,0.0003,0.0003,0.0003,0.0004
AP2,Male,28,2026,0.0003,0.0003,0.0003,0.0003,0.0003,0.0003,0.0004
AP2,Male,28,2027,0.0003,0.0003,0.0003,0.0003,0.0003,0.0003,0.0004
AP2,Male,28,2028,0.0003,0.0003,0.0003,0.0003,0.0003,0.0002,0.0004
AP2,Male,28,2029,0.0003,0.0003,0.0003,0.0003,0.0003,0.0002,0.0003
AP2,Male,28,2030,0.0003,0.0003,0.0003,0.0002,0.0003,0.0002,0.0003
AP2,Male,28,2031,0.0003,0.0003,0.0003,0.0002,0.0003,0.0002,0.0003
AP2,Male,28,2032,0.0003,0.0003,0.0003,0.0002,0.0003,0.0002,0.0003
AP2,Male,28,2033,0.0003,0.0002,0.0003,0.0002,0.0003,0.0002,0.0003
AP2,Male,28,2034,0.0003,0.0002,0.0003,0.0002,0.0003,0.0002,0.0003
AP2,Male,28,2035,0.0003,0.0002,0.0003,0.0002,0.0003,0.0002,0.0003
AP2,Male,28,2036,0.0002,0.0002,0.0003,0.0002,0.0003,0.0002,0.0003
AP2,Male,28,2037,0.0002,0.0002,0.0003,0.0002,0.0003,0.0002,0.0003
AP2,Male,28,2038,0.0002,0.0002,0.0003,0.0002,0.0003,0.0002,0.0003
AP2,Male,28,2039,0.0002,0.0002,0.0003,0.0002,0.0003,0.0002,0.0003
AP2,Male,28,2040,0.0002,0.0002,0.0003,0.0002,0.0003,0.0002,0.0003
AP2,Male,29,2021,0.0004,0.0004,0.0004,0.0004,0.0004,0.0003,0.0004
AP2,Male,29,2022,0.0004,0.0004,0.0004,0.0003,0.0004,0.0003,0.0004
AP2,Male,29,2023,0.0004,0.0003,0.0004,0.0003,0.0004,0.0003,0.0004
AP2,Male,29,2024,0.0003,0.0003,0.0004,0.0003,0.0004,0.0003,0.0004
AP2,Male,29,2025,0.0003,0.0003,0.0004,0.0003,0.0004,0.0003,0.0004
AP2,Male,29,2026,0.0003,0.0003,0.0004,0.0003,0.0004,0.0003,0.0004
AP2,Male,29,2027,0.0003,0.0003,0.0003,0.0003,0.0004,0.0003,0.0004
AP2,Male,29,2028,0.0003,0.0003,0.0003,0.0003,0.0004,0.0003,0.0004
AP2,Male,29,2029,0.0003,0.0003,0.0003,0.0003,0.0004,0.0003,0.0004
AP2,Male,29,2030,0.0003,0.0003,0.0003,0.0003,0.0004,0.0003,0.0004
AP2,Male,29,2031,0.0003,0.0003,0.0003,0.0003,0.0004,0.0003,0.0004
AP2,Male,29,2032,0.0003,0.0003,0.0003,0.0003,0.0003,0.0002,0.0004
AP2,Male,29,2033,0.0003,0.0003,0.0003,0.0003,0.0003,0.0002,0.0004
AP2,Male,29,2034,0.0003,0.0003,0.0003,0.0002,0.0003,0.0002,0.0004
AP2,Male,29,2035,0.0003,0.0003,0.0003,0.0002,0.0003,0.0002,0.0004
AP2,Male,29,2036,0.0003,0.0003,0.0003,0.0002,0.0003,0.0002,0.0004
AP2,Male,29,2037,0.0003,0.0003,0.0003,0.0002,0.0003,0.0002,0.0003
AP2,Male,29,2038,0.0003,0.0002,0.0003,0.0002,0.0003,0.0002,0.0003
AP2,Male,29,2039,0.0003,0.0002,0.0003,0.0002,0.0003,0.0002,0.0003
AP2,Male,29,2040,0.0003,0.0002,0.0003,0.0002,0.0003,0.0002,0.0003
AP2,Male,30,2021,0.0004,0.0004,0.0004,0.0004,0.0004,0.0004,0.0004
AP2,Male,30,2022,0.0004,0.0004,0.0004,0.0004,0.0004,0.0004,0.0004
AP2,Male,30,2023,0.0004,0.0004,0.0004,0.0004,0.0004,0.0004,0.0004
AP2,Male,30,2024,0.0004,0.0004,0.0004,0.0004,0.0004,0.0003,0.0004
AP2,Male,30,2025,0.0004,0.0004,0.0004,0.0003,0.0004,0.0003,0.0004
AP2,Male,30,2026,0.0004,0.0004,0.0004,0.0003,0.0004,0.0003,0.0004
AP2,Male,30,2027,0.0004,0.0003,0.0004,0.0003,0.0004,0.0003,0.0004
AP2,Male,30,2028,0.0004,0.0003,0.0004,0.0003,0.0004,0.0003,0.0004
AP2,Male,30,2029,0.0004,0.0003,0.0004,0.0003,0.0004,0.0003,0.0004
AP2,Male,30,2030,0.0003,0.0003,0.0004,0.0003,0.0004,0.0003,0.0004
AP2,Male,30,2031,0.0003,0.0003,0.0004,0.0003,0.0004,0.0003,0.0004
AP2,Male,30,2032,0.0003,0.0003,0.0004,0.0003,0.0004,0.0003,0.0004
AP2,Male,30,2033,0.0003,0.0003,0.0004,0.0003,0.0004,0.0003,0.0004
AP2,Male,30,2034,0.0003,0.0003,0.0003,0.0003,0.0004,0.0003,0.0004
AP2,Male,30,2035,0.0003,0.0003,0.0003,0.0003,0.0004,0.0003,0.0004
AP2,Male,30,2036,0.0003,0.0003,0.0003,0.0003,0.0004,0.0002,0.0004
AP2,Male,30,2037,0.0003,0.0003,0.0003,0.0003,0.0004,0.0002,0.0004
AP2,Male,30,2038,0.0003,0.0003,0.0003,0.0003,0.0003,0.0002,0.0004
AP2,Male,30,2039,0.0003,0.0003,0.0003,0.0002,0.0003,0.0002,0.0004
AP2,Male,30,2040,0.0003,0.0003,0.0003,0.0002,0.0003,0.0002,0.0004
AP2,Male,31,2021,0.0005,0.0004,0.0005,0.0004,0.0005,0.0004,0.0005
AP2,Male,31,2022,0.0004,0.0004,0.0005,0.0004,0.0005,0.0004,0.0005
AP2,Male,31,2023,0.0004,0.0004,0.0005,0.0004,0.0005,0.0004,0.0005
AP2,Male,31,2024,0.0004,0.0004,0.0004,0.0004,0.0005,0.0004,0.0005
AP2,Male,31,2025,0.0004,0.0004,0.0004,0.0004,0.0005,0.0004,0.0005
AP2,Male,31,2026,0.0004,0.0004,0.0004,0.0004,0.0005,0.0004,0.0005
AP2,Male,31,2027,0.0004,0.0004,0.0004,0.0004,0.0004,0.0003,0.0005
AP2,Male,31,2028,0.0004,0.0004,0.0004,0.0004,0.0004,0.0003,0.0005
AP2,Male,31,2029,0.0004,0.0004,0.0004,0.0003,0.0004,0.0003,0.0005
AP2,Male,31,2030,0.0004,0.0004,0.0004,0.0003,0.0004,0.0003,0.0005
AP2,Male,31,2031,0.0004,0.0004,0.0004,0.0003,0.0004,0.0003,0.0005
AP2,Male,31,2032,0.0004,0.0003,0.0004,0.0003,0.0004,0.0003,0.0005
AP2,Male,31,2033,0.0004,0.0003,0.0004,0.0003,0.0004,0.0003,0.0004
AP2,Male,31,2034,0.0004,0.0003,0.0004,0.0003,0.0004,0.0003,0.0004
AP2,Male,31,2035,0.0003,0.0003,0.0004,0.0003,0.0004,0.0003,0.0004
AP2,Male,31,2036,0.0003,0.0003,0.0004,0.0003,0.0004,0.0003,0.0004
AP2,Male,31,2037,0.0003,0.0003,0.0004,0.0003,0.0004,0.0003,0.0004
AP2,Male,31,2038,0.0003,0.0003,0.0004,0.0003,0.0004,0.0003,0.0004
AP2,Male,31,2039,0.0003,0.0003,0.0004,0.0003,0.0004,0.0003,0.0004
AP2,Male,31,2040,0.0003,0.0003,0.0003,0.0003,0.0004,0.0002,0.0004
AP2,Male,32,2021,0.0005,0.0005,0.0005,0.0005,0.0005,0.0005,0.0005
AP2,Male,32,2022,0.0005,0.0005,0.0005,0.0005,0.0005,0.0005,0.0005
AP2,Male,32,2023,0.0005,0.0005,0.0005,0.0005,0.0005,0.0004,0.0005
AP2,Male,32,2024,0.0005,0.0005,0.0005,0.0004,0.0005,0.0004,0.0005
AP2,Male,32,2025,0.0005,0.0004,0.0005,0.0004,0.0005,0.0004,0.0005
AP2,Male,32,2026,0.0005,0.0004,0.0005,0.0004,0.0005,0.0004,0.0005
AP2,Male,32,2027,0.0004,0.0004,0.0005,0.0004,0.0005,0.0004,0.0005
AP2,Male,32,2028,0.0004,0.0004,0.0005,0.0004,0.0005,0.0004,0.0005
AP2,Male,32,2029,0.0004,0.0004,0.0005,0.0004,0.0005,0.0004,0.0005
AP2,Male,32,2030,0.0004,0.0004,0.0005,0.0004,0.0005,0.0004,0.0005
AP2,Male,32,2031,0.0004,0.0004,0.0004,0.0004,0.0005,0.0003,0.0005
AP2,Male,32,2032,0.0004,0.0004,0.0004,0.0004,0.0005,0.0003,0.0005
AP2,Male,32,2033,0.0004,0.0004,0.0004,0.0004,0.0005,0.0003,0.0005
AP2,Male,32,2034,0.0004,0.0004,0.0004,0.0003,0.0005,0.0003,0.0005
AP2,Male,32,2035,0.0004,0.0004,0.0004,0.0003,0.0005,0.0003,0.0005
AP2,Male,32,2036,0.0004,0.0004,0.0004,0.0003,0.0004,0.0003,0.0005
AP2,Male,32,2037,0.0004,0.0003,0.0004,0.0003,0.0004,0.0003,0.0005
AP2,Male,32,2038,0.0004,0.0003,0.0004,0.0003,0.0004,0.0003,0.0005
AP2,Male,32,2039,0.0004,0.0003,0.0004,0.0003,0.0004,0.0003,0.0005
AP2,Male,32,2040,0.0003,0.0003,0.0004,0.0003,0.0004,0.0003,0.0005
AP2,Male,33,2021,0.0006,0.0005,0.0006,0.0005,0.0006,0.0005,0.0006
AP2,Male,33,2022,0.0005,0.0005,0.0006,0.0005,0.0006,0.0005,0.0006
AP2,Male,33,2023,0.0005,0.0005,0.0006,0.0005,0.0006,0.0005,0.0006
AP2,Male,33,2024,0.0005,0.0005,0.0005,0.0005,0.0006,0.0005,0.0006
AP2,Male,33,2025,0.0005,0.0005,0.0005,0.0005,0.0006,0.0005,0.0006
AP2,Male,33,2026,0.0005,0.0005,0.0005,0.0005,0.0006,0.0004,0.0006
AP2,Male,33,2027,0.0005,0.0005,0.0005,0.0005,0.0005,0.0004,0.0006
AP2,Male,33,2028,0.0005,0.0005,0.0005,0.0004,0.0005,0.0004,0.0006
AP2,Male,33,2029,0.0005,0.0005,0.0005,0.0004,0.0005,0.0004,0.0006
AP2,Male,33,2030,0.0005,0.0004,0.0005,0.0004,0.0005,0.0004,0.0006
AP2,Male,33,2031,0.0005,0.0004,0.0005,0.0004,0.0005,0.0004,0.0006
AP2,Male,33,2032,0.0005,0.0004,0.0005,0.0004,0.0005,0.0004,0.0006
AP2,Male,33,2033,0.0004,0.0004,0.0005,0.0004,0.0005,0.0004,0.0005
AP2,Male,33,2034,0.0004,0.0004,0.0005,0.0004,0.0005,0.0004,0.0005
AP2,Male,33,2035,0.0004,0.0004,0.0005,0.0004,0.0005,0.0004,0.0005
AP2,Male,33,2036,0.0004,0.0004,0.0005,0.0004,0.0005,0.0003,0.0005
AP2,Male,33,2037,0.0004,0.0004,0.0004,0.0004,0.0005,0.0003,0.0005
AP2,Male,33,2038,0.0004,0.0004,0.0004,0.0003,0.0005,0.0003,0.0005
AP2,Male,33,2039,0.0004,0.0004,0.0004,0.0003,0.0005,0.0003,0.0005
AP2,Male,33,2040,0.0004,0.0004,0.0004,0.0003,0.0005,0.0003,0.0005
AP2,Male,34,2021,0.0006,0.0006,0.0006,0.0006,0.0006,0.0006,0.0006
AP2,Male,34,2022,0.0006,0.0006,0.0006,0.0006,0.0006,0.0006,0.0007
AP2,Male,34,2023,0.0006,0.0006,0.0006,0.0006,0.0006,0.0005,0.0007
AP2,Male,34,2024,0.0006,0.0006,0.0006,0.0005,0.0006,0.0005,0.0007
AP2,Male,34,2025,0.0006,0.0005,0.0006,0.0005,0.0006,0.0005,0.0006
AP2,Male,34,2026,0.0006,0.0005,0.0006,0.0005,0.0006,0.0005,0.0006
AP2,Male,34,2027,0.0006,0.0005,0.0006,0.0005,0.0006,0.0005,0.0006
AP2,Male,34,2028,0.0005,0.0005,0.0006,0.0005,0.0006,0.0005,0.0006
AP2,Male,34,2029,0.0005,0.0005,0.0006,0.0005,0.0006,0.0005,0.0006
AP2,Male,34,2030,0.0005,0.0005,0.0006,0.0005,0.0006,0.0004,0.0006
AP2,Male,34,2031,0.0005,0.0005,0.0005,0.0005,0.0006,0.0004,0.0006
AP2,Male,34,2032,0.0005,0.0005,0.0005,0.0004,0.0006,0.0004,0.0006
AP2,Male,34,2033,0.0005,0.0005,0.0005,0.0004,0.0006,0.0004,0.0006
AP2,Male,34,2034,0.0005,0.0005,0.0005,0.0004,0.0006,0.0004,0.0006
AP2,Male,34,2035,0.0005,0.0004,0.0005,0.0004,0.0006,0.0004,0.0006
AP2,Male,34,2036,0.0005,0.0004,0.0005,0.0004,0.0005,0.0004,0.0006
AP2,Male,34,2037,0.0005,0.0004,0.0005,0.0004,0.0005,0.0004,0.0006
AP2,Male,34,2038,0.0004,0.0004,0.0005,0.0004,0.0005,0.0004,0.0006
AP2,Male,34,2039,0.0004,0.0004,0.0005,0.0004,0.0005,0.0004,0.0006
AP2,Male,34,2040,0.0004,0.0004,0.0005,0.0004,0.0005,0.0003,0.0006
AP2,Male,35,2021,0.0007,0.0007,0.0007,0.0007,0.0007,0.0006,0.0007
AP2,Male,35,2022,0.0007,0.0007,0.0007,0.0006,0.0007,0.0006,0.0007
AP2,Male,35,2023,0.0007,0.0006,0.0007,0.0006,0.0007,0.0006,0.0007
AP2,Male,35,2024,0.0006,0.0006,0.0007,0.0006,0.0007,0.0006,0.0007
AP2,Male,35,2025,0.0006,0.0006,0.0007,0.0006,0.0007,0.0006,0.0007
AP2,Male,35,2026,0.0006,0.0006,0.0007,0.0006,0.0007,0.0005,0.0007
AP2,Male,35,2027,0.0006,0.0006,0.0006,0.0006,0.0007,0.0005,0.0007
AP2,Male,35,2028,0.0006,0.0006,0.0006,0.0005,0.0007,0.0005,0.0007
AP2,Male,35,2029,0.0006,0.0006,0.0006,0.0005,0.0007,0.0005,0.0007
AP2,Male,35,2030,0.0006,0.0005,0.0006,0.0005,0.0007,0.0005,0.0007
AP2,Male,35,2031,0.0006,0.0005,0.0006,0.0005,0.0006,0.0005,0.0007
AP2,Male,35,2032,0.0006,0.0005,0.0006,0.0005,0.0006,0.0005,0.0007
AP2,Male,35,2033,0.0005,0.0005,0.0006,0.0005,0.0006,0.0005,0.0007
AP2,Male,35,2034,0.0005,0.0005,0.0006,0.0005,0.0006,0.0004,0.0007
AP2,Male,35,2035,0.0005,0.0005,0.0006,0.0005,0.0006,0.0004,0.0007
AP2,Male,35,2036,0.0005,0.0005,0.0006,0.0005,0.0006,0.0004,0.0006
AP2,Male,35,2037,0.0005,0.0005,0.0006,0.0004,0.0006,0.0004,0.0006
AP2,Male,35,2038,0.0005,0.0005,0.0005,0.0004,0.0006,0.0004,0.0006
AP2,Male,35,2039,0.0005,0.0005,0.0005,0.0004,0.0006,0.0004,0.0006
AP2,Male,35,2040,0.0005,0.0004,0.0005,0.0004,0.0006,0.0004,0.0006
AP2,Male,36,2021,0.0008,0.0007,0.0008,0.0007,0.0008,0.0007,0.0008
AP2,Male,36,2022,0.0007,0.0007,0.0008,0.0007,0.0008,0.0007,0.0008
AP2,Male,36,2023,0.0007,0.0007,0.0008,0.0007,0.0008,0.0007,0.0008
AP2,Male,36,2024,0.0007,0.0007,0.0007,0.0007,0.0008,0.0006,0.0008
AP2,Male,36,2025,0.0007,0.0007,0.0007,0.0006,0.0008,0.0006,0.0008
AP2,Male,36,2026,0.0007,0.0007,0.0007,0.0006,0.0008,0.0006,0.0008
AP2,Male,36,2027,0.0007,0.0006,0.0007,0.0006,0.0007,0.0006,0.0008
AP2,Male,36,2028,0.0007,0.0006,0.0007,0.0006,0.0007,0.0006,0.0008
AP2,Male,36,2029,0.0007,0.0006,0.0007,0.0006,0.0007,0.0006,0.0008
AP2,Male,36,2030,0.0006,0.0006,0.0007,0.0006,0.0007,0.0005,0.0008
AP2,Male,36,2031,0.0006,0.0006,0.0007,0.0006,0.0007,0.0005,0.0008
AP2,Male,36,2032,0.0006,0.0006,0.0007,0.0005,0.0007,0.0005,0.0007
AP2,Male,36,2033,0.0006,0.0006,0.0007,0.0005,0.0007,0.0005,0.0007
AP2,Male,36,2034,0.0006,0.0006,0.0006,0.0005,0.0007,0.0005,0.0007
AP2,Male,36,2035,0.0006,0.0005,0.0006,0.0005,0.0007,0.0005,0.0007
AP2,Male,36,2036,0.0006,0.0005,0.0006,0.0005,0.0007,0.0005,0.0007
AP2,Male,36,2037,0.0006,0.0005,0.0006,0.0005,0.0007,0.0005,0.0007
AP2,Male,36,2038,0.0006,0.0005,0.0006,0.0005,0.0006,0.0004,0.0007
AP2,Male,36,2039,0.0005,0.0005,0.0006,0.0005,0.0006,0.0004,0.0007
AP2,Male,36,2040,0.0005,0.0005,0.0006,0.0005,0.0006,0.0004,0.0007
AP2,Male,37,2021,0.0008,0.0008,0.0009,0.0008,0.0009,0.0008,0.0009
AP2,Male,37,2022,0.0008,0.0008,0.0008,0.0008,0.0009,0.0008,0.0009
AP2,Male,37,2023,0.0008,0.0008,0.0008,0.0008,0.0009,0.0007,0.0009
AP2,Male,37,2024,0.0008,0.0008,0.0008,0.0007,0.0008,0.0007,0.0009
AP2,Male,37,2025,0.0008,0.0007,0.0008,0.0007,0.0008,0.0007,0.0009
AP2,Male,37,2026,0.0008,0.0007,0.0008,0.0007,0.0008,0.0007,0.0009
AP2,Male,37,2027,0.0007,0.0007,0.0008,0.0007,0.0008,0.0007,0.0009
AP2,Male,37,2028,0.0007,0.0007,0.0008,0.0007,0.0008,0.0006,0.0009
AP2,Male,37,2029,0.0007,0.0007,0.0008,0.0007,0.0008,0.0006,0.0009
AP2,Male,37,2030,0.0007,0.0007,0.0008,0.0006,0.0008,0.0006,0.0008
AP2,Male,37,2031,0.0007,0.0007,0.0007,0.0006,0.0008,0.0006,0.0008
AP2,Male,37,2032,0.0007,0.0006,0.0007,0.0006,0.0008,0.0006,0.0008
AP2,Male,37,2033,0.0007,0.0006,0.0007,0.0006,0.0008,0.0006,0.0008
AP2,Male,37,2034,0.0007,0.0006,0.0007,0.0006,0.0008,0.0006,0.0008
AP2,Male,37,2035,0.0006,0.0006,0.0007,0.0006,0.0007,0.0005,0.0008
AP2,Male,37,2036,0.0006,0.0006,0.0007,0.0006,0.0007,0.0005,0.0008
AP2,Male,37,2037,0.0006,0.0006,0.0007,0.0005,0.0007,0.0005,0.0008
AP2,Male,37,2038,0.0006,0.0006,0.0007,0.0005,0.0007,0.0005,0.0008
AP2,Male,37,2039,0.0006,0.0006,0.0007,0.0005,0.0007,0.0005,0.0008
AP2,Male,37,2040,0.0006,0.0006,0.0006,0.0005,0.0007,0.0005,0.0007
AP2,Male,38,2021,0.0009,0.0009,0.0009,0.0009,0.0010,0.0009,0.0010
AP2,Male,38,2022,0.0009,0.0009,0.0009,0.0009,0.0010,0.0008,0.0010
AP2,Male,38,2023,0.0009,0.0009,0.0009,0.0008,0.0009,0.0008,0.0010
AP2,Male,38,2024,0.0009,0.0008,0.0009,0.0008,0.0009,0.0008,0.0010
AP2,Male,38,2025,0.0009,0.0008,0.0009,0.0008,0.0009,0.0008,0.0010
AP2,Male,38,2026,0.0008,0.0008,0.0009,0.0008,0.0009,0.0007,0.0010
AP2,Male,38,2027,0.0008,0.0008,0.0009,0.0008,0.0009,0.0007,0.0010
AP2,Male,38,2028,0.0008,0.0008,0.0009,0.0007,0.0009,0.0007,0.0010
AP2,Male,38,2029,0.0008,0.0008,0.0008,0.0007,0.0009,0.0007,0.0009
AP2,Male,38,2030,0.0008,0.0007,0.0008,0.0007,0.0009,0.0007,0.0009
AP2,Male,38,2031,0.0008,0.0007,0.0008,0.0007,0.0009,0.0007,0.0009
AP2,Male,38,2032,0.0008,0.0007,0.0008,0.0007,0.0009,0.0006,0.0009
AP2,Male,38,2033,0.0007,0.0007,0.0008,0.0007,0.0009,0.0006,0.0009
AP2,Male,38,2034,0.0007,0.0007,0.0008,0.0006,0.0008,0.0006,0.0009
AP2,Male,38,2035,0.0007,0.0007,0.0008,0.0006,0.0008,0.0006,0.0009
AP2,Male,38,2036,0.0007,0.0007,0.0008,0.0006,0.0008,0.0006,0.0009
AP2,Male,38,2037,0.0007,0.0006,0.0007,0.0006,0.0008,0.0006,0.0009
AP2,Male,38,2038,0.0007,0.0006,0.0007,0.0006,0.0008,0.0006,0.0009
AP2,Male,38,2039,0.0007,0.0006,0.0007,0.0006,0.0008,0.0006,0.0008
AP2,Male,38,2040,0.0007,0.0006,0.0007,0.0006,0.0008,0.0005,0.0008
AP2,Male,39,2021,0.0010,0.0010,0.0010,0.0010,0.0011,0.0010,0.0011
AP2,Male,39,2022,0.0010,0.0010,0.0010,0.0010,0.0011,0.0009,0.0011
AP2,Male,39,2023,0.0010,0.0010,0.0010,0.0009,0.0010,0.0009,0.0011
AP2,Male,39,2024,0.0010,0.0009,0.0010,0.0009,0.0010,0.0009,0.0011
AP2,Male,39,2025,0.0010,0.0009,0.0010,0.0009,0.0010,0.0008,0.0011
AP2,Male,39,2026,0.0009,0.0009,0.0010,0.0009,0.0010,0.0008,0.0011
AP2,Male,39,2027,0.0009,0.0009,0.0010,0.0008,0.0010,0.0008,0.0011
AP2,Male,39,2028,0.0009,0.0009,0.0009,0.0008,0.0010,0.0008,0.0011
AP2,Male,39,2029,0.0009,0.0008,0.0009,0.0008,0.0010,0.0008,0.0010
AP2,Male,39,2030,0.0009,0.0008,0.0009,0.0008,0.0010,0.0007,0.0010
AP2,Male,39,2031,0.0009,0.0008,0.0009,0.0008,0.0010,0.0007,0.0010
AP2,Male,39,2032,0.0008,0.0008,0.0009,0.0008,0.0010,0.0007,0.0010
AP2,Male,39,2033,0.0008,0.0008,0.0009,0.0007,0.0009,0.0007,0.0010
AP2,Male,39,2034,0.0008,0.0008,0.0009,0.0007,0.0009,0.0007,0.0010
AP2,Male,39,2035,0.0008,0.0008,0.0009,0.0007,0.0009,0.0007,0.0010
AP2,Male,39,2036,0.0008,0.0007,0.0008,0.0007,0.0009,0.0007,0.0010
AP2,Male,39,2037,0.0008,0.0007,0.0008,0.0007,0.0009,0.0006,0.0010
AP2,Male,39,2038,0.0008,0.0007,0.0008,0.0007,0.0009,0.0006,0.0009
AP2,Male,39,2039,0.0007,0.0007,0.0008,0.0006,0.0009,0.0006,0.0009
AP2,Male,39,2040,0.0007,0.0007,0.0008,0.0006,0.0008,0.0006,0.0009
AP2,Male,40,2021,0.0011,0.0011,0.0012,0.0011,0.0012,0.0011,0.0012
AP2,Male,40,2022,0.0011,0.0011,0.0011,0.0011,0.0012,0.0010,0.0012
AP2,Male,40,2023,0.0011,0.0011,0.0011,0.0010,0.0012,0.0010,0.0012
AP2,Male,40,2024,0.0011,0.0010,0.0011,0.0010,0.0011,0.0010,0.0012
AP2,Male,40,2025,0.0011,0.0010,0.0011,0.0010,0.0011,0.0009,0.0012
AP2,Male,40,2026,0.0010,0.0010,0.0011,0.0010,0.0011,0.0009,0.0012
AP2,Male,40,2027,0.0010,0.0010,0.0011,0.0009,0.0011,0.0009,0.0012
AP2,Male,40,2028,0.0010,0.0010,0.0011,0.0009,0.0011,0.0009,0.0012
AP2,Male,40,2029,0.0010,0.0009,0.0010,0.0009,0.0011,0.0009,0.0012
AP2,Male,40,2030,0.0010,0.0009,0.0010,0.0009,0.0011,0.0008,0.0011
AP2,Male,40,2031,0.0010,0.0009,0.0010,0.0009,0.0011,0.0008,0.0011
AP2,Male,40,2032,0.0009,0.0009,0.0010,0.0008,0.0011,0.0008,0.0011
AP2,Male,40,2033,0.0009,0.0009,0.0010,0.0008,0.0010,0.0008,0.0011
AP2,Male,40,2034,0.0009,0.0008,0.0010,0.0008,0.0010,0.0008,0.0011
AP2,Male,40,2035,0.0009,0.0008,0.0010,0.0008,0.0010,0.0007,0.0011
AP2,Male,40,2036,0.0009,0.0008,0.0009,0.0008,0.0010,0.0007,0.0011
AP2,Male,40,2037,0.0009,0.0008,0.0009,0.0008,0.0010,0.0007,0.0011
AP2,Male,40,2038,0.0008,0.0008,0.0009,0.0007,0.0010,0.0007,0.0010
AP2,Male,40,2039,0.0008,0.0008,0.0009,0.0007,0.0009,0.0007,0.0010
AP2,Male,40,2040,0.0008,0.0008,0.0009,0.0007,0.0009,0.0007,0.0010
AP2,Male,41,2021,0.0013,0.0012,0.0013,0.0012,0.0013,0.0012,0.0013
AP2,Male,41,2022,0.0012,0.0012,0.0013,0.0012,0.0013,0.0012,0.0013
AP2,Male,41,2023,0.0012,0.0012,0.0013,0.0011,0.0013,0.0011,0.0013
AP2,Male,41,2024,0.0012,0.0012,0.0012,0.0011,0.0013,0.0011,0.0013
AP2,Male,41,2025,0.0012,0.0011,0.0012,0.0011,0.0013,0.0011,0.0013
AP2,Male,41,2026,0.0012,0.0011,0.0012,0.0011,0.0012,0.0010,0.0013
AP2,Male,41,2027,0.0011,0.0011,0.0012,0.0010,0.0012,0.0010,0.0013
AP2,Male,41,2028,0.0011,0.0011,0.0012,0.0010,0.0012,0.0010,0.0013
AP2,Male,41,2029,0.0011,0.0010,0.0012,0.0010,0.0012,0.0009,0.0013
AP2,Male,41,2030,0.0011,0.0010,0.0011,0.0010,0.0012,0.0009,0.0013
AP2,Male,41,2031,0.0011,0.0010,0.0011,0.0010,0.0012,0.0009,0.0012
AP2,Male,41,2032,0.0010,0.0010,0.0011,0.0009,0.0012,0.0009,0.0012
AP2,Male,41,2033,0.0010,0.0010,0.0011,0.0009,0.0012,0.0009,0.0012
AP2,Male,41,2034,0.0010,0.0009,0.0011,0.0009,0.0011,0.0008,0.0012
AP2,Male,41,2035,0.0010,0.0009,0.0011,0.0009,0.0011,0.0008,0.0012
AP2,Male,41,2036,0.0010,0.0009,0.0010,0.0009,0.0011,0.0008,0.0012
AP2,Male,41,2037,0.0009,0.0009,0.0010,0.0008,0.0011,0.0008,0.0012
AP2,Male,41,2038,0.0009,0.0009,0.0010,0.0008,0.0011,0.0008,0.0012
AP2,Male,41,2039,0.0009,0.0009,0.0010,0.0008,0.0011,0.0008,0.0011
AP2,Male,41,2040,0.0009,0.0008,0.0010,0.0008,0.0010,0.0007,0.0011
AP2,Male,42,2021,0.0014,0.0014,0.0014,0.0013,0.0014,0.0013,0.0015
AP2,Male,42,2022,0.0014,0.0013,0.0014,0.0013,0.0014,0.0013,0.0015
AP2,Male,42,2023,0.0013,0.0013,0.0014,0.0013,0.0014,0.0012,0.0015
AP2,Male,42,2024,0.0013,0.0013,0.0014,0.0012,0.0014,0.0012,0.0015
AP2,Male,42,2025,0.0013,0.0013,0.0013,0.0012,0.0014,0.0012,0.0015
AP2,Male,42,2026,0.0013,0.0012,0.0013,0.0012,0.0014,0.0011,0.0014
AP2,Male,42,2027,0.0013,0.0012,0.0013,0.0012,0.0014,0.0011,0.0014
AP2,Male,42,2028,0.0012,0.0012,0.0013,0.0011,0.0014,0.0011,0.0014
AP2,Male,42,2029,0.0012,0.0012,0.0013,0.0011,0.0013,0.0011,0.0014
AP2,Male,42,2030,0.0012,0.0011,0.0013,0.0011,0.0013,0.0010,0.0014
AP2,Male,42,2031,0.0012,0.0011,0.0012,0.0011,0.0013,0.0010,0.0014
AP2,Male,42,2032,0.0011,0.0011,0.0012,0.0010,0.0013,0.0010,0.0014
AP2,Male,42,2033,0.0011,0.0011,0.0012,0.0010,0.0013,0.0010,0.0014
AP2,Male,42,2034,0.0011,0.0010,0.0012,0.0010,0.0013,0.0009,0.0013
AP2,Male,42,2035,0.0011,0.0010,0.0012,0.0010,0.0012,0.0009,0.0013
AP2,Male,42,2036,0.0011,0.0010,0.0012,0.0010,0.0012,0.0009,0.0013
AP2,Male,42,2037,0.0011,0.0010,0.0011,0.0009,0.0012,0.0009,0.0013
AP2,Male,42,2038,0.0010,0.0010,0.0011,0.0009,0.0012,0.0009,0.0013
AP2,Male,42,2039,0.0010,0.0010,0.0011,0.0009,0.0012,0.0008,0.0012
AP2,Male,42,2040,0.0010,0.0009,0.0011,0.0009,0.0012,0.0008,0.0012
AP2,Male,43,2021,0.0015,0.0015,0.0016,0.0015,0.0016,0.0015,0.0016
AP2,Male,43,2022,0.0015,0.0015,0.0015,0.0015,0.0016,0.0014,0.0016
AP2,Male,43,2023,0.0015,0.0014,0.0015,0.0014,0.0016,0.0014,0.0016
AP2,Male,43,2024,0.0015,0.0014,0.0015,0.0014,0.0016,0.0013,0.0016
AP2,Male,43,2025,0.0014,0.0014,0.0015,0.0013,0.0015,0.0013,0.0016
AP2,Male,43,2026,0.0014,0.0014,0.0015,0.0013,0.0015,0.0013,0.0016
AP2,Male,43,2027,0.0014,0.0013,0.0015,0.0013,0.0015,0.0012,0.0016
AP2,Male,43,2028,0.0014,0.0013,0.0014,0.0013,0.0015,0.0012,0.0016
AP2,Male,43,2029,0.0013,0.0013,0.0014,0.0012,0.0015,0.0012,0.0016
AP2,Male,43,2030,0.0013,0.0013,0.0014,0.0012,0.0015,0.0011,0.0015
AP2,Male,43,2031,0.0013,0.0012,0.0014,0.0012,0.0015,0.0011,0.0015
AP2,Male,43,2032,0.0013,0.0012,0.0014,0.0012,0.0014,0.0011,0.0015
AP2,Male,43,2033,0.0013,0.0012,0.0013,0.0011,0.0014,0.0011,0.0015
AP2,Male,43,2034,0.0012,0.0012,0.0013,0.0011,0.0014,0.0010,0.0015
AP2,Male,43,2035,0.0012,0.0011,0.0013,0.0011,0.0014,0.0010,0.0015
AP2,Male,43,2036,0.0012,0.0011,0.0013,0.0011,0.0014,0.0010,0.0014
AP2,Male,43,2037,0.0012,0.0011,0.0013,0.0010,0.0013,0.0010,0.0014
AP2,Male,43,2038,0.0012,0.0011,0.0012,0.0010,0.0013,0.0010,0.0014
AP2,Male,43,2039,0.0011,0.0011,0.0012,0.0010,0.0013,0.0009,0.0014
AP2,Male,43,2040,0.0011,0.0010,0.0012,0.0010,0.0013,0.0009,0.0014
AP2,Male,44,2021,0.0017,0.0017,0.0017,0.0017,0.0018,0.0016,0.0018
AP2,Male,44,2022,0.0017,0.0016,0.0017,0.0016,0.0018,0.0016,0.0018
AP2,Male,44,2023,0.0016,0.0016,0.0017,0.0016,0.0017,0.0015,0.0018
AP2,Male,44,2024,0.0016,0.0016,0.0017,0.0015,0.0017,0.0015,0.0018
AP2,Male,44,2025,0.0016,0.0015,0.0017,0.0015,0.0017,0.0014,0.0018
AP2,Male,44,2026,0.0016,0.0015,0.0016,0.0015,0.0017,0.0014,0.0018
AP2,Male,44,2027,0.0015,0.0015,0.0016,0.0014,0.0017,0.0014,0.0017
AP2,Male,44,2028,0.0015,0.0014,0.0016,0.0014,0.0017,0.0013,0.0017
AP2,Male,44,2029,0.0015,0.0014,0.0016,0.0014,0.0016,0.0013,0.0017
AP2,Male,44,2030,0.0015,0.0014,0.0015,0.0013,0.0016,0.0013,0.0017
AP2,Male,44,2031,0.0014,0.0014,0.0015,0.0013,0.0016,0.0012,0.0017
AP2,Male,44,2032,0.0014,0.0013,0.0015,0.0013,0.0016,0.0012,0.0017
AP2,Male,44,2033,0.0014,0.0013,0.0015,0.0013,0.0016,0.0012,0.0017
AP2,Male,44,2034,0.0014,0.0013,0.0015,0.0012,0.0015,0.0012,0.0016
AP2,Male,44,2035,0.0013,0.0013,0.0014,0.0012,0.0015,0.0011,0.0016
AP2,Male,44,2036,0.0013,0.0012,0.0014,0.0012,0.0015,0.0011,0.0016
AP2,Male,44,2037,0.0013,0.0012,0.0014,0.0011,0.0015,0.0011,0.0016
AP2,Male,44,2038,0.0013,0.0012,0.0014,0.0011,0.0015,0.0011,0.0016
AP2,Male,44,2039,0.0013,0.0012,0.0014,0.0011,0.0014,0.0010,0.0015
AP2,Male,44,2040,0.0012,0.0012,0.0013,0.0011,0.0014,0.0010,0.0015
AP2,Male,45,2021,0.0019,0.0019,0.0019,0.0018,0.0019,0.0018,0.0020
AP2,Male,45,2022,0.0019,0.0018,0.0019,0.0018,0.0019,0.0017,0.0020
AP2,Male,45,2023,0.0018,0.0018,0.0019,0.0017,0.0019,0.0017,0.0020
AP2,Male,45,2024,0.0018,0.0017,0.0019,0.0017,0.0019,0.0016,0.0020
AP2,Male,45,2025,0.0018,0.0017,0.0018,0.0017,0.0019,0.0016,0.0020
AP2,Male,45,2026,0.0017,0.0017,0.0018,0.0016,0.0019,0.0016,0.0019
AP2,Male,45,2027,0.0017,0.0016,0.0018,0.0016,0.0018,0.0015,0.0019
AP2,Male,45,2028,0.0017,0.0016,0.0018,0.0016,0.0018,0.0015,0.0019
AP2,Male,45,2029,0.0016,0.0016,0.0017,0.0015,0.0018,0.0014,0.0019
AP2,Male,45,2030,0.0016,0.0016,0.0017,0.0015,0.0018,0.0014,0.0019
AP2,Male,45,2031,0.0016,0.0015,0.0017,0.0015,0.0018,0.0014,0.0019
AP2,Male,45,2032,0.0016,0.0015,0.0017,0.0014,0.0018,0.0013,0.0019
AP2,Male,45,2033,0.0015,0.0015,0.0016,0.0014,0.0017,0.0013,0.0018
AP2,Male,45,2034,0.0015,0.0014,0.0016,0.0014,0.0017,0.0013,0.0018
AP2,Male,45,2035,0.0015,0.0014,0.0016,0.0013,0.0017,0.0013,0.0018
AP2,Male,45,2036,0.0015,0.0014,0.0016,0.0013,0.0017,0.0012,0.0018
AP2,Male,45,2037,0.0014,0.0014,0.0015,0.0013,0.0016,0.0012,0.0018
AP2,Male,45,2038,0.0014,0.0013,0.0015,0.0013,0.0016,0.0012,0.0017
AP2,Male,45,2039,0.0014,0.0013,0.0015,0.0012,0.0016,0.0012,0.0017
AP2,Male,45,2040,0.0014,0.0013,0.0015,0.0012,0.0016,0.0011,0.0017
AP2,Male,46,2021,0.0021,0.0021,0.0021,0.0020,0.0022,0.0020,0.0022
AP2,Male,46,2022,0.0021,0.0020,0.0021,0.0020,0.0021,0.0019,0.0022
AP2,Male,46,2023,0.0020,0.0020,0.0021,0.0019,0.0021,0.0019,0.0022
AP2,Male,46,2024,0.0020,0.0019,0.0021,0.0019,0.0021,0.0018,0.0022
AP2,Male,46,2025,0.0020,0.0019,0.0020,0.0018,0.0021,0.0018,0.0022
AP2,Male,46,2026,0.0019,0.0019,0.0020,0.0018,0.0021,0.0017,0.0021
AP2,Male,46,2027,0.0019,0.0018,0.0020,0.0018,0.0020,0.0017,0.0021
AP2,Male,46,2028,0.0019,0.0018,0.0019,0.0017,0.0020,0.0016,0.0021
AP2,Male,46,2029,0.0018,0.0017,0.0019,0.0017,0.0020,0.0016,0.0021
AP2,Male,46,2030,0.0018,0.0017,0.0019,0.0016,0.0020,0.0016,0.0021
AP2,Male,46,2031,0.0018,0.0017,0.0019,0.0016,0.0020,0.0015,0.0021
AP2,Male,46,2032,0.0017,0.0017,0.0018,0.0016,0.0019,0.0015,0.0020
AP2,Male,46,2033,0.0017,0.0016,0.0018,0.0015,0.0019,0.0015,0.0020
AP2,Male,46,2034,0.0017,0.0016,0.0018,0.0015,0.0019,0.0014,0.0020
AP2,Male,46,2035,0.0017,0.0016,0.0018,0.0015,0.0019,0.0014,0.0020
AP2,Male,46,2036,0.0016,0.0015,0.0017,0.0015,0.0018,0.0014,0.0020
AP2,Male,46,2037,0.0016,0.0015,0.0017,0.0014,0.0018,0.0014,0.0019
AP2,Male,46,2038,0.0016,0.0015,0.0017,0.0014,0.0018,0.0013,0.0019
AP2,Male,46,2039,0.0015,0.0015,0.0017,0.0014,0.0018,0.0013,0.0019
AP2,Male,46,2040,0.0015,0.0014,0.0016,0.0013,0.0017,0.0013,0.0018
AP2,Male,47,2021,0.0023,0.0023,0.0024,0.0022,0.0024,0.0022,0.0024
AP2,Male,47,2022,0.0023,0.0022,0.0023,0.0022,0.0024,0.0021,0.0024
AP2,Male,47,2023,0.0022,0.0022,0.0023,0.0021,0.0024,0.0021,0.0024
AP2,Male,47,2024,0.0022,0.0021,0.0023,0.0021,0.0023,0.0020,0.0024
AP2,Male,47,2025,0.0022,0.0021,0.0022,0.0020,0.0023,0.0020,0.0024
AP2,Male,47,2026,0.0021,0.0021,0.0022,0.0020,0.0023,0.0019,0.0024
AP2,Male,47,2027,0.0021,0.0020,0.0022,0.0019,0.0023,0.0019,0.0024
AP2,Male,47,2028,0.0021,0.0020,0.0022,0.0019,0.0022,0.0018,0.0024
AP2,Male,47,2029,0.0020,0.0019,0.0021,0.0019,0.0022,0.0018,0.0023
AP2,Male,47,2030,0.0020,0.0019,0.0021,0.0018,0.0022,0.0017,0.0023
AP2,Male,47,2031,0.0020,0.0019,0.0021,0.0018,0.0022,0.0017,0.0023
AP2,Male,47,2032,0.0019,0.0018,0.0020,0.0018,0.0022,0.0017,0.0023
AP2,Male,47,2033,0.0019,0.0018,0.0020,0.0017,0.0021,0.0016,0.0023
AP2,Male,47,2034,0.0019,0.0018,0.0020,0.0017,0.0021,0.0016,0.0022
AP2,Male,47,2035,0.0018,0.0017,0.0020,0.0017,0.0021,0.0016,0.0022
AP2,Male,47,2036,0.0018,0.0017,0.0019,0.0016,0.0020,0.0015,0.0022
AP2,Male,47,2037,0.0018,0.0017,0.0019,0.0016,0.0020,0.0015,0.0022
AP2,Male,47,2038,0.0017,0.0016,0.0019,0.0016,0.0020,0.0015,0.0021
AP2,Male,47,2039,0.0017,0.0016,0.0018,0.0015,0.0020,0.0014,0.0021
AP2,Male,47,2040,0.0017,0.0016,0.0018,0.0015,0.0019,0.0014,0.0020
AP2,Male,48,2021,0.0026,0.0025,0.0026,0.0025,0.0026,0.0025,0.0027
AP2,Male,48,2022,0.0025,0.0025,0.0026,0.0024,0.0026,0.0024,0.0027
AP2,Male,48,2023,0.0025,0.0024,0.0026,0.0024,0.0026,0.0023,0.0027
AP2,Male,48,2024,0.0024,0.0024,0.0025,0.0023,0.0026,0.0022,0.0027
AP2,Male,48,2025,0.0024,0.0023,0.0025,0.0023,0.0026,0.0022,0.0027
AP2,Male,48,2026,0.0024,0.0023,0.0025,0.0022,0.0025,0.0021,0.0026
AP2,Male,48,2027,0.0023,0.0022,0.0024,0.0022,0.0025,0.0021,0.0026
AP2,Male,48,2028,0.0023,0.0022,0.0024,0.0021,0.0025,0.0020,0.0026
AP2,Male,48,2029,0.0022,0.0022,0.0024,0.0021,0.0025,0.0020,0.0026
AP2,Male,48,2030,0.0022,0.0021,0.0023,0.0020,0.0024,0.0019,0.0026
AP2,Male,48,2031,0.0022,0.0021,0.0023,0.0020,0.0024,0.0019,0.0025
AP2,Male,48,2032,0.0021,0.0020,0.0023,0.0019,0.0024,0.0018,0.0025
AP2,Male,48,2033,0.0021,0.0020,0.0022,0.0019,0.0024,0.0018,0.0025
AP2,Male,48,2034,0.0021,0.0020,0.0022,0.0019,0.0023,0.0018,0.0025
AP2,Male,48,2035,0.0020,0.0019,0.0022,0.0018,0.0023,0.0017,0.0024
AP2,Male,48,2036,0.0020,0.0019,0.0021,0.0018,0.0023,0.0017,0.0024
AP2,Male,48,2037,0.0020,0.0019,0.0021,0.0018,0.0022,0.0017,0.0024
AP2,Male,48,2038,0.0019,0.0018,0.0021,0.0017,0.0022,0.0016,0.0024
AP2,Male,48,2039,0.0019,0.0018,0.0021,0.0017,0.0022,0.0016,0.0023
AP2,Male,48,2040,0.0019,0.0018,0.0020,0.0017,0.0021,0.0016,0.0023
AP2,Male,49,2021,0.0028,0.0028,0.0029,0.0028,0.0029,0.0027,0.0030
AP2,Male,49,2022,0.0028,0.0027,0.0028,0.0027,0.0029,0.0026,0.0030
AP2,Male,49,2023,0.0027,0.0027,0.0028,0.0026,0.0029,0.0025,0.0030
AP2,Male,49,2024,0.0027,0.0026,0.0028,0.0026,0.0029,0.0025,0.0030
AP2,Male,49,2025,0.0027,0.0026,0.0027,0.0025,0.0028,0.0024,0.0029
AP2,Male,49,2026,0.0026,0.0025,0.0027,0.0024,0.0028,0.0024,0.0029
AP2,Male,49,2027,0.0026,0.0025,0.0027,0.0024,0.0028,0.0023,0.0029
AP2,Male,49,2028,0.0025,0.0024,0.0026,0.0023,0.0027,0.0022,0.0029
AP2,Male,49,2029,0.0025,0.0024,0.0026,0.0023,0.0027,0.0022,0.0029
AP2,Male,49,2030,0.0025,0.0023,0.0026,0.0023,0.0027,0.0021,0.0028
AP2,Male,49,2031,0.0024,0.0023,0.0025,0.0022,0.0027,0.0021,0.0028
AP2,Male,49,2032,0.0024,0.0023,0.0025,0.0022,0.0026,0.0020,0.0028
AP2,Male,49,2033,0.0023,0.0022,0.0025,0.0021,0.0026,0.0020,0.0028
AP2,Male,49,2034,0.0023,0.0022,0.0024,0.0021,0.0026,0.0020,0.0027
AP2,Male,49,2035,0.0023,0.0021,0.0024,0.0020,0.0025,0.0019,0.0027
AP2,Male,49,2036,0.0022,0.0021,0.0024,0.0020,0.0025,0.0019,0.0027
AP2,Male,49,2037,0.0022,0.0021,0.0023,0.0020,0.0025,0.0019,0.0026
AP2,Male,49,2038,0.0022,0.0020,0.0023,0.0019,0.0024,0.0018,0.0026
AP2,Male,49,2039,0.0021,0.0020,0.0023,0.0019,0.0024,0.0018,0.0025
AP2,Male,49,2040,0.0021,0.0020,0.0022,0.0019,0.0024,0.0017,0.0025
AP2,Male,50,2021,0.0031,0.0031,0.0032,0.0031,0.0032,0.0030,0.0033
AP2,Male,50,2022,0.0031,0.0030,0.0032,0.0030,0.0032,0.0029,0.0033
AP2,Male,50,2023,0.0030,0.0030,0.0031,0.0029,0.0032,0.0028,0.0033
AP2,Male,50,2024,0.0030,0.0029,0.0031,0.0028,0.0032,0.0027,0.0033
AP2,Male,50,2025,0.0029,0.0029,0.0030,0.0028,0.0031,0.0027,0.0033
AP2,Male,50,2026,0.0029,0.0028,0.0030,0.0027,0.0031,0.0026,0.0032
AP2,Male,50,2027,0.0029,0.0027,0.0030,0.0026,0.0031,0.0026,0.0032
AP2,Male,50,2028,0.0028,0.0027,0.0029,0.0026,0.0030,0.0025,0.0032
AP2,Male,50,2029,0.0028,0.0026,0.0029,0.0025,0.0030,0.0024,0.0032
AP2,Male,50,2030,0.0027,0.0026,0.0029,0.0025,0.0030,0.0024,0.0031
AP2,Male,50,2031,0.0027,0.0026,0.0028,0.0024,0.0030,0.0023,0.0031
AP2,Male,50,2032,0.0026,0.0025,0.0028,0.0024,0.0029,0.0023,0.0031
AP2,Male,50,2033,0.0026,0.0025,0.0027,0.0023,0.0029,0.0022,0.0031
AP2,Male,50,2034,0.0026,0.0024,0.0027,0.0023,0.0029,0.0022,0.0030
AP2,Male,50,2035,0.0025,0.0024,0.0027,0.0023,0.0028,0.0021,0.0030
AP2,Male,50,2036,0.0025,0.0023,0.0026,0.0022,0.0028,0.0021,0.0030
AP2,Male,50,2037,0.0024,0.0023,0.0026,0.0022,0.0028,0.0021,0.0029
AP2,Male,50,2038,0.0024,0.0023,0.0026,0.0021,0.0027,0.0020,0.0029
AP2,Male,50,2039,0.0024,0.0022,0.0025,0.0021,0.0027,0.0020,0.0028
AP2,Male,50,2040,0.0023,0.0022,0.0025,0.0021,0.0026,0.0019,0.0028
AP2,Male,51,2021,0.0035,0.0034,0.0035,0.0034,0.0036,0.0033,0.0036
AP2,Male,51,2022,0.0034,0.0034,0.0035,0.0033,0.0036,0.0032,0.0036
AP2,Male,51,2023,0.0034,0.0033,0.0035,0.0032,0.0035,0.0031,0.0036
AP2,Male,51,2024,0.0033,0.0032,0.0034,0.0031,0.0035,0.0030,0.0036
AP2,Male,51,2025,0.0033,0.0032,0.0034,0.0031,0.0035,0.0030,0.0036
AP2,Male,51,2026,0.0032,0.0031,0.0033,0.0030,0.0034,0.0029,0.0036
AP2,Male,51,2027,0.0032,0.0030,0.0033,0.0029,0.0034,0.0028,0.0035
AP2,Male,51,2028,0.0031,0.0030,0.0032,0.0029,0.0034,0.0028,0.0035
AP2,Male,51,2029,0.0031,0.0029,0.0032,0.0028,0.0033,0.0027,0.0035
AP2,Male,51,2030,0.0030,0.0029,0.0032,0.0028,0.0033,0.0026,0.0035
AP2,Male,51,2031,0.0030,0.0028,0.0031,0.0027,0.0033,0.0026,0.0034
AP2,Male,51,2032,0.0029,0.0028,0.0031,0.0027,0.0032,0.0025,0.0034
AP2,Male,51,2033,0.0029,0.0027,0.0030,0.0026,0.0032,0.0025,0.0034
AP2,Male,51,2034,0.0028,0.0027,0.0030,0.0026,0.0032,0.0024,0.0033
AP2,Male,51,2035,0.0028,0.0026,0.0030,0.0025,0.0031,0.0024,0.0033
AP2,Male,51,2036,0.0027,0.0026,0.0029,0.0025,0.0031,0.0023,0.0033
AP2,Male,51,2037,0.0027,0.0025,0.0029,0.0024,0.0031,0.0023,0.0032
AP2,Male,51,2038,0.0027,0.0025,0.0028,0.0024,0.0030,0.0022,0.0032
AP2,Male,51,2039,0.0026,0.0025,0.0028,0.0023,0.0030,0.0022,0.0031
AP2,Male,51,2040,0.0026,0.0024,0.0028,0.0023,0.0029,0.0021,0.0031
AP2,Male,52,2021,0.0038,0.0038,0.0039,0.0037,0.0040,0.0037,0.0040
AP2,Male,52,2022,0.0038,0.0037,0.0039,0.0036,0.0039,0.0036,0.0040
AP2,Male,52,2023,0.0037,0.0036,0.0038,0.0036,0.0039,0.0035,0.0040
AP2,Male,52,2024,0.0037,0.0036,0.0038,0.0035,0.0039,0.0034,0.0040
AP2,Male,52,2025,0.0036,0.0035,0.0037,0.0034,0.0038,0.0033,0.0040
AP2,Male,52,2026,0.0036,0.0034,0.0037,0.0033,0.0038,0.0032,0.0040
AP2,Male,52,2027,0.0035,0.0034,0.0036,0.0033,0.0038,0.0031,0.0039
AP2,Male,52,2028,0.0034,0.0033,0.0036,0.0032,0.0037,0.0031,0.0039
AP2,Male,52,2029,0.0034,0.0032,0.0036,0.0031,0.0037,0.0030,0.0039
AP2,Male,52,2030,0.0033,0.0032,0.0035,0.0031,0.0037,0.0029,0.0039
AP2,Male,52,2031,0.0033,0.0031,0.0035,0.0030,0.0036,0.0028,0.0038
AP2,Male,52,2032,0.0032,0.0031,0.0034,0.0029,0.0036,0.0028,0.0038
AP2,Male,52,2033,0.0032,0.0030,0.0034,0.0029,0.0036,0.0027,0.0038
AP2,Male,52,2034,0.0031,0.0030,0.0033,0.0028,0.0035,0.0027,0.0037
AP2,Male,52,2035,0.0031,0.0029,0.0033,0.0028,0.0035,0.0026,0.0037
AP2,Male,52,2036,0.0030,0.0029,0.0032,0.0027,0.0034,0.0026,0.0036
AP2,Male,52,2037,0.0030,0.0028,0.0032,0.0027,0.0034,0.0025,0.0036
AP2,Male,52,2038,0.0030,0.0028,0.0031,0.0026,0.0033,0.0025,0.0035
AP2,Male,52,2039,0.0029,0.0027,0.0031,0.0026,0.0033,0.0024,0.0035
AP2,Male,52,2040,0.0029,0.0027,0.0031,0.0026,0.0033,0.0024,0.0034
AP2,Male,53,2021,0.0043,0.0042,0.0043,0.0041,0.0044,0.0041,0.0044
AP2,Male,53,2022,0.0042,0.0041,0.0043,0.0040,0.0044,0.0040,0.0045
AP2,Male,53,2023,0.0041,0.0040,0.0042,0.0039,0.0043,0.0038,0.0044
AP2,Male,53,2024,0.0041,0.0040,0.0042,0.0039,0.0043,0.0037,0.0044
AP2,Male,53,2025,0.0040,0.0039,0.0041,0.0038,0.0043,0.0036,0.0044
AP2,Male,53,2026,0.0039,0.0038,0.0041,0.0037,0.0042,0.0036,0.0044
AP2,Male,53,2027,0.0039,0.0037,0.0040,0.0036,0.0042,0.0035,0.0043
AP2,Male,53,2028,0.0038,0.0037,0.0040,0.0035,0.0041,0.0034,0.0043
AP2,Male,53,2029,0.0038,0.0036,0.0039,0.0035,0.0041,0.0033,0.0043
AP2,Male,53,2030,0.0037,0.0035,0.0039,0.0034,0.0041,0.0032,0.0043
AP2,Male,53,2031,0.0036,0.0035,0.0038,0.0033,0.0040,0.0031,0.0042
AP2,Male,53,2032,0.0036,0.0034,0.0038,0.0033,0.0040,0.0031,0.0042
AP2,Male,53,2033,0.0035,0.0034,0.0037,0.0032,0.0039,0.0030,0.0041
AP2,Male,53,2034,0.0035,0.0033,0.0037,0.0031,0.0039,0.0030,0.0041
AP2,Male,53,2035,0.0034,0.0032,0.0036,0.0031,0.0038,0.0029,0.0041
AP2,Male,53,2036,0.0034,0.0032,0.0036,0.0031,0.0038,0.0028,0.0040
AP2,Male,53,2037,0.0033,0.0031,0.0035,0.0030,0.0038,0.0028,0.0040
AP2,Male,53,2038,0.0033,0.0031,0.0035,0.0029,0.0037,0.0028,0.0039
AP2,Male,53,2039,0.0032,0.0031,0.0035,0.0029,0.0036,0.0027,0.0039
AP2,Male,53,2040,0.0032,0.0030,0.0034,0.0028,0.0036,0.0026,0.0038
AP2,Male,54,2021,0.0047,0.0046,0.0048,0.0046,0.0048,0.0045,0.0049
AP2,Male,54,2022,0.0046,0.0045,0.0047,0.0045,0.0048,0.0044,0.0049
AP2,Male,54,2023,0.0046,0.0045,0.0047,0.0044,0.0048,0.0042,0.0049
AP2,Male,54,2024,0.0045,0.0044,0.0046,0.0043,0.0048,0.0041,0.0049
AP2,Male,54,2025,0.0044,0.0043,0.0046,0.0042,0.0047,0.0040,0.0049
AP2,Male,54,2026,0.0044,0.0042,0.0045,0.0041,0.0047,0.0039,0.0049
AP2,Male,54,2027,0.0043,0.0041,0.0045,0.0040,0.0046,0.0038,0.0048
AP2,Male,54,2028,0.0042,0.0041,0.0044,0.0039,0.0046,0.0038,0.0048
AP2,Male,54,2029,0.0042,0.0040,0.0044,0.0038,0.0045,0.0037,0.0048
AP2,Male,54,2030,0.0041,0.0039,0.0043,0.0038,0.0045,0.0036,0.0047
AP2,Male,54,2031,0.0040,0.0039,0.0043,0.0037,0.0045,0.0035,0.0047
AP2,Male,54,2032,0.0040,0.0038,0.0042,0.0036,0.0044,0.0035,0.0047
AP2,Male,54,2033,0.0039,0.0037,0.0042,0.0035,0.0044,0.0034,0.0046
AP2,Male,54,2034,0.0039,0.0037,0.0041,0.0035,0.0043,0.0033,0.0045
AP2,Male,54,2035,0.0038,0.0036,0.0040,0.0034,0.0043,0.0033,0.0045
AP2,Male,54,2036,0.0037,0.0035,0.0040,0.0034,0.0042,0.0032,0.0045
AP2,Male,54,2037,0.0037,0.0035,0.0039,0.0033,0.0042,0.0031,0.0044
AP2,Male,54,2038,0.0036,0.0034,0.0039,0.0032,0.0041,0.0031,0.0044
AP2,Male,54,2039,0.0036,0.0034,0.0038,0.0032,0.0041,0.0030,0.0043
AP2,Male,54,2040,0.0035,0.0033,0.0038,0.0032,0.0040,0.0029,0.0042
AP2,Male,55,2021,0.0052,0.0051,0.0053,0.0051,0.0054,0.0050,0.0054
AP2,Male,55,2022,0.0051,0.0050,0.0052,0.0050,0.0054,0.0049,0.0055
AP2,Male,55,2023,0.0051,0.0049,0.0052,0.0048,0.0053,0.0047,0.0055
AP2,Male,55,2024,0.0050,0.0048,0.0051,0.0047,0.0053,0.0046,0.0054
AP2,Male,55,2025,0.0049,0.0048,0.0051,0.0046,0.0052,0.0044,0.0054
AP2,Male,55,2026,0.0048,0.0047,0.0050,0.0045,0.0052,0.0044,0.0054
AP2,Male,55,2027,0.0048,0.0046,0.0050,0.0044,0.0051,0.0042,0.0053
AP2,Male,55,2028,0.0047,0.0045,0.0049,0.0044,0.0051,0.0042,0.0053
AP2,Male,55,2029,0.0046,0.0044,0.0048,0.0043,0.0050,0.0041,0.0053
AP2,Male,55,2030,0.0046,0.0044,0.0048,0.0042,0.0050,0.0040,0.0052
AP2,Male,55,2031,0.0045,0.0043,0.0047,0.0041,0.0049,0.0039,0.0052
AP2,Male,55,2032,0.0044,0.0042,0.0047,0.0040,0.0049,0.0038,0.0052
AP2,Male,55,2033,0.0044,0.0041,0.0046,0.0039,0.0048,0.0038,0.0051
AP2,Male,55,2034,0.0043,0.0041,0.0045,0.0039,0.0048,0.0037,0.0050
AP2,Male,55,2035,0.0042,0.0040,0.0045,0.0038,0.0047,0.0036,0.0050
AP2,Male,55,2036,0.0042,0.0039,0.0044,0.0038,0.0047,0.0035,0.0049
AP2,Male,55,2037,0.0041,0.0039,0.0044,0.0037,0.0047,0.0035,0.0049
AP2,Male,55,2038,0.0040,0.0038,0.0043,0.0036,0.0046,0.0034,0.0048
AP2,Male,55,2039,0.0040,0.0038,0.0043,0.0036,0.0045,0.0033,0.0048
AP2,Male,55,2040,0.0039,0.0037,0.0042,0.0035,0.0044,0.0033,0.0047
AP2,Male,56,2021,0.0058,0.0057,0.0059,0.0056,0.0059,0.0055,0.0060
AP2,Male,56,2022,0.0057,0.0056,0.0058,0.0055,0.0059,0.0054,0.0060
AP2,Male,56,2023,0.0056,0.0055,0.0057,0.0053,0.0059,0.0052,0.0060
AP2,Male,56,2024,0.0055,0.0054,0.0057,0.0052,0.0058,0.0051,0.0060
AP2,Male,56,2025,0.0054,0.0053,0.0056,0.0051,0.0058,0.0049,0.0060
AP2,Male,56,2026,0.0054,0.0052,0.0056,0.0050,0.0057,0.0048,0.0060
AP2,Male,56,2027,0.0053,0.0051,0.0055,0.0049,0.0057,0.0047,0.0059
AP2,Male,56,2028,0.0052,0.0050,0.0054,0.0048,0.0056,0.0046,0.0059
AP2,Male,56,2029,0.0051,0.0049,0.0054,0.0047,0.0056,0.0045,0.0058
AP2,Male,56,2030,0.0050,0.0048,0.0053,0.0046,0.0055,0.0044,0.0058
AP2,Male,56,2031,0.0050,0.0048,0.0052,0.0045,0.0055,0.0043,0.0058
AP2,Male,56,2032,0.0049,0.0047,0.0052,0.0044,0.0054,0.0042,0.0057
AP2,Male,56,2033,0.0048,0.0046,0.0051,0.0044,0.0054,0.0041,0.0056
AP2,Male,56,2034,0.0048,0.0045,0.0050,0.0043,0.0053,0.0041,0.0056
AP2,Male,56,2035,0.0047,0.0044,0.0050,0.0042,0.0052,0.0040,0.0055
AP2,Male,56,2036,0.0046,0.0044,0.0049,0.0042,0.0052,0.0039,0.0055
AP2,Male,56,2037,0.0045,0.0043,0.0049,0.0041,0.0052,0.0038,0.0054
AP2,Male,56,2038,0.0045,0.0042,0.0048,0.0040,0.0051,0.0038,0.0054
AP2,Male,56,2039,0.0044,0.0042,0.0047,0.0039,0.0050,0.0037,0.0053
AP2,Male,56,2040,0.0043,0.0041,0.0047,0.0039,0.0049,0.0036,0.0052
AP2,Male,57,2021,0.0064,0.0063,0.0065,0.0062,0.0066,0.0061,0.0066
AP2,Male,57,2022,0.0063,0.0062,0.0064,0.0061,0.0066,0.0059,0.0067
AP2,Male,57,2023,0.0062,0.0061,0.0064,0.0059,0.0065,0.0058,0.0067
AP2,Male,57,2024,0.0061,0.0059,0.0063,0.0058,0.0065,0.0056,0.0067
AP2,Male,57,2025,0.0060,0.0058,0.0062,0.0057,0.0064,0.0055,0.0067
AP2,Male,57,2026,0.0059,0.0057,0.0061,0.0055,0.0063,0.0054,0.0066
AP2,Male,57,2027,0.0058,0.0056,0.0061,0.0054,0.0063,0.0052,0.0066
AP2,Male,57,2028,0.0058,0.0055,0.0060,0.0053,0.0063,0.0051,0.0065
AP2,Male,57,2029,0.0057,0.0054,0.0059,0.0052,0.0062,0.0050,0.0065
AP2,Male,57,2030,0.0056,0.0053,0.0059,0.0051,0.0061,0.0049,0.0064
AP2,Male,57,2031,0.0055,0.0053,0.0058,0.0050,0.0061,0.0047,0.0064
AP2,Male,57,2032,0.0054,0.0052,0.0057,0.0049,0.0060,0.0047,0.0063
AP2,Male,57,2033,0.0054,0.0051,0.0057,0.0048,0.0059,0.0046,0.0062
AP2,Male,57,2034,0.0053,0.0050,0.0056,0.0048,0.0059,0.0045,0.0062
AP2,Male,57,2035,0.0052,0.0049,0.0055,0.0047,0.0058,0.0044,0.0061
AP2,Male,57,2036,0.0051,0.0048,0.0055,0.0046,0.0058,0.0043,0.0061
AP2,Male,57,2037,0.0050,0.0048,0.0054,0.0045,0.0057,0.0042,0.0060
AP2,Male,57,2038,0.0050,0.0047,0.0053,0.0044,0.0056,0.0042,0.0060
AP2,Male,57,2039,0.0049,0.0046,0.0052,0.0044,0.0056,0.0041,0.0059
AP2,Male,57,2040,0.0048,0.0046,0.0052,0.0043,0.0055,0.0040,0.0058
AP2,Male,58,2021,0.0071,0.0070,0.0072,0.0069,0.0073,0.0068,0.0074
AP2,Male,58,2022,0.0070,0.0068,0.0071,0.0067,0.0073,0.0066,0.0074
AP2,Male,58,2023,0.0069,0.0067,0.0070,0.0065,0.0072,0.0064,0.0074
AP2,Male,58,2024,0.0068,0.0066,0.0070,0.0064,0.0071,0.0062,0.0074
AP2,Male,58,2025,0.0067,0.0065,0.0069,0.0063,0.0071,0.0060,0.0074
AP2,Male,58,2026,0.0066,0.0063,0.0068,0.0061,0.0070,0.0059,0.0073
AP2,Male,58,2027,0.0065,0.0062,0.0067,0.0060,0.0070,0.0058,0.0073
AP2,Male,58,2028,0.0064,0.0061,0.0066,0.0059,0.0069,0.0057,0.0072
AP2,Male,58,2029,0.0063,0.0060,0.0066,0.0058,0.0068,0.0055,0.0072
AP2,Male,58,2030,0.0062,0.0059,0.0065,0.0057,0.0068,0.0054,0.0071
AP2,Male,58,2031,0.0061,0.0058,0.0064,0.0056,0.0067,0.0053,0.0071
AP2,Male,58,2032,0.0060,0.0057,0.0064,0.0055,0.0067,0.0052,0.0070
AP2,Male,58,2033,0.0059,0.0056,0.0063,0.0054,0.0066,0.0051,0.0069
AP2,Male,58,2034,0.0058,0.0055,0.0062,0.0053,0.0065,0.0050,0.0069
AP2,Male,58,2035,0.0058,0.0054,0.0061,0.0052,0.0064,0.0049,0.0068
AP2,Male,58,2036,0.0057,0.0054,0.0060,0.0051,0.0064,0.0048,0.0068
AP2,Male,58,2037,0.0056,0.0053,0.0060,0.0050,0.0064,0.0047,0.0066
AP2,Male,58,2038,0.0055,0.0052,0.0059,0.0049,0.0062,0.0046,0.0066
AP2,Male,58,2039,0.0054,0.0051,0.0058,0.0049,0.0062,0.0046,0.0065
AP2,Male,58,2040,0.0054,0.0051,0.0057,0.0048,0.0061,0.0045,0.0065
AP2,Male,59,2021,0.0078,0.0077,0.0079,0.0076,0.0080,0.0075,0.0081
AP2,Male,59,2022,0.0077,0.0076,0.0079,0.0074,0.0080,0.0073,0.0082
AP2,Male,59,2023,0.0076,0.0074,0.0078,0.0072,0.0080,0.0071,0.0082
AP2,Male,59,2024,0.0075,0.0073,0.0077,0.0071,0.0079,0.0069,0.0082
AP2,Male,59,2025,0.0074,0.0071,0.0076,0.0069,0.0079,0.0067,0.0082
AP2,Male,59,2026,0.0073,0.0070,0.0075,0.0068,0.0078,0.0066,0.0081
AP2,Male,59,2027,0.0072,0.0069,0.0075,0.0067,0.0077,0.0064,0.0081
AP2,Male,59,2028,0.0071,0.0068,0.0074,0.0065,0.0077,0.0063,0.0080
AP2,Male,59,2029,0.0070,0.0067,0.0073,0.0064,0.0076,0.0061,0.0080
AP2,Male,59,2030,0.0069,0.0066,0.0072,0.0063,0.0075,0.0060,0.0079
AP2,Male,59,2031,0.0068,0.0065,0.0071,0.0062,0.0075,0.0058,0.0079
AP2,Male,59,2032,0.0067,0.0063,0.0070,0.0061,0.0074,0.0058,0.0078
AP2,Male,59,2033,0.0066,0.0063,0.0070,0.0059,0.0073,0.0056,0.0077
AP2,Male,59,2034,0.0065,0.0061,0.0069,0.0058,0.0072,0.0056,0.0076
AP2,Male,59,2035,0.0064,0.0060,0.0068,0.0058,0.0072,0.0054,0.0075
AP2,Male,59,2036,0.0063,0.0060,0.0067,0.0057,0.0071,0.0053,0.0075
AP2,Male,59,2037,0.0062,0.0059,0.0066,0.0056,0.0071,0.0052,0.0074
AP2,Male,59,2038,0.0061,0.0058,0.0065,0.0055,0.0069,0.0051,0.0073
AP2,Male,59,2039,0.0060,0.0057,0.0065,0.0054,0.0068,0.0050,0.0072
AP2,Male,59,2040,0.0060,0.0056,0.0064,0.0053,0.0068,0.0050,0.0072
AP2,Male,60,2021,0.0086,0.0085,0.0088,0.0084,0.0089,0.0083,0.0090
AP2,Male,60,2022,0.0085,0.0084,0.0087,0.0082,0.0089,0.0080,0.0091
AP2,Male,60,2023,0.0084,0.0082,0.0086,0.0080,0.0088,0.0078,0.0091
AP2,Male,60,2024,0.0083,0.0081,0.0085,0.0078,0.0088,0.0076,0.0091
AP2,Male,60,2025,0.0082,0.0079,0.0084,0.0077,0.0087,0.0074,0.0091
AP2,Male,60,2026,0.0081,0.0078,0.0084,0.0075,0.0086,0.0073,0.0090
AP2,Male,60,2027,0.0079,0.0076,0.0083,0.0074,0.0086,0.0071,0.0089
AP2,Male,60,2028,0.0078,0.0075,0.0082,0.0072,0.0085,0.0070,0.0089
AP2,Male,60,2029,0.0077,0.0074,0.0081,0.0071,0.0084,0.0068,0.0088
AP2,Male,60,2030,0.0076,0.0073,0.0080,0.0070,0.0083,0.0066,0.0088
AP2,Male,60,2031,0.0075,0.0072,0.0079,0.0068,0.0083,0.0064,0.0087
AP2,Male,60,2032,0.0074,0.0070,0.0078,0.0067,0.0082,0.0064,0.0086
AP2,Male,60,2033,0.0073,0.0069,0.0077,0.0066,0.0081,0.0062,0.0085
AP2,Male,60,2034,0.0072,0.0068,0.0076,0.0065,0.0080,0.0061,0.0085
AP2,Male,60,2035,0.0071,0.0067,0.0075,0.0064,0.0080,0.0060,0.0083
AP2,Male,60,2036,0.0070,0.0066,0.0074,0.0063,0.0079,0.0059,0.0083
AP2,Male,60,2037,0.0069,0.0065,0.0074,0.0062,0.0078,0.0058,0.0082
AP2,Male,60,2038,0.0068,0.0064,0.0073,0.0061,0.0077,0.0057,0.0082
AP2,Male,60,2039,0.0067,0.0063,0.0072,0.0060,0.0076,0.0056,0.0081
AP2,Male,60,2040,0.0066,0.0062,0.0071,0.0059,0.0075,0.0055,0.0080
AP2,Male,61,2021,0.0096,0.0094,0.0097,0.0093,0.0098,0.0092,0.0100
AP2,Male,61,2022,0.0094,0.0092,0.0096,0.0091,0.0098,0.0089,0.0101
AP2,Male,61,2023,0.0093,0.0091,0.0096,0.0089,0.0098,0.0087,0.0101
AP2,Male,61,2024,0.0092,0.0089,0.0095,0.0087,0.0097,0.0084,0.0101
AP2,Male,61,2025,0.0090,0.0088,0.0093,0.0085,0.0096,0.0082,0.0100
AP2,Male,61,2026,0.0089,0.0086,0.0093,0.0083,0.0096,0.0080,0.0099
AP2,Male,61,2027,0.0088,0.0084,0.0092,0.0082,0.0095,0.0078,0.0099
AP2,Male,61,2028,0.0087,0.0083,0.0090,0.0080,0.0094,0.0077,0.0098
AP2,Male,61,2029,0.0086,0.0082,0.0090,0.0078,0.0093,0.0075,0.0098
AP2,Male,61,2030,0.0084,0.0081,0.0089,0.0077,0.0092,0.0073,0.0097
AP2,Male,61,2031,0.0083,0.0079,0.0088,0.0076,0.0092,0.0071,0.0097
AP2,Male,61,2032,0.0082,0.0078,0.0087,0.0074,0.0091,0.0070,0.0095
AP2,Male,61,2033,0.0081,0.0077,0.0086,0.0073,0.0090,0.0069,0.0094
AP2,Male,61,2034,0.0080,0.0075,0.0085,0.0072,0.0089,0.0068,0.0094
AP2,Male,61,2035,0.0079,0.0074,0.0084,0.0070,0.0088,0.0067,0.0093
AP2,Male,61,2036,0.0078,0.0073,0.0082,0.0070,0.0088,0.0065,0.0093
AP2,Male,61,2037,0.0076,0.0072,0.0082,0.0068,0.0087,0.0064,0.0091
AP2,Male,61,2038,0.0075,0.0071,0.0081,0.0067,0.0085,0.0063,0.0091
AP2,Male,61,2039,0.0074,0.0070,0.0080,0.0066,0.0084,0.0062,0.0090
AP2,Male,61,2040,0.0073,0.0069,0.0078,0.0065,0.0083,0.0061,0.0089
AP2,Male,62,2021,0.0106,0.0104,0.0108,0.0103,0.0109,0.0101,0.0111
AP2,Male,62,2022,0.0104,0.0102,0.0107,0.0100,0.0109,0.0098,0.0111
AP2,Male,62,2023,0.0103,0.0100,0.0106,0.0098,0.0108,0.0096,0.0111
AP2,Male,62,2024,0.0102,0.0099,0.0105,0.0096,0.0108,0.0093,0.0111
AP2,Male,62,2025,0.0100,0.0097,0.0103,0.0094,0.0107,0.0091,0.0111
AP2,Male,62,2026,0.0099,0.0095,0.0102,0.0092,0.0106,0.0089,0.0110
AP2,Male,62,2027,0.0097,0.0094,0.0101,0.0090,0.0105,0.0086,0.0109
AP2,Male,62,2028,0.0096,0.0092,0.0100,0.0089,0.0104,0.0085,0.0109
AP2,Male,62,2029,0.0095,0.0090,0.0099,0.0086,0.0103,0.0083,0.0108
AP2,Male,62,2030,0.0093,0.0089,0.0098,0.0085,0.0102,0.0081,0.0108
AP2,Male,62,2031,0.0092,0.0088,0.0097,0.0084,0.0102,0.0079,0.0107
AP2,Male,62,2032,0.0091,0.0086,0.0096,0.0082,0.0101,0.0078,0.0105
AP2,Male,62,2033,0.0090,0.0085,0.0095,0.0081,0.0100,0.0076,0.0105
AP2,Male,62,2034,0.0088,0.0083,0.0094,0.0079,0.0099,0.0075,0.0104
AP2,Male,62,2035,0.0087,0.0082,0.0093,0.0078,0.0098,0.0074,0.0103
AP2,Male,62,2036,0.0086,0.0081,0.0092,0.0077,0.0097,0.0072,0.0103
AP2,Male,62,2037,0.0085,0.0080,0.0091,0.0076,0.0096,0.0071,0.0102
AP2,Male,62,2038,0.0084,0.0079,0.0089,0.0074,0.0095,0.0070,0.0101
AP2,Male,62,2039,0.0083,0.0078,0.0088,0.0073,0.0094,0.0069,0.0100
AP2,Male,62,2040,0.0081,0.0077,0.0087,0.0072,0.0093,0.0067,0.0099
AP2,Male,63,2021,0.0117,0.0115,0.0119,0.0114,0.0121,0.0112,0.0122
AP2,Male,63,2022,0.0116,0.0113,0.0118,0.0111,0.0121,0.0109,0.0123
AP2,Male,63,2023,0.0114,0.0111,0.0117,0.0108,0.0120,0.0106,0.0123
AP2,Male,63,2024,0.0112,0.0109,0.0116,0.0106,0.0119,0.0103,0.0123
AP2,Male,63,2025,0.0111,0.0107,0.0114,0.0104,0.0118,0.0101,0.0123
AP2,Male,63,2026,0.0109,0.0105,0.0113,0.0102,0.0117,0.0098,0.0122
AP2,Male,63,2027,0.0108,0.0103,0.0112,0.0100,0.0116,0.0095,0.0121
AP2,Male,63,2028,0.0106,0.0102,0.0111,0.0098,0.0116,0.0094,0.0121
AP2,Male,63,2029,0.0105,0.0100,0.0110,0.0096,0.0114,0.0092,0.0120
AP2,Male,63,2030,0.0104,0.0099,0.0109,0.0094,0.0113,0.0090,0.0119
AP2,Male,63,2031,0.0102,0.0097,0.0108,0.0093,0.0113,0.0087,0.0119
AP2,Male,63,2032,0.0101,0.0095,0.0106,0.0091,0.0112,0.0086,0.0117
AP2,Male,63,2033,0.0099,0.0094,0.0105,0.0089,0.0111,0.0085,0.0116
AP2,Male,63,2034,0.0098,0.0092,0.0104,0.0088,0.0109,0.0083,0.0116
AP2,Male,63,2035,0.0097,0.0091,0.0103,0.0086,0.0109,0.0081,0.0114
AP2,Male,63,2036,0.0095,0.0090,0.0101,0.0085,0.0108,0.0079,0.0114
AP2,Male,63,2037,0.0094,0.0088,0.0101,0.0084,0.0107,0.0079,0.0113
AP2,Male,63,2038,0.0093,0.0087,0.0099,0.0082,0.0105,0.0078,0.0112
AP2,Male,63,2039,0.0092,0.0086,0.0098,0.0081,0.0104,0.0076,0.0111
AP2,Male,63,2040,0.0090,0.0085,0.0097,0.0080,0.0103,0.0075,0.0110
AP2,Male,64,2021,0.0129,0.0128,0.0132,0.0126,0.0133,0.0124,0.0135
AP2,Male,64,2022,0.0128,0.0125,0.0130,0.0123,0.0134,0.0120,0.0137
AP2,Male,64,2023,0.0126,0.0123,0.0129,0.0120,0.0133,0.0117,0.0137
AP2,Male,64,2024,0.0124,0.0121,0.0128,0.0117,0.0132,0.0114,0.0137
AP2,Male,64,2025,0.0123,0.0119,0.0127,0.0115,0.0131,0.0111,0.0136
AP2,Male,64,2026,0.0121,0.0116,0.0126,0.0113,0.0130,0.0108,0.0136
AP2,Male,64,2027,0.0119,0.0115,0.0125,0.0111,0.0129,0.0106,0.0135
AP2,Male,64,2028,0.0118,0.0113,0.0123,0.0108,0.0128,0.0104,0.0134
AP2,Male,64,2029,0.0116,0.0111,0.0122,0.0106,0.0127,0.0102,0.0133
AP2,Male,64,2030,0.0115,0.0109,0.0120,0.0104,0.0126,0.0099,0.0132
AP2,Male,64,2031,0.0113,0.0108,0.0119,0.0103,0.0125,0.0097,0.0131
AP2,Male,64,2032,0.0112,0.0106,0.0118,0.0101,0.0124,0.0095,0.0130
AP2,Male,64,2033,0.0110,0.0104,0.0117,0.0099,0.0123,0.0093,0.0129
AP2,Male,64,2034,0.0109,0.0102,0.0115,0.0097,0.0122,0.0092,0.0129
AP2,Male,64,2035,0.0107,0.0101,0.0114,0.0096,0.0121,0.0090,0.0127
AP2,Male,64,2036,0.0106,0.0100,0.0113,0.0094,0.0120,0.0088,0.0126
AP2,Male,64,2037,0.0104,0.0098,0.0112,0.0093,0.0118,0.0087,0.0126
AP2,Male,64,2038,0.0103,0.0097,0.0110,0.0091,0.0117,0.0086,0.0125
AP2,Male,64,2039,0.0102,0.0096,0.0109,0.0090,0.0115,0.0084,0.0123
AP2,Male,64,2040,0.0100,0.0094,0.0107,0.0089,0.0114,0.0083,0.0123
AP2,Male,65,2021,0.0143,0.0141,0.0146,0.0139,0.0148,0.0137,0.0150
AP2,Male,65,2022,0.0141,0.0138,0.0144,0.0136,0.0148,0.0133,0.0151
AP2,Male,65,2023,0.0139,0.0136,0.0143,0.0133,0.0147,0.0129,0.0151
AP2,Male,65,2024,0.0138,0.0134,0.0142,0.0130,0.0146,0.0126,0.0151
AP2,Male,65,2025,0.0136,0.0131,0.0140,0.0127,0.0145,0.0123,0.0151
AP2,Male,65,2026,0.0134,0.0129,0.0139,0.0125,0.0144,0.0120,0.0150
AP2,Male,65,2027,0.0132,0.0127,0.0138,0.0122,0.0143,0.0117,0.0150
AP2,Male,65,2028,0.0131,0.0125,0.0136,0.0120,0.0142,0.0115,0.0149
AP2,Male,65,2029,0.0129,0.0123,0.0135,0.0117,0.0140,0.0113,0.0148
AP2,Male,65,2030,0.0127,0.0121,0.0133,0.0115,0.0139,0.0110,0.0146
AP2,Male,65,2031,0.0125,0.0119,0.0132,0.0113,0.0138,0.0107,0.0146
AP2,Male,65,2032,0.0124,0.0117,0.0131,0.0111,0.0138,0.0105,0.0144
AP2,Male,65,2033,0.0122,0.0115,0.0130,0.0109,0.0137,0.0103,0.0143
AP2,Male,65,2034,0.0121,0.0113,0.0128,0.0107,0.0135,0.0102,0.0143
AP2,Male,65,2035,0.0119,0.0112,0.0127,0.0106,0.0134,0.0099,0.0141
AP2,Male,65,2036,0.0117,0.0110,0.0125,0.0104,0.0133,0.0097,0.0140
AP2,Male,65,2037,0.0116,0.0109,0.0124,0.0103,0.0131,0.0096,0.0140
AP2,Male,65,2038,0.0114,0.0107,0.0122,0.0101,0.0130,0.0095,0.0138
AP2,Male,65,2039,0.0113,0.0106,0.0121,0.0099,0.0128,0.0093,0.0137
AP2,Male,65,2040,0.0111,0.0104,0.0119,0.0098,0.0127,0.0091,0.0136
AP2,Male,66,2021,0.0158,0.0156,0.0161,0.0154,0.0163,0.0151,0.0166
AP2,Male,66,2022,0.0156,0.0153,0.0160,0.0150,0.0163,0.0147,0.0168
AP2,Male,66,2023,0.0154,0.0150,0.0159,0.0147,0.0163,0.0143,0.0168
AP2,Male,66,2024,0.0152,0.0148,0.0157,0.0143,0.0162,0.0139,0.0168
AP2,Male,66,2025,0.0150,0.0145,0.0155,0.0140,0.0161,0.0135,0.0167
AP2,Male,66,2026,0.0148,0.0142,0.0154,0.0138,0.0159,0.0132,0.0166
AP2,Male,66,2027,0.0146,0.0140,0.0153,0.0135,0.0158,0.0129,0.0166
AP2,Male,66,2028,0.0144,0.0138,0.0151,0.0133,0.0157,0.0127,0.0165
AP2,Male,66,2029,0.0143,0.0136,0.0150,0.0130,0.0156,0.0124,0.0164
AP2,Male,66,2030,0.0141,0.0134,0.0148,0.0128,0.0155,0.0121,0.0162
AP2,Male,66,2031,0.0139,0.0132,0.0147,0.0125,0.0153,0.0118,0.0162
AP2,Male,66,2032,0.0137,0.0129,0.0145,0.0123,0.0153,0.0116,0.0160
AP2,Male,66,2033,0.0135,0.0128,0.0144,0.0121,0.0151,0.0114,0.0160
AP2,Male,66,2034,0.0134,0.0126,0.0142,0.0119,0.0149,0.0112,0.0159
AP2,Male,66,2035,0.0132,0.0124,0.0140,0.0117,0.0149,0.0109,0.0157
AP2,Male,66,2036,0.0130,0.0122,0.0139,0.0115,0.0147,0.0107,0.0156
AP2,Male,66,2037,0.0128,0.0120,0.0138,0.0113,0.0146,0.0107,0.0156
AP2,Male,66,2038,0.0127,0.0119,0.0136,0.0112,0.0144,0.0105,0.0154
AP2,Male,66,2039,0.0125,0.0118,0.0134,0.0110,0.0143,0.0103,0.0153
AP2,Male,66,2040,0.0123,0.0116,0.0132,0.0108,0.0141,0.0101,0.0151
AP2,Male,67,2021,0.0175,0.0172,0.0178,0.0170,0.0180,0.0167,0.0183
AP2,Male,67,2022,0.0173,0.0169,0.0177,0.0166,0.0181,0.0162,0.0185
AP2,Male,67,2023,0.0171,0.0166,0.0175,0.0162,0.0180,0.0158,0.0186
AP2,Male,67,2024,0.0168,0.0163,0.0174,0.0158,0.0179,0.0153,0.0186
AP2,Male,67,2025,0.0166,0.0161,0.0172,0.0155,0.0178,0.0150,0.0185
AP2,Male,67,2026,0.0164,0.0157,0.0170,0.0152,0.0176,0.0146,0.0184
AP2,Male,67,2027,0.0162,0.0155,0.0169,0.0149,0.0175,0.0142,0.0184
AP2,Male,67,2028,0.0160,0.0152,0.0167,0.0147,0.0175,0.0141,0.0183
AP2,Male,67,2029,0.0158,0.0150,0.0166,0.0143,0.0173,0.0137,0.0181
AP2,Male,67,2030,0.0156,0.0148,0.0164,0.0141,0.0171,0.0133,0.0180
AP2,Male,67,2031,0.0154,0.0146,0.0163,0.0139,0.0170,0.0130,0.0179
AP2,Male,67,2032,0.0152,0.0143,0.0161,0.0136,0.0169,0.0128,0.0177
AP2,Male,67,2033,0.0150,0.0141,0.0160,0.0134,0.0168,0.0126,0.0177
AP2,Male,67,2034,0.0148,0.0139,0.0157,0.0132,0.0166,0.0124,0.0176
AP2,Male,67,2035,0.0146,0.0137,0.0156,0.0130,0.0165,0.0121,0.0174
AP2,Male,67,2036,0.0144,0.0135,0.0154,0.0127,0.0163,0.0119,0.0174
AP2,Male,67,2037,0.0142,0.0133,0.0153,0.0126,0.0162,0.0118,0.0173
AP2,Male,67,2038,0.0141,0.0132,0.0151,0.0124,0.0160,0.0116,0.0171
AP2,Male,67,2039,0.0139,0.0130,0.0149,0.0122,0.0159,0.0114,0.0171
AP2,Male,67,2040,0.0137,0.0128,0.0147,0.0120,0.0157,0.0112,0.0168
AP2,Male,68,2021,0.0193,0.0190,0.0197,0.0188,0.0200,0.0185,0.0203
AP2,Male,68,2022,0.0191,0.0187,0.0195,0.0183,0.0200,0.0179,0.0205
AP2,Male,68,2023,0.0189,0.0183,0.0194,0.0179,0.0199,0.0174,0.0205
AP2,Male,68,2024,0.0186,0.0181,0.0192,0.0175,0.0198,0.0169,0.0206
AP2,Male,68,2025,0.0184,0.0177,0.0190,0.0171,0.0197,0.0165,0.0205
AP2,Male,68,2026,0.0182,0.0174,0.0188,0.0168,0.0195,0.0161,0.0204
AP2,Male,68,2027,0.0179,0.0171,0.0187,0.0165,0.0194,0.0157,0.0204
AP2,Male,68,2028,0.0177,0.0168,0.0185,0.0162,0.0193,0.0155,0.0203
AP2,Male,68,2029,0.0175,0.0166,0.0184,0.0158,0.0191,0.0151,0.0201
AP2,Male,68,2030,0.0173,0.0164,0.0181,0.0156,0.0190,0.0147,0.0200
AP2,Male,68,2031,0.0170,0.0161,0.0180,0.0153,0.0189,0.0144,0.0199
AP2,Male,68,2032,0.0168,0.0159,0.0178,0.0150,0.0188,0.0141,0.0197
AP2,Male,68,2033,0.0166,0.0156,0.0177,0.0148,0.0186,0.0139,0.0197
AP2,Male,68,2034,0.0164,0.0154,0.0174,0.0146,0.0184,0.0136,0.0196
AP2,Male,68,2035,0.0162,0.0152,0.0172,0.0143,0.0183,0.0133,0.0193
AP2,Male,68,2036,0.0160,0.0150,0.0171,0.0141,0.0181,0.0131,0.0193
AP2,Male,68,2037,0.0158,0.0148,0.0170,0.0139,0.0180,0.0130,0.0192
AP2,Male,68,2038,0.0156,0.0146,0.0167,0.0137,0.0177,0.0128,0.0190
AP2,Male,68,2039,0.0154,0.0144,0.0166,0.0135,0.0177,0.0127,0.0190
AP2,Male,68,2040,0.0152,0.0142,0.0163,0.0133,0.0174,0.0124,0.0187
AP2,Male,69,2021,0.0214,0.0210,0.0217,0.0207,0.0221,0.0204,0.0224
AP2,Male,69,2022,0.0211,0.0206,0.0216,0.0202,0.0221,0.0198,0.0227
AP2,Male,69,2023,0.0209,0.0203,0.0214,0.0197,0.0220,0.0192,0.0227
AP2,Male,69,2024,0.0206,0.0200,0.0213,0.0193,0.0219,0.0187,0.0228
AP2,Male,69,2025,0.0203,0.0196,0.0210,0.0189,0.0218,0.0182,0.0227
AP2,Male,69,2026,0.0201,0.0192,0.0209,0.0186,0.0216,0.0178,0.0226
AP2,Male,69,2027,0.0198,0.0189,0.0207,0.0182,0.0215,0.0174,0.0226
AP2,Male,69,2028,0.0196,0.0186,0.0205,0.0179,0.0214,0.0171,0.0226
AP2,Male,69,2029,0.0193,0.0184,0.0204,0.0175,0.0212,0.0167,0.0222
AP2,Male,69,2030,0.0191,0.0181,0.0201,0.0173,0.0211,0.0163,0.0222
AP2,Male,69,2031,0.0189,0.0178,0.0200,0.0169,0.0209,0.0158,0.0221
AP2,Male,69,2032,0.0186,0.0175,0.0197,0.0166,0.0208,0.0155,0.0218
AP2,Male,69,2033,0.0184,0.0173,0.0196,0.0163,0.0206,0.0153,0.0219
AP2,Male,69,2034,0.0182,0.0170,0.0193,0.0161,0.0204,0.0150,0.0217
AP2,Male,69,2035,0.0179,0.0168,0.0191,0.0158,0.0203,0.0147,0.0215
AP2,Male,69,2036,0.0177,0.0166,0.0190,0.0156,0.0201,0.0145,0.0215
AP2,Male,69,2037,0.0175,0.0163,0.0188,0.0154,0.0199,0.0144,0.0213
AP2,Male,69,2038,0.0173,0.0162,0.0186,0.0151,0.0197,0.0142,0.0211
AP2,Male,69,2039,0.0171,0.0160,0.0184,0.0149,0.0196,0.0139,0.0211
AP2,Male,69,2040,0.0168,0.0157,0.0181,0.0147,0.0194,0.0136,0.0208
AP2,Male,70,2021,0.0236,0.0232,0.0240,0.0229,0.0244,0.0225,0.0248
AP2,Male,70,2022,0.0233,0.0228,0.0239,0.0223,0.0245,0.0218,0.0251
AP2,Male,70,2023,0.0230,0.0224,0.0237,0.0218,0.0244,0.0212,0.0252
AP2,Male,70,2024,0.0228,0.0221,0.0235,0.0213,0.0242,0.0207,0.0252
AP2,Male,70,2025,0.0225,0.0216,0.0233,0.0208,0.0242,0.0201,0.0251
AP2,Male,70,2026,0.0222,0.0212,0.0231,0.0205,0.0239,0.0197,0.0250
AP2,Male,70,2027,0.0219,0.0209,0.0229,0.0201,0.0238,0.0192,0.0250
AP2,Male,70,2028,0.0217,0.0206,0.0227,0.0198,0.0237,0.0189,0.0250
AP2,Male,70,2029,0.0214,0.0203,0.0226,0.0193,0.0235,0.0184,0.0247
AP2,Male,70,2030,0.0211,0.0200,0.0223,0.0191,0.0234,0.0180,0.0245
AP2,Male,70,2031,0.0209,0.0197,0.0222,0.0187,0.0231,0.0175,0.0245
AP2,Male,70,2032,0.0206,0.0194,0.0219,0.0184,0.0231,0.0172,0.0243
AP2,Male,70,2033,0.0204,0.0191,0.0218,0.0181,0.0229,0.0169,0.0242
AP2,Male,70,2034,0.0201,0.0188,0.0215,0.0178,0.0226,0.0165,0.0241
AP2,Male,70,2035,0.0199,0.0186,0.0212,0.0175,0.0226,0.0162,0.0239
AP2,Male,70,2036,0.0196,0.0184,0.0210,0.0173,0.0223,0.0160,0.0238
AP2,Male,70,2037,0.0194,0.0181,0.0209,0.0170,0.0221,0.0159,0.0236
AP2,Male,70,2038,0.0191,0.0179,0.0206,0.0167,0.0219,0.0157,0.0235
AP2,Male,70,2039,0.0189,0.0177,0.0204,0.0165,0.0217,0.0154,0.0234
AP2,Male,70,2040,0.0187,0.0174,0.0201,0.0163,0.0215,0.0150,0.0231
AP2,Male,71,2021,0.0261,0.0257,0.0265,0.0253,0.0269,0.0248,0.0274
AP2,Male,71,2022,0.0258,0.0251,0.0264,0.0246,0.0270,0.0241,0.0278
AP2,Male,71,2023,0.0255,0.0247,0.0262,0.0241,0.0270,0.0235,0.0278
AP2,Male,71,2024,0.0252,0.0243,0.0260,0.0236,0.0268,0.0228,0.0279
AP2,Male,71,2025,0.0249,0.0239,0.0258,0.0230,0.0267,0.0222,0.0279
AP2,Male,71,2026,0.0246,0.0235,0.0256,0.0227,0.0265,0.0217,0.0276
AP2,Male,71,2027,0.0243,0.0231,0.0254,0.0222,0.0263,0.0212,0.0278
AP2,Male,71,2028,0.0240,0.0228,0.0251,0.0218,0.0262,0.0208,0.0277
AP2,Male,71,2029,0.0237,0.0224,0.0250,0.0213,0.0260,0.0204,0.0274
AP2,Male,71,2030,0.0234,0.0221,0.0247,0.0211,0.0259,0.0198,0.0272
AP2,Male,71,2031,0.0231,0.0218,0.0246,0.0206,0.0257,0.0193,0.0272
AP2,Male,71,2032,0.0228,0.0214,0.0242,0.0203,0.0255,0.0190,0.0270
AP2,Male,71,2033,0.0226,0.0211,0.0241,0.0200,0.0253,0.0186,0.0268
AP2,Male,71,2034,0.0223,0.0208,0.0238,0.0197,0.0250,0.0183,0.0268
AP2,Male,71,2035,0.0220,0.0205,0.0235,0.0193,0.0250,0.0179,0.0265
AP2,Male,71,2036,0.0217,0.0203,0.0233,0.0191,0.0248,0.0177,0.0264
AP2,Male,71,2037,0.0215,0.0200,0.0231,0.0188,0.0245,0.0175,0.0263
AP2,Male,71,2038,0.0212,0.0198,0.0229,0.0184,0.0243,0.0173,0.0261
AP2,Male,71,2039,0.0210,0.0195,0.0227,0.0182,0.0241,0.0170,0.0260
AP2,Male,71,2040,0.0207,0.0193,0.0224,0.0180,0.0238,0.0166,0.0257
AP2,Male,72,2021,0.0288,0.0283,0.0293,0.0279,0.0297,0.0274,0.0303
AP2,Male,72,2022,0.0285,0.0278,0.0291,0.0272,0.0299,0.0266,0.0307
AP2,Male,72,2023,0.0281,0.0273,0.0290,0.0266,0.0298,0.0259,0.0308
AP2,Male,72,2024,0.0278,0.0269,0.0287,0.0260,0.0296,0.0252,0.0309
AP2,Male,72,2025,0.0275,0.0264,0.0285,0.0254,0.0296,0.0245,0.0309
AP2,Male,72,2026,0.0271,0.0260,0.0283,0.0250,0.0293,0.0240,0.0306
AP2,Male,72,2027,0.0268,0.0255,0.0281,0.0246,0.0292,0.0234,0.0308
AP2,Male,72,2028,0.0265,0.0252,0.0278,0.0241,0.0290,0.0229,0.0306
AP2,Male,72,2029,0.0262,0.0248,0.0277,0.0235,0.0288,0.0224,0.0303
AP2,Male,72,2030,0.0259,0.0244,0.0273,0.0233,0.0287,0.0218,0.0301
AP2,Male,72,2031,0.0256,0.0241,0.0272,0.0227,0.0284,0.0213,0.0302
AP2,Male,72,2032,0.0253,0.0237,0.0269,0.0224,0.0283,0.0210,0.0300
AP2,Male,72,2033,0.0250,0.0234,0.0267,0.0221,0.0281,0.0205,0.0299
AP2,Male,72,2034,0.0247,0.0230,0.0263,0.0217,0.0278,0.0201,0.0297
AP2,Male,72,2035,0.0244,0.0227,0.0261,0.0213,0.0277,0.0198,0.0295
AP2,Male,72,2036,0.0241,0.0225,0.0258,0.0211,0.0275,0.0196,0.0293
AP2,Male,72,2037,0.0238,0.0222,0.0257,0.0207,0.0272,0.0194,0.0292
AP2,Male,72,2038,0.0235,0.0219,0.0254,0.0204,0.0269,0.0190,0.0289
AP2,Male,72,2039,0.0232,0.0216,0.0252,0.0202,0.0268,0.0188,0.0289
AP2,Male,72,2040,0.0230,0.0213,0.0249,0.0199,0.0265,0.0183,0.0286
AP2,Male,73,2021,0.0318,0.0313,0.0324,0.0308,0.0329,0.0302,0.0334
AP2,Male,73,2022,0.0314,0.0306,0.0322,0.0300,0.0330,0.0293,0.0340
AP2,Male,73,2023,0.0311,0.0301,0.0320,0.0293,0.0330,0.0286,0.0340
AP2,Male,73,2024,0.0307,0.0297,0.0318,0.0287,0.0328,0.0277,0.0341
AP2,Male,73,2025,0.0303,0.0292,0.0315,0.0281,0.0327,0.0271,0.0341
AP2,Male,73,2026,0.0300,0.0287,0.0313,0.0276,0.0325,0.0264,0.0339
AP2,Male,73,2027,0.0296,0.0282,0.0310,0.0271,0.0323,0.0258,0.0341
AP2,Male,73,2028,0.0293,0.0278,0.0308,0.0266,0.0322,0.0253,0.0338
AP2,Male,73,2029,0.0290,0.0274,0.0306,0.0260,0.0318,0.0247,0.0336
AP2,Male,73,2030,0.0286,0.0269,0.0303,0.0257,0.0318,0.0240,0.0335
AP2,Male,73,2031,0.0283,0.0266,0.0301,0.0251,0.0315,0.0235,0.0335
AP2,Male,73,2032,0.0279,0.0262,0.0297,0.0247,0.0313,0.0232,0.0332
AP2,Male,73,2033,0.0276,0.0258,0.0296,0.0243,0.0311,0.0227,0.0331
AP2,Male,73,2034,0.0273,0.0254,0.0292,0.0240,0.0307,0.0222,0.0329
AP2,Male,73,2035,0.0270,0.0251,0.0289,0.0235,0.0307,0.0218,0.0327
AP2,Male,73,2036,0.0267,0.0249,0.0286,0.0232,0.0305,0.0216,0.0325
AP2,Male,73,2037,0.0263,0.0245,0.0284,0.0229,0.0302,0.0214,0.0324
AP2,Male,73,2038,0.0260,0.0242,0.0281,0.0226,0.0299,0.0210,0.0322
AP2,Male,73,2039,0.0257,0.0239,0.0279,0.0223,0.0298,0.0208,0.0320
AP2,Male,73,2040,0.0254,0.0236,0.0276,0.0220,0.0294,0.0203,0.0317
AP2,Male,74,2021,0.0351,0.0345,0.0357,0.0340,0.0363,0.0333,0.0369
AP2,Male,74,2022,0.0347,0.0338,0.0355,0.0331,0.0365,0.0323,0.0375
AP2,Male,74,2023,0.0343,0.0332,0.0353,0.0323,0.0364,0.0315,0.0376
AP2,Male,74,2024,0.0339,0.0328,0.0351,0.0317,0.0362,0.0305,0.0377
AP2,Male,74,2025,0.0335,0.0322,0.0348,0.0310,0.0362,0.0298,0.0377
AP2,Male,74,2026,0.0331,0.0316,0.0346,0.0304,0.0360,0.0291,0.0376
AP2,Male,74,2027,0.0328,0.0311,0.0343,0.0299,0.0357,0.0285,0.0377
AP2,Male,74,2028,0.0324,0.0307,0.0340,0.0293,0.0356,0.0279,0.0375
AP2,Male,74,2029,0.0320,0.0302,0.0339,0.0287,0.0352,0.0272,0.0373
AP2,Male,74,2030,0.0316,0.0298,0.0335,0.0284,0.0352,0.0265,0.0371
AP2,Male,74,2031,0.0313,0.0293,0.0333,0.0277,0.0348,0.0259,0.0373
AP2,Male,74,2032,0.0309,0.0289,0.0329,0.0272,0.0346,0.0255,0.0369
AP2,Male,74,2033,0.0306,0.0285,0.0328,0.0268,0.0345,0.0250,0.0366
AP2,Male,74,2034,0.0302,0.0281,0.0324,0.0265,0.0341,0.0245,0.0365
AP2,Male,74,2035,0.0299,0.0277,0.0320,0.0260,0.0340,0.0241,0.0363
AP2,Male,74,2036,0.0295,0.0275,0.0317,0.0257,0.0338,0.0239,0.0362
AP2,Male,74,2037,0.0292,0.0271,0.0315,0.0253,0.0335,0.0236,0.0361
AP2,Male,74,2038,0.0288,0.0268,0.0312,0.0249,0.0331,0.0231,0.0357
AP2,Male,74,2039,0.0285,0.0264,0.0309,0.0247,0.0331,0.0229,0.0355
AP2,Male,74,2040,0.0282,0.0261,0.0306,0.0243,0.0326,0.0224,0.0352
AP2,Male,75,2021,0.0387,0.0380,0.0394,0.0375,0.0400,0.0367,0.0408
AP2,Male,75,2022,0.0383,0.0373,0.0393,0.0365,0.0402,0.0356,0.0414
AP2,Male,75,2023,0.0379,0.0367,0.0390,0.0356,0.0403,0.0347,0.0416
AP2,Male,75,2024,0.0374,0.0361,0.0387,0.0349,0.0401,0.0337,0.0417
AP2,Male,75,2025,0.0370,0.0355,0.0385,0.0342,0.0400,0.0328,0.0418
AP2,Male,75,2026,0.0366,0.0349,0.0382,0.0336,0.0398,0.0321,0.0416
AP2,Male,75,2027,0.0362,0.0343,0.0379,0.0330,0.0395,0.0314,0.0417
AP2,Male,75,2028,0.0358,0.0339,0.0376,0.0324,0.0394,0.0308,0.0415
AP2,Male,75,2029,0.0354,0.0334,0.0374,0.0316,0.0390,0.0300,0.0413
AP2,Male,75,2030,0.0350,0.0329,0.0370,0.0313,0.0389,0.0292,0.0411
AP2,Male,75,2031,0.0346,0.0324,0.0369,0.0306,0.0385,0.0285,0.0413
AP2,Male,75,2032,0.0342,0.0320,0.0365,0.0301,0.0384,0.0281,0.0409
AP2,Male,75,2033,0.0338,0.0315,0.0363,0.0297,0.0383,0.0275,0.0407
AP2,Male,75,2034,0.0334,0.0311,0.0358,0.0292,0.0378,0.0271,0.0405
AP2,Male,75,2035,0.0330,0.0307,0.0355,0.0287,0.0376,0.0266,0.0403
AP2,Male,75,2036,0.0327,0.0305,0.0352,0.0283,0.0374,0.0263,0.0403
AP2,Male,75,2037,0.0323,0.0300,0.0349,0.0279,0.0371,0.0261,0.0401
AP2,Male,75,2038,0.0319,0.0296,0.0345,0.0275,0.0368,0.0255,0.0397
AP2,Male,75,2039,0.0316,0.0292,0.0343,0.0273,0.0367,0.0252,0.0394
AP2,Male,75,2040,0.0312,0.0288,0.0340,0.0269,0.0362,0.0247,0.0391
AP2,Male,76,2021,0.0427,0.0419,0.0435,0.0413,0.0442,0.0404,0.0450
AP2,Male,76,2022,0.0422,0.0411,0.0433,0.0402,0.0444,0.0392,0.0457
AP2,Male,76,2023,0.0418,0.0405,0.0431,0.0393,0.0445,0.0382,0.0460
AP2,Male,76,2024,0.0413,0.0398,0.0427,0.0385,0.0442,0.0371,0.0461
AP2,Male,76,2025,0.0408,0.0392,0.0425,0.0376,0.0442,0.0361,0.0463
AP2,Male,76,2026,0.0404,0.0385,0.0422,0.0370,0.0439,0.0354,0.0461
AP2,Male,76,2027,0.0399,0.0379,0.0419,0.0364,0.0437,0.0346,0.0462
AP2,Male,76,2028,0.0395,0.0374,0.0416,0.0357,0.0436,0.0340,0.0458
AP2,Male,76,2029,0.0391,0.0368,0.0413,0.0348,0.0432,0.0330,0.0457
AP2,Male,76,2030,0.0386,0.0363,0.0409,0.0345,0.0430,0.0321,0.0455
AP2,Male,76,2031,0.0382,0.0359,0.0408,0.0337,0.0426,0.0314,0.0458
AP2,Male,76,2032,0.0378,0.0353,0.0404,0.0332,0.0425,0.0309,0.0452
AP2,Male,76,2033,0.0374,0.0347,0.0400,0.0327,0.0423,0.0303,0.0453
AP2,Male,76,2034,0.0369,0.0343,0.0396,0.0322,0.0419,0.0299,0.0449
AP2,Male,76,2035,0.0365,0.0339,0.0393,0.0317,0.0417,0.0294,0.0446
AP2,Male,76,2036,0.0361,0.0336,0.0389,0.0312,0.0415,0.0291,0.0447
AP2,Male,76,2037,0.0357,0.0331,0.0387,0.0308,0.0412,0.0288,0.0445
AP2,Male,76,2038,0.0353,0.0327,0.0383,0.0304,0.0408,0.0280,0.0440
AP2,Male,76,2039,0.0349,0.0323,0.0380,0.0301,0.0407,0.0278,0.0439
AP2,Male,76,2040,0.0345,0.0319,0.0377,0.0298,0.0402,0.0272,0.0435
AP2,Male,77,2021,0.0471,0.0462,0.0480,0.0455,0.0487,0.0446,0.0497
AP2,Male,77,2022,0.0466,0.0453,0.0478,0.0443,0.0490,0.0431,0.0505
AP2,Male,77,2023,0.0461,0.0446,0.0475,0.0433,0.0491,0.0421,0.0507
AP2,Male,77,2024,0.0456,0.0439,0.0472,0.0424,0.0488,0.0409,0.0509
AP2,Male,77,2025,0.0451,0.0432,0.0469,0.0414,0.0488,0.0397,0.0512
AP2,Male,77,2026,0.0446,0.0424,0.0466,0.0407,0.0486,0.0390,0.0510
AP2,Male,77,2027,0.0441,0.0418,0.0463,0.0401,0.0483,0.0380,0.0511
AP2,Male,77,2028,0.0436,0.0412,0.0459,0.0393,0.0481,0.0374,0.0508
AP2,Male,77,2029,0.0431,0.0407,0.0457,0.0384,0.0477,0.0364,0.0505
AP2,Male,77,2030,0.0427,0.0400,0.0452,0.0380,0.0476,0.0353,0.0504
AP2,Male,77,2031,0.0422,0.0395,0.0451,0.0371,0.0471,0.0347,0.0506
AP2,Male,77,2032,0.0417,0.0389,0.0446,0.0366,0.0470,0.0340,0.0501
AP2,Male,77,2033,0.0413,0.0383,0.0443,0.0360,0.0468,0.0333,0.0503
AP2,Male,77,2034,0.0408,0.0379,0.0438,0.0355,0.0464,0.0330,0.0497
AP2,Male,77,2035,0.0404,0.0374,0.0435,0.0349,0.0462,0.0323,0.0495
AP2,Male,77,2036,0.0399,0.0371,0.0431,0.0344,0.0459,0.0320,0.0496
AP2,Male,77,2037,0.0395,0.0365,0.0429,0.0340,0.0457,0.0317,0.0493
AP2,Male,77,2038,0.0391,0.0361,0.0424,0.0336,0.0452,0.0309,0.0488
AP2,Male,77,2039,0.0386,0.0356,0.0421,0.0332,0.0451,0.0306,0.0487
AP2,Male,77,2040,0.0382,0.0352,0.0418,0.0328,0.0446,0.0299,0.0484
AP2,Male,78,2021,0.0519,0.0509,0.0529,0.0501,0.0537,0.0491,0.0549
AP2,Male,78,2022,0.0513,0.0499,0.0527,0.0488,0.0541,0.0475,0.0557
AP2,Male,78,2023,0.0508,0.0491,0.0524,0.0477,0.0541,0.0463,0.0560
AP2,Male,78,2024,0.0502,0.0484,0.0520,0.0467,0.0539,0.0450,0.0563
AP2,Male,78,2025,0.0497,0.0476,0.0517,0.0456,0.0538,0.0437,0.0565
AP2,Male,78,2026,0.0492,0.0468,0.0515,0.0448,0.0537,0.0429,0.0563
AP2,Male,78,2027,0.0486,0.0460,0.0512,0.0441,0.0533,0.0418,0.0565
AP2,Male,78,2028,0.0481,0.0455,0.0507,0.0432,0.0532,0.0412,0.0562
AP2,Male,78,2029,0.0476,0.0448,0.0504,0.0423,0.0527,0.0401,0.0558
AP2,Male,78,2030,0.0471,0.0442,0.0499,0.0419,0.0526,0.0388,0.0559
AP2,Male,78,2031,0.0466,0.0436,0.0499,0.0410,0.0521,0.0382,0.0559
AP2,Male,78,2032,0.0461,0.0429,0.0493,0.0402,0.0519,0.0374,0.0554
AP2,Male,78,2033,0.0456,0.0423,0.0489,0.0397,0.0518,0.0368,0.0555
AP2,Male,78,2034,0.0451,0.0419,0.0485,0.0391,0.0514,0.0363,0.0550
AP2,Male,78,2035,0.0446,0.0413,0.0481,0.0385,0.0510,0.0356,0.0549
AP2,Male,78,2036,0.0441,0.0410,0.0478,0.0379,0.0509,0.0352,0.0549
AP2,Male,78,2037,0.0437,0.0403,0.0475,0.0375,0.0507,0.0349,0.0547
AP2,Male,78,2038,0.0432,0.0399,0.0470,0.0371,0.0501,0.0340,0.0541
AP2,Male,78,2039,0.0427,0.0394,0.0466,0.0367,0.0499,0.0337,0.0541
AP2,Male,78,2040,0.0423,0.0389,0.0462,0.0362,0.0495,0.0329,0.0537
AP2,Male,79,2021,0.0571,0.0561,0.0582,0.0552,0.0592,0.0540,0.0605
AP2,Male,79,2022,0.0565,0.0550,0.0580,0.0537,0.0596,0.0523,0.0615
AP2,Male,79,2023,0.0559,0.0540,0.0577,0.0525,0.0597,0.0509,0.0618
AP2,Male,79,2024,0.0553,0.0533,0.0573,0.0514,0.0594,0.0495,0.0622
AP2,Male,79,2025,0.0548,0.0524,0.0570,0.0503,0.0594,0.0481,0.0625
AP2,Male,79,2026,0.0542,0.0515,0.0567,0.0493,0.0593,0.0471,0.0623
AP2,Male,79,2027,0.0536,0.0507,0.0564,0.0485,0.0589,0.0460,0.0624
AP2,Male,79,2028,0.0531,0.0501,0.0560,0.0476,0.0588,0.0453,0.0622
AP2,Male,79,2029,0.0525,0.0494,0.0557,0.0466,0.0582,0.0441,0.0618
AP2,Male,79,2030,0.0520,0.0487,0.0552,0.0462,0.0581,0.0427,0.0617
AP2,Male,79,2031,0.0514,0.0480,0.0551,0.0451,0.0576,0.0420,0.0617
AP2,Male,79,2032,0.0509,0.0474,0.0544,0.0443,0.0574,0.0413,0.0613
AP2,Male,79,2033,0.0503,0.0466,0.0541,0.0438,0.0572,0.0406,0.0613
AP2,Male,79,2034,0.0498,0.0462,0.0535,0.0430,0.0569,0.0400,0.0608
AP2,Male,79,2035,0.0493,0.0456,0.0532,0.0425,0.0566,0.0391,0.0608
AP2,Male,79,2036,0.0488,0.0452,0.0528,0.0417,0.0562,0.0387,0.0608
AP2,Male,79,2037,0.0483,0.0445,0.0525,0.0414,0.0560,0.0383,0.0606
AP2,Male,79,2038,0.0478,0.0440,0.0520,0.0409,0.0557,0.0373,0.0601
AP2,Male,79,2039,0.0472,0.0434,0.0516,0.0406,0.0554,0.0371,0.0601
AP2,Male,79,2040,0.0468,0.0430,0.0512,0.0400,0.0550,0.0363,0.0595
AP2,Male,80,2021,0.0629,0.0617,0.0641,0.0607,0.0652,0.0594,0.0667
AP2,Male,80,2022,0.0622,0.0605,0.0639,0.0591,0.0657,0.0575,0.0677
AP2,Male,80,2023,0.0616,0.0595,0.0636,0.0578,0.0658,0.0560,0.0681
AP2,Male,80,2024,0.0610,0.0586,0.0632,0.0566,0.0655,0.0544,0.0686
AP2,Male,80,2025,0.0603,0.0577,0.0629,0.0553,0.0654,0.0529,0.0690
AP2,Male,80,2026,0.0597,0.0568,0.0625,0.0543,0.0654,0.0518,0.0688
AP2,Male,80,2027,0.0591,0.0558,0.0622,0.0533,0.0650,0.0506,0.0689
AP2,Male,80,2028,0.0585,0.0552,0.0617,0.0524,0.0649,0.0498,0.0687
AP2,Male,80,2029,0.0579,0.0543,0.0615,0.0513,0.0643,0.0485,0.0683
AP2,Male,80,2030,0.0573,0.0536,0.0609,0.0508,0.0642,0.0470,0.0681
AP2,Male,80,2031,0.0567,0.0529,0.0608,0.0497,0.0636,0.0462,0.0682
AP2,Male,80,2032,0.0561,0.0522,0.0601,0.0488,0.0635,0.0455,0.0678
AP2,Male,80,2033,0.0556,0.0514,0.0597,0.0482,0.0632,0.0447,0.0677
AP2,Male,80,2034,0.0550,0.0509,0.0591,0.0475,0.0629,0.0440,0.0672
AP2,Male,80,2035,0.0544,0.0503,0.0589,0.0468,0.0625,0.0430,0.0672
AP2,Male,80,2036,0.0539,0.0499,0.0583,0.0460,0.0623,0.0426,0.0674
AP2,Male,80,2037,0.0533,0.0491,0.0581,0.0457,0.0619,0.0421,0.0671
AP2,Male,80,2038,0.0528,0.0485,0.0574,0.0449,0.0617,0.0409,0.0667
AP2,Male,80,2039,0.0522,0.0479,0.0571,0.0447,0.0613,0.0408,0.0666
AP2,Male,80,2040,0.0517,0.0474,0.0566,0.0441,0.0610,0.0399,0.0661
AP2,Male,81,2021,0.0691,0.0678,0.0706,0.0667,0.0718,0.0653,0.0734
AP2,Male,81,2022,0.0685,0.0666,0.0703,0.0650,0.0723,0.0632,0.0745
AP2,Male,81,2023,0.0678,0.0655,0.0701,0.0636,0.0725,0.0615,0.0751
AP2,Male,81,2024,0.0671,0.0646,0.0696,0.0622,0.0722,0.0598,0.0756
AP2,Male,81,2025,0.0664,0.0635,0.0693,0.0608,0.0722,0.0582,0.0760
AP2,Male,81,2026,0.0658,0.0625,0.0689,0.0596,0.0722,0.0570,0.0758
AP2,Male,81,2027,0.0651,0.0613,0.0685,0.0586,0.0717,0.0555,0.0761
AP2,Male,81,2028,0.0644,0.0607,0.0680,0.0577,0.0716,0.0547,0.0759
AP2,Male,81,2029,0.0638,0.0598,0.0678,0.0564,0.0710,0.0532,0.0754
AP2,Male,81,2030,0.0632,0.0590,0.0672,0.0558,0.0709,0.0516,0.0752
AP2,Male,81,2031,0.0625,0.0583,0.0672,0.0547,0.0701,0.0508,0.0752
AP2,Male,81,2032,0.0619,0.0575,0.0663,0.0537,0.0701,0.0500,0.0749
AP2,Male,81,2033,0.0613,0.0566,0.0659,0.0530,0.0698,0.0493,0.0749
AP2,Male,81,2034,0.0607,0.0561,0.0653,0.0523,0.0694,0.0483,0.0743
AP2,Male,81,2035,0.0600,0.0554,0.0651,0.0516,0.0690,0.0473,0.0744
AP2,Male,81,2036,0.0594,0.0550,0.0644,0.0507,0.0688,0.0470,0.0746
AP2,Male,81,2037,0.0588,0.0542,0.0642,0.0503,0.0684,0.0464,0.0743
AP2,Male,81,2038,0.0582,0.0535,0.0635,0.0495,0.0683,0.0449,0.0739
AP2,Male,81,2039,0.0577,0.0528,0.0631,0.0493,0.0679,0.0449,0.0737
AP2,Male,81,2040,0.0571,0.0523,0.0626,0.0486,0.0677,0.0439,0.0732
AP2,Male,82,2021,0.0760,0.0745,0.0776,0.0733,0.0789,0.0718,0.0807
AP2,Male,82,2022,0.0753,0.0732,0.0773,0.0714,0.0795,0.0694,0.0820
AP2,Male,82,2023,0.0745,0.0720,0.0771,0.0698,0.0798,0.0676,0.0827
AP2,Male,82,2024,0.0738,0.0710,0.0766,0.0684,0.0796,0.0657,0.0833
AP2,Male,82,2025,0.0731,0.0697,0.0763,0.0667,0.0794,0.0639,0.0838
AP2,Male,82,2026,0.0724,0.0687,0.0759,0.0656,0.0796,0.0625,0.0836
AP2,Male,82,2027,0.0716,0.0675,0.0755,0.0644,0.0789,0.0609,0.0839
AP2,Male,82,2028,0.0709,0.0668,0.0750,0.0635,0.0790,0.0601,0.0837
AP2,Male,82,2029,0.0702,0.0658,0.0746,0.0620,0.0783,0.0584,0.0831
AP2,Male,82,2030,0.0696,0.0650,0.0740,0.0613,0.0782,0.0567,0.0830
AP2,Male,82,2031,0.0689,0.0642,0.0740,0.0601,0.0773,0.0559,0.0830
AP2,Male,82,2032,0.0682,0.0633,0.0731,0.0591,0.0773,0.0550,0.0827
AP2,Male,82,2033,0.0675,0.0623,0.0728,0.0582,0.0771,0.0542,0.0828
AP2,Male,82,2034,0.0669,0.0618,0.0721,0.0575,0.0766,0.0532,0.0823
AP2,Male,82,2035,0.0662,0.0611,0.0718,0.0567,0.0762,0.0520,0.0822
AP2,Male,82,2036,0.0656,0.0605,0.0711,0.0558,0.0761,0.0516,0.0825
AP2,Male,82,2037,0.0649,0.0597,0.0708,0.0554,0.0757,0.0509,0.0822
AP2,Male,82,2038,0.0643,0.0589,0.0701,0.0545,0.0755,0.0494,0.0817
AP2,Male,82,2039,0.0636,0.0582,0.0698,0.0543,0.0751,0.0493,0.0817
AP2,Male,82,2040,0.0630,0.0575,0.0692,0.0535,0.0749,0.0483,0.0812
AP2,Male,83,2021,0.0835,0.0818,0.0852,0.0804,0.0867,0.0788,0.0886
AP2,Male,83,2022,0.0827,0.0803,0.0850,0.0783,0.0874,0.0762,0.0902
AP2,Male,83,2023,0.0819,0.0791,0.0847,0.0767,0.0878,0.0741,0.0909
AP2,Male,83,2024,0.0811,0.0780,0.0843,0.0751,0.0876,0.0721,0.0916
AP2,Male,83,2025,0.0803,0.0766,0.0840,0.0732,0.0875,0.0702,0.0922
AP2,Male,83,2026,0.0796,0.0754,0.0835,0.0720,0.0877,0.0685,0.0922
AP2,Male,83,2027,0.0788,0.0742,0.0831,0.0708,0.0868,0.0669,0.0923
AP2,Male,83,2028,0.0781,0.0734,0.0825,0.0698,0.0870,0.0660,0.0923
AP2,Male,83,2029,0.0773,0.0723,0.0821,0.0682,0.0864,0.0641,0.0915
AP2,Male,83,2030,0.0766,0.0714,0.0815,0.0673,0.0862,0.0622,0.0915
AP2,Male,83,2031,0.0758,0.0706,0.0814,0.0659,0.0853,0.0615,0.0917
AP2,Male,83,2032,0.0751,0.0696,0.0805,0.0649,0.0853,0.0605,0.0914
AP2,Male,83,2033,0.0744,0.0686,0.0801,0.0640,0.0851,0.0594,0.0913
AP2,Male,83,2034,0.0737,0.0680,0.0795,0.0632,0.0845,0.0585,0.0907
AP2,Male,83,2035,0.0730,0.0672,0.0792,0.0623,0.0839,0.0570,0.0908
AP2,Male,83,2036,0.0723,0.0667,0.0785,0.0614,0.0840,0.0568,0.0912
AP2,Male,83,2037,0.0716,0.0656,0.0781,0.0611,0.0835,0.0558,0.0909
AP2,Male,83,2038,0.0709,0.0649,0.0774,0.0600,0.0833,0.0543,0.0903
AP2,Male,83,2039,0.0702,0.0641,0.0771,0.0597,0.0829,0.0542,0.0903
AP2,Male,83,2040,0.0695,0.0634,0.0765,0.0587,0.0828,0.0531,0.0900
AP2,Male,84,2021,0.0916,0.0898,0.0935,0.0882,0.0952,0.0864,0.0973
AP2,Male,84,2022,0.0908,0.0881,0.0934,0.0860,0.0961,0.0835,0.0991
AP2,Male,84,2023,0.0899,0.0867,0.0931,0.0841,0.0964,0.0812,0.0999
AP2,Male,84,2024,0.0891,0.0856,0.0927,0.0824,0.0963,0.0791,0.1007
AP2,Male,84,2025,0.0883,0.0841,0.0923,0.0803,0.0962,0.0770,0.1013
AP2,Male,84,2026,0.0874,0.0828,0.0918,0.0790,0.0965,0.0752,0.1015
AP2,Male,84,2027,0.0866,0.0815,0.0913,0.0777,0.0956,0.0734,0.1016
AP2,Male,84,2028,0.0858,0.0806,0.0907,0.0766,0.0957,0.0724,0.1017
AP2,Male,84,2029,0.0850,0.0794,0.0904,0.0748,0.0951,0.0702,0.1008
AP2,Male,84,2030,0.0842,0.0785,0.0897,0.0738,0.0949,0.0682,0.1008
AP2,Male,84,2031,0.0834,0.0777,0.0895,0.0724,0.0940,0.0675,0.1010
AP2,Male,84,2032,0.0826,0.0765,0.0887,0.0712,0.0939,0.0664,0.1007
AP2,Male,84,2033,0.0819,0.0754,0.0883,0.0704,0.0937,0.0650,0.1007
AP2,Male,84,2034,0.0811,0.0748,0.0877,0.0694,0.0931,0.0643,0.1001
AP2,Male,84,2035,0.0803,0.0739,0.0873,0.0685,0.0926,0.0627,0.1005
AP2,Male,84,2036,0.0796,0.0733,0.0865,0.0675,0.0927,0.0626,0.1007
AP2,Male,84,2037,0.0788,0.0722,0.0862,0.0671,0.0922,0.0613,0.1005
AP2,Male,84,2038,0.0781,0.0715,0.0853,0.0660,0.0920,0.0596,0.0996
AP2,Male,84,2039,0.0773,0.0706,0.0850,0.0656,0.0916,0.0596,0.0998
AP2,Male,84,2040,0.0766,0.0698,0.0843,0.0645,0.0915,0.0582,0.0995
AP2,Male,85,2021,0.1005,0.0985,0.1025,0.0967,0.1045,0.0948,0.1067
AP2,Male,85,2022,0.0996,0.0966,0.1024,0.0942,0.1055,0.0915,0.1086
AP2,Male,85,2023,0.0987,0.0951,0.1021,0.0923,0.1059,0.0890,0.1098
AP2,Male,85,2024,0.0978,0.0939,0.1016,0.0903,0.1057,0.0867,0.1106
AP2,Male,85,2025,0.0969,0.0922,0.1013,0.0881,0.1057,0.0844,0.1115
AP2,Male,85,2026,0.0960,0.0909,0.1008,0.0866,0.1061,0.0824,0.1118
AP2,Male,85,2027,0.0951,0.0895,0.1003,0.0852,0.1051,0.0805,0.1117
AP2,Male,85,2028,0.0943,0.0885,0.0997,0.0840,0.1052,0.0792,0.1118
AP2,Male,85,2029,0.0934,0.0873,0.0993,0.0821,0.1047,0.0770,0.1109
AP2,Male,85,2030,0.0925,0.0863,0.0986,0.0810,0.1044,0.0748,0.1107
AP2,Male,85,2031,0.0917,0.0854,0.0986,0.0794,0.1035,0.0740,0.1111
AP2,Male,85,2032,0.0909,0.0841,0.0975,0.0781,0.1034,0.0727,0.1110
AP2,Male,85,2033,0.0900,0.0829,0.0972,0.0773,0.1032,0.0710,0.1110
AP2,Male,85,2034,0.0892,0.0823,0.0965,0.0762,0.1026,0.0706,0.1102
AP2,Male,85,2035,0.0884,0.0812,0.0960,0.0753,0.1020,0.0688,0.1107
AP2,Male,85,2036,0.0876,0.0806,0.0952,0.0743,0.1021,0.0688,0.1111
AP2,Male,85,2037,0.0868,0.0794,0.0949,0.0738,0.1016,0.0673,0.1109
AP2,Male,85,2038,0.0860,0.0786,0.0941,0.0726,0.1015,0.0655,0.1098
AP2,Male,85,2039,0.0852,0.0776,0.0938,0.0720,0.1011,0.0654,0.1102
AP2,Male,85,2040,0.0844,0.0769,0.0928,0.0711,0.1008,0.0639,0.1099
AP2,Male,86,2021,0.1101,0.1079,0.1124,0.1059,0.1145,0.1037,0.1169
AP2,Male,86,2022,0.1091,0.1059,0.1123,0.1031,0.1156,0.1002,0.1192
AP2,Male,86,2023,0.1081,0.1042,0.1120,0.1010,0.1162,0.0975,0.1206
AP2,Male,86,2024,0.1072,0.1029,0.1115,0.0990,0.1159,0.0950,0.1214
AP2,Male,86,2025,0.1062,0.1011,0.1111,0.0964,0.1159,0.0925,0.1223
AP2,Male,86,2026,0.1053,0.0997,0.1107,0.0949,0.1166,0.0902,0.1228
AP2,Male,86,2027,0.1044,0.0982,0.1100,0.0934,0.1155,0.0882,0.1227
AP2,Male,86,2028,0.1034,0.0970,0.1095,0.0921,0.1157,0.0867,0.1229
AP2,Male,86,2029,0.1025,0.0957,0.1091,0.0901,0.1151,0.0843,0.1219
AP2,Male,86,2030,0.1016,0.0946,0.1083,0.0888,0.1147,0.0819,0.1218
AP2,Male,86,2031,0.1007,0.0938,0.1083,0.0871,0.1137,0.0812,0.1222
AP2,Male,86,2032,0.0998,0.0923,0.1071,0.0857,0.1136,0.0796,0.1222
AP2,Male,86,2033,0.0989,0.0911,0.1068,0.0846,0.1134,0.0777,0.1222
AP2,Male,86,2034,0.0980,0.0903,0.1061,0.0837,0.1129,0.0774,0.1215
AP2,Male,86,2035,0.0972,0.0893,0.1056,0.0827,0.1123,0.0755,0.1218
AP2,Male,86,2036,0.0963,0.0886,0.1048,0.0816,0.1123,0.0756,0.1223
AP2,Male,86,2037,0.0954,0.0872,0.1045,0.0809,0.1119,0.0739,0.1223
AP2,Male,86,2038,0.0946,0.0864,0.1037,0.0797,0.1118,0.0719,0.1210
AP2,Male,86,2039,0.0937,0.0853,0.1034,0.0789,0.1114,0.0716,0.1216
AP2,Male,86,2040,0.0929,0.0846,0.1021,0.0783,0.1110,0.0699,0.1211
AP2,Male,87,2021,0.1205,0.1180,0.1230,0.1159,0.1254,0.1135,0.1279
AP2,Male,87,2022,0.1194,0.1159,0.1230,0.1128,0.1266,0.1096,0.1305
AP2,Male,87,2023,0.1184,0.1140,0.1227,0.1105,0.1274,0.1067,0.1322
AP2,Male,87,2024,0.1174,0.1126,0.1221,0.1083,0.1271,0.1040,0.1330
AP2,Male,87,2025,0.1164,0.1107,0.1217,0.1056,0.1271,0.1013,0.1339
AP2,Male,87,2026,0.1154,0.1092,0.1213,0.1038,0.1278,0.0987,0.1351
AP2,Male,87,2027,0.1144,0.1075,0.1208,0.1023,0.1266,0.0965,0.1345
AP2,Male,87,2028,0.1134,0.1063,0.1199,0.1008,0.1270,0.0949,0.1350
AP2,Male,87,2029,0.1124,0.1050,0.1197,0.0987,0.1262,0.0923,0.1338
AP2,Male,87,2030,0.1114,0.1038,0.1189,0.0973,0.1260,0.0897,0.1339
AP2,Male,87,2031,0.1105,0.1029,0.1189,0.0955,0.1247,0.0889,0.1342
AP2,Male,87,2032,0.1095,0.1012,0.1178,0.0940,0.1248,0.0871,0.1343
AP2,Male,87,2033,0.1086,0.1000,0.1175,0.0926,0.1246,0.0851,0.1344
AP2,Male,87,2034,0.1076,0.0991,0.1167,0.0917,0.1242,0.0848,0.1336
AP2,Male,87,2035,0.1067,0.0980,0.1160,0.0908,0.1234,0.0827,0.1340
AP2,Male,87,2036,0.1058,0.0973,0.1151,0.0896,0.1233,0.0827,0.1345
AP2,Male,87,2037,0.1049,0.0959,0.1148,0.0887,0.1230,0.0811,0.1348
AP2,Male,87,2038,0.1039,0.0949,0.1138,0.0875,0.1230,0.0788,0.1332
AP2,Male,87,2039,0.1030,0.0938,0.1137,0.0865,0.1226,0.0785,0.1338
AP2,Male,87,2040,0.1021,0.0929,0.1122,0.0859,0.1224,0.0767,0.1334
AP2,Male,88,2021,0.1317,0.1291,0.1345,0.1267,0.1371,0.1240,0.1399
AP2,Male,88,2022,0.1306,0.1267,0.1345,0.1233,0.1385,0.1198,0.1427
AP2,Male,88,2023,0.1295,0.1247,0.1343,0.1207,0.1393,0.1166,0.1448
AP2,Male,88,2024,0.1284,0.1232,0.1337,0.1185,0.1390,0.1137,0.1456
AP2,Male,88,2025,0.1274,0.1211,0.1333,0.1154,0.1392,0.1108,0.1466
AP2,Male,88,2026,0.1263,0.1196,0.1330,0.1135,0.1400,0.1080,0.1478
AP2,Male,88,2027,0.1252,0.1177,0.1324,0.1120,0.1386,0.1056,0.1473
AP2,Male,88,2028,0.1242,0.1163,0.1313,0.1102,0.1390,0.1036,0.1479
AP2,Male,88,2029,0.1231,0.1150,0.1311,0.1080,0.1384,0.1009,0.1466
AP2,Male,88,2030,0.1221,0.1136,0.1302,0.1066,0.1382,0.0982,0.1470
AP2,Male,88,2031,0.1211,0.1127,0.1303,0.1045,0.1368,0.0973,0.1472
AP2,Male,88,2032,0.1201,0.1109,0.1291,0.1029,0.1368,0.0952,0.1475
AP2,Male,88,2033,0.1191,0.1096,0.1288,0.1013,0.1368,0.0930,0.1472
AP2,Male,88,2034,0.1181,0.1085,0.1280,0.1005,0.1364,0.0928,0.1469
AP2,Male,88,2035,0.1171,0.1074,0.1273,0.0995,0.1355,0.0905,0.1473
AP2,Male,88,2036,0.1161,0.1066,0.1263,0.0980,0.1353,0.0906,0.1475
AP2,Male,88,2037,0.1151,0.1052,0.1262,0.0974,0.1351,0.0889,0.1481
AP2,Male,88,2038,0.1141,0.1041,0.1249,0.0958,0.1351,0.0861,0.1464
AP2,Male,88,2039,0.1131,0.1029,0.1248,0.0947,0.1348,0.0858,0.1471
AP2,Male,88,2040,0.1122,0.1018,0.1232,0.0943,0.1347,0.0839,0.1467
AP2,Male,89,2021,0.1438,0.1409,0.1469,0.1382,0.1498,0.1354,0.1528
AP2,Male,89,2022,0.1426,0.1384,0.1469,0.1346,0.1513,0.1309,0.1559
AP2,Male,89,2023,0.1415,0.1363,0.1467,0.1318,0.1523,0.1273,0.1584
AP2,Male,89,2024,0.1403,0.1345,0.1461,0.1294,0.1520,0.1242,0.1592
AP2,Male,89,2025,0.1392,0.1323,0.1459,0.1260,0.1522,0.1211,0.1605
AP2,Male,89,2026,0.1381,0.1306,0.1453,0.1240,0.1532,0.1180,0.1618
AP2,Male,89,2027,0.1370,0.1287,0.1447,0.1224,0.1517,0.1154,0.1613
AP2,Male,89,2028,0.1359,0.1272,0.1436,0.1203,0.1522,0.1131,0.1615
AP2,Male,89,2029,0.1347,0.1257,0.1434,0.1181,0.1516,0.1103,0.1606
AP2,Male,89,2030,0.1336,0.1243,0.1425,0.1166,0.1514,0.1074,0.1610
AP2,Male,89,2031,0.1326,0.1233,0.1426,0.1145,0.1498,0.1063,0.1612
AP2,Male,89,2032,0.1315,0.1213,0.1413,0.1127,0.1498,0.1040,0.1618
AP2,Male,89,2033,0.1304,0.1199,0.1410,0.1110,0.1499,0.1015,0.1613
AP2,Male,89,2034,0.1293,0.1189,0.1403,0.1100,0.1495,0.1014,0.1609
AP2,Male,89,2035,0.1283,0.1176,0.1396,0.1089,0.1487,0.0987,0.1617
AP2,Male,89,2036,0.1272,0.1168,0.1387,0.1074,0.1483,0.0992,0.1614
AP2,Male,89,2037,0.1262,0.1152,0.1386,0.1067,0.1484,0.0973,0.1623
AP2,Male,89,2038,0.1251,0.1142,0.1370,0.1048,0.1481,0.0940,0.1609
AP2,Male,89,2039,0.1241,0.1127,0.1369,0.1037,0.1480,0.0937,0.1617
AP2,Male,89,2040,0.1231,0.1117,0.1351,0.1033,0.1480,0.0918,0.1611
AP2,Male,90,2021,0.1568,0.1536,0.1602,0.1507,0.1633,0.1477,0.1667
AP2,Male,90,2022,0.1556,0.1510,0.1603,0.1467,0.1651,0.1427,0.1701
AP2,Male,90,2023,0.1544,0.1487,0.1601,0.1437,0.1662,0.1388,0.1729
AP2,Male,90,2024,0.1532,0.1467,0.1594,0.1412,0.1658,0.1354,0.1739
AP2,Male,90,2025,0.1520,0.1445,0.1593,0.1376,0.1661,0.1321,0.1753
AP2,Male,90,2026,0.1508,0.1427,0.1587,0.1353,0.1674,0.1288,0.1767
AP2,Male,90,2027,0.1496,0.1405,0.1580,0.1336,0.1657,0.1259,0.1763
AP2,Male,90,2028,0.1484,0.1389,0.1569,0.1313,0.1662,0.1233,0.1762
AP2,Male,90,2029,0.1473,0.1372,0.1567,0.1290,0.1658,0.1203,0.1757
AP2,Male,90,2030,0.1461,0.1360,0.1557,0.1272,0.1654,0.1173,0.1761
AP2,Male,90,2031,0.1449,0.1347,0.1559,0.1251,0.1638,0.1162,0.1763
AP2,Male,90,2032,0.1438,0.1325,0.1544,0.1231,0.1640,0.1135,0.1770
AP2,Male,90,2033,0.1427,0.1311,0.1544,0.1211,0.1641,0.1110,0.1768
AP2,Male,90,2034,0.1415,0.1299,0.1535,0.1202,0.1638,0.1109,0.1759
AP2,Male,90,2035,0.1404,0.1285,0.1528,0.1191,0.1631,0.1075,0.1773
AP2,Male,90,2036,0.1393,0.1278,0.1519,0.1175,0.1625,0.1084,0.1766
AP2,Male,90,2037,0.1382,0.1262,0.1518,0.1167,0.1625,0.1065,0.1777
AP2,Male,90,2038,0.1371,0.1251,0.1501,0.1146,0.1621,0.1026,0.1763
AP2,Male,90,2039,0.1360,0.1233,0.1500,0.1133,0.1624,0.1023,0.1773
AP2,Male,90,2040,0.1349,0.1224,0.1483,0.1129,0.1624,0.1005,0.1767
AP2,Male,91,2021,0.1708,0.1673,0.1745,0.1641,0.1779,0.1608,0.1816
AP2,Male,91,2022,0.1695,0.1644,0.1746,0.1598,0.1798,0.1554,0.1853
AP2,Male,91,2023,0.1682,0.1620,0.1745,0.1565,0.1811,0.1512,0.1885
AP2,Male,91,2024,0.1669,0.1598,0.1739,0.1538,0.1807,0.1475,0.1895
AP2,Male,91,2025,0.1657,0.1575,0.1738,0.1499,0.1809,0.1439,0.1910
AP2,Male,91,2026,0.1644,0.1555,0.1730,0.1475,0.1826,0.1403,0.1924
AP2,Male,91,2027,0.1632,0.1531,0.1723,0.1457,0.1808,0.1373,0.1923
AP2,Male,91,2028,0.1619,0.1514,0.1713,0.1432,0.1813,0.1343,0.1923
AP2,Male,91,2029,0.1607,0.1497,0.1709,0.1408,0.1810,0.1311,0.1917
AP2,Male,91,2030,0.1595,0.1485,0.1700,0.1387,0.1808,0.1278,0.1922
AP2,Male,91,2031,0.1583,0.1469,0.1702,0.1365,0.1787,0.1270,0.1924
AP2,Male,91,2032,0.1571,0.1448,0.1687,0.1344,0.1793,0.1236,0.1935
AP2,Male,91,2033,0.1559,0.1431,0.1687,0.1323,0.1794,0.1211,0.1935
AP2,Male,91,2034,0.1547,0.1420,0.1677,0.1311,0.1791,0.1213,0.1920
AP2,Male,91,2035,0.1535,0.1403,0.1670,0.1300,0.1785,0.1173,0.1940
AP2,Male,91,2036,0.1523,0.1396,0.1663,0.1283,0.1778,0.1183,0.1929
AP2,Male,91,2037,0.1511,0.1381,0.1660,0.1276,0.1776,0.1164,0.1943
AP2,Male,91,2038,0.1500,0.1367,0.1642,0.1251,0.1774,0.1120,0.1930
AP2,Male,91,2039,0.1488,0.1348,0.1642,0.1239,0.1777,0.1116,0.1939
AP2,Male,91,2040,0.1477,0.1340,0.1623,0.1236,0.1775,0.1100,0.1935
AP2,Male,92,2021,0.1857,0.1819,0.1898,0.1785,0.1934,0.1749,0.1975
AP2,Male,92,2022,0.1844,0.1789,0.1899,0.1738,0.1957,0.1690,0.2016
AP2,Male,92,2023,0.1830,0.1762,0.1898,0.1702,0.1971,0.1644,0.2050
AP2,Male,92,2024,0.1817,0.1739,0.1894,0.1673,0.1966,0.1605,0.2064
AP2,Male,92,2025,0.1804,0.1714,0.1891,0.1629,0.1969,0.1567,0.2078
AP2,Male,92,2026,0.1790,0.1694,0.1883,0.1605,0.1987,0.1528,0.2091
AP2,Male,92,2027,0.1777,0.1667,0.1878,0.1586,0.1968,0.1494,0.2096
AP2,Male,92,2028,0.1764,0.1651,0.1867,0.1560,0.1974,0.1461,0.2097
AP2,Male,92,2029,0.1751,0.1632,0.1864,0.1534,0.1975,0.1429,0.2087
AP2,Male,92,2030,0.1738,0.1617,0.1853,0.1509,0.1971,0.1392,0.2095
AP2,Male,92,2031,0.1726,0.1602,0.1855,0.1489,0.1949,0.1383,0.2098
AP2,Male,92,2032,0.1713,0.1579,0.1838,0.1464,0.1957,0.1345,0.2111
AP2,Male,92,2033,0.1700,0.1560,0.1840,0.1445,0.1955,0.1318,0.2112
AP2,Male,92,2034,0.1688,0.1549,0.1828,0.1431,0.1953,0.1320,0.2094
AP2,Male,92,2035,0.1675,0.1531,0.1822,0.1418,0.1947,0.1278,0.2117
AP2,Male,92,2036,0.1663,0.1524,0.1814,0.1400,0.1942,0.1289,0.2106
AP2,Male,92,2037,0.1650,0.1509,0.1812,0.1393,0.1937,0.1270,0.2119
AP2,Male,92,2038,0.1638,0.1492,0.1793,0.1366,0.1939,0.1223,0.2109
AP2,Male,92,2039,0.1626,0.1472,0.1793,0.1353,0.1942,0.1215,0.2117
AP2,Male,92,2040,0.1614,0.1462,0.1772,0.1350,0.1938,0.1204,0.2114
AP2,Male,93,2021,0.2016,0.1975,0.2060,0.1938,0.2101,0.1899,0.2144
AP2,Male,93,2022,0.2002,0.1943,0.2062,0.1887,0.2124,0.1836,0.2189
AP2,Male,93,2023,0.1988,0.1913,0.2062,0.1849,0.2140,0.1785,0.2226
AP2,Male,93,2024,0.1974,0.1889,0.2058,0.1817,0.2134,0.1743,0.2243
AP2,Male,93,2025,0.1960,0.1864,0.2055,0.1770,0.2138,0.1702,0.2260
AP2,Male,93,2026,0.1947,0.1842,0.2047,0.1745,0.2158,0.1662,0.2269
AP2,Male,93,2027,0.1933,0.1813,0.2043,0.1723,0.2139,0.1624,0.2281
AP2,Male,93,2028,0.1919,0.1799,0.2031,0.1697,0.2146,0.1588,0.2281
AP2,Male,93,2029,0.1906,0.1776,0.2026,0.1670,0.2148,0.1555,0.2269
AP2,Male,93,2030,0.1892,0.1760,0.2016,0.1640,0.2144,0.1515,0.2278
AP2,Male,93,2031,0.1879,0.1742,0.2018,0.1620,0.2124,0.1502,0.2284
AP2,Male,93,2032,0.1865,0.1718,0.2001,0.1595,0.2131,0.1463,0.2298
AP2,Male,93,2033,0.1852,0.1699,0.2004,0.1576,0.2127,0.1435,0.2298
AP2,Male,93,2034,0.1839,0.1687,0.1991,0.1560,0.2124,0.1437,0.2280
AP2,Male,93,2035,0.1826,0.1671,0.1985,0.1545,0.2121,0.1392,0.2304
AP2,Male,93,2036,0.1813,0.1659,0.1978,0.1525,0.2120,0.1403,0.2292
AP2,Male,93,2037,0.1800,0.1645,0.1974,0.1519,0.2113,0.1384,0.2308
AP2,Male,93,2038,0.1787,0.1627,0.1955,0.1490,0.2118,0.1336,0.2303
AP2,Male,93,2039,0.1774,0.1607,0.1956,0.1477,0.2119,0.1322,0.2308
AP2,Male,93,2040,0.1761,0.1594,0.1933,0.1471,0.2116,0.1314,0.2304
AP2,Male,94,2021,0.2185,0.2140,0.2232,0.2101,0.2277,0.2059,0.2323
AP2,Male,94,2022,0.2171,0.2106,0.2235,0.2046,0.2302,0.1991,0.2372
AP2,Male,94,2023,0.2156,0.2074,0.2235,0.2006,0.2320,0.1936,0.2412
AP2,Male,94,2024,0.2142,0.2049,0.2233,0.1971,0.2314,0.1890,0.2432
AP2,Male,94,2025,0.2127,0.2023,0.2230,0.1921,0.2319,0.1846,0.2451
AP2,Male,94,2026,0.2113,0.2000,0.2222,0.1894,0.2341,0.1803,0.2458
AP2,Male,94,2027,0.2098,0.1969,0.2218,0.1871,0.2322,0.1765,0.2478
AP2,Male,94,2028,0.2084,0.1955,0.2206,0.1843,0.2329,0.1727,0.2476
AP2,Male,94,2029,0.2070,0.1929,0.2199,0.1815,0.2332,0.1690,0.2461
AP2,Male,94,2030,0.2056,0.1912,0.2192,0.1783,0.2331,0.1646,0.2471
AP2,Male,94,2031,0.2042,0.1894,0.2191,0.1760,0.2308,0.1631,0.2485
AP2,Male,94,2032,0.2028,0.1868,0.2175,0.1734,0.2315,0.1590,0.2494
AP2,Male,94,2033,0.2014,0.1850,0.2178,0.1715,0.2314,0.1561,0.2495
AP2,Male,94,2034,0.2000,0.1835,0.2165,0.1696,0.2309,0.1563,0.2479
AP2,Male,94,2035,0.1987,0.1816,0.2159,0.1682,0.2304,0.1514,0.2503
AP2,Male,94,2036,0.1973,0.1804,0.2154,0.1658,0.2306,0.1525,0.2492
AP2,Male,94,2037,0.1959,0.1791,0.2150,0.1653,0.2300,0.1505,0.2507
AP2,Male,94,2038,0.1946,0.1771,0.2128,0.1625,0.2306,0.1457,0.2509
AP2,Male,94,2039,0.1932,0.1751,0.2131,0.1608,0.2307,0.1440,0.2510
AP2,Male,94,2040,0.1919,0.1736,0.2106,0.1601,0.2307,0.1430,0.2507
AP2,Male,95,2021,0.2365,0.2316,0.2415,0.2273,0.2463,0.2228,0.2512
AP2,Male,95,2022,0.2349,0.2278,0.2417,0.2215,0.2489,0.2156,0.2566
AP2,Male,95,2023,0.2334,0.2246,0.2420,0.2173,0.2511,0.2096,0.2610
AP2,Male,95,2024,0.2319,0.2219,0.2417,0.2134,0.2504,0.2046,0.2632
AP2,Male,95,2025,0.2304,0.2191,0.2414,0.2081,0.2512,0.2001,0.2650
AP2,Male,95,2026,0.2289,0.2168,0.2408,0.2052,0.2536,0.1954,0.2662
AP2,Male,95,2027,0.2274,0.2133,0.2404,0.2029,0.2515,0.1913,0.2686
AP2,Male,95,2028,0.2260,0.2119,0.2392,0.1998,0.2523,0.1875,0.2682
AP2,Male,95,2029,0.2245,0.2092,0.2384,0.1968,0.2526,0.1834,0.2667
AP2,Male,95,2030,0.2230,0.2075,0.2376,0.1936,0.2527,0.1784,0.2676
AP2,Male,95,2031,0.2216,0.2054,0.2378,0.1910,0.2505,0.1770,0.2693
AP2,Male,95,2032,0.2201,0.2029,0.2359,0.1885,0.2512,0.1727,0.2700
AP2,Male,95,2033,0.2187,0.2009,0.2363,0.1862,0.2510,0.1695,0.2702
AP2,Male,95,2034,0.2172,0.1994,0.2350,0.1844,0.2504,0.1699,0.2689
AP2,Male,95,2035,0.2158,0.1972,0.2343,0.1828,0.2500,0.1643,0.2716
AP2,Male,95,2036,0.2144,0.1961,0.2338,0.1802,0.2500,0.1657,0.2706
AP2,Male,95,2037,0.2130,0.1946,0.2334,0.1795,0.2497,0.1635,0.2718
AP2,Male,95,2038,0.2115,0.1924,0.2311,0.1767,0.2505,0.1585,0.2727
AP2,Male,95,2039,0.2101,0.1904,0.2317,0.1746,0.2507,0.1569,0.2723
AP2,Male,95,2040,0.2087,0.1889,0.2290,0.1741,0.2509,0.1554,0.2723
AP2,Male,96,2021,0.2554,0.2501,0.2607,0.2455,0.2659,0.2408,0.2712
AP2,Male,96,2022,0.2538,0.2461,0.2610,0.2394,0.2688,0.2330,0.2770
AP2,Male,96,2023,0.2522,0.2427,0.2613,0.2349,0.2709,0.2266,0.2818
AP2,Male,96,2024,0.2507,0.2400,0.2610,0.2309,0.2705,0.2213,0.2842
AP2,Male,96,2025,0.2491,0.2369,0.2609,0.2252,0.2714,0.2167,0.2859
AP2,Male,96,2026,0.2476,0.2347,0.2604,0.2219,0.2738,0.2115,0.2877
AP2,Male,96,2027,0.2460,0.2308,0.2600,0.2196,0.2719,0.2072,0.2904
AP2,Male,96,2028,0.2445,0.2294,0.2587,0.2164,0.2726,0.2032,0.2899
AP2,Male,96,2029,0.2430,0.2265,0.2580,0.2131,0.2729,0.1988,0.2884
AP2,Male,96,2030,0.2415,0.2248,0.2569,0.2096,0.2734,0.1932,0.2893
AP2,Male,96,2031,0.2400,0.2223,0.2574,0.2069,0.2713,0.1916,0.2905
AP2,Male,96,2032,0.2384,0.2197,0.2555,0.2044,0.2717,0.1875,0.2917
AP2,Male,96,2033,0.2369,0.2178,0.2559,0.2019,0.2718,0.1839,0.2921
AP2,Male,96,2034,0.2355,0.2163,0.2546,0.1999,0.2711,0.1844,0.2910
AP2,Male,96,2035,0.2340,0.2141,0.2538,0.1984,0.2709,0.1782,0.2940
AP2,Male,96,2036,0.2325,0.2129,0.2532,0.1955,0.2707,0.1800,0.2930
AP2,Male,96,2037,0.2310,0.2111,0.2530,0.1949,0.2705,0.1775,0.2939
AP2,Male,96,2038,0.2296,0.2086,0.2505,0.1920,0.2712,0.1724,0.2950
AP2,Male,96,2039,0.2281,0.2068,0.2514,0.1898,0.2715,0.1705,0.2946
AP2,Male,96,2040,0.2266,0.2052,0.2486,0.1891,0.2721,0.1688,0.2950
AP2,Male,97,2021,0.2752,0.2696,0.2809,0.2647,0.2865,0.2597,0.2922
AP2,Male,97,2022,0.2736,0.2654,0.2814,0.2582,0.2897,0.2513,0.2984
AP2,Male,97,2023,0.2720,0.2618,0.2818,0.2534,0.2917,0.2445,0.3036
AP2,Male,97,2024,0.2704,0.2589,0.2814,0.2494,0.2916,0.2390,0.3062
AP2,Male,97,2025,0.2688,0.2556,0.2815,0.2431,0.2928,0.2339,0.3078
AP2,Male,97,2026,0.2672,0.2534,0.2809,0.2399,0.2952,0.2285,0.3102
AP2,Male,97,2027,0.2656,0.2492,0.2805,0.2373,0.2932,0.2240,0.3130
AP2,Male,97,2028,0.2641,0.2478,0.2792,0.2339,0.2942,0.2196,0.3127
AP2,Male,97,2029,0.2625,0.2448,0.2786,0.2303,0.2948,0.2152,0.3108
AP2,Male,97,2030,0.2609,0.2430,0.2774,0.2268,0.2949,0.2091,0.3121
AP2,Male,97,2031,0.2594,0.2403,0.2780,0.2239,0.2929,0.2070,0.3128
AP2,Male,97,2032,0.2578,0.2374,0.2758,0.2211,0.2932,0.2029,0.3144
AP2,Male,97,2033,0.2563,0.2355,0.2763,0.2185,0.2934,0.1989,0.3150
AP2,Male,97,2034,0.2547,0.2341,0.2752,0.2166,0.2929,0.1999,0.3141
AP2,Male,97,2035,0.2532,0.2319,0.2746,0.2149,0.2931,0.1932,0.3168
AP2,Male,97,2036,0.2517,0.2306,0.2736,0.2120,0.2926,0.1950,0.3162
AP2,Male,97,2037,0.2501,0.2286,0.2736,0.2113,0.2925,0.1922,0.3173
AP2,Male,97,2038,0.2486,0.2261,0.2708,0.2082,0.2933,0.1870,0.3185
AP2,Male,97,2039,0.2471,0.2243,0.2722,0.2060,0.2935,0.1847,0.3179
AP2,Male,97,2040,0.2456,0.2224,0.2693,0.2052,0.2943,0.1832,0.3187
AP2,Male,98,2021,0.2960,0.2900,0.3019,0.2849,0.3080,0.2796,0.3141
AP2,Male,98,2022,0.2944,0.2856,0.3026,0.2779,0.3113,0.2704,0.3208
AP2,Male,98,2023,0.2927,0.2818,0.3031,0.2729,0.3136,0.2634,0.3264
AP2,Male,98,2024,0.2911,0.2788,0.3026,0.2689,0.3137,0.2577,0.3290
AP2,Male,98,2025,0.2895,0.2753,0.3029,0.2621,0.3149,0.2521,0.3307
AP2,Male,98,2026,0.2878,0.2730,0.3022,0.2586,0.3176,0.2463,0.3337
AP2,Male,98,2027,0.2862,0.2689,0.3019,0.2559,0.3154,0.2416,0.3360
AP2,Male,98,2028,0.2846,0.2673,0.3006,0.2525,0.3166,0.2370,0.3365
AP2,Male,98,2029,0.2830,0.2642,0.2999,0.2487,0.3172,0.2325,0.3345
AP2,Male,98,2030,0.2814,0.2622,0.2989,0.2450,0.3175,0.2259,0.3358
AP2,Male,98,2031,0.2798,0.2592,0.2995,0.2419,0.3155,0.2237,0.3363
AP2,Male,98,2032,0.2782,0.2563,0.2974,0.2389,0.3158,0.2192,0.3380
AP2,Male,98,2033,0.2766,0.2544,0.2979,0.2360,0.3163,0.2149,0.3390
AP2,Male,98,2034,0.2750,0.2531,0.2969,0.2344,0.3157,0.2161,0.3382
AP2,Male,98,2035,0.2734,0.2507,0.2961,0.2324,0.3160,0.2094,0.3407
AP2,Male,98,2036,0.2718,0.2490,0.2956,0.2293,0.3153,0.2109,0.3403
AP2,Male,98,2037,0.2703,0.2470,0.2952,0.2287,0.3155,0.2076,0.3418
AP2,Male,98,2038,0.2687,0.2444,0.2926,0.2253,0.3163,0.2025,0.3433
AP2,Male,98,2039,0.2672,0.2426,0.2935,0.2229,0.3167,0.1999,0.3423
AP2,Male,98,2040,0.2656,0.2406,0.2911,0.2220,0.3174,0.1984,0.3433
AP2,Male,99,2021,0.3177,0.3114,0.3240,0.3059,0.3304,0.3003,0.3369
AP2,Male,99,2022,0.3160,0.3067,0.3247,0.2986,0.3338,0.2905,0.3439
AP2,Male,99,2023,0.3144,0.3027,0.3254,0.2933,0.3364,0.2833,0.3499
AP2,Male,99,2024,0.3127,0.2996,0.3249,0.2891,0.3367,0.2774,0.3526
AP2,Male,99,2025,0.3110,0.2959,0.3252,0.2818,0.3380,0.2712,0.3543
AP2,Male,99,2026,0.3094,0.2935,0.3246,0.2784,0.3408,0.2650,0.3580
AP2,Male,99,2027,0.3077,0.2896,0.3242,0.2755,0.3386,0.2602,0.3601
AP2,Male,99,2028,0.3060,0.2877,0.3231,0.2721,0.3399,0.2552,0.3612
AP2,Male,99,2029,0.3044,0.2844,0.3222,0.2681,0.3406,0.2507,0.3591
AP2,Male,99,2030,0.3028,0.2823,0.3214,0.2643,0.3409,0.2435,0.3604
AP2,Male,99,2031,0.3011,0.2792,0.3216,0.2606,0.3391,0.2413,0.3608
AP2,Male,99,2032,0.2995,0.2763,0.3200,0.2580,0.3394,0.2363,0.3626
AP2,Male,99,2033,0.2979,0.2740,0.3203,0.2547,0.3397,0.2316,0.3638
AP2,Male,99,2034,0.2962,0.2728,0.3194,0.2530,0.3392,0.2331,0.3632
AP2,Male,99,2035,0.2946,0.2704,0.3187,0.2509,0.3399,0.2264,0.3659
AP2,Male,99,2036,0.2930,0.2685,0.3182,0.2477,0.3392,0.2279,0.3652
AP2,Male,99,2037,0.2914,0.2663,0.3178,0.2470,0.3395,0.2241,0.3673
AP2,Male,99,2038,0.2898,0.2639,0.3152,0.2435,0.3399,0.2187,0.3691
AP2,Male,99,2039,0.2882,0.2619,0.3158,0.2406,0.3409,0.2161,0.3674
AP2,Male,99,2040,0.2866,0.2598,0.3136,0.2401,0.3412,0.2146,0.3687
AP2,Male,100,2021,0.3402,0.3336,0.3469,0.3278,0.3535,0.3219,0.3604
AP2,Male,100,2022,0.3385,0.3287,0.3477,0.3201,0.3572,0.3114,0.3678
AP2,Male,100,2023,0.3368,0.3246,0.3486,0.3145,0.3600,0.3041,0.3741
AP2,Male,100,2024,0.3351,0.3213,0.3481,0.3103,0.3606,0.2978,0.3771
AP2,Male,100,2025,0.3334,0.3174,0.3484,0.3025,0.3618,0.2912,0.3786
AP2,Male,100,2026,0.3317,0.3150,0.3477,0.2991,0.3648,0.2847,0.3832
AP2,Male,100,2027,0.3301,0.3109,0.3473,0.2959,0.3627,0.2799,0.3853
AP2,Male,100,2028,0.3284,0.3090,0.3463,0.2925,0.3640,0.2744,0.3866
AP2,Male,100,2029,0.3267,0.3055,0.3454,0.2881,0.3647,0.2697,0.3845
AP2,Male,100,2030,0.3250,0.3033,0.3447,0.2843,0.3649,0.2620,0.3858
AP2,Male,100,2031,0.3234,0.3002,0.3446,0.2802,0.3633,0.2599,0.3862
AP2,Male,100,2032,0.3217,0.2974,0.3435,0.2780,0.3636,0.2543,0.3881
AP2,Male,100,2033,0.3200,0.2947,0.3438,0.2744,0.3641,0.2496,0.3895
AP2,Male,100,2034,0.3184,0.2937,0.3429,0.2725,0.3634,0.2511,0.3890
AP2,Male,100,2035,0.3168,0.2910,0.3423,0.2704,0.3645,0.2440,0.3920
AP2,Male,100,2036,0.3151,0.2888,0.3416,0.2670,0.3638,0.2460,0.3909
AP2,Male,100,2037,0.3135,0.2868,0.3416,0.2665,0.3644,0.2416,0.3939
AP2,Male,100,2038,0.3118,0.2842,0.3387,0.2632,0.3647,0.2358,0.3956
AP2,Male,100,2039,0.3102,0.2822,0.3391,0.2595,0.3658,0.2332,0.3934
AP2,Male,100,2040,0.3086,0.2798,0.3370,0.2585,0.3660,0.2318,0.3947
AP3,Male,18,2021,0.0002,0.0002,0.0002,0.0002,0.0002,0.0002,0.0002
AP3,Male,18,2022,0.0002,0.0002,0.0002,0.0002,0.0002,0.0002,0.0003
AP3,Male,18,2023,0.0002,0.0002,0.0002,0.0002,0.0002,0.0002,0.0003
AP3,Male,18,2024,0.0002,0.0002,0.0002,0.0002,0.0002,0.0002,0.0003
AP3,Male,18,2025,0.0002,0.0002,0.0002,0.0002,0.0002,0.0002,0.0003
AP3,Male,18,2026,0.0002,0.0002,0.0002,0.0002,0.0002,0.0002,0.0003
AP3,Male,18,2027,0.0002,0.0002,0.0002,0.0002,0.0002,0.0002,0.0003
AP3,Male,18,2028,0.0002,0.0002,0.0002,0.0002,0.0002,0.0001,0.0002
AP3,Male,18,2029,0.0002,0.0002,0.0002,0.0002,0.0002,0.0001,0.0002
AP3,Male,18,2030,0.0002,0.0002,0.0002,0.0001,0.0002,0.0001,0.0002
AP3,Male,18,2031,0.0002,0.0002,0.0002,0.0001,0.0002,0.0001,0.0002
AP3,Male,18,2032,0.0002,0.0002,0.0002,0.0001,0.0002,0.0001,0.0002
AP3,Male,18,2033,0.0002,0.0002,0.0002,0.0001,0.0002,0.0001,0.0002
AP3,Male,18,2034,0.0002,0.0001,0.0002,0.0001,0.0002,0.0001,0.0002
AP3,Male,18,2035,0.0002,0.0001,0.0002,0.0001,0.0002,0.0001,0.0002
AP3,Male,18,2036,0.0002,0.0001,0.0002,0.0001,0.0002,0.0001,0.0002
AP3,Male,18,2037,0.0002,0.0001,0.0002,0.0001,0.0002,0.0001,0.0002
AP3,Male,18,2038,0.0002,0.0001,0.0002,0.0001,0.0002,0.0001,0.0002
AP3,Male,18,2039,0.0001,0.0001,0.0002,0.0001,0.0002,0.0001,0.0002
AP3,Male,18,2040,0.0001,0.0001,0.0002,0.0001,0.0002,0.0001,0.0002
AP3,Male,19,2021,0.0002,0.0002,0.0003,0.0002,0.0003,0.0002,0.0003
AP3,Male,19,2022,0.0002,0.0002,0.0002,0.0002,0.0003,0.0002,0.0003
AP3,Male,19,2023,0.0002,0.0002,0.0002,0.0002,0.0003,0.0002,0.0003
AP3,Male,19,2024,0.0002,0.0002,0.0002,0.0002,0.0003,0.0002,0.0003
AP3,Male,19,2025,0.0002,0.0002,0.0002,0.0002,0.0003,0.0002,0.0003
AP3,Male,19,2026,0.0002,0.0002,0.0002,0.0002,0.0003,0.0002,0.0003
AP3,Male,19,2027,0.0002,0.0002,0.0002,0.0002,0.0002,0.0002,0.0003
AP3,Male,19,2028,0.0002,0.0002,0.0002,0.0002,0.0002,0.0002,0.0003
AP3,Male,19,2029,0.0002,0.0002,0.0002,0.0002,0.0002,0.0002,0.0003
AP3,Male,19,2030,0.0002,0.0002,0.0002,0.0002,0.0002,0.0001,0.0003
AP3,Male,19,2031,0.0002,0.0002,0.0002,0.0002,0.0002,0.0001,0.0003
AP3,Male,19,2032,0.0002,0.0002,0.0002,0.0002,0.0002,0.0001,0.0003
AP3,Male,19,2033,0.0002,0.0002,0.0002,0.0001,0.0002,0.0001,0.0003
AP3,Male,19,2034,0.0002,0.0002,0.0002,0.0001,0.0002,0.0001,0.0003
AP3,Male,19,2035,0.0002,0.0002,0.0002,0.0001,0.0002,0.0001,0.0002
AP3,Male,19,2036,0.0002,0.0002,0.0002,0.0001,0.0002,0.0001,0.0002
AP3,Male,19,2037,0.0002,0.0001,0.0002,0.0001,0.0002,0.0001,0.0002
AP3,Male,19,2038,0.0002,0.0001,0.0002,0.0001,0.0002,0.0001,0.0002
AP3,Male,19,2039,0.0002,0.0001,0.0002,0.0001,0.0002,0.0001,0.0002
AP3,Male,19,2040,0.0002,0.0001,0.0002,0.0001,0.0002,0.0001,0.0002
AP3,Male,20,2021,0.0003,0.0003,0.0003,0.0002,0.0003,0.0002,0.0003
AP3,Male,20,2022,0.0003,0.0002,0.0003,0.0002,0.0003,0.0002,0.0003
AP3,Male,20,2023,0.0003,0.0002,0.0003,0.0002,0.0003,0.0002,0.0003
AP3,Male,20,2024,0.0002,0.0002,0.0003,0.0002,0.0003,0.0002,0.0003
AP3,Male,20,2025,0.0002,0.0002,0.0003,0.0002,0.0003,0.0002,0.0003
AP3,Male,20,2026,0.0002,0.0002,0.0003,0.0002,0.0003,0.0002,0.0003
AP3,Male,20,2027,0.0002,0.0002,0.0002,0.0002,0.0003,0.0002,0.0003
AP3,Male,20,2028,0.0002,0.0002,0.0002,0.0002,0.0003,0.0002,0.0003
AP3,Male,20,2029,0.0002,0.0002,0.0002,0.0002,0.0003,0.0002,0.0003
AP3,Male,20,2030,0.0002,0.0002,0.0002,0.0002,0.0003,0.0002,0.0003
AP3,Male,20,2031,0.0002,0.0002,0.0002,0.0002,0.0003,0.0002,0.0003
AP3,Male,20,2032,0.0002,0.0002,0.0002,0.0002,0.0003,0.0001,0.0003
AP3,Male,20,2033,0.0002,0.0002,0.0002,0.0002,0.0002,0.0001,0.0003
AP3,Male,20,2034,0.0002,0.0002,0.0002,0.0002,0.0002,0.0001,0.0003
AP3,Male,20,2035,0.0002,0.0002,0.0002,0.0002,0.0002,0.0001,0.0003
AP3,Male,20,2036,0.0002,0.0002,0.0002,0.0001,0.0002,0.0001,0.0003
AP3,Male,20,2037,0.0002,0.0002,0.0002,0.0001,0.0002,0.0001,0.0003
AP3,Male,20,2038,0.0002,0.0002,0.0002,0.0001,0.0002,0.0001,0.0003
AP3,Male,20,2039,0.0002,0.0002,0.0002,0.0001,0.0002,0.0001,0.0003
AP3,Male,20,2040,0.0002,0.0001,0.0002,0.0001,0.0002,0.0001,0.0003
AP3,Male,21,2021,0.0003,0.0003,0.0003,0.0003,0.0003,0.0003,0.0003
AP3,Male,21,2022,0.0003,0.0003,0.0003,0.0003,0.0003,0.0002,0.0003
AP3,Male,21,2023,0.0003,0.0003,0.0003,0.0002,0.0003,0.0002,0.0003
AP3,Male,21,2024,0.0003,0.0003,0.0003,0.0002,0.0003,0.0002,0.0003
AP3,Male,21,2025,0.0003,0.0002,0.0003,0.0002,0.0003,0.0002,0.0003
AP3,Male,21,2026,0.0003,0.0002,0.0003,0.0002,0.0003,0.0002,0.0003
AP3,Male,21,2027,0.0002,0.0002,0.0003,0.0002,0.0003,0.0002,0.0003
AP3,Male,21,2028,0.0002,0.0002,0.0003,0.0002,0.0003,0.0002,0.0003
AP3,Male,21,2029,0.0002,0.0002,0.0003,0.0002,0.0003,0.0002,0.0003
AP3,Male,21,2030,0.0002,0.0002,0.0003,0.0002,0.0003,0.0002,0.0003
AP3,Male,21,2031,0.0002,0.0002,0.0003,0.0002,0.0003,0.0002,0.0003
AP3,Male,21,2032,0.0002,0.0002,0.0002,0.0002,0.0003,0.0002,0.0003
AP3,Male,21,2033,0.0002,0.0002,0.0002,0.0002,0.0003,0.0002,0.0003
AP3,Male,21,2034,0.0002,0.0002,0.0002,0.0002,0.0003,0.0002,0.0003
AP3,Male,21,2035,0.0002,0.0002,0.0002,0.0002,0.0003,0.0001,0.0003
AP3,Male,21,2036,0.0002,0.0002,0.0002,0.0002,0.0003,0.0001,0.0003
AP3,Male,21,2037,0.0002,0.0002,0.0002,0.0002,0.0002,0.0001,0.0003
AP3,Male,21,2038,0.0002,0.0002,0.0002,0.0002,0.0002,0.0001,0.0003
AP3,Male,21,2039,0.0002,0.0002,0.0002,0.0001,0.0002,0.0001,0.0003
AP3,Male,21,2040,0.0002,0.0002,0.0002,0.0001,0.0002,0.0001,0.0003
AP3,Male,22,2021,0.0003,0.0003,0.0003,0.0003,0.0003,0.0003,0.0003
AP3,Male,22,2022,0.0003,0.0003,0.0003,0.0003,0.0003,0.0003,0.0003
AP3,Male,22,2023,0.0003,0.0003,0.0003,0.0003,0.0003,0.0003,0.0003
AP3,Male,22,2024,0.0003,0.0003,0.0003,0.0003,0.0003,0.0002,0.0003
AP3,Male,22,2025,0.0003,0.0003,0.0003,0.0003,0.0003,0.0002,0.0003
AP3,Male,22,2026,0.0003,0.0003,0.0003,0.0002,0.0003,0.0002,0.0003
AP3,Male,22,2027,0.0003,0.0003,0.0003,0.0002,0.0003,0.0002,0.0003
AP3,Male,22,2028,0.0003,0.0002,0.0003,0.0002,0.0003,0.0002,0.0003
AP3,Male,22,2029,0.0003,0.0002,0.0003,0.0002,0.0003,0.0002,0.0003
AP3,Male,22,2030,0.0003,0.0002,0.0003,0.0002,0.0003,0.0002,0.0003
AP3,Male,22,2031,0.0002,0.0002,0.0003,0.0002,0.0003,0.0002,0.0003
AP3,Male,22,2032,0.0002,0.0002,0.0003,0.0002,0.0003,0.0002,0.0003
AP3,Male,22,2033,0.0002,0.0002,0.0003,0.0002,0.0003,0.0002,0.0003
AP3,Male,22,2034,0.0002,0.0002,0.0003,0.0002,0.0003,0.0002,0.0003
AP3,Male,22,2035,0.0002,0.0002,0.0003,0.0002,0.0003,0.0002,0.0003
AP3,Male,22,2036,0.0002,0.0002,0.0002,0.0002,0.0003,0.0002,0.0003
AP3,Male,22,2037,0.0002,0.0002,0.0002,0.0002,0.0003,0.0002,0.0003
AP3,Male,22,2038,0.0002,0.0002,0.0002,0.0002,0.0003,0.0001,0.0003
AP3,Male,22,2039,0.0002,0.0002,0.0002,0.0002,0.0003,0.0001,0.0003
AP3,Male,22,2040,0.0002,0.0002,0.0002,0.0002,0.0003,0.0001,0.0003
AP3,Male,23,2021,0.0003,0.0003,0.0003,0.0003,0.0004,0.0003,0.0004
AP3,Male,23,2022,0.0003,0.0003,0.0003,0.0003,0.0004,0.0003,0.0004
AP3,Male,23,2023,0.0003,0.0003,0.0003,0.0003,0.0004,0.0003,0.0004
AP3,Male,23,2024,0.0003,0.0003,0.0003,0.0003,0.0004,0.0003,0.0004
AP3,Male,23,2025,0.0003,0.0003,0.0003,0.0003,0.0003,0.0003,0.0004
AP3,Male,23,2026,0.0003,0.0003,0.0003,0.0003,0.0003,0.0002,0.0004
AP3,Male,23,2027,0.0003,0.0003,0.0003,0.0003,0.0003,0.0002,0.0004
AP3,Male,23,2028,0.0003,0.0003,0.0003,0.0002,0.0003,0.0002,0.0004
AP3,Male,23,2029,0.0003,0.0003,0.0003,0.0002,0.0003,0.0002,0.0004
AP3,Male,23,2030,0.0003,0.0003,0.0003,0.0002,0.0003,0.0002,0.0004
AP3,Male,23,2031,0.0003,0.0002,0.0003,0.0002,0.0003,0.0002,0.0003
AP3,Male,23,2032,0.0003,0.0002,0.0003,0.0002,0.0003,0.0002,0.0003
AP3,Male,23,2033,0.0003,0.0002,0.0003,0.0002,0.0003,0.0002,0.0003
AP3,Male,23,2034,0.0003,0.0002,0.0003,0.0002,0.0003,0.0002,0.0003
AP3,Male,23,2035,0.0002,0.0002,0.0003,0.0002,0.0003,0.0002,0.0003
AP3,Male,23,2036,0.0002,0.0002,0.0003,0.0002,0.0003,0.0002,0.0003
AP3,Male,23,2037,0.0002,0.0002,0.0003,0.0002,0.0003,0.0002,0.0003
AP3,Male,23,2038,0.0002,0.0002,0.0003,0.0002,0.0003,0.0002,0.0003
AP3,Male,23,2039,0.0002,0.0002,0.0003,0.0002,0.0003,0.0002,0.0003
AP3,Male,23,2040,0.0002,0.0002,0.0003,0.0002,0.0003,0.0002,0.0003
AP3,Male,24,2021,0.0004,0.0004,0.0004,0.0003,0.0004,0.0003,0.0004
AP3,Male,24,2022,0.0004,0.0003,0.0004,0.0003,0.0004,0.0003,0.0004
AP3,Male,24,2023,0.0003,0.0003,0.0004,0.0003,0.0004,0.0003,0.0004
AP3,Male,24,2024,0.0003,0.0003,0.0004,0.0003,0.0004,0.0003,0.0004
AP3,Male,24,2025,0.0003,0.0003,0.0004,0.0003,0.0004,0.0003,0.0004
AP3,Male,24,2026,0.0003,0.0003,0.0003,0.0003,0.0004,0.0003,0.0004
AP3,Male,24,2027,0.0003,0.0003,0.0003,0.0003,0.0004,0.0003,0.0004
AP3,Male,24,2028,0.0003,0.0003,0.0003,0.0003,0.0004,0.0002,0.0004
AP3,Male,24,2029,0.0003,0.0003,0.0003,0.0003,0.0004,0.0002,0.0004
AP3,Male,24,2030,0.0003,0.0003,0.0003,0.0003,0.0004,0.0002,0.0004
AP3,Male,24,2031,0.0003,0.0003,0.0003,0.0002,0.0003,0.0002,0.0004
AP3,Male,24,2032,0.0003,0.0003,0.0003,0.0002,0.0003,0.0002,0.0004
AP3,Male,24,2033,0.0003,0.0003,0.0003,0.0002,0.0003,0.0002,0.0004
AP3,Male,24,2034,0.0003,0.0002,0.0003,0.0002,0.0003,0.0002,0.0004
AP3,Male,24,2035,0.0003,0.0002,0.0003,0.0002,0.0003,0.0002,0.0004
AP3,Male,24,2036,0.0003,0.0002,0.0003,0.0002,0.0003,0.0002,0.0004
AP3,Male,24,2037,0.0003,0.0002,0.0003,0.0002,0.0003,0.0002,0.0004
AP3,Male,24,2038,0.0003,0.0002,0.0003,0.0002,0.0003,0.0002,0.0004
AP3,Male,24,2039,0.0002,0.0002,0.0003,0.0002,0.0003,0.0002,0.0003
AP3,Male,24,2040,0.0002,0.0002,0.0003,0.0002,0.0003,0.0002,0.0003
AP3,Male,25,2021,0.0004,0.0004,0.0004,0.0004,0.0004,0.0004,0.0004
AP3,Male,25,2022,0.0004,0.0004,0.0004,0.0004,0.0004,0.0003,0.0004
AP3,Male,25,2023,0.0004,0.0004,0.0004,0.0003,0.0004,0.0003,0.0004
AP3,Male,25,2024,0.0004,0.0004,0.0004,0.0003,0.0004,0.0003,0.0004
AP3,Male,25,2025,0.0004,0.0003,0.0004,0.0003,0.0004,0.0003,0.0004
AP3,Male,25,2026,0.0004,0.0003,0.0004,0.0003,0.0004,0.0003,0.0004
AP3,Male,25,2027,0.0003,0.0003,0.0004,0.0003,0.0004,0.0003,0.0004
AP3,Male,25,2028,0.0003,0.0003,0.0004,0.0003,0.0004,0.0003,0.0004
AP3,Male,25,2029,0.0003,0.0003,0.0004,0.0003,0.0004,0.0003,0.0004
AP3,Male,25,2030,0.0003,0.0003,0.0004,0.0003,0.0004,0.0003,0.0004
AP3,Male,25,2031,0.0003,0.0003,0.0003,0.0003,0.0004,0.0002,0.0004
AP3,Male,25,2032,0.0003,0.0003,0.0003,0.0003,0.0004,0.0002,0.0004
AP3,Male,25,2033,0.0003,0.0003,0.0003,0.0003,0.0004,0.0002,0.0004
AP3,Male,25,2034,0.0003,0.0003,0.0003,0.0002,0.0004,0.0002,0.0004
AP3,Male,25,2035,0.0003,0.0003,0.0003,0.0002,0.0004,0.0002,0.0004
AP3,Male,25,2036,0.0003,0.0003,0.0003,0.0002,0.0003,0.0002,0.0004
AP3,Male,25,2037,0.0003,0.0003,0.0003,0.0002,0.0003,0.0002,0.0004
AP3,Male,25,2038,0.0003,0.0002,0.0003,0.0002,0.0003,0.0002,0.0004
AP3,Male,25,2039,0.0003,0.0002,0.0003,0.0002,0.0003,0.0002,0.0004
AP3,Male,25,2040,0.0003,0.0002,0.0003,0.0002,0.0003,0.0002,0.0004
AP3,Male,26,2021,0.0004,0.0004,0.0004,0.0004,0.0004,0.0004,0.0005
AP3,Male,26,2022,0.0004,0.0004,0.0004,0.0004,0.0004,0.0004,0.0005
AP3,Male,26,2023,0.0004,0.0004,0.0004,0.0004,0.0004,0.0004,0.0005
AP3,Male,26,2024,0.0004,0.0004,0.0004,0.0004,0.0004,0.0003,0.0005
AP3,Male,26,2025,0.0004,0.0004,0.0004,0.0004,0.0004,0.0003,0.0005
AP3,Male,26,2026,0.0004,0.0004,0.0004,0.0003,0.0004,0.0003,0.0005
AP3,Male,26,2027,0.0004,0.0004,0.0004,0.0003,0.0004,0.0003,0.0005
AP3,Male,26,2028,0.0004,0.0003,0.0004,0.0003,0.0004,0.0003,0.0005
AP3,Male,26,2029,0.0004,0.0003,0.0004,0.0003,0.0004,0.0003,0.0005
AP3,Male,26,2030,0.0004,0.0003,0.0004,0.0003,0.0004,0.0003,0.0004
AP3,Male,26,2031,0.0003,0.0003,0.0004,0.0003,0.0004,0.0003,0.0004
AP3,Male,26,2032,0.0003,0.0003,0.0004,0.0003,0.0004,0.0003,0.0004
AP3,Male,26,2033,0.0003,0.0003,0.0004,0.0003,0.0004,0.0003,0.0004
AP3,Male,26,2034,0.0003,0.0003,0.0004,0.0003,0.0004,0.0002,0.0004
AP3,Male,26,2035,0.0003,0.0003,0.0004,0.0003,0.0004,0.0002,0.0004
AP3,Male,26,2036,0.0003,0.0003,0.0003,0.0003,0.0004,0.0002,0.0004
AP3,Male,26,2037,0.0003,0.0003,0.0003,0.0003,0.0004,0.0002,0.0004
AP3,Male,26,2038,0.0003,0.0003,0.0003,0.0002,0.0004,0.0002,0.0004
AP3,Male,26,2039,0.0003,0.0003,0.0003,0.0002,0.0004,0.0002,0.0004
AP3,Male,26,2040,0.0003,0.0003,0.0003,0.0002,0.0004,0.0002,0.0004
AP3,Male,27,2021,0.0005,0.0005,0.0005,0.0004,0.0005,0.0004,0.0005
AP3,Male,27,2022,0.0005,0.0004,0.0005,0.0004,0.0005,0.0004,0.0005
AP3,Male,27,2023,0.0004,0.0004,0.0005,0.0004,0.0005,0.0004,0.0005
AP3,Male,27,2024,0.0004,0.0004,0.0005,0.0004,0.0005,0.0004,0.0005
AP3,Male,27,2025,0.0004,0.0004,0.0005,0.0004,0.0005,0.0004,0.0005
AP3,Male,27,2026,0.0004,0.0004,0.0004,0.0004,0.0005,0.0004,0.0005
AP3,Male,27,2027,0.0004,0.0004,0.0004,0.0004,0.0005,0.0003,0.0005
AP3,Male,27,2028,0.0004,0.0004,0.0004,0.0004,0.0005,0.0003,0.0005
AP3,Male,27,2029,0.0004,0.0004,0.0004,0.0003,0.0005,0.0003,0.0005
AP3,Male,27,2030,0.0004,0.0004,0.0004,0.0003,0.0004,0.0003,0.0005
AP3,Male,27,2031,0.0004,0.0003,0.0004,0.0003,0.0004,0.0003,0.0005
AP3,Male,27,2032,0.0004,0.0003,0.0004,0.0003,0.0004,0.0003,0.0005
AP3,Male,27,2033,0.0004,0.0003,0.0004,0.0003,0.0004,0.0003,0.0005
AP3,Male,27,2034,0.0004,0.0003,0.0004,0.0003,0.0004,0.0003,0.0005
AP3,Male,27,2035,0.0003,0.0003,0.0004,0.0003,0.0004,0.0003,0.0005
AP3,Male,27,2036,0.0003,0.0003,0.0004,0.0003,0.0004,0.0003,0.0004
AP3,Male,27,2037,0.0003,0.0003,0.0004,0.0003,0.0004,0.0002,0.0004
AP3,Male,27,2038,0.0003,0.0003,0.0004,0.0003,0.0004,0.0002,0.0004
AP3,Male,27,2039,0.0003,0.0003,0.0004,0.0003,0.0004,0.0002,0.0004
AP3,Male,27,2040,0.0003,0.0003,0.0003,0.0002,0.0004,0.0002,0.0004
AP3,Male,28,2021,0.0005,0.0005,0.0005,0.0005,0.0005,0.0005,0.0005
AP3,Male,28,2022,0.0005,0.0005,0.0005,0.0005,0.0005,0.0004,0.0005
AP3,Male,28,2023,0.0005,0.0005,0.0005,0.0004,0.0005,0.0004,0.0005
AP3,Male,28,2024,0.0005,0.0005,0.0005,0.0004,0.0005,0.0004,0.0005
AP3,Male,28,2025,0.0005,0.0004,0.0005,0.0004,0.0005,0.0004,0.0005
AP3,Male,28,2026,0.0005,0.0004,0.0005,0.0004,0.0005,0.0004,0.0005
AP3,Male,28,2027,0.0004,0.0004,0.0005,0.0004,0.0005,0.0004,0.0005
AP3,Male,28,2028,0.0004,0.0004,0.0005,0.0004,0.0005,0.0004,0.0005
AP3,Male,28,2029,0.0004,0.0004,0.0005,0.0004,0.0005,0.0003,0.0005
AP3,Male,28,2030,0.0004,0.0004,0.0005,0.0004,0.0005,0.0003,0.0005
AP3,Male,28,2031,0.0004,0.0004,0.0004,0.0004,0.0005,0.0003,0.0005
AP3,Male,28,2032,0.0004,0.0004,0.0004,0.0003,0.0005,0.0003,0.0005
AP3,Male,28,2033,0.0004,0.0004,0.0004,0.0003,0.0005,0.0003,0.0005
AP3,Male,28,2034,0.0004,0.0004,0.0004,0.0003,0.0005,0.0003,0.0005
AP3,Male,28,2035,0.0004,0.0003,0.0004,0.0003,0.0004,0.0003,0.0005
AP3,Male,28,2036,0.0004,0.0003,0.0004,0.0003,0.0004,0.0003,0.0005
AP3,Male,28,2037,0.0004,0.0003,0.0004,0.0003,0.0004,0.0003,0.0005
AP3,Male,28,2038,0.0004,0.0003,0.0004,0.0003,0.0004,0.0003,0.0005
AP3,Male,28,2039,0.0003,0.0003,0.0004,0.0003,0.0004,0.0003,0.0005
AP3,Male,28,2040,0.0003,0.0003,0.0004,0.0003,0.0004,0.0002,0.0005
AP3,Male,29,2021,0.0005,0.0005,0.0006,0.0005,0.0006,0.0005,0.0006
AP3,Male,29,2022,0.0005,0.0005,0.0006,0.0005,0.0006,0.0005,0.0006
AP3,Male,29,2023,0.0005,0.0005,0.0005,0.0005,0.0006,0.0005,0.0006
AP3,Male,29,2024,0.0005,0.0005,0.0005,0.0005,0.0006,0.0004,0.0006
AP3,Male,29,2025,0.0005,0.0005,0.0005,0.0005,0.0006,0.0004,0.0006
AP3,Male,29,2026,0.0005,0.0005,0.0005,0.0004,0.0005,0.0004,0.0006
AP3,Male,29,2027,0.0005,0.0005,0.0005,0.0004,0.0005,0.0004,0.0006
AP3,Male,29,2028,0.0005,0.0004,0.0005,0.0004,0.0005,0.0004,0.0006
AP3,Male,29,2029,0.0005,0.0004,0.0005,0.0004,0.0005,0.0004,0.0006
AP3,Male,29,2030,0.0005,0.0004,0.0005,0.0004,0.0005,0.0004,0.0006
AP3,Male,29,2031,0.0004,0.0004,0.0005,0.0004,0.0005,0.0004,0.0006
AP3,Male,29,2032,0.0004,0.0004,0.0005,0.0004,0.0005,0.0003,0.0005
AP3,Male,29,2033,0.0004,0.0004,0.0005,0.0004,0.0005,0.0003,0.0005
AP3,Male,29,2034,0.0004,0.0004,0.0005,0.0004,0.0005,0.0003,0.0005
AP3,Male,29,2035,0.0004,0.0004,0.0004,0.0003,0.0005,0.0003,0.0005
AP3,Male,29,2036,0.0004,0.0004,0.0004,0.0003,0.0005,0.0003,0.0005
AP3,Male,29,2037,0.0004,0.0004,0.0004,0.0003,0.0005,0.0003,0.0005
AP3,Male,29,2038,0.0004,0.0004,0.0004,0.0003,0.0005,0.0003,0.0005
AP3,Male,29,2039,0.0004,0.0003,0.0004,0.0003,0.0005,0.0003,0.0005
AP3,Male,29,2040,0.0004,0.0003,0.0004,0.0003,0.0005,0.0003,0.0005
AP3,Male,30,2021,0.0006,0.0006,0.0006,0.0006,0.0006,0.0006,0.0006
AP3,Male,30,2022,0.0006,0.0006,0.0006,0.0005,0.0006,0.0005,0.0006
AP3,Male,30,2023,0.0006,0.0005,0.0006,0.0005,0.0006,0.0005,0.0006
AP3,Male,30,2024,0.0006,0.0005,0.0006,0.0005,0.0006,0.0005,0.0006
AP3,Male,30,2025,0.0005,0.0005,0.0006,0.0005,0.0006,0.0005,0.0006
AP3,Male,30,2026,0.0005,0.0005,0.0006,0.0005,0.0006,0.0005,0.0006
AP3,Male,30,2027,0.0005,0.0005,0.0006,0.0005,0.0006,0.0004,0.0006
AP3,Male,30,2028,0.0005,0.0005,0.0005,0.0005,0.0006,0.0004,0.0006
AP3,Male,30,2029,0.0005,0.0005,0.0005,0.0004,0.0006,0.0004,0.0006
AP3,Male,30,2030,0.0005,0.0005,0.0005,0.0004,0.0006,0.0004,0.0006
AP3,Male,30,2031,0.0005,0.0005,0.0005,0.0004,0.0006,0.0004,0.0006
AP3,Male,30,2032,0.0005,0.0004,0.0005,0.0004,0.0005,0.0004,0.0006
AP3,Male,30,2033,0.0005,0.0004,0.0005,0.0004,0.0005,0.0004,0.0006
AP3,Male,30,2034,0.0005,0.0004,0.0005,0.0004,0.0005,0.0004,0.0006
AP3,Male,30,2035,0.0004,0.0004,0.0005,0.0004,0.0005,0.0004,0.0006
AP3,Male,30,2036,0.0004,0.0004,0.0005,0.0004,0.0005,0.0003,0.0006
AP3,Male,30,2037,0.0004,0.0004,0.0005,0.0004,0.0005,0.0003,0.0006
AP3,Male,30,2038,0.0004,0.0004,0.0005,0.0004,0.0005,0.0003,0.0006
AP3,Male,30,2039,0.0004,0.0004,0.0005,0.0003,0.0005,0.0003,0.0005
AP3,Male,30,2040,0.0004,0.0004,0.0004,0.0003,0.0005,0.0003,0.0005
AP3,Male,31,2021,0.0006,0.0006,0.0007,0.0006,0.0007,0.0006,0.0007
AP3,Male,31,2022,0.0006,0.0006,0.0006,0.0006,0.0007,0.0006,0.0007
AP3,Male,31,2023,0.0006,0.0006,0.0006,0.0006,0.0007,0.0005,0.0007
AP3,Male,31,2024,0.0006,0.0006,0.0006,0.0006,0.0007,0.0005,0.0007
AP3,Male,31,2025,0.0006,0.0006,0.0006,0.0005,0.0006,0.0005,0.0007
AP3,Male,31,2026,0.0006,0.0006,0.0006,0.0005,0.0006,0.0005,0.0007
AP3,Male,31,2027,0.0006,0.0005,0.0006,0.0005,0.0006,0.0005,0.0007
AP3,Male,31,2028,0.0006,0.0005,0.0006,0.0005,0.0006,0.0005,0.0007
AP3,Male,31,2029,0.0005,0.0005,0.0006,0.0005,0.0006,0.0005,0.0007
AP3,Male,31,2030,0.0005,0.0005,0.0006,0.0005,0.0006,0.0004,0.0007
AP3,Male,31,2031,0.0005,0.0005,0.0006,0.0005,0.0006,0.0004,0.0006
AP3,Male,31,2032,0.0005,0.0005,0.0006,0.0004,0.0006,0.0004,0.0006
AP3,Male,31,2033,0.0005,0.0005,0.0005,0.0004,0.0006,0.0004,0.0006
AP3,Male,31,2034,0.0005,0.0005,0.0005,0.0004,0.0006,0.0004,0.0006
AP3,Male,31,2035,0.0005,0.0004,0.0005,0.0004,0.0006,0.0004,0.0006
AP3,Male,31,2036,0.0005,0.0004,0.0005,0.0004,0.0006,0.0004,0.0006
AP3,Male,31,2037,0.0005,0.0004,0.0005,0.0004,0.0005,0.0004,0.0006
AP3,Male,31,2038,0.0005,0.0004,0.0005,0.0004,0.0005,0.0004,0.0006
AP3,Male,31,2039,0.0004,0.0004,0.0005,0.0004,0.0005,0.0003,0.0006
AP3,Male,31,2040,0.0004,0.0004,0.0005,0.0004,0.0005,0.0003,0.0006
AP3,Male,32,2021,0.0007,0.0007,0.0007,0.0007,0.0007,0.0007,0.0007
AP3,Male,32,2022,0.0007,0.0007,0.0007,0.0006,0.0007,0.0006,0.0007
AP3,Male,32,2023,0.0007,0.0006,0.0007,0.0006,0.0007,0.0006,0.0007
AP3,Male,32,2024,0.0007,0.0006,0.0007,0.0006,0.0007,0.0006,0.0007
AP3,Male,32,2025,0.0006,0.0006,0.0007,0.0006,0.0007,0.0006,0.0007
AP3,Male,32,2026,0.0006,0.0006,0.0007,0.0006,0.0007,0.0005,0.0007
AP3,Male,32,2027,0.0006,0.0006,0.0007,0.0006,0.0007,0.0005,0.0007
AP3,Male,32,2028,0.0006,0.0006,0.0006,0.0005,0.0007,0.0005,0.0007
AP3,Male,32,2029,0.0006,0.0006,0.0006,0.0005,0.0007,0.0005,0.0007
AP3,Male,32,2030,0.0006,0.0005,0.0006,0.0005,0.0007,0.0005,0.0007
AP3,Male,32,2031,0.0006,0.0005,0.0006,0.0005,0.0007,0.0005,0.0007
AP3,Male,32,2032,0.0006,0.0005,0.0006,0.0005,0.0006,0.0005,0.0007
AP3,Male,32,2033,0.0005,0.0005,0.0006,0.0005,0.0006,0.0004,0.0007
AP3,Male,32,2034,0.0005,0.0005,0.0006,0.0005,0.0006,0.0004,0.0007
AP3,Male,32,2035,0.0005,0.0005,0.0006,0.0005,0.0006,0.0004,0.0007
AP3,Male,32,2036,0.0005,0.0005,0.0006,0.0004,0.0006,0.0004,0.0007
AP3,Male,32,2037,0.0005,0.0005,0.0006,0.0004,0.0006,0.0004,0.0006
AP3,Male,32,2038,0.0005,0.0005,0.0005,0.0004,0.0006,0.0004,0.0006
AP3,Male,32,2039,0.0005,0.0004,0.0005,0.0004,0.0006,0.0004,0.0006
AP3,Male,32,2040,0.0005,0.0004,0.0005,0.0004,0.0006,0.0004,0.0006
AP3,Male,33,2021,0.0008,0.0007,0.0008,0.0007,0.0008,0.0007,0.0008
AP3,Male,33,2022,0.0007,0.0007,0.0008,0.0007,0.0008,0.0007,0.0008
AP3,Male,33,2023,0.0007,0.0007,0.0007,0.0007,0.0008,0.0006,0.0008
AP3,Male,33,2024,0.0007,0.0007,0.0007,0.0007,0.0008,0.0006,0.0008
AP3,Male,33,2025,0.0007,0.0007,0.0007,0.0006,0.0008,0.0006,0.0008
AP3,Male,33,2026,0.0007,0.0007,0.0007,0.0006,0.0008,0.0006,0.0008
AP3,Male,33,2027,0.0007,0.0006,0.0007,0.0006,0.0007,0.0006,0.0008
AP3,Male,33,2028,0.0007,0.0006,0.0007,0.0006,0.0007,0.0006,0.0008
AP3,Male,33,2029,0.0006,0.0006,0.0007,0.0006,0.0007,0.0005,0.0008
AP3,Male,33,2030,0.0006,0.0006,0.0007,0.0006,0.0007,0.0005,0.0008
AP3,Male,33,2031,0.0006,0.0006,0.0007,0.0006,0.0007,0.0005,0.0008
AP3,Male,33,2032,0.0006,0.0006,0.0007,0.0005,0.0007,0.0005,0.0007
AP3,Male,33,2033,0.0006,0.0006,0.0006,0.0005,0.0007,0.0005,0.0007
AP3,Male,33,2034,0.0006,0.0005,0.0006,0.0005,0.0007,0.0005,0.0007
AP3,Male,33,2035,0.0006,0.0005,0.0006,0.0005,0.0007,0.0005,0.0007
AP3,Male,33,2036,0.0006,0.0005,0.0006,0.0005,0.0007,0.0005,0.0007
AP3,Male,33,2037,0.0006,0.0005,0.0006,0.0005,0.0006,0.0004,0.0007
AP3,Male,33,2038,0.0005,0.0005,0.0006,0.0005,0.0006,0.0004,0.0007
AP3,Male,33,2039,0.0005,0.0005,0.0006,0.0005,0.0006,0.0004,0.0007
AP3,Male,33,2040,0.0005,0.0005,0.0006,0.0004,0.0006,0.0004,0.0007
AP3,Male,34,2021,0.0008,0.0008,0.0008,0.0008,0.0008,0.0008,0.0009
AP3,Male,34,2022,0.0008,0.0008,0.0008,0.0008,0.0008,0.0007,0.0009
AP3,Male,34,2023,0.0008,0.0008,0.0008,0.0007,0.0008,0.0007,0.0009
AP3,Male,34,2024,0.0008,0.0007,0.0008,0.0007,0.0008,0.0007,0.0009
AP3,Male,34,2025,0.0008,0.0007,0.0008,0.0007,0.0008,0.0007,0.0009
AP3,Male,34,2026,0.0007,0.0007,0.0008,0.0007,0.0008,0.0006,0.0009
AP3,Male,34,2027,0.0007,0.0007,0.0008,0.0007,0.0008,0.0006,0.0009
AP3,Male,34,2028,0.0007,0.0007,0.0008,0.0006,0.0008,0.0006,0.0008
AP3,Male,34,2029,0.0007,0.0007,0.0007,0.0006,0.0008,0.0006,0.0008
AP3,Male,34,2030,0.0007,0.0006,0.0007,0.0006,0.0008,0.0006,0.0008
AP3,Male,34,2031,0.0007,0.0006,0.0007,0.0006,0.0008,0.0006,0.0008
AP3,Male,34,2032,0.0007,0.0006,0.0007,0.0006,0.0008,0.0005,0.0008
AP3,Male,34,2033,0.0006,0.0006,0.0007,0.0006,0.0007,0.0005,0.0008
AP3,Male,34,2034,0.0006,0.0006,0.0007,0.0006,0.0007,0.0005,0.0008
AP3,Male,34,2035,0.0006,0.0006,0.0007,0.0005,0.0007,0.0005,0.0008
AP3,Male,34,2036,0.0006,0.0006,0.0007,0.0005,0.0007,0.0005,0.0008
AP3,Male,34,2037,0.0006,0.0006,0.0007,0.0005,0.0007,0.0005,0.0008
AP3,Male,34,2038,0.0006,0.0005,0.0006,0.0005,0.0007,0.0005,0.0008
AP3,Male,34,2039,0.0006,0.0005,0.0006,0.0005,0.0007,0.0005,0.0007
AP3,Male,34,2040,0.0006,0.0005,0.0006,0.0005,0.0007,0.0004,0.0007
AP3,Male,35,2021,0.0009,0.0009,0.0009,0.0009,0.0009,0.0008,0.0009
AP3,Male,35,2022,0.0009,0.0008,0.0009,0.0008,0.0009,0.0008,0.0009
AP3,Male,35,2023,0.0009,0.0008,0.0009,0.0008,0.0009,0.0008,0.0009
AP3,Male,35,2024,0.0008,0.0008,0.0009,0.0008,0.0009,0.0007,0.0009
AP3,Male,35,2025,0.0008,0.0008,0.0009,0.0008,0.0009,0.0007,0.0009
AP3,Male,35,2026,0.0008,0.0008,0.0008,0.0007,0.0009,0.0007,0.0009
AP3,Male,35,2027,0.0008,0.0008,0.0008,0.0007,0.0009,0.0007,0.0009
AP3,Male,35,2028,0.0008,0.0007,0.0008,0.0007,0.0009,0.0007,0.0009
AP3,Male,35,2029,0.0008,0.0007,0.0008,0.0007,0.0009,0.0007,0.0009
AP3,Male,35,2030,0.0007,0.0007,0.0008,0.0007,0.0008,0.0006,0.0009
AP3,Male,35,2031,0.0007,0.0007,0.0008,0.0007,0.0008,0.0006,0.0009
AP3,Male,35,2032,0.0007,0.0007,0.0008,0.0006,0.0008,0.0006,0.0009
AP3,Male,35,2033,0.0007,0.0007,0.0008,0.0006,0.0008,0.0006,0.0009
AP3,Male,35,2034,0.0007,0.0006,0.0007,0.0006,0.0008,0.0006,0.0009
AP3,Male,35,2035,0.0007,0.0006,0.0007,0.0006,0.0008,0.0006,0.0008
AP3,Male,35,2036,0.0007,0.0006,0.0007,0.0006,0.0008,0.0005,0.0008
AP3,Male,35,2037,0.0007,0.0006,0.0007,0.0006,0.0008,0.0005,0.0008
AP3,Male,35,2038,0.0006,0.0006,0.0007,0.0006,0.0007,0.0005,0.0008
AP3,Male,35,2039,0.0006,0.0006,0.0007,0.0005,0.0007,0.0005,0.0008
AP3,Male,35,2040,0.0006,0.0006,0.0007,0.0005,0.0007,0.0005,0.0008
AP3,Male,36,2021,0.0010,0.0009,0.0010,0.0009,0.0010,0.0009,0.0010
AP3,Male,36,2022,0.0009,0.0009,0.0010,0.0009,0.0010,0.0009,0.0010
AP3,Male,36,2023,0.0009,0.0009,0.0010,0.0009,0.0010,0.0008,0.0010
AP3,Male,36,2024,0.0009,0.0009,0.0009,0.0008,0.0010,0.0008,0.0010
AP3,Male,36,2025,0.0009,0.0009,0.0009,0.0008,0.0010,0.0008,0.0010
AP3,Male,36,2026,0.0009,0.0008,0.0009,0.0008,0.0009,0.0008,0.0010
AP3,Male,36,2027,0.0009,0.0008,0.0009,0.0008,0.0009,0.0007,0.0010
AP3,Male,36,2028,0.0008,0.0008,0.0009,0.0008,0.0009,0.0007,0.0010
AP3,Male,36,2029,0.0008,0.0008,0.0009,0.0007,0.0009,0.0007,0.0010
AP3,Male,36,2030,0.0008,0.0008,0.0009,0.0007,0.0009,0.0007,0.0010
AP3,Male,36,2031,0.0008,0.0008,0.0008,0.0007,0.0009,0.0007,0.0010
AP3,Male,36,2032,0.0008,0.0007,0.0008,0.0007,0.0009,0.0006,0.0009
AP3,Male,36,2033,0.0008,0.0007,0.0008,0.0007,0.0009,0.0006,0.0009
AP3,Male,36,2034,0.0008,0.0007,0.0008,0.0007,0.0009,0.0006,0.0009
AP3,Male,36,2035,0.0007,0.0007,0.0008,0.0007,0.0008,0.0006,0.0009
AP3,Male,36,2036,0.0007,0.0007,0.0008,0.0006,0.0008,0.0006,0.0009
AP3,Male,36,2037,0.0007,0.0007,0.0008,0.0006,0.0008,0.0006,0.0009
AP3,Male,36,2038,0.0007,0.0007,0.0008,0.0006,0.0008,0.0006,0.0009
AP3,Male,36,2039,0.0007,0.0006,0.0007,0.0006,0.0008,0.0005,0.0009
AP3,Male,36,2040,0.0007,0.0006,0.0007,0.0006,0.0008,0.0005,0.0009
AP3,Male,37,2021,0.0010,0.0010,0.0011,0.0010,0.0011,0.0010,0.0011
AP3,Male,37,2022,0.0010,0.0010,0.0010,0.0010,0.0011,0.0009,0.0011
AP3,Male,37,2023,0.0010,0.0010,0.0010,0.0009,0.0011,0.0009,0.0011
AP3,Male,37,2024,0.0010,0.0009,0.0010,0.0009,0.0011,0.0009,0.0011
AP3,Male,37,2025,0.0010,0.0009,0.0010,0.0009,0.0010,0.0009,0.0011
AP3,Male,37,2026,0.0009,0.0009,0.0010,0.0009,0.0010,0.0008,0.0011
AP3,Male,37,2027,0.0009,0.0009,0.0010,0.0009,0.0010,0.0008,0.0011
AP3,Male,37,2028,0.0009,0.0009,0.0010,0.0008,0.0010,0.0008,0.0011
AP3,Male,37,2029,0.0009,0.0009,0.0009,0.0008,0.0010,0.0008,0.0011
AP3,Male,37,2030,0.0009,0.0008,0.0009,0.0008,0.0010,0.0007,0.0010
AP3,Male,37,2031,0.0009,0.0008,0.0009,0.0008,0.0010,0.0007,0.0010
AP3,Male,37,2032,0.0009,0.0008,0.0009,0.0008,0.0010,0.0007,0.0010
AP3,Male,37,2033,0.0008,0.0008,0.0009,0.0007,0.0009,0.0007,0.0010
AP3,Male,37,2034,0.0008,0.0008,0.0009,0.0007,0.0009,0.0007,0.0010
AP3,Male,37,2035,0.0008,0.0008,0.0009,0.0007,0.0009,0.0007,0.0010
AP3,Male,37,2036,0.0008,0.0007,0.0008,0.0007,0.0009,0.0006,0.0010
AP3,Male,37,2037,0.0008,0.0007,0.0008,0.0007,0.0009,0.0006,0.0010
AP3,Male,37,2038,0.0008,0.0007,0.0008,0.0007,0.0009,0.0006,0.0010
AP3,Male,37,2039,0.0008,0.0007,0.0008,0.0007,0.0009,0.0006,0.0009
AP3,Male,37,2040,0.0007,0.0007,0.0008,0.0006,0.0009,0.0006,0.0009
AP3,Male,38,2021,0.0011,0.0011,0.0011,0.0011,0.0012,0.0011,0.0012
AP3,Male,38,2022,0.0011,0.0011,0.0011,0.0011,0.0012,0.0010,0.0012
AP3,Male,38,2023,0.0011,0.0011,0.0011,0.0010,0.0011,0.0010,0.0012
AP3,Male,38,2024,0.0011,0.0010,0.0011,0.0010,0.0011,0.0010,0.0012
AP3,Male,38,2025,0.0010,0.0010,0.0011,0.0010,0.0011,0.0009,0.0012
AP3,Male,38,2026,0.0010,0.0010,0.0011,0.0010,0.0011,0.0009,0.0012
AP3,Male,38,2027,0.0010,0.0010,0.0011,0.0009,0.0011,0.0009,0.0012
AP3,Male,38,2028,0.0010,0.0009,0.0010,0.0009,0.0011,0.0009,0.0011
AP3,Male,38,2029,0.0010,0.0009,0.0010,0.0009,0.0011,0.0008,0.0011
AP3,Male,38,2030,0.0010,0.0009,0.0010,0.0009,0.0011,0.0008,0.0011
AP3,Male,38,2031,0.0009,0.0009,0.0010,0.0009,0.0011,0.0008,0.0011
AP3,Male,38,2032,0.0009,0.0009,0.0010,0.0008,0.0010,0.0008,0.0011
AP3,Male,38,2033,0.0009,0.0009,0.0010,0.0008,0.0010,0.0008,0.0011
AP3,Male,38,2034,0.0009,0.0008,0.0010,0.0008,0.0010,0.0007,0.0011
AP3,Male,38,2035,0.0009,0.0008,0.0009,0.0008,0.0010,0.0007,0.0011
AP3,Male,38,2036,0.0009,0.0008,0.0009,0.0008,0.0010,0.0007,0.0011
AP3,Male,38,2037,0.0008,0.0008,0.0009,0.0007,0.0010,0.0007,0.0010
AP3,Male,38,2038,0.0008,0.0008,0.0009,0.0007,0.0010,0.0007,0.0010
AP3,Male,38,2039,0.0008,0.0008,0.0009,0.0007,0.0009,0.0007,0.0010
AP3,Male,38,2040,0.0008,0.0007,0.0009,0.0007,0.0009,0.0006,0.0010
AP3,Male,39,2021,0.0012,0.0012,0.0012,0.0012,0.0013,0.0012,0.0013
AP3,Male,39,2022,0.0012,0.0012,0.0012,0.0011,0.0013,0.0011,0.0013
AP3,Male,39,2023,0.0012,0.0011,0.0012,0.0011,0.0012,0.0011,0.0013
AP3,Male,39,2024,0.0012,0.0011,0.0012,0.0011,0.0012,0.0010,0.0013
AP3,Male,39,2025,0.0011,0.0011,0.0012,0.0011,0.0012,0.0010,0.0013
AP3,Male,39,2026,0.0011,0.0011,0.0012,0.0010,0.0012,0.0010,0.0013
AP3,Male,39,2027,0.0011,0.0011,0.0011,0.0010,0.0012,0.0010,0.0013
AP3,Male,39,2028,0.0011,0.0010,0.0011,0.0010,0.0012,0.0009,0.0012
AP3,Male,39,2029,0.0011,0.0010,0.0011,0.0010,0.0012,0.0009,0.0012
AP3,Male,39,2030,0.0010,0.0010,0.0011,0.0009,0.0012,0.0009,0.0012
AP3,Male,39,2031,0.0010,0.0010,0.0011,0.0009,0.0011,0.0009,0.0012
AP3,Male,39,2032,0.0010,0.0010,0.0011,0.0009,0.0011,0.0008,0.0012
AP3,Male,39,2033,0.0010,0.0009,0.0011,0.0009,0.0011,0.0008,0.0012
AP3,Male,39,2034,0.0010,0.0009,0.0010,0.0009,0.0011,0.0008,0.0012
AP3,Male,39,2035,0.0010,0.0009,0.0010,0.0008,0.0011,0.0008,0.0012
AP3,Male,39,2036,0.0009,0.0009,0.0010,0.0008,0.0011,0.0008,0.0012
AP3,Male,39,2037,0.0009,0.0009,0.0010,0.0008,0.0010,0.0008,0.0011
AP3,Male,39,2038,0.0009,0.0008,0.0010,0.0008,0.0010,0.0007,0.0011
AP3,Male,39,2039,0.0009,0.0008,0.0010,0.0008,0.0010,0.0007,0.0011
AP3,Male,39,2040,0.0009,0.0008,0.0009,0.0008,0.0010,0.0007,0.0011
AP3,Male,40,2021,0.0013,0.0013,0.0013,0.0013,0.0014,0.0013,0.0014
AP3,Male,40,2022,0.0013,0.0013,0.0013,0.0012,0.0014,0.0012,0.0014
AP3,Male,40,2023,0.0013,0.0012,0.0013,0.0012,0.0013,0.0012,0.0014
AP3,Male,40,2024,0.0013,0.0012,0.0013,0.0012,0.0013,0.0011,0.0014
AP3,Male,40,2025,0.0012,0.0012,0.0013,0.0012,0.0013,0.0011,0.0014
AP3,Male,40,2026,0.0012,0.0012,0.0013,0.0011,0.0013,0.0011,0.0014
AP3,Male,40,2027,0.0012,0.0011,0.0012,0.0011,0.0013,0.0011,0.0014
AP3,Male,40,2028,0.0012,0.0011,0.0012,0.0011,0.0013,0.0010,0.0013
AP3,Male,40,2029,0.0012,0.0011,0.0012,0.0011,0.0013,0.0010,0.0013
AP3,Male,40,2030,0.0011,0.0011,0.0012,0.0010,0.0013,0.0010,0.0013
AP3,Male,40,2031,0.0011,0.0011,0.0012,0.0010,0.0012,0.0010,0.0013
AP3,Male,40,2032,0.0011,0.0010,0.0012,0.0010,0.0012,0.0009,0.0013
AP3,Male,40,2033,0.0011,0.0010,0.0011,0.0010,0.0012,0.0009,0.0013
AP3,Male,40,2034,0.0011,0.0010,0.0011,0.0009,0.0012,0.0009,0.0013
AP3,Male,40,2035,0.0010,0.0010,0.0011,0.0009,0.0012,0.0009,0.0013
AP3,Male,40,2036,0.0010,0.0010,0.0011,0.0009,0.0012,0.0009,0.0012
AP3,Male,40,2037,0.0010,0.0009,0.0011,0.0009,0.0011,0.0008,0.0012
AP3,Male,40,2038,0.0010,0.0009,0.0011,0.0009,0.0011,0.0008,0.0012
AP3,Male,40,2039,0.0010,0.0009,0.0010,0.0009,0.0011,0.0008,0.0012
AP3,Male,40,2040,0.0010,0.0009,0.0010,0.0008,0.0011,0.0008,0.0012
AP3,Male,41,2021,0.0014,0.0014,0.0015,0.0014,0.0015,0.0014,0.0015
AP3,Male,41,2022,0.0014,0.0014,0.0014,0.0013,0.0015,0.0013,0.0015
AP3,Male,41,2023,0.0014,0.0013,0.0014,0.0013,0.0015,0.0013,0.0015
AP3,Male,41,2024,0.0014,0.0013,0.0014,0.0013,0.0014,0.0012,0.0015
AP3,Male,41,2025,0.0013,0.0013,0.0014,0.0013,0.0014,0.0012,0.0015
AP3,Male,41,2026,0.0013,0.0013,0.0014,0.0012,0.0014,0.0012,0.0015
AP3,Male,41,2027,0.0013,0.0012,0.0013,0.0012,0.0014,0.0011,0.0015
AP3,Male,41,2028,0.0013,0.0012,0.0013,0.0012,0.0014,0.0011,0.0014
AP3,Male,41,2029,0.0013,0.0012,0.0013,0.0011,0.0014,0.0011,0.0014
AP3,Male,41,2030,0.0012,0.0012,0.0013,0.0011,0.0014,0.0011,0.0014
AP3,Male,41,2031,0.0012,0.0011,0.0013,0.0011,0.0013,0.0010,0.0014
AP3,Male,41,2032,0.0012,0.0011,0.0013,0.0011,0.0013,0.0010,0.0014
AP3,Male,41,2033,0.0012,0.0011,0.0012,0.0011,0.0013,0.0010,0.0014
AP3,Male,41,2034,0.0012,0.0011,0.0012,0.0010,0.0013,0.0010,0.0014
AP3,Male,41,2035,0.0011,0.0011,0.0012,0.0010,0.0013,0.0010,0.0014
AP3,Male,41,2036,0.0011,0.0010,0.0012,0.0010,0.0013,0.0009,0.0013
AP3,Male,41,2037,0.0011,0.0010,0.0012,0.0010,0.0012,0.0009,0.0013
AP3,Male,41,2038,0.0011,0.0010,0.0012,0.0010,0.0012,0.0009,0.0013
AP3,Male,41,2039,0.0011,0.0010,0.0011,0.0009,0.0012,0.0009,0.0013
AP3,Male,41,2040,0.0010,0.0010,0.0011,0.0009,0.0012,0.0008,0.0013
AP3,Male,42,2021,0.0016,0.0015,0.0016,0.0015,0.0016,0.0015,0.0016
AP3,Male,42,2022,0.0015,0.0015,0.0016,0.0015,0.0016,0.0014,0.0016
AP3,Male,42,2023,0.0015,0.0015,0.0015,0.0014,0.0016,0.0014,0.0016
AP3,Male,42,2024,0.0015,0.0014,0.0015,0.0014,0.0016,0.0013,0.0016
AP3,Male,42,2025,0.0015,0.0014,0.0015,0.0014,0.0016,0.0013,0.0016
AP3,Male,42,2026,0.0014,0.0014,0.0015,0.0013,0.0015,0.0013,0.0016
AP3,Male,42,2027,0.0014,0.0013,0.0015,0.0013,0.0015,0.0012,0.0016
AP3,Male,42,2028,0.0014,0.0013,0.0014,0.0013,0.0015,0.0012,0.0016
AP3,Male,42,2029,0.0014,0.0013,0.0014,0.0012,0.0015,0.0012,0.0016
AP3,Male,42,2030,0.0013,0.0013,0.0014,0.0012,0.0015,0.0012,0.0015
AP3,Male,42,2031,0.0013,0.0012,0.0014,0.0012,0.0015,0.0011,0.0015
AP3,Male,42,2032,0.0013,0.0012,0.0014,0.0012,0.0014,0.0011,0.0015
AP3,Male,42,2033,0.0013,0.0012,0.0013,0.0011,0.0014,0.0011,0.0015
AP3,Male,42,2034,0.0013,0.0012,0.0013,0.0011,0.0014,0.0011,0.0015
AP3,Male,42,2035,0.0012,0.0012,0.0013,0.0011,0.0014,0.0010,0.0015
AP3,Male,42,2036,0.0012,0.0011,0.0013,0.0011,0.0014,0.0010,0.0015
AP3,Male,42,2037,0.0012,0.0011,0.0013,0.0011,0.0013,0.0010,0.0015
AP3,Male,42,2038,0.0012,0.0011,0.0013,0.0010,0.0013,0.0010,0.0014
AP3,Male,42,2039,0.0012,0.0011,0.0012,0.0010,0.0013,0.0009,0.0014
AP3,Male,42,2040,0.0011,0.0011,0.0012,0.0010,0.0013,0.0009,0.0014
AP3,Male,43,2021,0.0017,0.0017,0.0017,0.0016,0.0017,0.0016,0.0018
AP3,Male,43,2022,0.0017,0.0016,0.0017,0.0016,0.0017,0.0015,0.0018
AP3,Male,43,2023,0.0016,0.0016,0.0017,0.0015,0.0017,0.0015,0.0018
AP3,Male,43,2024,0.0016,0.0016,0.0016,0.0015,0.0017,0.0015,0.0018
AP3,Male,43,2025,0.0016,0.0015,0.0016,0.0015,0.0017,0.0014,0.0017
AP3,Male,43,2026,0.0015,0.0015,0.0016,0.0014,0.0017,0.0014,0.0017
AP3,Male,43,2027,0.0015,0.0015,0.0016,0.0014,0.0017,0.0014,0.0017
AP3,Male,43,2028,0.0015,0.0014,0.0016,0.0014,0.0016,0.0013,0.0017
AP3,Male,43,2029,0.0015,0.0014,0.0016,0.0014,0.0016,0.0013,0.0017
AP3,Male,43,2030,0.0015,0.0014,0.0015,0.0013,0.0016,0.0013,0.0017
AP3,Male,43,2031,0.0014,0.0014,0.0015,0.0013,0.0016,0.0012,0.0017
AP3,Male,43,2032,0.0014,0.0013,0.0015,0.0013,0.0016,0.0012,0.0016
AP3,Male,43,2033,0.0014,0.0013,0.0015,0.0012,0.0015,0.0012,0.0016
AP3,Male,43,2034,0.0014,0.0013,0.0014,0.0012,0.0015,0.0012,0.0016
AP3,Male,43,2035,0.0013,0.0013,0.0014,0.0012,0.0015,0.0011,0.0016
AP3,Male,43,2036,0.0013,0.0012,0.0014,0.0012,0.0015,0.0011,0.0016
AP3,Male,43,2037,0.0013,0.0012,0.0014,0.0012,0.0015,0.0011,0.0016
AP3,Male,43,2038,0.0013,0.0012,0.0014,0.0011,0.0014,0.0011,0.0016
AP3,Male,43,2039,0.0013,0.0012,0.0013,0.0011,0.0014,0.0010,0.0015
AP3,Male,43,2040,0.0012,0.0012,0.0013,0.0011,0.0014,0.0010,0.0015
AP3,Male,44,2021,0.0018,0.0018,0.0018,0.0018,0.0019,0.0017,0.0019
AP3,Male,44,2022,0.0018,0.0018,0.0018,0.0017,0.0019,0.0017,0.0019
AP3,Male,44,2023,0.0018,0.0017,0.0018,0.0017,0.0019,0.0016,0.0019
AP3,Male,44,2024,0.0017,0.0017,0.0018,0.0016,0.0018,0.0016,0.0019
AP3,Male,44,2025,0.0017,0.0017,0.0018,0.0016,0.0018,0.0015,0.0019
AP3,Male,44,2026,0.0017,0.0016,0.0017,0.0016,0.0018,0.0015,0.0019
AP3,Male,44,2027,0.0017,0.0016,0.0017,0.0015,0.0018,0.0015,0.0019
AP3,Male,44,2028,0.0016,0.0016,0.0017,0.0015,0.0018,0.0014,0.0018
AP3,Male,44,2029,0.0016,0.0015,0.0017,0.0015,0.0018,0.0014,0.0018
AP3,Male,44,2030,0.0016,0.0015,0.0017,0.0014,0.0017,0.0014,0.0018
AP3,Male,44,2031,0.0016,0.0015,0.0016,0.0014,0.0017,0.0013,0.0018
AP3,Male,44,2032,0.0015,0.0014,0.0016,0.0014,0.0017,0.0013,0.0018
AP3,Male,44,2033,0.0015,0.0014,0.0016,0.0014,0.0017,0.0013,0.0018
AP3,Male,44,2034,0.0015,0.0014,0.0016,0.0013,0.0017,0.0013,0.0018
AP3,Male,44,2035,0.0015,0.0014,0.0016,0.0013,0.0016,0.0012,0.0017
AP3,Male,44,2036,0.0014,0.0014,0.0015,0.0013,0.0016,0.0012,0.0017
AP3,Male,44,2037,0.0014,0.0013,0.0015,0.0013,0.0016,0.0012,0.0017
AP3,Male,44,2038,0.0014,0.0013,0.0015,0.0012,0.0016,0.0012,0.0017
AP3,Male,44,2039,0.0014,0.0013,0.0015,0.0012,0.0016,0.0011,0.0017
AP3,Male,44,2040,0.0013,0.0013,0.0014,0.0012,0.0015,0.0011,0.0016
AP3,Male,45,2021,0.0020,0.0019,0.0020,0.0019,0.0020,0.0019,0.0021
AP3,Male,45,2022,0.0019,0.0019,0.0020,0.0019,0.0020,0.0018,0.0021
AP3,Male,45,2023,0.0019,0.0019,0.0020,0.0018,0.0020,0.0018,0.0021
AP3,Male,45,2024,0.0019,0.0018,0.0019,0.0018,0.0020,0.0017,0.0021
AP3,Male,45,2025,0.0019,0.0018,0.0019,0.0017,0.0020,0.0017,0.0020
AP3,Male,45,2026,0.0018,0.0018,0.0019,0.0017,0.0020,0.0016,0.0020
AP3,Male,45,2027,0.0018,0.0017,0.0019,0.0017,0.0019,0.0016,0.0020
AP3,Male,45,2028,0.0018,0.0017,0.0019,0.0016,0.0019,0.0016,0.0020
AP3,Male,45,2029,0.0017,0.0017,0.0018,0.0016,0.0019,0.0015,0.0020
AP3,Male,45,2030,0.0017,0.0016,0.0018,0.0016,0.0019,0.0015,0.0020
AP3,Male,45,2031,0.0017,0.0016,0.0018,0.0015,0.0019,0.0015,0.0020
AP3,Male,45,2032,0.0017,0.0016,0.0018,0.0015,0.0018,0.0014,0.0019
AP3,Male,45,2033,0.0016,0.0016,0.0017,0.0015,0.0018,0.0014,0.0019
AP3,Male,45,2034,0.0016,0.0015,0.0017,0.0015,0.0018,0.0014,0.0019
AP3,Male,45,2035,0.0016,0.0015,0.0017,0.0014,0.0018,0.0013,0.0019
AP3,Male,45,2036,0.0016,0.0015,0.0017,0.0014,0.0018,0.0013,0.0019
AP3,Male,45,2037,0.0015,0.0014,0.0016,0.0014,0.0017,0.0013,0.0019
AP3,Male,45,2038,0.0015,0.0014,0.0016,0.0013,0.0017,0.0013,0.0018
AP3,Male,45,2039,0.0015,0.0014,0.0016,0.0013,0.0017,0.0012,0.0018
AP3,Male,45,2040,0.0015,0.0014,0.0016,0.0013,0.0017,0.0012,0.0018
AP3,Male,46,2021,0.0021,0.0021,0.0022,0.0021,0.0022,0.0020,0.0022
AP3,Male,46,2022,0.0021,0.0021,0.0022,0.0020,0.0022,0.0020,0.0022
AP3,Male,46,2023,0.0021,0.0020,0.0021,0.0020,0.0022,0.0019,0.0022
AP3,Male,46,2024,0.0020,0.0020,0.0021,0.0019,0.0022,0.0019,0.0022
AP3,Male,46,2025,0.0020,0.0019,0.0021,0.0019,0.0021,0.0018,0.0022
AP3,Male,46,2026,0.0020,0.0019,0.0021,0.0019,0.0021,0.0018,0.0022
AP3,Male,46,2027,0.0020,0.0019,0.0020,0.0018,0.0021,0.0017,0.0022
AP3,Male,46,2028,0.0019,0.0018,0.0020,0.0018,0.0021,0.0017,0.0022
AP3,Male,46,2029,0.0019,0.0018,0.0020,0.0017,0.0021,0.0017,0.0022
AP3,Male,46,2030,0.0019,0.0018,0.0020,0.0017,0.0021,0.0016,0.0021
AP3,Male,46,2031,0.0018,0.0017,0.0019,0.0017,0.0020,0.0016,0.0021
AP3,Male,46,2032,0.0018,0.0017,0.0019,0.0016,0.0020,0.0016,0.0021
AP3,Male,46,2033,0.0018,0.0017,0.0019,0.0016,0.0020,0.0015,0.0021
AP3,Male,46,2034,0.0018,0.0017,0.0019,0.0016,0.0020,0.0015,0.0021
AP3,Male,46,2035,0.0017,0.0016,0.0018,0.0015,0.0020,0.0015,0.0021
AP3,Male,46,2036,0.0017,0.0016,0.0018,0.0015,0.0019,0.0014,0.0021
AP3,Male,46,2037,0.0017,0.0016,0.0018,0.0015,0.0019,0.0014,0.0020
AP3,Male,46,2038,0.0017,0.0015,0.0018,0.0015,0.0019,0.0014,0.0020
AP3,Male,46,2039,0.0016,0.0015,0.0017,0.0014,0.0018,0.0013,0.0020
AP3,Male,46,2040,0.0016,0.0015,0.0017,0.0014,0.0018,0.0013,0.0019
AP3,Male,47,2021,0.0023,0.0023,0.0024,0.0022,0.0024,0.0022,0.0024
AP3,Male,47,2022,0.0023,0.0022,0.0023,0.0022,0.0024,0.0021,0.0024
AP3,Male,47,2023,0.0022,0.0022,0.0023,0.0021,0.0024,0.0021,0.0024
AP3,Male,47,2024,0.0022,0.0021,0.0023,0.0021,0.0024,0.0020,0.0024
AP3,Male,47,2025,0.0022,0.0021,0.0023,0.0020,0.0023,0.0020,0.0024
AP3,Male,47,2026,0.0022,0.0021,0.0022,0.0020,0.0023,0.0019,0.0024
AP3,Male,47,2027,0.0021,0.0020,0.0022,0.0020,0.0023,0.0019,0.0024
AP3,Male,47,2028,0.0021,0.0020,0.0022,0.0019,0.0023,0.0019,0.0024
AP3,Male,47,2029,0.0021,0.0020,0.0022,0.0019,0.0023,0.0018,0.0024
AP3,Male,47,2030,0.0020,0.0019,0.0021,0.0019,0.0022,0.0018,0.0023
AP3,Male,47,2031,0.0020,0.0019,0.0021,0.0018,0.0022,0.0017,0.0023
AP3,Male,47,2032,0.0020,0.0019,0.0021,0.0018,0.0022,0.0017,0.0023
AP3,Male,47,2033,0.0019,0.0018,0.0021,0.0018,0.0022,0.0017,0.0023
AP3,Male,47,2034,0.0019,0.0018,0.0020,0.0017,0.0021,0.0016,0.0023
AP3,Male,47,2035,0.0019,0.0018,0.0020,0.0017,0.0021,0.0016,0.0022
AP3,Male,47,2036,0.0019,0.0017,0.0020,0.0017,0.0021,0.0016,0.0022
AP3,Male,47,2037,0.0018,0.0017,0.0019,0.0016,0.0021,0.0015,0.0022
AP3,Male,47,2038,0.0018,0.0017,0.0019,0.0016,0.0020,0.0015,0.0022
AP3,Male,47,2039,0.0018,0.0017,0.0019,0.0016,0.0020,0.0015,0.0022
AP3,Male,47,2040,0.0017,0.0016,0.0019,0.0015,0.0020,0.0014,0.0021
AP3,Male,48,2021,0.0025,0.0025,0.0026,0.0024,0.0026,0.0024,0.0026
AP3,Male,48,2022,0.0025,0.0024,0.0025,0.0024,0.0026,0.0023,0.0026
AP3,Male,48,2023,0.0024,0.0024,0.0025,0.0023,0.0026,0.0023,0.0026
AP3,Male,48,2024,0.0024,0.0023,0.0025,0.0023,0.0026,0.0022,0.0026
AP3,Male,48,2025,0.0024,0.0023,0.0024,0.0022,0.0025,0.0021,0.0026
AP3,Male,48,2026,0.0023,0.0022,0.0024,0.0022,0.0025,0.0021,0.0026
AP3,Male,48,2027,0.0023,0.0022,0.0024,0.0021,0.0025,0.0020,0.0026
AP3,Male,48,2028,0.0023,0.0022,0.0024,0.0021,0.0025,0.0020,0.0026
AP3,Male,48,2029,0.0022,0.0021,0.0023,0.0021,0.0025,0.0020,0.0026
AP3,Male,48,2030,0.0022,0.0021,0.0023,0.0020,0.0024,0.0019,0.0025
AP3,Male,48,2031,0.0022,0.0021,0.0023,0.0020,0.0024,0.0019,0.0025
AP3,Male,48,2032,0.0021,0.0020,0.0023,0.0019,0.0024,0.0018,0.0025
AP3,Male,48,2033,0.0021,0.0020,0.0022,0.0019,0.0024,0.0018,0.0025
AP3,Male,48,2034,0.0021,0.0020,0.0022,0.0019,0.0023,0.0018,0.0025
AP3,Male,48,2035,0.0020,0.0019,0.0022,0.0018,0.0023,0.0017,0.0025
AP3,Male,48,2036,0.0020,0.0019,0.0021,0.0018,0.0023,0.0017,0.0024
AP3,Male,48,2037,0.0020,0.0019,0.0021,0.0018,0.0023,0.0017,0.0024
AP3,Male,48,2038,0.0020,0.0018,0.0021,0.0017,0.0022,0.0016,0.0024
AP3,Male,48,2039,0.0019,0.0018,0.0021,0.0017,0.0022,0.0016,0.0024
AP3,Male,48,2040,0.0019,0.0018,0.0021,0.0017,0.0022,0.0016,0.0023
AP3,Male,49,2021,0.0027,0.0027,0.0028,0.0026,0.0028,0.0026,0.0028
AP3,Male,49,2022,0.0027,0.0026,0.0027,0.0026,0.0028,0.0025,0.0029
AP3,Male,49,2023,0.0026,0.0026,0.0027,0.0025,0.0028,0.0024,0.0029
AP3,Male,49,2024,0.0026,0.0025,0.0027,0.0025,0.0028,0.0024,0.0028
AP3,Male,49,2025,0.0026,0.0025,0.0026,0.0024,0.0027,0.0023,0.0028
AP3,Male,49,2026,0.0025,0.0024,0.0026,0.0024,0.0027,0.0023,0.0028
AP3,Male,49,2027,0.0025,0.0024,0.0026,0.0023,0.0027,0.0022,0.0028
AP3,Male,49,2028,0.0025,0.0024,0.0026,0.0023,0.0027,0.0022,0.0028
AP3,Male,49,2029,0.0024,0.0023,0.0025,0.0022,0.0027,0.0021,0.0028
AP3,Male,49,2030,0.0024,0.0023,0.0025,0.0022,0.0026,0.0021,0.0028
AP3,Male,49,2031,0.0024,0.0022,0.0025,0.0021,0.0026,0.0020,0.0027
AP3,Male,49,2032,0.0023,0.0022,0.0025,0.0021,0.0026,0.0020,0.0027
AP3,Male,49,2033,0.0023,0.0022,0.0024,0.0021,0.0026,0.0020,0.0027
AP3,Male,49,2034,0.0023,0.0021,0.0024,0.0020,0.0025,0.0019,0.0027
AP3,Male,49,2035,0.0022,0.0021,0.0024,0.0020,0.0025,0.0019,0.0027
AP3,Male,49,2036,0.0022,0.0021,0.0023,0.0020,0.0025,0.0018,0.0026
AP3,Male,49,2037,0.0022,0.0020,0.0023,0.0019,0.0025,0.0018,0.0026
AP3,Male,49,2038,0.0021,0.0020,0.0023,0.0019,0.0024,0.0018,0.0026
AP3,Male,49,2039,0.0021,0.0020,0.0023,0.0018,0.0024,0.0017,0.0026
AP3,Male,49,2040,0.0021,0.0019,0.0022,0.0018,0.0024,0.0017,0.0025
AP3,Male,50,2021,0.0029,0.0029,0.0030,0.0029,0.0030,0.0028,0.0031
AP3,Male,50,2022,0.0029,0.0028,0.0030,0.0028,0.0030,0.0027,0.0031
AP3,Male,50,2023,0.0029,0.0028,0.0029,0.0027,0.0030,0.0027,0.0031
AP3,Male,50,2024,0.0028,0.0027,0.0029,0.0027,0.0030,0.0026,0.0031
AP3,Male,50,2025,0.0028,0.0027,0.0029,0.0026,0.0030,0.0025,0.0031
AP3,Male,50,2026,0.0027,0.0026,0.0028,0.0026,0.0030,0.0025,0.0031
AP3,Male,50,2027,0.0027,0.0026,0.0028,0.0025,0.0029,0.0024,0.0031
AP3,Male,50,2028,0.0027,0.0026,0.0028,0.0025,0.0029,0.0024,0.0030
AP3,Male,50,2029,0.0026,0.0025,0.0028,0.0024,0.0029,0.0023,0.0030
AP3,Male,50,2030,0.0026,0.0025,0.0027,0.0024,0.0029,0.0023,0.0030
AP3,Male,50,2031,0.0026,0.0024,0.0027,0.0023,0.0028,0.0022,0.0030
AP3,Male,50,2032,0.0025,0.0024,0.0027,0.0023,0.0028,0.0022,0.0030
AP3,Male,50,2033,0.0025,0.0024,0.0026,0.0022,0.0028,0.0021,0.0029
AP3,Male,50,2034,0.0025,0.0023,0.0026,0.0022,0.0028,0.0021,0.0029
AP3,Male,50,2035,0.0024,0.0023,0.0026,0.0022,0.0028,0.0020,0.0029
AP3,Male,50,2036,0.0024,0.0022,0.0026,0.0021,0.0027,0.0020,0.0029
AP3,Male,50,2037,0.0024,0.0022,0.0025,0.0021,0.0027,0.0020,0.0029
AP3,Male,50,2038,0.0023,0.0022,0.0025,0.0021,0.0027,0.0019,0.0028
AP3,Male,50,2039,0.0023,0.0021,0.0025,0.0020,0.0026,0.0019,0.0028
AP3,Male,50,2040,0.0023,0.0021,0.0024,0.0020,0.0026,0.0018,0.0028
AP3,Male,51,2021,0.0033,0.0032,0.0033,0.0032,0.0034,0.0031,0.0034
AP3,Male,51,2022,0.0032,0.0032,0.0033,0.0031,0.0034,0.0030,0.0034
AP3,Male,51,2023,0.0032,0.0031,0.0033,0.0030,0.0033,0.0029,0.0034
AP3,Male,51,2024,0.0031,0.0030,0.0032,0.0030,0.0033,0.0029,0.0034
AP3,Male,51,2025,0.0031,0.0030,0.0032,0.0029,0.0033,0.0028,0.0034
AP3,Male,51,2026,0.0030,0.0029,0.0032,0.0029,0.0033,0.0027,0.0034
AP3,Male,51,2027,0.0030,0.0029,0.0031,0.0028,0.0033,0.0027,0.0034
AP3,Male,51,2028,0.0030,0.0028,0.0031,0.0027,0.0032,0.0026,0.0034
AP3,Male,51,2029,0.0029,0.0028,0.0031,0.0027,0.0032,0.0026,0.0034
AP3,Male,51,2030,0.0029,0.0027,0.0030,0.0026,0.0032,0.0025,0.0033
AP3,Male,51,2031,0.0028,0.0027,0.0030,0.0026,0.0032,0.0025,0.0033
AP3,Male,51,2032,0.0028,0.0027,0.0030,0.0025,0.0031,0.0024,0.0033
AP3,Male,51,2033,0.0028,0.0026,0.0029,0.0025,0.0031,0.0024,0.0033
AP3,Male,51,2034,0.0027,0.0026,0.0029,0.0024,0.0031,0.0023,0.0032
AP3,Male,51,2035,0.0027,0.0025,0.0029,0.0024,0.0031,0.0023,0.0032
AP3,Male,51,2036,0.0027,0.0025,0.0028,0.0023,0.0030,0.0022,0.0032
AP3,Male,51,2037,0.0026,0.0025,0.0028,0.0023,0.0030,0.0022,0.0032
AP3,Male,51,2038,0.0026,0.0024,0.0028,0.0023,0.0030,0.0021,0.0031
AP3,Male,51,2039,0.0025,0.0024,0.0027,0.0022,0.0029,0.0021,0.0031
AP3,Male,51,2040,0.0025,0.0023,0.0027,0.0022,0.0029,0.0020,0.0031
AP3,Male,52,2021,0.0036,0.0036,0.0037,0.0035,0.0037,0.0035,0.0038
AP3,Male,52,2022,0.0036,0.0035,0.0037,0.0034,0.0037,0.0034,0.0038
AP3,Male,52,2023,0.0035,0.0034,0.0036,0.0034,0.0037,0.0033,0.0038
AP3,Male,52,2024,0.0035,0.0034,0.0036,0.0033,0.0037,0.0032,0.0038
AP3,Male,52,2025,0.0034,0.0033,0.0035,0.0032,0.0037,0.0031,0.0038
AP3,Male,52,2026,0.0034,0.0033,0.0035,0.0032,0.0036,0.0030,0.0038
AP3,Male,52,2027,0.0033,0.0032,0.0035,0.0031,0.0036,0.0030,0.0037
AP3,Male,52,2028,0.0033,0.0031,0.0034,0.0030,0.0036,0.0029,0.0037
AP3,Male,52,2029,0.0032,0.0031,0.0034,0.0030,0.0036,0.0028,0.0037
AP3,Male,52,2030,0.0032,0.0030,0.0034,0.0029,0.0035,0.0028,0.0037
AP3,Male,52,2031,0.0032,0.0030,0.0033,0.0029,0.0035,0.0027,0.0037
AP3,Male,52,2032,0.0031,0.0029,0.0033,0.0028,0.0035,0.0027,0.0037
AP3,Male,52,2033,0.0031,0.0029,0.0033,0.0028,0.0034,0.0026,0.0036
AP3,Male,52,2034,0.0030,0.0029,0.0032,0.0027,0.0034,0.0026,0.0036
AP3,Male,52,2035,0.0030,0.0028,0.0032,0.0027,0.0034,0.0025,0.0036
AP3,Male,52,2036,0.0029,0.0028,0.0031,0.0026,0.0034,0.0025,0.0035
AP3,Male,52,2037,0.0029,0.0027,0.0031,0.0026,0.0033,0.0024,0.0035
AP3,Male,52,2038,0.0029,0.0027,0.0031,0.0025,0.0033,0.0024,0.0035
AP3,Male,52,2039,0.0028,0.0026,0.0030,0.0025,0.0032,0.0023,0.0035
AP3,Male,52,2040,0.0028,0.0026,0.0030,0.0025,0.0032,0.0023,0.0034
AP3,Male,53,2021,0.0040,0.0040,0.0041,0.0039,0.0041,0.0038,0.0042
AP3,Male,53,2022,0.0040,0.0039,0.0041,0.0038,0.0041,0.0037,0.0042
AP3,Male,53,2023,0.0039,0.0038,0.0040,0.0037,0.0041,0.0036,0.0042
AP3,Male,53,2024,0.0039,0.0037,0.0040,0.0036,0.0041,0.0035,0.0042
AP3,Male,53,2025,0.0038,0.0037,0.0039,0.0036,0.0041,0.0034,0.0042
AP3,Male,53,2026,0.0038,0.0036,0.0039,0.0035,0.0040,0.0034,0.0042
AP3,Male,53,2027,0.0037,0.0036,0.0039,0.0034,0.0040,0.0033,0.0042
AP3,Male,53,2028,0.0037,0.0035,0.0038,0.0034,0.0040,0.0032,0.0041
AP3,Male,53,2029,0.0036,0.0034,0.0038,0.0033,0.0039,0.0032,0.0041
AP3,Male,53,2030,0.0036,0.0034,0.0037,0.0032,0.0039,0.0031,0.0041
AP3,Male,53,2031,0.0035,0.0033,0.0037,0.0032,0.0039,0.0030,0.0041
AP3,Male,53,2032,0.0035,0.0033,0.0037,0.0031,0.0038,0.0030,0.0040
AP3,Male,53,2033,0.0034,0.0032,0.0036,0.0031,0.0038,0.0029,0.0040
AP3,Male,53,2034,0.0034,0.0032,0.0036,0.0030,0.0038,0.0029,0.0040
AP3,Male,53,2035,0.0033,0.0031,0.0035,0.0030,0.0038,0.0028,0.0039
AP3,Male,53,2036,0.0033,0.0031,0.0035,0.0029,0.0037,0.0028,0.0039
AP3,Male,53,2037,0.0032,0.0030,0.0035,0.0029,0.0037,0.0027,0.0039
AP3,Male,53,2038,0.0032,0.0030,0.0034,0.0028,0.0036,0.0026,0.0039
AP3,Male,53,2039,0.0031,0.0029,0.0034,0.0028,0.0036,0.0026,0.0038
AP3,Male,53,2040,0.0031,0.0029,0.0033,0.0027,0.0036,0.0025,0.0038
AP3,Male,54,2021,0.0045,0.0044,0.0045,0.0043,0.0046,0.0043,0.0047
AP3,Male,54,2022,0.0044,0.0043,0.0045,0.0042,0.0046,0.0041,0.0047
AP3,Male,54,2023,0.0043,0.0042,0.0045,0.0041,0.0046,0.0040,0.0047
AP3,Male,54,2024,0.0043,0.0041,0.0044,0.0040,0.0045,0.0039,0.0047
AP3,Male,54,2025,0.0042,0.0041,0.0044,0.0040,0.0045,0.0038,0.0047
AP3,Male,54,2026,0.0042,0.0040,0.0043,0.0039,0.0045,0.0037,0.0047
AP3,Male,54,2027,0.0041,0.0039,0.0043,0.0038,0.0045,0.0037,0.0046
AP3,Male,54,2028,0.0041,0.0039,0.0042,0.0038,0.0044,0.0036,0.0046
AP3,Male,54,2029,0.0040,0.0038,0.0042,0.0037,0.0044,0.0035,0.0046
AP3,Male,54,2030,0.0039,0.0037,0.0042,0.0036,0.0043,0.0034,0.0046
AP3,Male,54,2031,0.0039,0.0037,0.0041,0.0035,0.0043,0.0034,0.0045
AP3,Male,54,2032,0.0038,0.0036,0.0041,0.0035,0.0043,0.0033,0.0045
AP3,Male,54,2033,0.0038,0.0036,0.0040,0.0034,0.0042,0.0032,0.0044
AP3,Male,54,2034,0.0037,0.0035,0.0040,0.0033,0.0042,0.0032,0.0044
AP3,Male,54,2035,0.0037,0.0035,0.0039,0.0033,0.0042,0.0031,0.0044
AP3,Male,54,2036,0.0036,0.0034,0.0039,0.0032,0.0041,0.0031,0.0043
AP3,Male,54,2037,0.0036,0.0034,0.0038,0.0032,0.0041,0.0030,0.0043
AP3,Male,54,2038,0.0035,0.0033,0.0038,0.0031,0.0040,0.0029,0.0043
AP3,Male,54,2039,0.0035,0.0032,0.0038,0.0031,0.0040,0.0029,0.0042
AP3,Male,54,2040,0.0034,0.0032,0.0037,0.0030,0.0040,0.0028,0.0042
AP3,Male,55,2021,0.0049,0.0049,0.0050,0.0048,0.0051,0.0047,0.0052
AP3,Male,55,2022,0.0049,0.0048,0.0050,0.0047,0.0051,0.0046,0.0052
AP3,Male,55,2023,0.0048,0.0047,0.0050,0.0046,0.0051,0.0045,0.0052
AP3,Male,55,2024,0.0048,0.0046,0.0049,0.0045,0.0050,0.0044,0.0052
AP3,Male,55,2025,0.0047,0.0045,0.0048,0.0044,0.0050,0.0042,0.0052
AP3,Male,55,2026,0.0046,0.0045,0.0048,0.0043,0.0050,0.0042,0.0052
AP3,Male,55,2027,0.0046,0.0044,0.0047,0.0042,0.0049,0.0041,0.0051
AP3,Male,55,2028,0.0045,0.0043,0.0047,0.0042,0.0049,0.0040,0.0051
AP3,Male,55,2029,0.0044,0.0042,0.0047,0.0041,0.0049,0.0039,0.0051
AP3,Male,55,2030,0.0044,0.0042,0.0046,0.0040,0.0048,0.0038,0.0051
AP3,Male,55,2031,0.0043,0.0041,0.0046,0.0039,0.0048,0.0038,0.0050
AP3,Male,55,2032,0.0043,0.0040,0.0045,0.0039,0.0047,0.0037,0.0050
AP3,Male,55,2033,0.0042,0.0040,0.0045,0.0038,0.0047,0.0036,0.0049
AP3,Male,55,2034,0.0041,0.0039,0.0044,0.0037,0.0047,0.0035,0.0049
AP3,Male,55,2035,0.0041,0.0039,0.0044,0.0036,0.0046,0.0035,0.0048
AP3,Male,55,2036,0.0040,0.0038,0.0043,0.0036,0.0046,0.0034,0.0048
AP3,Male,55,2037,0.0040,0.0037,0.0043,0.0035,0.0045,0.0033,0.0048
AP3,Male,55,2038,0.0039,0.0037,0.0042,0.0035,0.0045,0.0033,0.0047
AP3,Male,55,2039,0.0039,0.0036,0.0042,0.0034,0.0044,0.0032,0.0047
AP3,Male,55,2040,0.0038,0.0036,0.0041,0.0034,0.0044,0.0031,0.0046
AP3,Male,56,2021,0.0055,0.0054,0.0056,0.0053,0.0057,0.0053,0.0057
AP3,Male,56,2022,0.0054,0.0053,0.0055,0.0052,0.0056,0.0051,0.0057
AP3,Male,56,2023,0.0053,0.0052,0.0055,0.0051,0.0056,0.0050,0.0058
AP3,Male,56,2024,0.0053,0.0051,0.0054,0.0050,0.0056,0.0048,0.0058
AP3,Male,56,2025,0.0052,0.0050,0.0054,0.0049,0.0055,0.0047,0.0057
AP3,Male,56,2026,0.0051,0.0049,0.0053,0.0048,0.0055,0.0046,0.0057
AP3,Male,56,2027,0.0051,0.0049,0.0053,0.0047,0.0055,0.0045,0.0057
AP3,Male,56,2028,0.0050,0.0048,0.0052,0.0046,0.0054,0.0044,0.0057
AP3,Male,56,2029,0.0049,0.0047,0.0052,0.0045,0.0054,0.0043,0.0057
AP3,Male,56,2030,0.0049,0.0046,0.0051,0.0044,0.0054,0.0042,0.0056
AP3,Male,56,2031,0.0048,0.0045,0.0051,0.0044,0.0053,0.0042,0.0055
AP3,Male,56,2032,0.0047,0.0045,0.0050,0.0043,0.0052,0.0041,0.0055
AP3,Male,56,2033,0.0047,0.0044,0.0050,0.0042,0.0052,0.0040,0.0055
AP3,Male,56,2034,0.0046,0.0044,0.0049,0.0041,0.0052,0.0039,0.0054
AP3,Male,56,2035,0.0045,0.0043,0.0048,0.0040,0.0051,0.0039,0.0054
AP3,Male,56,2036,0.0045,0.0042,0.0048,0.0040,0.0051,0.0038,0.0054
AP3,Male,56,2037,0.0044,0.0042,0.0047,0.0039,0.0050,0.0037,0.0053
AP3,Male,56,2038,0.0044,0.0041,0.0047,0.0039,0.0050,0.0036,0.0053
AP3,Male,56,2039,0.0043,0.0040,0.0046,0.0038,0.0049,0.0036,0.0052
AP3,Male,56,2040,0.0042,0.0040,0.0046,0.0037,0.0049,0.0035,0.0051
AP3,Male,57,2021,0.0061,0.0060,0.0062,0.0059,0.0063,0.0058,0.0064
AP3,Male,57,2022,0.0060,0.0059,0.0061,0.0058,0.0062,0.0057,0.0064
AP3,Male,57,2023,0.0059,0.0058,0.0061,0.0056,0.0062,0.0055,0.0064
AP3,Male,57,2024,0.0058,0.0057,0.0060,0.0055,0.0062,0.0054,0.0064
AP3,Male,57,2025,0.0058,0.0056,0.0060,0.0054,0.0062,0.0052,0.0064
AP3,Male,57,2026,0.0057,0.0055,0.0059,0.0053,0.0061,0.0051,0.0063
AP3,Male,57,2027,0.0056,0.0054,0.0058,0.0052,0.0061,0.0050,0.0063
AP3,Male,57,2028,0.0055,0.0053,0.0058,0.0051,0.0060,0.0049,0.0063
AP3,Male,57,2029,0.0055,0.0052,0.0057,0.0050,0.0060,0.0048,0.0063
AP3,Male,57,2030,0.0054,0.0051,0.0057,0.0049,0.0059,0.0047,0.0062
AP3,Male,57,2031,0.0053,0.0050,0.0056,0.0048,0.0059,0.0046,0.0061
AP3,Male,57,2032,0.0053,0.0050,0.0056,0.0048,0.0058,0.0045,0.0061
AP3,Male,57,2033,0.0052,0.0049,0.0055,0.0047,0.0058,0.0044,0.0061
AP3,Male,57,2034,0.0051,0.0048,0.0055,0.0046,0.0057,0.0044,0.0060
AP3,Male,57,2035,0.0050,0.0048,0.0054,0.0045,0.0057,0.0043,0.0060
AP3,Male,57,2036,0.0050,0.0047,0.0053,0.0044,0.0056,0.0042,0.0060
AP3,Male,57,2037,0.0049,0.0046,0.0052,0.0043,0.0056,0.0041,0.0059
AP3,Male,57,2038,0.0048,0.0045,0.0052,0.0043,0.0055,0.0040,0.0059
AP3,Male,57,2039,0.0048,0.0045,0.0051,0.0042,0.0055,0.0040,0.0058
AP3,Male,57,2040,0.0047,0.0044,0.0051,0.0042,0.0054,0.0039,0.0057
AP3,Male,58,2021,0.0068,0.0066,0.0068,0.0066,0.0070,0.0065,0.0070
AP3,Male,58,2022,0.0067,0.0065,0.0068,0.0064,0.0069,0.0063,0.0071
AP3,Male,58,2023,0.0066,0.0064,0.0068,0.0063,0.0069,0.0061,0.0071
AP3,Male,58,2024,0.0065,0.0063,0.0067,0.0061,0.0069,0.0060,0.0071
AP3,Male,58,2025,0.0064,0.0062,0.0066,0.0060,0.0068,0.0058,0.0070
AP3,Male,58,2026,0.0063,0.0061,0.0065,0.0059,0.0068,0.0057,0.0070
AP3,Male,58,2027,0.0062,0.0060,0.0065,0.0058,0.0067,0.0056,0.0070
AP3,Male,58,2028,0.0061,0.0059,0.0064,0.0057,0.0067,0.0054,0.0070
AP3,Male,58,2029,0.0061,0.0058,0.0064,0.0056,0.0066,0.0053,0.0070
AP3,Male,58,2030,0.0060,0.0057,0.0063,0.0055,0.0066,0.0052,0.0069
AP3,Male,58,2031,0.0059,0.0056,0.0062,0.0054,0.0065,0.0051,0.0068
AP3,Male,58,2032,0.0058,0.0055,0.0062,0.0053,0.0065,0.0050,0.0068
AP3,Male,58,2033,0.0057,0.0054,0.0061,0.0052,0.0064,0.0049,0.0067
AP3,Male,58,2034,0.0057,0.0054,0.0061,0.0051,0.0063,0.0048,0.0067
AP3,Male,58,2035,0.0056,0.0053,0.0060,0.0050,0.0063,0.0048,0.0066
AP3,Male,58,2036,0.0055,0.0052,0.0059,0.0049,0.0062,0.0047,0.0066
AP3,Male,58,2037,0.0055,0.0051,0.0058,0.0048,0.0062,0.0046,0.0066
AP3,Male,58,2038,0.0054,0.0050,0.0058,0.0047,0.0061,0.0045,0.0065
AP3,Male,58,2039,0.0053,0.0049,0.0057,0.0047,0.0061,0.0044,0.0064
AP3,Male,58,2040,0.0052,0.0049,0.0056,0.0046,0.0060,0.0043,0.0064
AP3,Male,59,2021,0.0075,0.0074,0.0076,0.0073,0.0077,0.0072,0.0078
AP3,Male,59,2022,0.0074,0.0072,0.0076,0.0071,0.0077,0.0069,0.0079
AP3,Male,59,2023,0.0073,0.0071,0.0075,0.0069,0.0077,0.0068,0.0079
AP3,Male,59,2024,0.0072,0.0070,0.0074,0.0068,0.0076,0.0066,0.0079
AP3,Male,59,2025,0.0071,0.0068,0.0073,0.0066,0.0076,0.0064,0.0078
AP3,Male,59,2026,0.0070,0.0067,0.0073,0.0065,0.0075,0.0063,0.0078
AP3,Male,59,2027,0.0069,0.0066,0.0072,0.0064,0.0075,0.0062,0.0078
AP3,Male,59,2028,0.0068,0.0065,0.0071,0.0063,0.0074,0.0060,0.0077
AP3,Male,59,2029,0.0067,0.0064,0.0071,0.0062,0.0074,0.0059,0.0077
AP3,Male,59,2030,0.0066,0.0063,0.0070,0.0061,0.0073,0.0058,0.0077
AP3,Male,59,2031,0.0066,0.0062,0.0069,0.0060,0.0072,0.0057,0.0076
AP3,Male,59,2032,0.0065,0.0061,0.0069,0.0058,0.0072,0.0056,0.0075
AP3,Male,59,2033,0.0064,0.0060,0.0068,0.0058,0.0071,0.0054,0.0075
AP3,Male,59,2034,0.0063,0.0060,0.0067,0.0057,0.0070,0.0053,0.0074
AP3,Male,59,2035,0.0062,0.0059,0.0066,0.0055,0.0070,0.0053,0.0074
AP3,Male,59,2036,0.0061,0.0058,0.0065,0.0054,0.0069,0.0052,0.0073
AP3,Male,59,2037,0.0061,0.0057,0.0065,0.0054,0.0069,0.0051,0.0073
AP3,Male,59,2038,0.0060,0.0056,0.0064,0.0053,0.0068,0.0050,0.0072
AP3,Male,59,2039,0.0059,0.0055,0.0063,0.0052,0.0067,0.0049,0.0071
AP3,Male,59,2040,0.0058,0.0054,0.0063,0.0051,0.0067,0.0048,0.0071
AP3,Male,60,2021,0.0083,0.0082,0.0084,0.0081,0.0086,0.0079,0.0087
AP3,Male,60,2022,0.0082,0.0080,0.0084,0.0079,0.0085,0.0077,0.0087
AP3,Male,60,2023,0.0081,0.0079,0.0083,0.0077,0.0085,0.0075,0.0087
AP3,Male,60,2024,0.0080,0.0077,0.0082,0.0075,0.0085,0.0073,0.0087
AP3,Male,60,2025,0.0079,0.0076,0.0081,0.0074,0.0084,0.0071,0.0087
AP3,Male,60,2026,0.0078,0.0075,0.0081,0.0072,0.0084,0.0070,0.0087
AP3,Male,60,2027,0.0077,0.0074,0.0080,0.0071,0.0083,0.0068,0.0086
AP3,Male,60,2028,0.0076,0.0072,0.0079,0.0070,0.0082,0.0066,0.0086
AP3,Male,60,2029,0.0075,0.0071,0.0078,0.0069,0.0082,0.0065,0.0086
AP3,Male,60,2030,0.0074,0.0070,0.0078,0.0067,0.0081,0.0064,0.0085
AP3,Male,60,2031,0.0073,0.0069,0.0077,0.0066,0.0080,0.0063,0.0084
AP3,Male,60,2032,0.0072,0.0068,0.0076,0.0065,0.0080,0.0062,0.0083
AP3,Male,60,2033,0.0071,0.0067,0.0075,0.0064,0.0079,0.0060,0.0083
AP3,Male,60,2034,0.0070,0.0066,0.0075,0.0063,0.0078,0.0059,0.0083
AP3,Male,60,2035,0.0069,0.0065,0.0074,0.0061,0.0078,0.0059,0.0082
AP3,Male,60,2036,0.0068,0.0064,0.0073,0.0060,0.0077,0.0057,0.0082
AP3,Male,60,2037,0.0067,0.0063,0.0072,0.0060,0.0076,0.0056,0.0081
AP3,Male,60,2038,0.0066,0.0062,0.0071,0.0058,0.0075,0.0056,0.0080
AP3,Male,60,2039,0.0065,0.0061,0.0070,0.0058,0.0075,0.0054,0.0079
AP3,Male,60,2040,0.0065,0.0060,0.0070,0.0057,0.0074,0.0053,0.0079
AP3,Male,61,2021,0.0092,0.0091,0.0093,0.0089,0.0095,0.0088,0.0096
AP3,Male,61,2022,0.0091,0.0089,0.0093,0.0087,0.0095,0.0085,0.0097
AP3,Male,61,2023,0.0090,0.0087,0.0092,0.0085,0.0094,0.0083,0.0097
AP3,Male,61,2024,0.0088,0.0086,0.0091,0.0083,0.0094,0.0081,0.0097
AP3,Male,61,2025,0.0087,0.0084,0.0090,0.0082,0.0093,0.0079,0.0097
AP3,Male,61,2026,0.0086,0.0083,0.0089,0.0080,0.0093,0.0077,0.0096
AP3,Male,61,2027,0.0085,0.0082,0.0088,0.0079,0.0092,0.0076,0.0096
AP3,Male,61,2028,0.0084,0.0080,0.0088,0.0078,0.0091,0.0074,0.0095
AP3,Male,61,2029,0.0083,0.0079,0.0087,0.0076,0.0091,0.0072,0.0096
AP3,Male,61,2030,0.0082,0.0078,0.0086,0.0075,0.0090,0.0071,0.0095
AP3,Male,61,2031,0.0081,0.0077,0.0085,0.0073,0.0089,0.0070,0.0094
AP3,Male,61,2032,0.0080,0.0075,0.0084,0.0072,0.0089,0.0068,0.0092
AP3,Male,61,2033,0.0079,0.0074,0.0084,0.0071,0.0088,0.0067,0.0092
AP3,Male,61,2034,0.0078,0.0073,0.0083,0.0070,0.0087,0.0066,0.0092
AP3,Male,61,2035,0.0077,0.0072,0.0082,0.0068,0.0086,0.0065,0.0091
AP3,Male,61,2036,0.0076,0.0071,0.0081,0.0067,0.0085,0.0064,0.0091
AP3,Male,61,2037,0.0075,0.0070,0.0080,0.0066,0.0085,0.0062,0.0090
AP3,Male,61,2038,0.0074,0.0069,0.0079,0.0065,0.0084,0.0062,0.0089
AP3,Male,61,2039,0.0073,0.0068,0.0078,0.0064,0.0083,0.0060,0.0088
AP3,Male,61,2040,0.0072,0.0067,0.0077,0.0063,0.0082,0.0059,0.0087
AP3,Male,62,2021,0.0102,0.0100,0.0104,0.0099,0.0105,0.0097,0.0107
AP3,Male,62,2022,0.0101,0.0099,0.0103,0.0097,0.0105,0.0095,0.0107
AP3,Male,62,2023,0.0099,0.0097,0.0102,0.0095,0.0105,0.0092,0.0108
AP3,Male,62,2024,0.0098,0.0095,0.0101,0.0092,0.0104,0.0089,0.0108
AP3,Male,62,2025,0.0097,0.0093,0.0100,0.0091,0.0104,0.0088,0.0107
AP3,Male,62,2026,0.0096,0.0092,0.0099,0.0089,0.0103,0.0085,0.0107
AP3,Male,62,2027,0.0094,0.0090,0.0098,0.0088,0.0102,0.0084,0.0106
AP3,Male,62,2028,0.0093,0.0089,0.0097,0.0086,0.0101,0.0082,0.0105
AP3,Male,62,2029,0.0092,0.0087,0.0097,0.0084,0.0101,0.0080,0.0106
AP3,Male,62,2030,0.0091,0.0086,0.0096,0.0083,0.0100,0.0079,0.0105
AP3,Male,62,2031,0.0090,0.0085,0.0095,0.0081,0.0099,0.0078,0.0104
AP3,Male,62,2032,0.0088,0.0083,0.0094,0.0080,0.0098,0.0076,0.0103
AP3,Male,62,2033,0.0087,0.0082,0.0093,0.0078,0.0098,0.0074,0.0103
AP3,Male,62,2034,0.0086,0.0081,0.0092,0.0077,0.0097,0.0073,0.0102
AP3,Male,62,2035,0.0085,0.0080,0.0091,0.0076,0.0096,0.0072,0.0101
AP3,Male,62,2036,0.0084,0.0079,0.0090,0.0075,0.0095,0.0071,0.0101
AP3,Male,62,2037,0.0083,0.0077,0.0089,0.0074,0.0094,0.0069,0.0100
AP3,Male,62,2038,0.0082,0.0076,0.0088,0.0072,0.0093,0.0068,0.0099
AP3,Male,62,2039,0.0081,0.0075,0.0087,0.0071,0.0092,0.0067,0.0098
AP3,Male,62,2040,0.0080,0.0074,0.0086,0.0070,0.0091,0.0065,0.0097
AP3,Male,63,2021,0.0113,0.0111,0.0115,0.0110,0.0117,0.0108,0.0118
AP3,Male,63,2022,0.0112,0.0109,0.0114,0.0107,0.0116,0.0105,0.0119
AP3,Male,63,2023,0.0110,0.0107,0.0113,0.0105,0.0116,0.0102,0.0119
AP3,Male,63,2024,0.0109,0.0105,0.0112,0.0102,0.0115,0.0099,0.0119
AP3,Male,63,2025,0.0107,0.0103,0.0111,0.0100,0.0115,0.0097,0.0119
AP3,Male,63,2026,0.0106,0.0102,0.0110,0.0099,0.0114,0.0095,0.0119
AP3,Male,63,2027,0.0105,0.0100,0.0109,0.0097,0.0113,0.0093,0.0118
AP3,Male,63,2028,0.0103,0.0099,0.0108,0.0095,0.0112,0.0091,0.0117
AP3,Male,63,2029,0.0102,0.0097,0.0107,0.0094,0.0112,0.0089,0.0118
AP3,Male,63,2030,0.0101,0.0095,0.0106,0.0092,0.0111,0.0087,0.0117
AP3,Male,63,2031,0.0099,0.0094,0.0105,0.0090,0.0110,0.0086,0.0115
AP3,Male,63,2032,0.0098,0.0093,0.0104,0.0088,0.0109,0.0084,0.0114
AP3,Male,63,2033,0.0097,0.0091,0.0103,0.0087,0.0109,0.0082,0.0114
AP3,Male,63,2034,0.0096,0.0090,0.0102,0.0086,0.0107,0.0081,0.0113
AP3,Male,63,2035,0.0094,0.0089,0.0101,0.0084,0.0106,0.0080,0.0112
AP3,Male,63,2036,0.0093,0.0087,0.0099,0.0083,0.0105,0.0078,0.0112
AP3,Male,63,2037,0.0092,0.0086,0.0099,0.0081,0.0104,0.0077,0.0111
AP3,Male,63,2038,0.0091,0.0085,0.0098,0.0080,0.0103,0.0076,0.0110
AP3,Male,63,2039,0.0090,0.0084,0.0096,0.0079,0.0102,0.0074,0.0109
AP3,Male,63,2040,0.0088,0.0082,0.0095,0.0078,0.0102,0.0072,0.0108
AP3,Male,64,2021,0.0125,0.0123,0.0127,0.0121,0.0129,0.0119,0.0131
AP3,Male,64,2022,0.0124,0.0121,0.0127,0.0119,0.0129,0.0116,0.0132
AP3,Male,64,2023,0.0122,0.0119,0.0126,0.0116,0.0129,0.0113,0.0132
AP3,Male,64,2024,0.0121,0.0117,0.0124,0.0113,0.0128,0.0109,0.0133
AP3,Male,64,2025,0.0119,0.0115,0.0123,0.0111,0.0127,0.0108,0.0132
AP3,Male,64,2026,0.0118,0.0113,0.0122,0.0109,0.0127,0.0105,0.0132
AP3,Male,64,2027,0.0116,0.0111,0.0121,0.0107,0.0126,0.0103,0.0131
AP3,Male,64,2028,0.0115,0.0110,0.0120,0.0106,0.0125,0.0100,0.0130
AP3,Male,64,2029,0.0113,0.0108,0.0119,0.0104,0.0124,0.0099,0.0131
AP3,Male,64,2030,0.0112,0.0106,0.0118,0.0102,0.0123,0.0097,0.0130
AP3,Male,64,2031,0.0110,0.0104,0.0117,0.0099,0.0122,0.0095,0.0128
AP3,Male,64,2032,0.0109,0.0103,0.0116,0.0098,0.0121,0.0093,0.0127
AP3,Male,64,2033,0.0107,0.0101,0.0114,0.0096,0.0121,0.0091,0.0126
AP3,Male,64,2034,0.0106,0.0100,0.0113,0.0095,0.0119,0.0090,0.0126
AP3,Male,64,2035,0.0105,0.0099,0.0112,0.0093,0.0118,0.0088,0.0125
AP3,Male,64,2036,0.0103,0.0097,0.0111,0.0092,0.0117,0.0087,0.0124
AP3,Male,64,2037,0.0102,0.0095,0.0110,0.0090,0.0116,0.0085,0.0124
AP3,Male,64,2038,0.0101,0.0094,0.0108,0.0088,0.0115,0.0084,0.0122
AP3,Male,64,2039,0.0099,0.0093,0.0107,0.0087,0.0114,0.0082,0.0121
AP3,Male,64,2040,0.0098,0.0091,0.0106,0.0086,0.0113,0.0080,0.0121
AP3,Male,65,2021,0.0139,0.0137,0.0141,0.0135,0.0143,0.0132,0.0145
AP3,Male,65,2022,0.0137,0.0134,0.0140,0.0132,0.0143,0.0128,0.0146
AP3,Male,65,2023,0.0135,0.0132,0.0139,0.0129,0.0143,0.0126,0.0147
AP3,Male,65,2024,0.0134,0.0129,0.0138,0.0126,0.0142,0.0121,0.0147
AP3,Male,65,2025,0.0132,0.0127,0.0137,0.0123,0.0141,0.0119,0.0147
AP3,Male,65,2026,0.0130,0.0125,0.0135,0.0121,0.0141,0.0116,0.0146
AP3,Male,65,2027,0.0129,0.0123,0.0134,0.0119,0.0140,0.0114,0.0146
AP3,Male,65,2028,0.0127,0.0121,0.0133,0.0117,0.0138,0.0111,0.0144
AP3,Male,65,2029,0.0125,0.0119,0.0132,0.0114,0.0138,0.0110,0.0145
AP3,Male,65,2030,0.0124,0.0117,0.0131,0.0112,0.0137,0.0107,0.0144
AP3,Male,65,2031,0.0122,0.0116,0.0130,0.0110,0.0136,0.0105,0.0142
AP3,Male,65,2032,0.0121,0.0114,0.0128,0.0109,0.0135,0.0103,0.0141
AP3,Male,65,2033,0.0119,0.0112,0.0127,0.0107,0.0134,0.0101,0.0141
AP3,Male,65,2034,0.0118,0.0111,0.0126,0.0105,0.0132,0.0100,0.0140
AP3,Male,65,2035,0.0116,0.0109,0.0124,0.0103,0.0131,0.0098,0.0139
AP3,Male,65,2036,0.0115,0.0107,0.0123,0.0102,0.0130,0.0096,0.0138
AP3,Male,65,2037,0.0113,0.0106,0.0122,0.0100,0.0129,0.0094,0.0137
AP3,Male,65,2038,0.0112,0.0104,0.0120,0.0098,0.0127,0.0093,0.0136
AP3,Male,65,2039,0.0110,0.0103,0.0119,0.0097,0.0127,0.0091,0.0135
AP3,Male,65,2040,0.0109,0.0101,0.0117,0.0095,0.0125,0.0089,0.0134
AP3,Male,66,2021,0.0154,0.0151,0.0156,0.0149,0.0159,0.0147,0.0161
AP3,Male,66,2022,0.0152,0.0149,0.0156,0.0146,0.0159,0.0142,0.0162
AP3,Male,66,2023,0.0150,0.0146,0.0154,0.0142,0.0158,0.0139,0.0163
AP3,Male,66,2024,0.0148,0.0144,0.0153,0.0139,0.0158,0.0134,0.0163
AP3,Male,66,2025,0.0146,0.0141,0.0152,0.0136,0.0157,0.0132,0.0163
AP3,Male,66,2026,0.0144,0.0139,0.0150,0.0134,0.0156,0.0128,0.0163
AP3,Male,66,2027,0.0143,0.0137,0.0149,0.0132,0.0155,0.0126,0.0162
AP3,Male,66,2028,0.0141,0.0134,0.0147,0.0130,0.0154,0.0123,0.0160
AP3,Male,66,2029,0.0139,0.0132,0.0146,0.0127,0.0153,0.0122,0.0161
AP3,Male,66,2030,0.0137,0.0130,0.0145,0.0124,0.0152,0.0119,0.0160
AP3,Male,66,2031,0.0136,0.0128,0.0144,0.0122,0.0150,0.0116,0.0158
AP3,Male,66,2032,0.0134,0.0126,0.0142,0.0121,0.0150,0.0114,0.0156
AP3,Male,66,2033,0.0132,0.0125,0.0141,0.0118,0.0149,0.0113,0.0157
AP3,Male,66,2034,0.0130,0.0123,0.0140,0.0117,0.0147,0.0110,0.0155
AP3,Male,66,2035,0.0129,0.0121,0.0138,0.0114,0.0145,0.0109,0.0154
AP3,Male,66,2036,0.0127,0.0119,0.0137,0.0113,0.0144,0.0106,0.0153
AP3,Male,66,2037,0.0126,0.0117,0.0135,0.0111,0.0143,0.0104,0.0153
AP3,Male,66,2038,0.0124,0.0116,0.0134,0.0109,0.0141,0.0103,0.0151
AP3,Male,66,2039,0.0122,0.0114,0.0132,0.0107,0.0141,0.0101,0.0150
AP3,Male,66,2040,0.0121,0.0112,0.0131,0.0106,0.0140,0.0099,0.0149
AP3,Male,67,2021,0.0170,0.0168,0.0173,0.0165,0.0176,0.0162,0.0178
AP3,Male,67,2022,0.0168,0.0165,0.0173,0.0161,0.0176,0.0158,0.0179
AP3,Male,67,2023,0.0166,0.0162,0.0171,0.0158,0.0175,0.0154,0.0180
AP3,Male,67,2024,0.0164,0.0159,0.0169,0.0154,0.0175,0.0149,0.0181
AP3,Male,67,2025,0.0162,0.0156,0.0168,0.0151,0.0174,0.0146,0.0181
AP3,Male,67,2026,0.0160,0.0154,0.0167,0.0149,0.0173,0.0142,0.0180
AP3,Male,67,2027,0.0158,0.0151,0.0165,0.0146,0.0172,0.0140,0.0179
AP3,Male,67,2028,0.0156,0.0149,0.0163,0.0143,0.0171,0.0136,0.0178
AP3,Male,67,2029,0.0154,0.0147,0.0162,0.0140,0.0170,0.0135,0.0179
AP3,Male,67,2030,0.0152,0.0144,0.0161,0.0138,0.0169,0.0132,0.0178
AP3,Male,67,2031,0.0150,0.0142,0.0160,0.0135,0.0167,0.0128,0.0175
AP3,Male,67,2032,0.0148,0.0140,0.0158,0.0133,0.0166,0.0126,0.0174
AP3,Male,67,2033,0.0146,0.0138,0.0156,0.0131,0.0165,0.0125,0.0174
AP3,Male,67,2034,0.0145,0.0136,0.0155,0.0129,0.0163,0.0122,0.0173
AP3,Male,67,2035,0.0143,0.0134,0.0153,0.0126,0.0161,0.0120,0.0171
AP3,Male,67,2036,0.0141,0.0132,0.0152,0.0125,0.0160,0.0117,0.0170
AP3,Male,67,2037,0.0139,0.0130,0.0150,0.0122,0.0159,0.0115,0.0170
AP3,Male,67,2038,0.0138,0.0128,0.0148,0.0120,0.0157,0.0114,0.0167
AP3,Male,67,2039,0.0136,0.0127,0.0146,0.0119,0.0157,0.0112,0.0168
AP3,Male,67,2040,0.0134,0.0125,0.0145,0.0117,0.0155,0.0110,0.0166
AP3,Male,68,2021,0.0189,0.0186,0.0192,0.0183,0.0195,0.0179,0.0197
AP3,Male,68,2022,0.0186,0.0183,0.0191,0.0179,0.0195,0.0175,0.0199
AP3,Male,68,2023,0.0184,0.0179,0.0189,0.0174,0.0195,0.0170,0.0200
AP3,Male,68,2024,0.0182,0.0176,0.0188,0.0171,0.0194,0.0164,0.0201
AP3,Male,68,2025,0.0180,0.0173,0.0186,0.0167,0.0193,0.0161,0.0201
AP3,Male,68,2026,0.0177,0.0170,0.0185,0.0165,0.0192,0.0157,0.0200
AP3,Male,68,2027,0.0175,0.0168,0.0183,0.0162,0.0190,0.0155,0.0199
AP3,Male,68,2028,0.0173,0.0165,0.0181,0.0159,0.0189,0.0151,0.0197
AP3,Male,68,2029,0.0171,0.0162,0.0180,0.0155,0.0189,0.0149,0.0198
AP3,Male,68,2030,0.0169,0.0160,0.0179,0.0152,0.0187,0.0146,0.0198
AP3,Male,68,2031,0.0167,0.0158,0.0177,0.0150,0.0186,0.0142,0.0195
AP3,Male,68,2032,0.0164,0.0155,0.0175,0.0148,0.0185,0.0140,0.0193
AP3,Male,68,2033,0.0162,0.0153,0.0173,0.0145,0.0184,0.0138,0.0193
AP3,Male,68,2034,0.0160,0.0151,0.0172,0.0143,0.0181,0.0136,0.0192
AP3,Male,68,2035,0.0158,0.0149,0.0170,0.0140,0.0179,0.0133,0.0190
AP3,Male,68,2036,0.0156,0.0146,0.0168,0.0138,0.0178,0.0130,0.0189
AP3,Male,68,2037,0.0154,0.0144,0.0166,0.0136,0.0176,0.0128,0.0188
AP3,Male,68,2038,0.0153,0.0142,0.0165,0.0134,0.0175,0.0126,0.0186
AP3,Male,68,2039,0.0151,0.0140,0.0163,0.0132,0.0174,0.0124,0.0186
AP3,Male,68,2040,0.0149,0.0138,0.0161,0.0130,0.0172,0.0121,0.0184
AP3,Male,69,2021,0.0209,0.0206,0.0213,0.0202,0.0216,0.0198,0.0219
AP3,Male,69,2022,0.0207,0.0202,0.0212,0.0198,0.0216,0.0193,0.0220
AP3,Male,69,2023,0.0204,0.0198,0.0210,0.0193,0.0216,0.0188,0.0222
AP3,Male,69,2024,0.0201,0.0195,0.0208,0.0189,0.0215,0.0182,0.0222
AP3,Male,69,2025,0.0199,0.0192,0.0206,0.0185,0.0214,0.0179,0.0223
AP3,Male,69,2026,0.0197,0.0189,0.0205,0.0182,0.0213,0.0174,0.0222
AP3,Male,69,2027,0.0194,0.0186,0.0202,0.0179,0.0211,0.0171,0.0221
AP3,Male,69,2028,0.0192,0.0183,0.0201,0.0175,0.0210,0.0167,0.0219
AP3,Male,69,2029,0.0189,0.0180,0.0200,0.0172,0.0209,0.0164,0.0220
AP3,Male,69,2030,0.0187,0.0177,0.0198,0.0169,0.0208,0.0161,0.0219
AP3,Male,69,2031,0.0185,0.0175,0.0197,0.0166,0.0206,0.0157,0.0217
AP3,Male,69,2032,0.0182,0.0172,0.0195,0.0163,0.0205,0.0155,0.0215
AP3,Male,69,2033,0.0180,0.0170,0.0192,0.0160,0.0204,0.0153,0.0214
AP3,Male,69,2034,0.0178,0.0167,0.0191,0.0158,0.0201,0.0150,0.0213
AP3,Male,69,2035,0.0176,0.0165,0.0188,0.0155,0.0199,0.0148,0.0211
AP3,Male,69,2036,0.0173,0.0162,0.0186,0.0153,0.0197,0.0144,0.0210
AP3,Male,69,2037,0.0171,0.0160,0.0184,0.0150,0.0195,0.0142,0.0209
AP3,Male,69,2038,0.0169,0.0157,0.0183,0.0148,0.0194,0.0139,0.0207
AP3,Male,69,2039,0.0167,0.0156,0.0181,0.0146,0.0194,0.0137,0.0207
AP3,Male,69,2040,0.0165,0.0154,0.0179,0.0144,0.0191,0.0134,0.0205
AP3,Male,70,2021,0.0232,0.0228,0.0236,0.0224,0.0239,0.0220,0.0242
AP3,Male,70,2022,0.0229,0.0224,0.0235,0.0219,0.0239,0.0214,0.0244
AP3,Male,70,2023,0.0226,0.0219,0.0233,0.0214,0.0239,0.0208,0.0246
AP3,Male,70,2024,0.0223,0.0215,0.0230,0.0209,0.0238,0.0201,0.0247
AP3,Male,70,2025,0.0220,0.0212,0.0229,0.0205,0.0237,0.0198,0.0247
AP3,Male,70,2026,0.0218,0.0209,0.0227,0.0202,0.0236,0.0193,0.0246
AP3,Male,70,2027,0.0215,0.0206,0.0224,0.0198,0.0234,0.0189,0.0245
AP3,Male,70,2028,0.0212,0.0202,0.0223,0.0194,0.0232,0.0184,0.0243
AP3,Male,70,2029,0.0210,0.0199,0.0221,0.0190,0.0232,0.0182,0.0244
AP3,Male,70,2030,0.0207,0.0195,0.0220,0.0187,0.0230,0.0178,0.0243
AP3,Male,70,2031,0.0205,0.0194,0.0218,0.0183,0.0228,0.0174,0.0241
AP3,Male,70,2032,0.0202,0.0191,0.0216,0.0181,0.0227,0.0172,0.0239
AP3,Male,70,2033,0.0200,0.0188,0.0214,0.0177,0.0227,0.0169,0.0238
AP3,Male,70,2034,0.0197,0.0185,0.0212,0.0175,0.0223,0.0166,0.0236
AP3,Male,70,2035,0.0195,0.0183,0.0209,0.0172,0.0221,0.0163,0.0234
AP3,Male,70,2036,0.0192,0.0179,0.0207,0.0170,0.0219,0.0159,0.0233
AP3,Male,70,2037,0.0190,0.0177,0.0204,0.0166,0.0217,0.0157,0.0232
AP3,Male,70,2038,0.0188,0.0174,0.0203,0.0164,0.0216,0.0154,0.0231
AP3,Male,70,2039,0.0185,0.0173,0.0201,0.0162,0.0215,0.0152,0.0230
AP3,Male,70,2040,0.0183,0.0170,0.0199,0.0159,0.0213,0.0148,0.0228
AP3,Male,71,2021,0.0256,0.0252,0.0261,0.0248,0.0265,0.0243,0.0268
AP3,Male,71,2022,0.0253,0.0247,0.0260,0.0243,0.0265,0.0237,0.0270
AP3,Male,71,2023,0.0250,0.0243,0.0258,0.0236,0.0265,0.0230,0.0272
AP3,Male,71,2024,0.0247,0.0238,0.0255,0.0231,0.0264,0.0222,0.0274
AP3,Male,71,2025,0.0244,0.0235,0.0253,0.0227,0.0262,0.0218,0.0274
AP3,Male,71,2026,0.0241,0.0231,0.0252,0.0223,0.0262,0.0213,0.0273
AP3,Male,71,2027,0.0238,0.0228,0.0249,0.0219,0.0259,0.0209,0.0271
AP3,Male,71,2028,0.0235,0.0224,0.0248,0.0214,0.0257,0.0204,0.0270
AP3,Male,71,2029,0.0232,0.0220,0.0245,0.0210,0.0257,0.0201,0.0271
AP3,Male,71,2030,0.0229,0.0216,0.0244,0.0207,0.0256,0.0197,0.0270
AP3,Male,71,2031,0.0227,0.0214,0.0242,0.0202,0.0254,0.0192,0.0267
AP3,Male,71,2032,0.0224,0.0211,0.0239,0.0200,0.0252,0.0190,0.0265
AP3,Male,71,2033,0.0221,0.0209,0.0237,0.0196,0.0251,0.0187,0.0265
AP3,Male,71,2034,0.0218,0.0205,0.0235,0.0194,0.0248,0.0183,0.0263
AP3,Male,71,2035,0.0216,0.0203,0.0232,0.0190,0.0245,0.0180,0.0260
AP3,Male,71,2036,0.0213,0.0199,0.0229,0.0188,0.0243,0.0176,0.0259
AP3,Male,71,2037,0.0211,0.0196,0.0227,0.0184,0.0241,0.0173,0.0258
AP3,Male,71,2038,0.0208,0.0193,0.0225,0.0181,0.0239,0.0171,0.0257
AP3,Male,71,2039,0.0205,0.0191,0.0223,0.0179,0.0239,0.0168,0.0256
AP3,Male,71,2040,0.0203,0.0189,0.0220,0.0176,0.0237,0.0163,0.0253
AP3,Male,72,2021,0.0284,0.0279,0.0289,0.0274,0.0293,0.0269,0.0297
AP3,Male,72,2022,0.0280,0.0274,0.0287,0.0268,0.0293,0.0262,0.0300
AP3,Male,72,2023,0.0277,0.0268,0.0285,0.0262,0.0293,0.0255,0.0302
AP3,Male,72,2024,0.0273,0.0264,0.0282,0.0256,0.0292,0.0246,0.0303
AP3,Male,72,2025,0.0270,0.0260,0.0281,0.0251,0.0291,0.0241,0.0304
AP3,Male,72,2026,0.0267,0.0256,0.0279,0.0247,0.0290,0.0235,0.0303
AP3,Male,72,2027,0.0264,0.0252,0.0276,0.0242,0.0287,0.0231,0.0301
AP3,Male,72,2028,0.0260,0.0247,0.0274,0.0237,0.0285,0.0226,0.0300
AP3,Male,72,2029,0.0257,0.0244,0.0272,0.0233,0.0286,0.0222,0.0300
AP3,Male,72,2030,0.0254,0.0240,0.0271,0.0229,0.0284,0.0217,0.0299
AP3,Male,72,2031,0.0251,0.0237,0.0268,0.0224,0.0281,0.0212,0.0296
AP3,Male,72,2032,0.0248,0.0234,0.0265,0.0222,0.0279,0.0210,0.0295
AP3,Male,72,2033,0.0245,0.0231,0.0263,0.0217,0.0279,0.0206,0.0294
AP3,Male,72,2034,0.0242,0.0227,0.0260,0.0214,0.0275,0.0203,0.0292
AP3,Male,72,2035,0.0239,0.0224,0.0257,0.0210,0.0272,0.0199,0.0289
AP3,Male,72,2036,0.0236,0.0220,0.0254,0.0207,0.0270,0.0195,0.0288
AP3,Male,72,2037,0.0233,0.0217,0.0252,0.0203,0.0268,0.0191,0.0286
AP3,Male,72,2038,0.0231,0.0214,0.0250,0.0200,0.0266,0.0189,0.0286
AP3,Male,72,2039,0.0228,0.0212,0.0247,0.0198,0.0265,0.0185,0.0285
AP3,Male,72,2040,0.0225,0.0209,0.0245,0.0195,0.0263,0.0180,0.0281
AP3,Male,73,2021,0.0314,0.0308,0.0319,0.0303,0.0324,0.0297,0.0329
AP3,Male,73,2022,0.0310,0.0303,0.0318,0.0297,0.0324,0.0289,0.0332
AP3,Male,73,2023,0.0306,0.0297,0.0316,0.0289,0.0325,0.0281,0.0335
AP3,Male,73,2024,0.0303,0.0292,0.0313,0.0283,0.0324,0.0271,0.0336
AP3,Male,73,2025,0.0299,0.0287,0.0311,0.0277,0.0322,0.0266,0.0337
AP3,Male,73,2026,0.0295,0.0283,0.0309,0.0272,0.0322,0.0260,0.0336
AP3,Male,73,2027,0.0292,0.0279,0.0306,0.0267,0.0318,0.0256,0.0333
AP3,Male,73,2028,0.0288,0.0274,0.0304,0.0262,0.0316,0.0250,0.0333
AP3,Male,73,2029,0.0285,0.0270,0.0302,0.0257,0.0317,0.0246,0.0333
AP3,Male,73,2030,0.0281,0.0265,0.0300,0.0253,0.0314,0.0240,0.0332
AP3,Male,73,2031,0.0278,0.0262,0.0297,0.0248,0.0312,0.0234,0.0328
AP3,Male,73,2032,0.0275,0.0259,0.0294,0.0245,0.0310,0.0232,0.0327
AP3,Male,73,2033,0.0271,0.0255,0.0291,0.0240,0.0309,0.0227,0.0327
AP3,Male,73,2034,0.0268,0.0252,0.0289,0.0237,0.0305,0.0225,0.0324
AP3,Male,73,2035,0.0265,0.0248,0.0285,0.0232,0.0302,0.0220,0.0321
AP3,Male,73,2036,0.0262,0.0243,0.0282,0.0229,0.0300,0.0215,0.0320
AP3,Male,73,2037,0.0259,0.0240,0.0279,0.0225,0.0297,0.0211,0.0318
AP3,Male,73,2038,0.0255,0.0237,0.0278,0.0222,0.0296,0.0208,0.0318
AP3,Male,73,2039,0.0252,0.0235,0.0274,0.0219,0.0295,0.0205,0.0317
AP3,Male,73,2040,0.0249,0.0231,0.0271,0.0216,0.0292,0.0199,0.0313
AP3,Male,74,2021,0.0347,0.0341,0.0353,0.0335,0.0359,0.0328,0.0364
AP3,Male,74,2022,0.0343,0.0335,0.0352,0.0328,0.0359,0.0320,0.0368
AP3,Male,74,2023,0.0339,0.0328,0.0350,0.0320,0.0359,0.0310,0.0371
AP3,Male,74,2024,0.0335,0.0323,0.0346,0.0312,0.0359,0.0300,0.0371
AP3,Male,74,2025,0.0331,0.0318,0.0344,0.0306,0.0357,0.0294,0.0373
AP3,Male,74,2026,0.0327,0.0313,0.0341,0.0301,0.0356,0.0286,0.0372
AP3,Male,74,2027,0.0323,0.0309,0.0339,0.0295,0.0353,0.0282,0.0370
AP3,Male,74,2028,0.0319,0.0303,0.0336,0.0290,0.0350,0.0276,0.0369
AP3,Male,74,2029,0.0315,0.0298,0.0334,0.0284,0.0351,0.0272,0.0369
AP3,Male,74,2030,0.0312,0.0293,0.0332,0.0280,0.0348,0.0265,0.0367
AP3,Male,74,2031,0.0308,0.0290,0.0329,0.0274,0.0347,0.0259,0.0364
AP3,Male,74,2032,0.0304,0.0287,0.0326,0.0271,0.0343,0.0256,0.0363
AP3,Male,74,2033,0.0301,0.0282,0.0323,0.0266,0.0342,0.0251,0.0362
AP3,Male,74,2034,0.0297,0.0278,0.0320,0.0262,0.0339,0.0248,0.0360
AP3,Male,74,2035,0.0293,0.0275,0.0316,0.0256,0.0336,0.0243,0.0356
AP3,Male,74,2036,0.0290,0.0270,0.0313,0.0253,0.0333,0.0237,0.0356
AP3,Male,74,2037,0.0286,0.0266,0.0310,0.0249,0.0331,0.0234,0.0353
AP3,Male,74,2038,0.0283,0.0263,0.0308,0.0245,0.0328,0.0229,0.0353
AP3,Male,74,2039,0.0280,0.0259,0.0304,0.0242,0.0327,0.0226,0.0352
AP3,Male,74,2040,0.0276,0.0256,0.0301,0.0238,0.0324,0.0220,0.0348
AP3,Male,75,2021,0.0384,0.0376,0.0391,0.0370,0.0397,0.0363,0.0403
AP3,Male,75,2022,0.0379,0.0370,0.0389,0.0362,0.0397,0.0353,0.0407
AP3,Male,75,2023,0.0375,0.0362,0.0387,0.0353,0.0398,0.0343,0.0411
AP3,Male,75,2024,0.0370,0.0357,0.0383,0.0345,0.0397,0.0331,0.0411
AP3,Male,75,2025,0.0366,0.0351,0.0380,0.0339,0.0396,0.0324,0.0413
AP3,Male,75,2026,0.0362,0.0345,0.0378,0.0332,0.0395,0.0316,0.0411
AP3,Male,75,2027,0.0357,0.0341,0.0375,0.0326,0.0391,0.0311,0.0410
AP3,Male,75,2028,0.0353,0.0335,0.0372,0.0320,0.0388,0.0305,0.0410
AP3,Male,75,2029,0.0349,0.0330,0.0370,0.0314,0.0388,0.0301,0.0409
AP3,Male,75,2030,0.0345,0.0324,0.0368,0.0309,0.0386,0.0293,0.0407
AP3,Male,75,2031,0.0341,0.0321,0.0364,0.0302,0.0385,0.0286,0.0402
AP3,Male,75,2032,0.0337,0.0317,0.0362,0.0299,0.0380,0.0282,0.0403
AP3,Male,75,2033,0.0333,0.0312,0.0358,0.0294,0.0380,0.0277,0.0402
AP3,Male,75,2034,0.0329,0.0308,0.0355,0.0290,0.0376,0.0273,0.0400
AP3,Male,75,2035,0.0325,0.0304,0.0350,0.0283,0.0373,0.0269,0.0396
AP3,Male,75,2036,0.0321,0.0299,0.0346,0.0281,0.0370,0.0262,0.0395
AP3,Male,75,2037,0.0317,0.0294,0.0344,0.0275,0.0367,0.0258,0.0392
AP3,Male,75,2038,0.0313,0.0291,0.0341,0.0271,0.0364,0.0253,0.0393
AP3,Male,75,2039,0.0310,0.0287,0.0337,0.0267,0.0364,0.0250,0.0392
AP3,Male,75,2040,0.0306,0.0283,0.0335,0.0263,0.0360,0.0244,0.0387
AP3,Male,76,2021,0.0424,0.0416,0.0432,0.0409,0.0439,0.0401,0.0445
AP3,Male,76,2022,0.0419,0.0409,0.0430,0.0400,0.0439,0.0390,0.0450
AP3,Male,76,2023,0.0414,0.0400,0.0428,0.0390,0.0440,0.0378,0.0455
AP3,Male,76,2024,0.0409,0.0394,0.0424,0.0381,0.0439,0.0365,0.0456
AP3,Male,76,2025,0.0404,0.0388,0.0421,0.0374,0.0438,0.0357,0.0458
AP3,Male,76,2026,0.0400,0.0382,0.0418,0.0367,0.0437,0.0349,0.0456
AP3,Male,76,2027,0.0395,0.0377,0.0415,0.0359,0.0433,0.0344,0.0454
AP3,Male,76,2028,0.0390,0.0371,0.0412,0.0353,0.0429,0.0337,0.0454
AP3,Male,76,2029,0.0386,0.0364,0.0410,0.0347,0.0429,0.0332,0.0455
AP3,Male,76,2030,0.0381,0.0359,0.0407,0.0341,0.0427,0.0324,0.0451
AP3,Male,76,2031,0.0377,0.0354,0.0404,0.0334,0.0427,0.0316,0.0445
AP3,Male,76,2032,0.0372,0.0350,0.0401,0.0330,0.0422,0.0311,0.0447
AP3,Male,76,2033,0.0368,0.0344,0.0396,0.0324,0.0421,0.0306,0.0445
AP3,Male,76,2034,0.0364,0.0341,0.0393,0.0320,0.0417,0.0301,0.0444
AP3,Male,76,2035,0.0360,0.0336,0.0387,0.0313,0.0413,0.0297,0.0439
AP3,Male,76,2036,0.0355,0.0331,0.0384,0.0310,0.0410,0.0288,0.0438
AP3,Male,76,2037,0.0351,0.0326,0.0381,0.0305,0.0408,0.0286,0.0436
AP3,Male,76,2038,0.0347,0.0322,0.0377,0.0300,0.0404,0.0279,0.0436
AP3,Male,76,2039,0.0343,0.0318,0.0374,0.0295,0.0404,0.0276,0.0436
AP3,Male,76,2040,0.0339,0.0314,0.0371,0.0291,0.0399,0.0269,0.0430
AP3,Male,77,2021,0.0468,0.0459,0.0477,0.0451,0.0485,0.0442,0.0492
AP3,Male,77,2022,0.0463,0.0451,0.0476,0.0441,0.0486,0.0431,0.0498
AP3,Male,77,2023,0.0457,0.0442,0.0473,0.0431,0.0486,0.0417,0.0503
AP3,Male,77,2024,0.0452,0.0435,0.0469,0.0421,0.0486,0.0402,0.0505
AP3,Male,77,2025,0.0447,0.0428,0.0465,0.0413,0.0485,0.0394,0.0507
AP3,Male,77,2026,0.0442,0.0422,0.0463,0.0405,0.0483,0.0386,0.0505
AP3,Male,77,2027,0.0437,0.0417,0.0459,0.0397,0.0479,0.0379,0.0502
AP3,Male,77,2028,0.0432,0.0409,0.0456,0.0390,0.0475,0.0371,0.0503
AP3,Male,77,2029,0.0427,0.0402,0.0453,0.0383,0.0476,0.0365,0.0502
AP3,Male,77,2030,0.0422,0.0396,0.0451,0.0376,0.0473,0.0357,0.0499
AP3,Male,77,2031,0.0417,0.0392,0.0446,0.0369,0.0473,0.0348,0.0493
AP3,Male,77,2032,0.0412,0.0387,0.0443,0.0364,0.0467,0.0344,0.0496
AP3,Male,77,2033,0.0407,0.0381,0.0438,0.0358,0.0466,0.0339,0.0493
AP3,Male,77,2034,0.0402,0.0377,0.0435,0.0353,0.0463,0.0332,0.0493
AP3,Male,77,2035,0.0398,0.0371,0.0428,0.0345,0.0458,0.0328,0.0487
AP3,Male,77,2036,0.0393,0.0366,0.0425,0.0343,0.0455,0.0318,0.0485
AP3,Male,77,2037,0.0389,0.0360,0.0422,0.0337,0.0452,0.0315,0.0484
AP3,Male,77,2038,0.0384,0.0355,0.0418,0.0331,0.0448,0.0308,0.0485
AP3,Male,77,2039,0.0380,0.0351,0.0414,0.0326,0.0447,0.0305,0.0485
AP3,Male,77,2040,0.0375,0.0346,0.0411,0.0321,0.0443,0.0297,0.0477
AP3,Male,78,2021,0.0517,0.0507,0.0527,0.0498,0.0536,0.0488,0.0544
AP3,Male,78,2022,0.0511,0.0498,0.0526,0.0487,0.0537,0.0475,0.0550
AP3,Male,78,2023,0.0505,0.0488,0.0522,0.0475,0.0537,0.0460,0.0557
AP3,Male,78,2024,0.0499,0.0480,0.0518,0.0464,0.0537,0.0445,0.0559
AP3,Male,78,2025,0.0494,0.0473,0.0514,0.0456,0.0536,0.0434,0.0560
AP3,Male,78,2026,0.0488,0.0465,0.0511,0.0447,0.0534,0.0425,0.0559
AP3,Male,78,2027,0.0482,0.0460,0.0507,0.0437,0.0530,0.0417,0.0556
AP3,Male,78,2028,0.0477,0.0452,0.0504,0.0429,0.0526,0.0409,0.0558
AP3,Male,78,2029,0.0471,0.0444,0.0501,0.0422,0.0526,0.0402,0.0555
AP3,Male,78,2030,0.0466,0.0437,0.0499,0.0416,0.0524,0.0393,0.0554
AP3,Male,78,2031,0.0461,0.0433,0.0494,0.0407,0.0523,0.0384,0.0546
AP3,Male,78,2032,0.0455,0.0428,0.0491,0.0402,0.0517,0.0379,0.0550
AP3,Male,78,2033,0.0450,0.0421,0.0485,0.0395,0.0516,0.0374,0.0546
AP3,Male,78,2034,0.0445,0.0416,0.0482,0.0389,0.0513,0.0365,0.0545
AP3,Male,78,2035,0.0440,0.0410,0.0474,0.0382,0.0507,0.0362,0.0540
AP3,Male,78,2036,0.0435,0.0404,0.0471,0.0379,0.0504,0.0351,0.0537
AP3,Male,78,2037,0.0430,0.0397,0.0467,0.0371,0.0500,0.0347,0.0535
AP3,Male,78,2038,0.0425,0.0393,0.0463,0.0365,0.0497,0.0340,0.0538
AP3,Male,78,2039,0.0420,0.0388,0.0459,0.0360,0.0495,0.0336,0.0539
AP3,Male,78,2040,0.0415,0.0383,0.0455,0.0355,0.0491,0.0327,0.0529
AP3,Male,79,2021,0.0570,0.0559,0.0582,0.0549,0.0591,0.0538,0.0601
AP3,Male,79,2022,0.0564,0.0549,0.0580,0.0536,0.0593,0.0523,0.0608
AP3,Male,79,2023,0.0558,0.0538,0.0576,0.0523,0.0593,0.0507,0.0615
AP3,Male,79,2024,0.0551,0.0530,0.0572,0.0512,0.0594,0.0491,0.0618
AP3,Male,79,2025,0.0545,0.0521,0.0568,0.0502,0.0592,0.0478,0.0620
AP3,Male,79,2026,0.0539,0.0513,0.0565,0.0493,0.0589,0.0469,0.0619
AP3,Male,79,2027,0.0533,0.0508,0.0561,0.0482,0.0585,0.0459,0.0616
AP3,Male,79,2028,0.0527,0.0499,0.0557,0.0473,0.0582,0.0451,0.0617
AP3,Male,79,2029,0.0521,0.0490,0.0553,0.0465,0.0582,0.0442,0.0615
AP3,Male,79,2030,0.0515,0.0482,0.0551,0.0458,0.0579,0.0432,0.0613
AP3,Male,79,2031,0.0509,0.0478,0.0547,0.0448,0.0580,0.0424,0.0603
AP3,Male,79,2032,0.0503,0.0471,0.0542,0.0444,0.0572,0.0418,0.0609
AP3,Male,79,2033,0.0498,0.0464,0.0537,0.0435,0.0572,0.0412,0.0606
AP3,Male,79,2034,0.0492,0.0459,0.0534,0.0430,0.0569,0.0402,0.0603
AP3,Male,79,2035,0.0486,0.0453,0.0525,0.0421,0.0562,0.0399,0.0598
AP3,Male,79,2036,0.0481,0.0446,0.0521,0.0418,0.0559,0.0388,0.0594
AP3,Male,79,2037,0.0475,0.0439,0.0517,0.0410,0.0555,0.0383,0.0592
AP3,Male,79,2038,0.0470,0.0433,0.0512,0.0403,0.0550,0.0374,0.0596
AP3,Male,79,2039,0.0465,0.0428,0.0508,0.0397,0.0548,0.0370,0.0598
AP3,Male,79,2040,0.0459,0.0422,0.0504,0.0391,0.0545,0.0360,0.0588
AP3,Male,80,2021,0.0629,0.0616,0.0641,0.0605,0.0652,0.0593,0.0663
AP3,Male,80,2022,0.0622,0.0606,0.0640,0.0591,0.0654,0.0576,0.0671
AP3,Male,80,2023,0.0615,0.0593,0.0635,0.0577,0.0655,0.0559,0.0680
AP3,Male,80,2024,0.0608,0.0584,0.0631,0.0564,0.0655,0.0541,0.0683
AP3,Male,80,2025,0.0601,0.0575,0.0627,0.0554,0.0654,0.0526,0.0687
AP3,Male,80,2026,0.0595,0.0566,0.0624,0.0543,0.0651,0.0518,0.0684
AP3,Male,80,2027,0.0588,0.0561,0.0619,0.0532,0.0647,0.0505,0.0682
AP3,Male,80,2028,0.0581,0.0551,0.0615,0.0521,0.0644,0.0497,0.0682
AP3,Male,80,2029,0.0575,0.0541,0.0612,0.0513,0.0643,0.0487,0.0682
AP3,Male,80,2030,0.0568,0.0532,0.0609,0.0504,0.0641,0.0476,0.0679
AP3,Male,80,2031,0.0562,0.0527,0.0604,0.0493,0.0640,0.0466,0.0670
AP3,Male,80,2032,0.0556,0.0520,0.0600,0.0489,0.0633,0.0460,0.0672
AP3,Male,80,2033,0.0550,0.0512,0.0593,0.0480,0.0634,0.0455,0.0670
AP3,Male,80,2034,0.0543,0.0507,0.0590,0.0474,0.0630,0.0443,0.0668
AP3,Male,80,2035,0.0537,0.0499,0.0580,0.0463,0.0622,0.0439,0.0662
AP3,Male,80,2036,0.0531,0.0492,0.0576,0.0460,0.0619,0.0428,0.0657
AP3,Male,80,2037,0.0525,0.0484,0.0571,0.0452,0.0614,0.0422,0.0655
AP3,Male,80,2038,0.0519,0.0479,0.0567,0.0445,0.0609,0.0412,0.0659
AP3,Male,80,2039,0.0513,0.0474,0.0563,0.0438,0.0609,0.0409,0.0663
AP3,Male,80,2040,0.0508,0.0466,0.0557,0.0431,0.0604,0.0398,0.0650
AP3,Male,81,2021,0.0693,0.0678,0.0707,0.0667,0.0719,0.0652,0.0731
AP3,Male,81,2022,0.0686,0.0667,0.0706,0.0651,0.0722,0.0635,0.0741
AP3,Male,81,2023,0.0678,0.0653,0.0700,0.0635,0.0723,0.0615,0.0750
AP3,Male,81,2024,0.0671,0.0643,0.0697,0.0622,0.0723,0.0595,0.0754
AP3,Male,81,2025,0.0663,0.0634,0.0692,0.0611,0.0721,0.0579,0.0759
AP3,Male,81,2026,0.0656,0.0624,0.0688,0.0598,0.0720,0.0569,0.0755
AP3,Male,81,2027,0.0649,0.0618,0.0683,0.0586,0.0714,0.0556,0.0755
AP3,Male,81,2028,0.0641,0.0608,0.0680,0.0574,0.0712,0.0547,0.0753
AP3,Male,81,2029,0.0634,0.0597,0.0676,0.0564,0.0711,0.0537,0.0755
AP3,Male,81,2030,0.0627,0.0586,0.0673,0.0556,0.0708,0.0525,0.0751
AP3,Male,81,2031,0.0620,0.0581,0.0667,0.0543,0.0708,0.0515,0.0742
AP3,Male,81,2032,0.0613,0.0573,0.0662,0.0537,0.0700,0.0506,0.0742
AP3,Male,81,2033,0.0607,0.0565,0.0655,0.0529,0.0702,0.0501,0.0741
AP3,Male,81,2034,0.0600,0.0560,0.0652,0.0522,0.0695,0.0487,0.0739
AP3,Male,81,2035,0.0593,0.0551,0.0641,0.0511,0.0687,0.0483,0.0733
AP3,Male,81,2036,0.0587,0.0543,0.0637,0.0507,0.0685,0.0470,0.0728
AP3,Male,81,2037,0.0580,0.0535,0.0631,0.0499,0.0680,0.0463,0.0725
AP3,Male,81,2038,0.0574,0.0527,0.0627,0.0491,0.0675,0.0454,0.0730
AP3,Male,81,2039,0.0567,0.0523,0.0623,0.0482,0.0673,0.0450,0.0734
AP3,Male,81,2040,0.0561,0.0514,0.0616,0.0476,0.0669,0.0439,0.0722
AP3,Male,82,2021,0.0763,0.0747,0.0779,0.0734,0.0792,0.0718,0.0806
AP3,Male,82,2022,0.0755,0.0735,0.0778,0.0717,0.0796,0.0699,0.0817
AP3,Male,82,2023,0.0747,0.0719,0.0772,0.0700,0.0798,0.0676,0.0827
AP3,Male,82,2024,0.0739,0.0709,0.0768,0.0684,0.0797,0.0654,0.0831
AP3,Male,82,2025,0.0731,0.0698,0.0763,0.0672,0.0796,0.0637,0.0838
AP3,Male,82,2026,0.0723,0.0687,0.0759,0.0658,0.0793,0.0626,0.0833
AP3,Male,82,2027,0.0715,0.0681,0.0753,0.0645,0.0789,0.0610,0.0835
AP3,Male,82,2028,0.0707,0.0670,0.0749,0.0631,0.0786,0.0601,0.0832
AP3,Male,82,2029,0.0699,0.0658,0.0746,0.0621,0.0784,0.0590,0.0835
AP3,Male,82,2030,0.0692,0.0646,0.0742,0.0612,0.0782,0.0578,0.0829
AP3,Male,82,2031,0.0684,0.0640,0.0736,0.0598,0.0782,0.0567,0.0820
AP3,Male,82,2032,0.0677,0.0632,0.0731,0.0592,0.0774,0.0557,0.0820
AP3,Male,82,2033,0.0669,0.0623,0.0724,0.0582,0.0776,0.0552,0.0819
AP3,Male,82,2034,0.0662,0.0618,0.0719,0.0574,0.0770,0.0535,0.0819
AP3,Male,82,2035,0.0655,0.0608,0.0708,0.0563,0.0759,0.0531,0.0811
AP3,Male,82,2036,0.0647,0.0598,0.0704,0.0558,0.0758,0.0517,0.0805
AP3,Male,82,2037,0.0640,0.0589,0.0697,0.0550,0.0752,0.0509,0.0802
AP3,Male,82,2038,0.0633,0.0581,0.0693,0.0540,0.0748,0.0499,0.0807
AP3,Male,82,2039,0.0626,0.0576,0.0688,0.0530,0.0746,0.0495,0.0812
AP3,Male,82,2040,0.0619,0.0567,0.0681,0.0525,0.0741,0.0483,0.0800
AP3,Male,83,2021,0.0840,0.0822,0.0857,0.0808,0.0872,0.0789,0.0888
AP3,Male,83,2022,0.0831,0.0809,0.0857,0.0788,0.0876,0.0768,0.0901
AP3,Male,83,2023,0.0822,0.0792,0.0851,0.0770,0.0879,0.0743,0.0911
AP3,Male,83,2024,0.0813,0.0780,0.0846,0.0753,0.0879,0.0719,0.0917
AP3,Male,83,2025,0.0805,0.0769,0.0841,0.0739,0.0877,0.0700,0.0924
AP3,Male,83,2026,0.0796,0.0756,0.0837,0.0724,0.0875,0.0687,0.0918
AP3,Male,83,2027,0.0787,0.0749,0.0831,0.0710,0.0869,0.0671,0.0922
AP3,Male,83,2028,0.0779,0.0737,0.0825,0.0693,0.0868,0.0660,0.0918
AP3,Male,83,2029,0.0771,0.0724,0.0823,0.0684,0.0866,0.0647,0.0922
AP3,Male,83,2030,0.0762,0.0712,0.0818,0.0673,0.0862,0.0637,0.0915
AP3,Male,83,2031,0.0754,0.0705,0.0812,0.0659,0.0863,0.0624,0.0906
AP3,Male,83,2032,0.0746,0.0696,0.0807,0.0651,0.0855,0.0612,0.0906
AP3,Male,83,2033,0.0738,0.0686,0.0799,0.0639,0.0856,0.0607,0.0905
AP3,Male,83,2034,0.0730,0.0681,0.0793,0.0632,0.0851,0.0588,0.0906
AP3,Male,83,2035,0.0722,0.0669,0.0783,0.0621,0.0839,0.0583,0.0897
AP3,Male,83,2036,0.0714,0.0659,0.0777,0.0614,0.0838,0.0568,0.0889
AP3,Male,83,2037,0.0706,0.0649,0.0770,0.0605,0.0831,0.0559,0.0888
AP3,Male,83,2038,0.0699,0.0641,0.0766,0.0595,0.0828,0.0549,0.0893
AP3,Male,83,2039,0.0691,0.0635,0.0759,0.0585,0.0824,0.0544,0.0898
AP3,Male,83,2040,0.0684,0.0626,0.0754,0.0579,0.0819,0.0532,0.0887
AP3,Male,84,2021,0.0924,0.0903,0.0943,0.0888,0.0959,0.0868,0.0977
AP3,Male,84,2022,0.0914,0.0889,0.0942,0.0866,0.0964,0.0844,0.0992
AP3,Male,84,2023,0.0904,0.0870,0.0937,0.0845,0.0967,0.0817,0.1003
AP3,Male,84,2024,0.0895,0.0858,0.0932,0.0827,0.0968,0.0790,0.1010
AP3,Male,84,2025,0.0885,0.0846,0.0926,0.0813,0.0966,0.0769,0.1019
AP3,Male,84,2026,0.0876,0.0831,0.0922,0.0796,0.0965,0.0756,0.1013
AP3,Male,84,2027,0.0867,0.0824,0.0915,0.0780,0.0958,0.0737,0.1018
AP3,Male,84,2028,0.0857,0.0810,0.0909,0.0761,0.0956,0.0726,0.1013
AP3,Male,84,2029,0.0848,0.0797,0.0907,0.0751,0.0954,0.0711,0.1017
AP3,Male,84,2030,0.0839,0.0784,0.0901,0.0740,0.0951,0.0701,0.1011
AP3,Male,84,2031,0.0830,0.0775,0.0895,0.0724,0.0952,0.0685,0.1001
AP3,Male,84,2032,0.0822,0.0767,0.0889,0.0716,0.0944,0.0673,0.1000
AP3,Male,84,2033,0.0813,0.0755,0.0881,0.0703,0.0944,0.0667,0.0999
AP3,Male,84,2034,0.0804,0.0748,0.0874,0.0695,0.0939,0.0646,0.1003
AP3,Male,84,2035,0.0796,0.0737,0.0864,0.0684,0.0925,0.0639,0.0990
AP3,Male,84,2036,0.0787,0.0726,0.0858,0.0676,0.0924,0.0623,0.0983
AP3,Male,84,2037,0.0779,0.0716,0.0849,0.0666,0.0917,0.0614,0.0982
AP3,Male,84,2038,0.0770,0.0706,0.0845,0.0653,0.0915,0.0604,0.0987
AP3,Male,84,2039,0.0762,0.0699,0.0838,0.0643,0.0907,0.0598,0.0992
AP3,Male,84,2040,0.0754,0.0689,0.0832,0.0636,0.0905,0.0585,0.0982
AP3,Male,85,2021,0.1015,0.0992,0.1036,0.0975,0.1054,0.0953,0.1074
AP3,Male,85,2022,0.1004,0.0976,0.1035,0.0951,0.1059,0.0927,0.1091
AP3,Male,85,2023,0.0994,0.0956,0.1030,0.0929,0.1063,0.0897,0.1103
AP3,Male,85,2024,0.0983,0.0942,0.1025,0.0909,0.1065,0.0868,0.1112
AP3,Male,85,2025,0.0973,0.0930,0.1018,0.0893,0.1062,0.0845,0.1122
AP3,Male,85,2026,0.0963,0.0914,0.1015,0.0875,0.1061,0.0831,0.1115
AP3,Male,85,2027,0.0953,0.0907,0.1006,0.0857,0.1054,0.0809,0.1121
AP3,Male,85,2028,0.0943,0.0890,0.1000,0.0834,0.1052,0.0796,0.1115
AP3,Male,85,2029,0.0933,0.0877,0.0998,0.0826,0.1050,0.0782,0.1120
AP3,Male,85,2030,0.0923,0.0863,0.0991,0.0813,0.1047,0.0769,0.1114
AP3,Male,85,2031,0.0914,0.0852,0.0986,0.0797,0.1048,0.0752,0.1104
AP3,Male,85,2032,0.0904,0.0843,0.0979,0.0788,0.1041,0.0738,0.1102
AP3,Male,85,2033,0.0895,0.0831,0.0970,0.0773,0.1040,0.0732,0.1102
AP3,Male,85,2034,0.0885,0.0823,0.0963,0.0764,0.1036,0.0709,0.1105
AP3,Male,85,2035,0.0876,0.0810,0.0952,0.0752,0.1021,0.0701,0.1094
AP3,Male,85,2036,0.0867,0.0799,0.0946,0.0744,0.1019,0.0682,0.1084
AP3,Male,85,2037,0.0858,0.0788,0.0935,0.0731,0.1013,0.0674,0.1083
AP3,Male,85,2038,0.0849,0.0778,0.0930,0.0719,0.1009,0.0662,0.1091
AP3,Male,85,2039,0.0840,0.0769,0.0924,0.0708,0.1001,0.0656,0.1095
AP3,Male,85,2040,0.0831,0.0759,0.0917,0.0700,0.0998,0.0643,0.1086
AP3,Male,86,2021,0.1114,0.1089,0.1137,0.1070,0.1157,0.1046,0.1179
AP3,Male,86,2022,0.1102,0.1071,0.1136,0.1043,0.1163,0.1016,0.1199
AP3,Male,86,2023,0.1091,0.1049,0.1130,0.1020,0.1167,0.0983,0.1212
AP3,Male,86,2024,0.1080,0.1034,0.1126,0.0998,0.1170,0.0951,0.1223
AP3,Male,86,2025,0.1069,0.1020,0.1119,0.0980,0.1167,0.0926,0.1233
AP3,Male,86,2026,0.1058,0.1003,0.1115,0.0960,0.1166,0.0911,0.1225
AP3,Male,86,2027,0.1047,0.0995,0.1107,0.0942,0.1160,0.0888,0.1234
AP3,Male,86,2028,0.1036,0.0977,0.1100,0.0915,0.1158,0.0873,0.1227
AP3,Male,86,2029,0.1026,0.0964,0.1099,0.0906,0.1155,0.0858,0.1233
AP3,Male,86,2030,0.1015,0.0949,0.1089,0.0893,0.1154,0.0844,0.1227
AP3,Male,86,2031,0.1005,0.0935,0.1085,0.0875,0.1151,0.0824,0.1216
AP3,Male,86,2032,0.0994,0.0926,0.1077,0.0866,0.1145,0.0810,0.1217
AP3,Male,86,2033,0.0984,0.0913,0.1068,0.0850,0.1144,0.0802,0.1214
AP3,Male,86,2034,0.0974,0.0905,0.1060,0.0837,0.1140,0.0778,0.1218
AP3,Male,86,2035,0.0964,0.0891,0.1047,0.0826,0.1123,0.0769,0.1203
AP3,Male,86,2036,0.0954,0.0877,0.1041,0.0818,0.1121,0.0746,0.1197
AP3,Male,86,2037,0.0944,0.0867,0.1030,0.0803,0.1116,0.0739,0.1192
AP3,Male,86,2038,0.0934,0.0855,0.1026,0.0791,0.1113,0.0724,0.1202
AP3,Male,86,2039,0.0924,0.0845,0.1017,0.0779,0.1102,0.0720,0.1207
AP3,Male,86,2040,0.0915,0.0834,0.1011,0.0770,0.1101,0.0706,0.1196
AP3,Male,87,2021,0.1221,0.1193,0.1247,0.1173,0.1269,0.1147,0.1293
AP3,Male,87,2022,0.1209,0.1174,0.1246,0.1144,0.1275,0.1113,0.1317
AP3,Male,87,2023,0.1197,0.1151,0.1240,0.1119,0.1281,0.1077,0.1330
AP3,Male,87,2024,0.1185,0.1134,0.1235,0.1094,0.1285,0.1043,0.1342
AP3,Male,87,2025,0.1173,0.1119,0.1228,0.1074,0.1282,0.1015,0.1354
AP3,Male,87,2026,0.1161,0.1101,0.1224,0.1053,0.1282,0.0999,0.1346
AP3,Male,87,2027,0.1149,0.1092,0.1215,0.1033,0.1273,0.0975,0.1355
AP3,Male,87,2028,0.1137,0.1072,0.1207,0.1005,0.1272,0.0957,0.1349
AP3,Male,87,2029,0.1126,0.1057,0.1206,0.0993,0.1269,0.0941,0.1356
AP3,Male,87,2030,0.1115,0.1042,0.1196,0.0980,0.1269,0.0925,0.1350
AP3,Male,87,2031,0.1103,0.1027,0.1191,0.0960,0.1264,0.0903,0.1336
AP3,Male,87,2032,0.1092,0.1016,0.1185,0.0951,0.1258,0.0888,0.1339
AP3,Male,87,2033,0.1081,0.1002,0.1174,0.0933,0.1259,0.0878,0.1336
AP3,Male,87,2034,0.1070,0.0993,0.1164,0.0918,0.1255,0.0852,0.1339
AP3,Male,87,2035,0.1059,0.0979,0.1152,0.0906,0.1236,0.0841,0.1323
AP3,Male,87,2036,0.1048,0.0964,0.1146,0.0898,0.1231,0.0817,0.1317
AP3,Male,87,2037,0.1038,0.0953,0.1133,0.0881,0.1229,0.0807,0.1316
AP3,Male,87,2038,0.1027,0.0938,0.1128,0.0869,0.1226,0.0792,0.1322
AP3,Male,87,2039,0.1016,0.0929,0.1119,0.0856,0.1215,0.0790,0.1330
AP3,Male,87,2040,0.1006,0.0917,0.1115,0.0845,0.1213,0.0774,0.1316
AP3,Male,88,2021,0.1337,0.1307,0.1365,0.1284,0.1390,0.1255,0.1417
AP3,Male,88,2022,0.1324,0.1284,0.1365,0.1252,0.1397,0.1219,0.1443
AP3,Male,88,2023,0.1311,0.1261,0.1358,0.1225,0.1404,0.1178,0.1457
AP3,Male,88,2024,0.1298,0.1242,0.1353,0.1198,0.1408,0.1142,0.1470
AP3,Male,88,2025,0.1285,0.1226,0.1346,0.1177,0.1407,0.1111,0.1484
AP3,Male,88,2026,0.1272,0.1207,0.1342,0.1154,0.1407,0.1094,0.1478
AP3,Male,88,2027,0.1260,0.1196,0.1331,0.1132,0.1397,0.1066,0.1486
AP3,Male,88,2028,0.1247,0.1175,0.1324,0.1103,0.1396,0.1047,0.1482
AP3,Male,88,2029,0.1235,0.1159,0.1323,0.1088,0.1395,0.1032,0.1490
AP3,Male,88,2030,0.1223,0.1142,0.1312,0.1073,0.1393,0.1012,0.1482
AP3,Male,88,2031,0.1210,0.1127,0.1308,0.1052,0.1389,0.0988,0.1466
AP3,Male,88,2032,0.1198,0.1115,0.1301,0.1042,0.1381,0.0971,0.1469
AP3,Male,88,2033,0.1186,0.1100,0.1289,0.1024,0.1383,0.0963,0.1466
AP3,Male,88,2034,0.1174,0.1090,0.1278,0.1006,0.1378,0.0933,0.1470
AP3,Male,88,2035,0.1163,0.1073,0.1265,0.0995,0.1358,0.0920,0.1454
AP3,Male,88,2036,0.1151,0.1057,0.1258,0.0983,0.1352,0.0896,0.1447
AP3,Male,88,2037,0.1139,0.1046,0.1244,0.0965,0.1352,0.0884,0.1453
AP3,Male,88,2038,0.1128,0.1029,0.1239,0.0955,0.1348,0.0867,0.1452
AP3,Male,88,2039,0.1117,0.1020,0.1229,0.0939,0.1339,0.0866,0.1463
AP3,Male,88,2040,0.1105,0.1006,0.1227,0.0927,0.1333,0.0847,0.1446
AP3,Male,89,2021,0.1462,0.1429,0.1493,0.1404,0.1521,0.1372,0.1551
AP3,Male,89,2022,0.1448,0.1405,0.1493,0.1369,0.1529,0.1332,0.1579
AP3,Male,89,2023,0.1434,0.1379,0.1486,0.1340,0.1536,0.1288,0.1594
AP3,Male,89,2024,0.1420,0.1359,0.1482,0.1311,0.1541,0.1248,0.1609
AP3,Male,89,2025,0.1407,0.1341,0.1474,0.1286,0.1541,0.1215,0.1626
AP3,Male,89,2026,0.1393,0.1319,0.1469,0.1263,0.1540,0.1196,0.1619
AP3,Male,89,2027,0.1379,0.1310,0.1458,0.1240,0.1531,0.1166,0.1629
AP3,Male,89,2028,0.1366,0.1288,0.1451,0.1209,0.1530,0.1144,0.1625
AP3,Male,89,2029,0.1353,0.1269,0.1449,0.1190,0.1529,0.1129,0.1633
AP3,Male,89,2030,0.1339,0.1250,0.1437,0.1174,0.1529,0.1108,0.1626
AP3,Male,89,2031,0.1326,0.1234,0.1435,0.1153,0.1523,0.1082,0.1607
AP3,Male,89,2032,0.1313,0.1220,0.1425,0.1139,0.1519,0.1063,0.1610
AP3,Male,89,2033,0.1301,0.1205,0.1414,0.1122,0.1517,0.1051,0.1606
AP3,Male,89,2034,0.1288,0.1195,0.1403,0.1102,0.1514,0.1023,0.1611
AP3,Male,89,2035,0.1275,0.1175,0.1388,0.1090,0.1491,0.1005,0.1596
AP3,Male,89,2036,0.1263,0.1159,0.1380,0.1079,0.1486,0.0980,0.1590
AP3,Male,89,2037,0.1250,0.1145,0.1364,0.1056,0.1484,0.0968,0.1597
AP3,Male,89,2038,0.1238,0.1128,0.1361,0.1047,0.1481,0.0948,0.1595
AP3,Male,89,2039,0.1226,0.1119,0.1351,0.1030,0.1474,0.0948,0.1607
AP3,Male,89,2040,0.1213,0.1104,0.1347,0.1015,0.1463,0.0928,0.1588
AP3,Male,90,2021,0.1597,0.1560,0.1631,0.1533,0.1662,0.1499,0.1694
AP3,Male,90,2022,0.1582,0.1535,0.1631,0.1495,0.1671,0.1456,0.1726
AP3,Male,90,2023,0.1567,0.1506,0.1623,0.1463,0.1679,0.1406,0.1742
AP3,Male,90,2024,0.1552,0.1485,0.1619,0.1433,0.1685,0.1363,0.1759
AP3,Male,90,2025,0.1537,0.1465,0.1613,0.1404,0.1684,0.1327,0.1779
AP3,Male,90,2026,0.1523,0.1442,0.1605,0.1381,0.1684,0.1306,0.1770
AP3,Male,90,2027,0.1508,0.1431,0.1595,0.1356,0.1675,0.1275,0.1781
AP3,Male,90,2028,0.1494,0.1409,0.1588,0.1323,0.1675,0.1250,0.1778
AP3,Male,90,2029,0.1480,0.1389,0.1585,0.1301,0.1673,0.1235,0.1788
AP3,Male,90,2030,0.1466,0.1368,0.1572,0.1284,0.1673,0.1212,0.1782
AP3,Male,90,2031,0.1452,0.1350,0.1570,0.1261,0.1667,0.1184,0.1761
AP3,Male,90,2032,0.1438,0.1335,0.1559,0.1246,0.1663,0.1163,0.1764
AP3,Male,90,2033,0.1424,0.1319,0.1548,0.1229,0.1662,0.1149,0.1759
AP3,Male,90,2034,0.1410,0.1307,0.1536,0.1205,0.1659,0.1118,0.1764
AP3,Male,90,2035,0.1397,0.1286,0.1520,0.1194,0.1633,0.1098,0.1749
AP3,Male,90,2036,0.1383,0.1267,0.1514,0.1183,0.1627,0.1072,0.1745
AP3,Male,90,2037,0.1370,0.1256,0.1494,0.1155,0.1627,0.1058,0.1754
AP3,Male,90,2038,0.1356,0.1236,0.1492,0.1147,0.1624,0.1036,0.1750
AP3,Male,90,2039,0.1343,0.1227,0.1480,0.1130,0.1616,0.1034,0.1764
AP3,Male,90,2040,0.1330,0.1210,0.1476,0.1112,0.1605,0.1014,0.1741
AP3,Male,91,2021,0.1742,0.1702,0.1779,0.1671,0.1812,0.1634,0.1849
AP3,Male,91,2022,0.1726,0.1675,0.1779,0.1631,0.1823,0.1590,0.1882
AP3,Male,91,2023,0.1710,0.1643,0.1772,0.1596,0.1831,0.1533,0.1900
AP3,Male,91,2024,0.1694,0.1621,0.1767,0.1563,0.1838,0.1487,0.1919
AP3,Male,91,2025,0.1678,0.1599,0.1761,0.1532,0.1838,0.1450,0.1944
AP3,Male,91,2026,0.1663,0.1574,0.1752,0.1507,0.1841,0.1425,0.1932
AP3,Male,91,2027,0.1647,0.1563,0.1741,0.1480,0.1831,0.1392,0.1944
AP3,Male,91,2028,0.1632,0.1539,0.1735,0.1446,0.1831,0.1365,0.1943
AP3,Male,91,2029,0.1617,0.1518,0.1730,0.1420,0.1829,0.1348,0.1953
AP3,Male,91,2030,0.1602,0.1494,0.1720,0.1403,0.1829,0.1323,0.1949
AP3,Male,91,2031,0.1587,0.1477,0.1715,0.1377,0.1824,0.1293,0.1927
AP3,Male,91,2032,0.1572,0.1457,0.1703,0.1362,0.1817,0.1272,0.1928
AP3,Male,91,2033,0.1557,0.1441,0.1693,0.1342,0.1816,0.1255,0.1928
AP3,Male,91,2034,0.1542,0.1429,0.1678,0.1318,0.1814,0.1221,0.1929
AP3,Male,91,2035,0.1528,0.1407,0.1662,0.1306,0.1787,0.1198,0.1914
AP3,Male,91,2036,0.1513,0.1384,0.1657,0.1295,0.1782,0.1168,0.1912
AP3,Male,91,2037,0.1499,0.1371,0.1636,0.1265,0.1780,0.1154,0.1920
AP3,Male,91,2038,0.1485,0.1352,0.1635,0.1254,0.1777,0.1132,0.1915
AP3,Male,91,2039,0.1471,0.1344,0.1620,0.1235,0.1769,0.1127,0.1932
AP3,Male,91,2040,0.1457,0.1325,0.1619,0.1216,0.1756,0.1109,0.1904
AP3,Male,92,2021,0.1897,0.1853,0.1937,0.1820,0.1974,0.1780,0.2014
AP3,Male,92,2022,0.1879,0.1825,0.1937,0.1776,0.1986,0.1733,0.2050
AP3,Male,92,2023,0.1863,0.1789,0.1930,0.1739,0.1995,0.1669,0.2070
AP3,Male,92,2024,0.1846,0.1767,0.1925,0.1702,0.2002,0.1620,0.2091
AP3,Male,92,2025,0.1829,0.1743,0.1917,0.1670,0.2003,0.1582,0.2119
AP3,Male,92,2026,0.1812,0.1717,0.1910,0.1644,0.2007,0.1552,0.2104
AP3,Male,92,2027,0.1796,0.1703,0.1898,0.1613,0.1997,0.1517,0.2117
AP3,Male,92,2028,0.1780,0.1679,0.1890,0.1576,0.1999,0.1488,0.2117
AP3,Male,92,2029,0.1763,0.1656,0.1886,0.1548,0.1997,0.1469,0.2127
AP3,Male,92,2030,0.1747,0.1631,0.1876,0.1530,0.1997,0.1442,0.2124
AP3,Male,92,2031,0.1731,0.1612,0.1872,0.1506,0.1988,0.1410,0.2102
AP3,Male,92,2032,0.1716,0.1589,0.1860,0.1486,0.1983,0.1386,0.2103
AP3,Male,92,2033,0.1700,0.1572,0.1847,0.1467,0.1983,0.1368,0.2108
AP3,Male,92,2034,0.1684,0.1559,0.1831,0.1439,0.1980,0.1330,0.2105
AP3,Male,92,2035,0.1669,0.1536,0.1815,0.1427,0.1950,0.1307,0.2090
AP3,Male,92,2036,0.1653,0.1511,0.1810,0.1415,0.1947,0.1275,0.2092
AP3,Male,92,2037,0.1638,0.1498,0.1785,0.1383,0.1943,0.1258,0.2095
AP3,Male,92,2038,0.1623,0.1480,0.1787,0.1368,0.1942,0.1236,0.2092
AP3,Male,92,2039,0.1608,0.1467,0.1770,0.1347,0.1934,0.1226,0.2111
AP3,Male,92,2040,0.1593,0.1450,0.1767,0.1329,0.1920,0.1210,0.2079
AP3,Male,93,2021,0.2062,0.2014,0.2104,0.1978,0.2145,0.1935,0.2189
AP3,Male,93,2022,0.2044,0.1985,0.2105,0.1931,0.2160,0.1884,0.2229
AP3,Male,93,2023,0.2026,0.1946,0.2099,0.1891,0.2170,0.1814,0.2250
AP3,Male,93,2024,0.2008,0.1922,0.2093,0.1852,0.2178,0.1763,0.2273
AP3,Male,93,2025,0.1990,0.1895,0.2088,0.1819,0.2178,0.1722,0.2306
AP3,Male,93,2026,0.1973,0.1868,0.2079,0.1790,0.2186,0.1690,0.2288
AP3,Male,93,2027,0.1955,0.1855,0.2068,0.1757,0.2172,0.1651,0.2303
AP3,Male,93,2028,0.1938,0.1828,0.2057,0.1715,0.2176,0.1619,0.2303
AP3,Male,93,2029,0.1921,0.1804,0.2054,0.1685,0.2177,0.1601,0.2315
AP3,Male,93,2030,0.1904,0.1777,0.2042,0.1666,0.2176,0.1571,0.2311
AP3,Male,93,2031,0.1887,0.1758,0.2040,0.1639,0.2163,0.1536,0.2292
AP3,Male,93,2032,0.1870,0.1733,0.2027,0.1619,0.2157,0.1508,0.2290
AP3,Male,93,2033,0.1853,0.1713,0.2012,0.1600,0.2163,0.1490,0.2294
AP3,Male,93,2034,0.1836,0.1699,0.1994,0.1571,0.2158,0.1449,0.2295
AP3,Male,93,2035,0.1820,0.1675,0.1980,0.1555,0.2124,0.1425,0.2280
AP3,Male,93,2036,0.1803,0.1649,0.1975,0.1543,0.2123,0.1390,0.2283
AP3,Male,93,2037,0.1787,0.1635,0.1945,0.1509,0.2118,0.1370,0.2282
AP3,Male,93,2038,0.1771,0.1616,0.1950,0.1491,0.2119,0.1347,0.2284
AP3,Male,93,2039,0.1755,0.1600,0.1931,0.1472,0.2111,0.1334,0.2303
AP3,Male,93,2040,0.1739,0.1583,0.1930,0.1448,0.2097,0.1319,0.2269
AP3,Male,94,2021,0.2237,0.2186,0.2284,0.2146,0.2328,0.2100,0.2374
AP3,Male,94,2022,0.2218,0.2154,0.2284,0.2096,0.2345,0.2045,0.2418
AP3,Male,94,2023,0.2199,0.2112,0.2277,0.2054,0.2355,0.1970,0.2441
AP3,Male,94,2024,0.2180,0.2089,0.2272,0.2012,0.2364,0.1916,0.2467
AP3,Male,94,2025,0.2162,0.2059,0.2270,0.1978,0.2367,0.1872,0.2504
AP3,Male,94,2026,0.2143,0.2031,0.2257,0.1945,0.2375,0.1836,0.2483
AP3,Male,94,2027,0.2125,0.2016,0.2247,0.1909,0.2361,0.1794,0.2499
AP3,Male,94,2028,0.2106,0.1987,0.2235,0.1864,0.2364,0.1759,0.2500
AP3,Male,94,2029,0.2088,0.1962,0.2232,0.1831,0.2365,0.1739,0.2515
AP3,Male,94,2030,0.2070,0.1933,0.2222,0.1813,0.2366,0.1707,0.2508
AP3,Male,94,2031,0.2052,0.1909,0.2217,0.1783,0.2351,0.1672,0.2494
AP3,Male,94,2032,0.2034,0.1886,0.2207,0.1762,0.2347,0.1641,0.2489
AP3,Male,94,2033,0.2017,0.1864,0.2188,0.1742,0.2352,0.1620,0.2493
AP3,Male,94,2034,0.1999,0.1850,0.2170,0.1711,0.2346,0.1576,0.2496
AP3,Male,94,2035,0.1981,0.1826,0.2156,0.1692,0.2313,0.1550,0.2484
AP3,Male,94,2036,0.1964,0.1796,0.2148,0.1678,0.2311,0.1514,0.2488
AP3,Male,94,2037,0.1947,0.1782,0.2120,0.1645,0.2304,0.1490,0.2479
AP3,Male,94,2038,0.1930,0.1761,0.2121,0.1625,0.2309,0.1467,0.2485
AP3,Male,94,2039,0.1913,0.1747,0.2103,0.1604,0.2297,0.1452,0.2507
AP3,Male,94,2040,0.1896,0.1725,0.2102,0.1578,0.2284,0.1435,0.2470
AP3,Male,95,2021,0.2423,0.2368,0.2473,0.2326,0.2521,0.2275,0.2570
AP3,Male,95,2022,0.2403,0.2335,0.2474,0.2271,0.2540,0.2215,0.2619
AP3,Male,95,2023,0.2383,0.2290,0.2467,0.2226,0.2551,0.2136,0.2644
AP3,Male,95,2024,0.2364,0.2265,0.2462,0.2181,0.2561,0.2077,0.2673
AP3,Male,95,2025,0.2344,0.2232,0.2461,0.2147,0.2565,0.2031,0.2713
AP3,Male,95,2026,0.2324,0.2203,0.2447,0.2110,0.2576,0.1991,0.2688
AP3,Male,95,2027,0.2305,0.2187,0.2436,0.2072,0.2559,0.1947,0.2706
AP3,Male,95,2028,0.2286,0.2156,0.2424,0.2024,0.2565,0.1908,0.2710
AP3,Male,95,2029,0.2266,0.2129,0.2420,0.1987,0.2565,0.1886,0.2724
AP3,Male,95,2030,0.2247,0.2099,0.2413,0.1968,0.2567,0.1853,0.2715
AP3,Male,95,2031,0.2228,0.2072,0.2407,0.1938,0.2549,0.1814,0.2703
AP3,Male,95,2032,0.2210,0.2050,0.2398,0.1915,0.2548,0.1784,0.2700
AP3,Male,95,2033,0.2191,0.2025,0.2377,0.1893,0.2552,0.1760,0.2706
AP3,Male,95,2034,0.2172,0.2009,0.2356,0.1861,0.2546,0.1711,0.2707
AP3,Male,95,2035,0.2154,0.1985,0.2341,0.1841,0.2512,0.1683,0.2697
AP3,Male,95,2036,0.2135,0.1952,0.2334,0.1826,0.2508,0.1646,0.2700
AP3,Male,95,2037,0.2117,0.1939,0.2302,0.1789,0.2501,0.1618,0.2690
AP3,Male,95,2038,0.2099,0.1916,0.2305,0.1768,0.2509,0.1596,0.2698
AP3,Male,95,2039,0.2081,0.1903,0.2286,0.1747,0.2495,0.1579,0.2722
AP3,Male,95,2040,0.2063,0.1876,0.2281,0.1718,0.2482,0.1560,0.2682
AP3,Male,96,2021,0.2619,0.2560,0.2673,0.2514,0.2724,0.2461,0.2778
AP3,Male,96,2022,0.2598,0.2525,0.2674,0.2457,0.2745,0.2396,0.2830
AP3,Male,96,2023,0.2578,0.2477,0.2666,0.2407,0.2757,0.2312,0.2857
AP3,Male,96,2024,0.2557,0.2452,0.2662,0.2361,0.2769,0.2249,0.2892
AP3,Male,96,2025,0.2536,0.2417,0.2661,0.2325,0.2774,0.2200,0.2933
AP3,Male,96,2026,0.2516,0.2387,0.2648,0.2285,0.2786,0.2157,0.2904
AP3,Male,96,2027,0.2495,0.2368,0.2636,0.2243,0.2770,0.2110,0.2924
AP3,Male,96,2028,0.2475,0.2335,0.2623,0.2193,0.2778,0.2069,0.2930
AP3,Male,96,2029,0.2455,0.2306,0.2620,0.2152,0.2778,0.2044,0.2945
AP3,Male,96,2030,0.2435,0.2276,0.2614,0.2132,0.2778,0.2009,0.2933
AP3,Male,96,2031,0.2415,0.2245,0.2606,0.2101,0.2759,0.1963,0.2924
AP3,Male,96,2032,0.2395,0.2223,0.2597,0.2077,0.2761,0.1935,0.2921
AP3,Male,96,2033,0.2376,0.2197,0.2575,0.2053,0.2763,0.1907,0.2929
AP3,Male,96,2034,0.2356,0.2182,0.2555,0.2022,0.2754,0.1856,0.2927
AP3,Male,96,2035,0.2336,0.2154,0.2536,0.2000,0.2722,0.1825,0.2924
AP3,Male,96,2036,0.2317,0.2122,0.2530,0.1985,0.2713,0.1788,0.2926
AP3,Male,96,2037,0.2298,0.2106,0.2499,0.1940,0.2710,0.1756,0.2912
AP3,Male,96,2038,0.2279,0.2082,0.2501,0.1918,0.2720,0.1735,0.2918
AP3,Male,96,2039,0.2260,0.2068,0.2482,0.1902,0.2704,0.1718,0.2948
AP3,Male,96,2040,0.2241,0.2037,0.2475,0.1867,0.2691,0.1693,0.2908
AP3,Male,97,2021,0.2826,0.2763,0.2882,0.2713,0.2937,0.2656,0.2995
AP3,Male,97,2022,0.2804,0.2725,0.2884,0.2652,0.2959,0.2587,0.3050
AP3,Male,97,2023,0.2782,0.2674,0.2875,0.2599,0.2973,0.2499,0.3081
AP3,Male,97,2024,0.2760,0.2649,0.2872,0.2552,0.2986,0.2430,0.3120
AP3,Male,97,2025,0.2739,0.2611,0.2873,0.2512,0.2991,0.2379,0.3161
AP3,Male,97,2026,0.2718,0.2579,0.2860,0.2469,0.3005,0.2333,0.3128
AP3,Male,97,2027,0.2696,0.2557,0.2844,0.2427,0.2991,0.2283,0.3154
AP3,Male,97,2028,0.2675,0.2524,0.2834,0.2371,0.3000,0.2240,0.3163
AP3,Male,97,2029,0.2654,0.2495,0.2832,0.2328,0.2999,0.2213,0.3177
AP3,Male,97,2030,0.2633,0.2461,0.2823,0.2309,0.2999,0.2173,0.3160
AP3,Male,97,2031,0.2612,0.2428,0.2818,0.2275,0.2979,0.2125,0.3155
AP3,Male,97,2032,0.2591,0.2407,0.2809,0.2248,0.2983,0.2096,0.3152
AP3,Male,97,2033,0.2571,0.2380,0.2783,0.2224,0.2986,0.2062,0.3159
AP3,Male,97,2034,0.2550,0.2366,0.2763,0.2190,0.2978,0.2011,0.3159
AP3,Male,97,2035,0.2530,0.2334,0.2745,0.2168,0.2944,0.1976,0.3160
AP3,Male,97,2036,0.2509,0.2300,0.2738,0.2152,0.2930,0.1940,0.3162
AP3,Male,97,2037,0.2489,0.2284,0.2706,0.2102,0.2924,0.1907,0.3146
AP3,Male,97,2038,0.2469,0.2257,0.2704,0.2080,0.2941,0.1887,0.3149
AP3,Male,97,2039,0.2449,0.2242,0.2688,0.2063,0.2925,0.1865,0.3185
AP3,Male,97,2040,0.2429,0.2209,0.2680,0.2026,0.2910,0.1834,0.3146
AP3,Male,98,2021,0.3041,0.2975,0.3100,0.2922,0.3159,0.2863,0.3221
AP3,Male,98,2022,0.3019,0.2935,0.3103,0.2856,0.3184,0.2789,0.3280
AP3,Male,98,2023,0.2996,0.2882,0.3095,0.2800,0.3200,0.2695,0.3314
AP3,Male,98,2024,0.2974,0.2856,0.3093,0.2751,0.3213,0.2622,0.3355
AP3,Male,98,2025,0.2951,0.2815,0.3095,0.2709,0.3218,0.2568,0.3398
AP3,Male,98,2026,0.2929,0.2783,0.3084,0.2664,0.3235,0.2519,0.3363
AP3,Male,98,2027,0.2907,0.2760,0.3067,0.2622,0.3220,0.2467,0.3394
AP3,Male,98,2028,0.2885,0.2724,0.3053,0.2562,0.3231,0.2424,0.3405
AP3,Male,98,2029,0.2863,0.2694,0.3052,0.2515,0.3230,0.2391,0.3419
AP3,Male,98,2030,0.2841,0.2658,0.3043,0.2497,0.3230,0.2348,0.3398
AP3,Male,98,2031,0.2819,0.2622,0.3040,0.2460,0.3209,0.2299,0.3392
AP3,Male,98,2032,0.2798,0.2600,0.3029,0.2432,0.3216,0.2267,0.3391
AP3,Male,98,2033,0.2776,0.2573,0.3004,0.2406,0.3219,0.2225,0.3400
AP3,Male,98,2034,0.2755,0.2557,0.2981,0.2370,0.3208,0.2176,0.3405
AP3,Male,98,2035,0.2733,0.2525,0.2962,0.2346,0.3173,0.2135,0.3404
AP3,Male,98,2036,0.2712,0.2489,0.2954,0.2330,0.3158,0.2104,0.3404
AP3,Male,98,2037,0.2691,0.2472,0.2925,0.2278,0.3158,0.2063,0.3392
AP3,Male,98,2038,0.2670,0.2438,0.2920,0.2250,0.3171,0.2048,0.3393
AP3,Male,98,2039,0.2649,0.2425,0.2905,0.2234,0.3157,0.2019,0.3432
AP3,Male,98,2040,0.2628,0.2392,0.2897,0.2191,0.3140,0.1988,0.3394
AP3,Male,99,2021,0.3266,0.3196,0.3328,0.3140,0.3390,0.3079,0.3457
AP3,Male,99,2022,0.3242,0.3153,0.3332,0.3071,0.3419,0.3001,0.3519
AP3,Male,99,2023,0.3219,0.3098,0.3324,0.3012,0.3435,0.2901,0.3553
AP3,Male,99,2024,0.3196,0.3071,0.3321,0.2960,0.3448,0.2822,0.3598
AP3,Male,99,2025,0.3173,0.3029,0.3325,0.2915,0.3455,0.2767,0.3641
AP3,Male,99,2026,0.3150,0.2995,0.3313,0.2867,0.3472,0.2712,0.3608
AP3,Male,99,2027,0.3127,0.2970,0.3297,0.2826,0.3461,0.2660,0.3643
AP3,Male,99,2028,0.3104,0.2933,0.3283,0.2760,0.3472,0.2615,0.3656
AP3,Male,99,2029,0.3081,0.2901,0.3280,0.2711,0.3472,0.2576,0.3669
AP3,Male,99,2030,0.3059,0.2865,0.3270,0.2691,0.3469,0.2533,0.3650
AP3,Male,99,2031,0.3036,0.2825,0.3268,0.2656,0.3448,0.2482,0.3637
AP3,Male,99,2032,0.3014,0.2801,0.3258,0.2623,0.3456,0.2446,0.3640
AP3,Male,99,2033,0.2991,0.2774,0.3235,0.2598,0.3461,0.2400,0.3649
AP3,Male,99,2034,0.2969,0.2759,0.3211,0.2558,0.3447,0.2352,0.3658
AP3,Male,99,2035,0.2947,0.2727,0.3188,0.2531,0.3414,0.2309,0.3654
AP3,Male,99,2036,0.2925,0.2689,0.3182,0.2515,0.3391,0.2275,0.3654
AP3,Male,99,2037,0.2903,0.2668,0.3153,0.2460,0.3396,0.2228,0.3643
AP3,Male,99,2038,0.2881,0.2633,0.3148,0.2430,0.3409,0.2213,0.3649
AP3,Male,99,2039,0.2859,0.2621,0.3131,0.2414,0.3394,0.2183,0.3688
AP3,Male,99,2040,0.2838,0.2585,0.3122,0.2369,0.3380,0.2149,0.3650
AP3,Male,100,2021,0.3499,0.3425,0.3564,0.3365,0.3630,0.3303,0.3700
AP3,Male,100,2022,0.3475,0.3381,0.3569,0.3293,0.3661,0.3220,0.3765
AP3,Male,100,2023,0.3451,0.3324,0.3561,0.3231,0.3677,0.3114,0.3801
AP3,Male,100,2024,0.3427,0.3294,0.3559,0.3179,0.3692,0.3032,0.3849
AP3,Male,100,2025,0.3403,0.3251,0.3562,0.3130,0.3701,0.2976,0.3892
AP3,Male,100,2026,0.3379,0.3217,0.3551,0.3080,0.3716,0.2915,0.3860
AP3,Male,100,2027,0.3356,0.3192,0.3533,0.3036,0.3710,0.2860,0.3899
AP3,Male,100,2028,0.3332,0.3153,0.3520,0.2967,0.3721,0.2813,0.3916
AP3,Male,100,2029,0.3309,0.3118,0.3518,0.2917,0.3718,0.2770,0.3927
AP3,Male,100,2030,0.3286,0.3080,0.3509,0.2897,0.3719,0.2727,0.3910
AP3,Male,100,2031,0.3262,0.3040,0.3506,0.2859,0.3696,0.2674,0.3894
AP3,Male,100,2032,0.3239,0.3012,0.3496,0.2824,0.3704,0.2636,0.3900
AP3,Male,100,2033,0.3216,0.2985,0.3475,0.2799,0.3712,0.2584,0.3903
AP3,Male,100,2034,0.3193,0.2968,0.3450,0.2759,0.3698,0.2537,0.3918
AP3,Male,100,2035,0.3170,0.2934,0.3424,0.2728,0.3659,0.2487,0.3913
AP3,Male,100,2036,0.3147,0.2900,0.3415,0.2708,0.3635,0.2453,0.3914
AP3,Male,100,2037,0.3124,0.2878,0.3388,0.2650,0.3646,0.2402,0.3904
AP3,Male,100,2038,0.3102,0.2838,0.3386,0.2620,0.3655,0.2388,0.3911
AP3,Male,100,2039,0.3079,0.2825,0.3370,0.2605,0.3645,0.2356,0.3951
AP3,Male,100,2040,0.3057,0.2788,0.3356,0.2554,0.3634,0.2319,0.3913
