Year,Age,Female,Male,Total
1956,18,326.0,889.05,1215.05
1956,19,336.0,1028.06,1364.06
1956,20,410.0,1116.0700000000002,1526.07
1956,21,404.0,1136.0700000000002,1540.07
1956,22,332.0,954.05,1286.05
1956,23,387.0,854.05,1241.05
1956,24,393.0,865.05,1258.05
1956,25,418.0,871.06,1289.06
1956,26,484.0,884.05,1368.05
1956,27,488.0,925.06,1413.06
1956,28,495.0,862.05,1357.05
1956,29,570.0,837.05,1407.05
1956,30,627.01,718.05,1345.06
1956,31,655.02,719.05,1374.07
1956,32,673.01,749.04,1422.05
1956,33,781.02,721.04,1502.06
1956,34,826.02,874.06,1700.08
1956,35,930.02,925.06,1855.08
1956,36,984.02,973.06,1957.08
1956,37,639.01,592.04,1231.05
1956,38,597.01,541.04,1138.05
1956,39,648.02,631.04,1279.06
1956,40,862.02,806.05,1668.07
1956,41,1338.02,1292.08,2630.1
1956,42,1505.02,1417.09,2922.11
1956,43,1695.02,1683.1,3378.12
1956,44,1749.02,1862.12,3611.14
1956,45,1945.03,1999.12,3944.15
1956,46,2117.04,2390.15,4507.1900000000005
1956,47,2315.04,2699.17,5014.21
1956,48,2496.04,2967.18,5463.22
1956,49,2750.04,3276.2,6026.24
1956,50,2821.04,3721.23,6542.27
1956,51,3006.04,4267.26,7273.3
1956,52,3204.05,4719.29,7923.34
1956,53,3400.06,5117.3099999999995,8517.369999999999
1956,54,3734.06,5753.34,9487.4
1956,55,4008.06,6135.37,10143.43
1956,56,4169.0599999999995,6565.39,10734.45
1956,57,4407.0599999999995,6780.4,11187.46
1956,58,4608.07,6701.4,11309.47
1956,59,5069.08,7018.41,12087.49
1956,60,5462.08,7108.42,12570.5
1956,61,5733.09,7176.42,12909.51
1956,62,6431.1,7447.43,13878.53
1956,63,6669.1,7718.45,14387.55
1956,64,7068.11,8083.46,15151.57
1956,65,7746.12,8816.5,16562.620000000003
1956,66,8214.119999999999,9005.51,17219.629999999997
1956,67,8915.130000000001,9606.54,18521.67
1956,68,9709.15,10282.58,19991.73
1956,69,10373.15,10576.6,20949.75
1956,70,11144.17,10964.619999999999,22108.79
1956,71,11429.17,11361.64,22790.81
1956,72,12085.18,11873.68,23958.86
1956,73,12588.19,11933.69,24521.88
1956,74,13193.2,12356.71,25549.91
1956,75,13339.21,12390.71,25729.92
1956,76,13937.21,13042.75,26979.96
1956,77,14610.22,13323.76,27933.98
1956,78,14512.22,13049.74,27561.96
1956,79,14516.21,12559.71,27075.92
1956,80,13882.21,12063.69,25945.9
1956,81,12922.19,11103.630000000001,24025.82
1956,82,11841.18,9986.57,21827.75
1956,83,10667.16,8758.5,19425.66
1956,84,8614.130000000001,6963.4,15577.53
1956,85,7330.11,5965.35,13295.46
1956,86,6920.1,5394.3099999999995,12314.41
1956,87,5402.08,4176.24,9578.32
1956,88,4345.0599999999995,3133.18,7478.24
1956,89,3460.05,2449.1400000000003,5909.19
1956,90,2691.04,1799.1,4490.139999999999
1956,91,1917.03,1269.08,3186.11
1956,92,1471.02,892.06,2363.08
1956,93,965.02,561.04,1526.06
1956,94,648.01,341.02,989.03
1956,95,430.0,218.02,648.02
1956,96,293.0,137.0,430.0
1956,97,155.0,74.0,229.0
1956,98,87.0,38.0,125.0
1956,99,61.0,20.0,81.0
1956,100,31.47,9.0,40.47
1957,18,375.0,1016.06,1391.06
1957,19,419.0,1104.06,1523.06
1957,20,434.0,1190.08,1624.08
1957,21,390.0,1253.08,1643.08
1957,22,452.0,1133.0700000000002,1585.07
1957,23,384.0,991.07,1375.07
1957,24,361.0,843.06,1204.06
1957,25,428.0,801.06,1229.06
1957,26,435.0,913.06,1348.06
1957,27,504.0,884.06,1388.06
1957,28,554.0,881.06,1435.06
1957,29,527.0,829.06,1356.06
1957,30,593.0,769.05,1362.05
1957,31,642.0,813.05,1455.05
1957,32,768.0,801.05,1569.05
1957,33,666.0,751.05,1417.05
1957,34,808.0,781.05,1589.05
1957,35,920.0,951.06,1871.06
1957,36,1018.02,951.06,1969.08
1957,37,1067.02,963.06,2030.08
1957,38,701.0,656.04,1357.04
1957,39,613.0,636.04,1249.04
1957,40,772.0,658.04,1430.04
1957,41,938.01,852.06,1790.07
1957,42,1367.02,1326.09,2693.11
1957,43,1656.02,1531.1,3187.12
1957,44,1727.02,1777.12,3504.14
1957,45,1979.02,2099.1400000000003,4078.16
1957,46,2044.02,2231.1400000000003,4275.16
1957,47,2275.02,2650.17,4925.1900000000005
1957,48,2520.02,2965.19,5485.21
1957,49,2742.02,3293.21,6035.23
1957,50,2895.02,3827.25,6722.27
1957,51,3145.04,4274.27,7419.31
1957,52,3300.04,4766.3,8066.34
1957,53,3515.04,5235.33,8750.369999999999
1957,54,3809.04,5825.37,9634.41
1957,55,4163.04,6703.42,10866.46
1957,56,4251.04,6852.43,11103.47
1957,57,4570.04,7375.46,11945.5
1957,58,4934.05,7649.46,12583.51
1957,59,5173.0599999999995,7729.47,12902.53
1957,60,6002.06,7926.49,13928.55
1957,61,6141.06,7847.48,13988.54
1957,62,6638.06,8116.49,14754.55
1957,63,6954.06,8274.5,15228.56
1957,64,7392.07,8598.52,15990.59
1957,65,8236.08,9366.57,17602.65
1957,66,8700.08,9927.59,18627.67
1957,67,9191.09,9993.59,19184.68
1957,68,10104.1,10633.630000000001,20737.73
1957,69,10697.1,11155.65,21852.75
1957,70,11453.11,11649.69,23102.8
1957,71,12018.12,12205.73,24223.85
1957,72,12531.12,12573.74,25104.86
1957,73,13085.13,12502.74,25587.87
1957,74,13632.14,12570.74,26202.88
1957,75,14458.14,13023.78,27481.92
1957,76,14369.14,12840.76,27209.9
1957,77,14744.14,12913.77,27657.91
1957,78,14822.14,13048.78,27870.92
1957,79,14366.14,12566.75,26932.89
1957,80,14330.14,12353.74,26683.88
1957,81,13376.13,11297.67,24673.8
1957,82,12101.12,10329.619999999999,22430.739999999998
1957,83,10946.11,9076.529999999999,20022.64
1957,84,9527.09,7615.45,17142.54
1957,85,7971.08,6224.37,14195.45
1957,86,6567.06,5061.3099999999995,11628.37
1957,87,5940.06,4513.27,10453.33
1957,88,4708.04,3320.2,8028.24
1957,89,3539.04,2543.15,6082.19
1957,90,2857.02,1957.12,4814.139999999999
1957,91,2160.02,1304.08,3464.1
1957,92,1475.02,935.06,2410.08
1957,93,1048.02,648.04,1696.06
1957,94,724.0,358.02,1082.02
1957,95,473.0,240.02,713.02
1957,96,295.0,144.0,439.0
1957,97,193.0,94.0,287.0
1957,98,85.0,46.0,131.0
1957,99,63.0,21.0,84.0
1957,100,30.23,14.01,44.24
1958,18,368.0,1023.04,1391.04
1958,19,395.0,1157.04,1552.04
1958,20,408.0,1061.04,1469.04
1958,21,361.0,1115.04,1476.04
1958,22,379.0,1043.03,1422.03
1958,23,372.0,942.03,1314.03
1958,24,350.0,815.03,1165.03
1958,25,350.0,807.02,1157.02
1958,26,395.0,747.02,1142.02
1958,27,465.0,789.02,1254.02
1958,28,483.0,832.02,1315.02
1958,29,532.0,821.02,1353.02
1958,30,534.0,848.03,1382.03
1958,31,540.0,769.02,1309.02
1958,32,627.0,781.02,1408.02
1958,33,661.0,749.02,1410.02
1958,34,748.0,758.02,1506.02
1958,35,760.0,822.02,1582.02
1958,36,949.0,943.04,1892.04
1958,37,969.0,965.04,1934.04
1958,38,1143.0,1025.04,2168.04
1958,39,683.0,724.02,1407.02
1958,40,616.0,592.02,1208.02
1958,41,764.0,711.02,1475.02
1958,42,954.0,891.03,1845.03
1958,43,1413.01,1340.05,2753.06
1958,44,1732.02,1600.05,3332.07
1958,45,1840.02,1833.06,3673.08
1958,46,1941.02,2139.0699999999997,4080.09
1958,47,2117.02,2314.08,4431.1
1958,48,2407.02,2671.09,5078.110000000001
1958,49,2660.02,3121.11,5781.13
1958,50,2942.02,3569.12,6511.14
1958,51,3016.02,4002.13,7018.15
1958,52,3265.02,4403.15,7668.17
1958,53,3505.02,5024.16,8529.18
1958,54,3643.02,5601.18,9244.2
1958,55,3890.03,6076.19,9966.220000000001
1958,56,4436.04,6757.21,11193.25
1958,57,4547.04,7267.23,11814.27
1958,58,4813.04,7630.24,12443.28
1958,59,5131.04,7709.24,12840.28
1958,60,5436.04,7845.24,13281.28
1958,61,5970.04,7855.25,13825.29
1958,62,6492.05,8060.26,14552.31
1958,63,7128.06,8217.26,15345.32
1958,64,7516.06,8433.26,15949.32
1958,65,7604.06,8818.27,16422.33
1958,66,8368.060000000001,9124.27,17492.33
1958,67,8957.060000000001,9720.3,18677.36
1958,68,9582.07,9959.3,19541.370000000003
1958,69,10136.08,10442.32,20578.4
1958,70,11110.08,11273.33,22383.41
1958,71,11591.08,11245.35,22836.43
1958,72,12319.09,11548.35,23867.44
1958,73,13030.1,12024.36,25054.46
1958,74,13103.1,12196.37,25299.47
1958,75,13717.1,12349.38,26066.48
1958,76,13923.1,12385.38,26308.48
1958,77,13913.1,12489.39,26402.49
1958,78,14253.11,12538.39,26791.5
1958,79,14272.11,12328.37,26600.48
1958,80,13912.1,11910.36,25822.46
1958,81,13253.1,11358.35,24611.45
1958,82,12459.1,10548.33,23007.43
1958,83,11089.08,9313.29,20402.370000000003
1958,84,10148.08,8134.25,18282.33
1958,85,8738.060000000001,6945.21,15683.27
1958,86,6720.05,5228.16,11948.21
1958,87,5639.04,4200.13,9839.17
1958,88,4954.04,3629.11,8583.15
1958,89,3696.02,2608.08,6304.1
1958,90,2898.02,1871.06,4769.08
1958,91,2228.02,1382.04,3610.06
1958,92,1609.02,959.03,2568.05
1958,93,1083.0,657.02,1740.02
1958,94,779.0,396.02,1175.02
1958,95,524.0,255.0,779.0
1958,96,320.0,152.0,472.0
1958,97,215.0,83.0,298.0
1958,98,131.0,33.0,164.0
1958,99,63.0,36.0,99.0
1958,100,40.28,17.58,57.86
1959,18,347.0,977.02,1324.02
1959,19,400.0,1182.02,1582.02
1959,20,387.0,1325.02,1712.02
1959,21,386.0,1137.02,1523.02
1959,22,420.0,1099.02,1519.02
1959,23,419.0,1024.02,1443.02
1959,24,395.0,1000.02,1395.02
1959,25,371.0,805.02,1176.02
1959,26,366.0,789.02,1155.02
1959,27,402.0,775.02,1177.02
1959,28,483.0,789.02,1272.02
1959,29,521.0,858.02,1379.02
1959,30,523.0,891.02,1414.02
1959,31,564.0,890.02,1454.02
1959,32,604.0,804.02,1408.02
1959,33,648.0,804.02,1452.02
1959,34,720.0,764.02,1484.02
1959,35,718.0,807.02,1525.02
1959,36,860.0,858.02,1718.02
1959,37,995.02,996.02,1991.04
1959,38,1049.02,1030.02,2079.04
1959,39,1175.02,1122.02,2297.04
1959,40,723.0,706.02,1429.02
1959,41,682.0,611.02,1293.02
1959,42,786.0,761.02,1547.02
1959,43,946.01,937.02,1883.03
1959,44,1521.02,1516.03,3037.05
1959,45,1830.02,1851.04,3681.06
1959,46,1980.02,2175.04,4155.0599999999995
1959,47,2210.02,2250.04,4460.0599999999995
1959,48,2258.02,2610.04,4868.0599999999995
1959,49,2552.02,3036.06,5588.08
1959,50,2887.02,3477.06,6364.08
1959,51,3052.04,3926.07,6978.11
1959,52,3246.04,4502.08,7748.12
1959,53,3428.04,4816.08,8244.119999999999
1959,54,3724.04,5554.1,9278.14
1959,55,3808.04,6145.1,9953.14
1959,56,4261.04,6624.12,10885.16
1959,57,4683.04,7549.12,12232.16
1959,58,4839.04,7965.14,12804.18
1959,59,5159.05,8315.14,13474.19
1959,60,5650.0599999999995,8447.14,14097.2
1959,61,5949.06,8518.14,14467.2
1959,62,6465.06,8565.14,15030.2
1959,63,6948.06,8765.14,15713.2
1959,64,7404.08,8707.14,16111.22
1959,65,8034.08,9120.15,17154.23
1959,66,8447.08,9406.16,17853.239999999998
1959,67,8958.08,9921.16,18879.239999999998
1959,68,9780.1,10226.16,20006.260000000002
1959,69,10502.1,10555.17,21057.27
1959,70,11078.1,11109.18,22187.28
1959,71,12149.12,11654.19,23803.31
1959,72,12298.12,11916.19,24214.31
1959,73,13194.13,12238.2,25432.33
1959,74,13476.13,12553.2,26029.33
1959,75,13923.14,12280.2,26203.34
1959,76,14133.14,12748.2,26881.34
1959,77,14530.14,12385.2,26915.34
1959,78,14216.14,12242.2,26458.34
1959,79,14434.14,12102.2,26536.34
1959,80,14366.14,12009.19,26375.33
1959,81,13842.14,11469.18,25311.32
1959,82,13087.12,10814.17,23901.29
1959,83,11878.12,9822.16,21700.28
1959,84,10495.1,8467.14,18962.239999999998
1959,85,9117.08,7118.12,16235.2
1959,86,7676.08,5835.1,13511.18
1959,87,5816.06,4525.07,10341.130000000001
1959,88,4810.04,3546.06,8356.1
1959,89,4160.04,2860.04,7020.08
1959,90,3049.03,2124.04,5173.07
1959,91,2291.02,1489.02,3780.04
1959,92,1719.02,1078.02,2797.04
1959,93,1242.02,673.02,1915.04
1959,94,804.0,440.0,1244.0
1959,95,596.0,277.0,873.0
1959,96,340.0,187.0,527.0
1959,97,195.0,105.0,300.0
1959,98,120.0,56.0,176.0
1959,99,78.0,47.0,125.0
1959,100,31.59,13.620000000000001,45.21
1960,18,318.0,833.01,1151.01
1960,19,348.0,1218.02,1566.02
1960,20,414.0,1290.02,1704.02
1960,21,351.0,1171.02,1522.02
1960,22,387.0,1096.02,1483.02
1960,23,393.0,942.02,1335.02
1960,24,444.0,964.02,1408.02
1960,25,411.0,958.02,1369.02
1960,26,406.0,837.01,1243.01
1960,27,385.0,817.02,1202.02
1960,28,469.0,796.02,1265.02
1960,29,507.0,847.02,1354.02
1960,30,490.0,845.02,1335.02
1960,31,606.0,797.02,1403.02
1960,32,528.0,864.02,1392.02
1960,33,606.0,845.02,1451.02
1960,34,698.0,826.02,1524.02
1960,35,812.0,866.02,1678.02
1960,36,850.0,863.02,1713.02
1960,37,930.0,903.02,1833.02
1960,38,1096.0,1030.02,2126.02
1960,39,1209.0,1152.02,2361.02
1960,40,1242.0,1254.02,2496.02
1960,41,818.0,746.02,1564.02
1960,42,701.0,780.02,1481.02
1960,43,824.0,852.02,1676.02
1960,44,995.0,1049.02,2044.02
1960,45,1765.0,1658.02,3423.02
1960,46,1991.0,1983.02,3974.02
1960,47,2161.0,2338.04,4499.04
1960,48,2424.0,2614.04,5038.04
1960,49,2526.0,2945.04,5471.04
1960,50,2771.0,3577.05,6348.05
1960,51,3024.0,3874.06,6898.06
1960,52,3256.0,4389.0599999999995,7645.06
1960,53,3516.0,4916.07,8432.07
1960,54,3709.0,5554.08,9263.08
1960,55,3986.0,6414.09,10400.09
1960,56,4189.02,6748.1,10937.12
1960,57,4572.02,7460.1,12032.12
1960,58,5045.02,8362.119999999999,13407.14
1960,59,5302.02,8769.119999999999,14071.14
1960,60,5848.02,9320.119999999999,15168.14
1960,61,6225.02,9369.119999999999,15594.14
1960,62,6647.02,9538.130000000001,16185.15
1960,63,7164.02,9700.130000000001,16864.15
1960,64,7750.02,9703.14,17453.16
1960,65,8205.02,9969.14,18174.16
1960,66,8955.02,10186.130000000001,19141.15
1960,67,9593.02,10202.14,19795.16
1960,68,9967.02,10774.14,20741.16
1960,69,10993.02,11184.15,22177.17
1960,70,11594.02,11652.15,23246.17
1960,71,12169.02,12159.15,24328.17
1960,72,13289.03,12641.17,25930.2
1960,73,13845.04,12658.17,26503.21
1960,74,14236.04,13143.17,27379.21
1960,75,14864.04,13232.17,28096.21
1960,76,14853.04,13193.17,28046.21
1960,77,15412.04,13156.17,28568.21
1960,78,15481.04,12846.17,28327.21
1960,79,15099.04,12541.17,27640.21
1960,80,14909.04,12197.16,27106.2
1960,81,14594.04,11929.15,26523.19
1960,82,14045.04,11438.15,25483.19
1960,83,12925.03,10290.130000000001,23215.16
1960,84,11915.02,9444.130000000001,21359.15
1960,85,10062.02,7799.1,17861.120000000003
1960,86,8651.02,6630.08,15281.1
1960,87,7320.02,5427.07,12747.09
1960,88,5250.02,3965.05,9215.07
1960,89,4321.01,3056.04,7377.05
1960,90,3544.0,2500.04,6044.04
1960,91,2630.0,1707.02,4337.02
1960,92,1985.0,1163.02,3148.02
1960,93,1453.0,877.02,2330.02
1960,94,980.0,526.0,1506.0
1960,95,633.0,342.0,975.0
1960,96,401.0,197.0,598.0
1960,97,255.0,104.0,359.0
1960,98,136.0,58.0,194.0
1960,99,95.0,54.0,149.0
1960,100,42.16,21.0,63.16
1961,18,268.0,811.02,1079.02
1961,19,349.0,1000.02,1349.02
1961,20,374.01,1128.02,1502.03
1961,21,469.02,1339.03,1808.05
1961,22,390.0,1193.02,1583.02
1961,23,423.02,1066.02,1489.04
1961,24,381.01,997.02,1378.03
1961,25,363.0,940.02,1303.02
1961,26,459.02,974.02,1433.04
1961,27,382.01,794.02,1176.03
1961,28,399.01,761.02,1160.03
1961,29,427.02,796.02,1223.04
1961,30,452.02,865.02,1317.04
1961,31,507.02,852.02,1359.04
1961,32,533.02,925.02,1458.04
1961,33,592.02,931.02,1523.04
1961,34,645.02,883.02,1528.04
1961,35,744.02,859.02,1603.04
1961,36,790.02,890.02,1680.04
1961,37,870.02,846.02,1716.04
1961,38,962.02,945.02,1907.04
1961,39,1110.02,1190.02,2300.04
1961,40,1270.04,1183.02,2453.06
1961,41,1311.04,1248.02,2559.06
1961,42,856.02,840.02,1696.04
1961,43,810.02,781.02,1591.04
1961,44,856.02,912.02,1768.04
1961,45,1147.03,1197.03,2344.06
1961,46,1783.04,1820.04,3603.08
1961,47,2077.06,2197.05,4274.110000000001
1961,48,2409.06,2632.06,5041.12
1961,49,2479.06,2834.06,5313.12
1961,50,2697.06,3092.07,5789.13
1961,51,2955.08,3640.08,6595.16
1961,52,3231.08,4223.1,7454.18
1961,53,3385.08,4693.1,8078.18
1961,54,3861.1,5418.12,9279.220000000001
1961,55,3924.1,5875.13,9799.23
1961,56,4040.1,6759.14,10799.24
1961,57,4499.12,7373.16,11872.28
1961,58,4864.12,7981.18,12845.3
1961,59,5189.12,8945.2,14134.32
1961,60,5650.14,9273.2,14923.34
1961,61,5947.14,9788.2,15735.34
1961,62,6696.16,9789.21,16485.370000000003
1961,63,7156.18,9675.2,16831.379999999997
1961,64,7605.18,9844.21,17449.39
1961,65,8122.19,9936.21,18058.4
1961,66,8781.220000000001,10155.21,18936.43
1961,67,9514.23,10296.220000000001,19810.45
1961,68,9895.24,10427.220000000001,20322.46
1961,69,10614.26,10800.220000000001,21414.48
1961,70,11250.27,11106.23,22356.5
1961,71,11639.27,11495.24,23134.51
1961,72,12593.3,11657.24,24250.54
1961,73,13276.31,12109.24,25385.55
1961,74,13864.32,12345.24,26209.56
1961,75,14214.33,12384.26,26598.59
1961,76,14689.34,12702.26,27391.6
1961,77,14734.35,12351.24,27085.59
1961,78,14732.35,12291.25,27023.6
1961,79,14619.34,11777.24,26396.58
1961,80,14339.34,11410.23,25749.57
1961,81,13932.33,11206.22,25138.55
1961,82,13464.31,10706.220000000001,24170.53
1961,83,12510.3,9747.2,22257.5
1961,84,11388.26,8928.18,20316.440000000002
1961,85,10105.24,7800.16,17905.4
1961,86,8650.2,6365.13,15015.33
1961,87,7251.17,5413.110000000001,12664.28
1961,88,5683.13,4097.08,9780.21
1961,89,4179.1,3044.06,7223.16
1961,90,3248.08,2170.04,5418.12
1961,91,2675.06,1750.04,4425.1
1961,92,1867.04,1127.02,2994.06
1961,93,1350.03,765.02,2115.05
1961,94,915.02,455.0,1370.02
1961,95,638.02,355.0,993.02
1961,96,406.01,213.0,619.01
1961,97,263.0,116.0,379.0
1961,98,152.0,66.0,218.0
1961,99,91.0,50.0,141.0
1961,100,42.03,22.18,64.21000000000001
1962,18,327.0,799.03,1126.03
1962,19,304.0,890.03,1194.03
1962,20,297.0,1077.04,1374.04
1962,21,381.0,1152.04,1533.04
1962,22,389.0,1192.04,1581.04
1962,23,406.0,1176.04,1582.04
1962,24,390.0,992.04,1382.04
1962,25,421.0,969.04,1390.04
1962,26,405.0,916.04,1321.04
1962,27,456.0,925.04,1381.04
1962,28,404.0,789.03,1193.03
1962,29,437.01,737.03,1174.04
1962,30,416.0,794.04,1210.04
1962,31,516.02,874.04,1390.06
1962,32,579.02,932.04,1511.06
1962,33,604.02,973.04,1577.06
1962,34,602.02,947.04,1549.06
1962,35,721.02,908.04,1629.06
1962,36,742.02,916.04,1658.06
1962,37,872.02,968.04,1840.06
1962,38,848.02,909.04,1757.06
1962,39,984.02,1077.04,2061.06
1962,40,1122.02,1241.04,2363.06
1962,41,1328.03,1311.05,2639.08
1962,42,1423.04,1356.06,2779.1
1962,43,874.02,877.03,1751.05
1962,44,854.02,853.04,1707.06
1962,45,942.02,1035.04,1977.06
1962,46,1150.02,1343.05,2493.0699999999997
1962,47,1875.04,2061.08,3936.12
1962,48,2328.06,2349.09,4677.15
1962,49,2486.06,2771.11,5257.17
1962,50,2718.06,3182.12,5900.18
1962,51,2863.06,3537.13,6400.19
1962,52,3239.08,3974.16,7213.24
1962,53,3452.08,4694.18,8146.26
1962,54,3761.08,5361.2,9122.279999999999
1962,55,3985.08,5922.22,9907.3
1962,56,4172.09,6658.25,10830.34
1962,57,4559.1,7663.29,12222.39
1962,58,4974.1,8088.3,13062.4
1962,59,5390.12,8748.32,14138.44
1962,60,5972.12,9808.36,15780.48
1962,61,6064.13,10072.369999999999,16136.5
1962,62,6589.14,10544.39,17133.53
1962,63,7137.16,10618.39,17755.55
1962,64,7746.16,10445.380000000001,18191.54
1962,65,8399.18,10762.380000000001,19161.559999999998
1962,66,9149.189999999999,10915.39,20064.58
1962,67,9467.2,10711.380000000001,20178.58
1962,68,10221.220000000001,11002.39,21223.61
1962,69,10773.220000000001,11000.39,21773.61
1962,70,11614.25,11664.41,23278.66
1962,71,12424.26,11825.41,24249.67
1962,72,12951.27,11976.41,24927.68
1962,73,13706.29,12746.44,26452.73
1962,74,14606.29,13105.45,27711.74
1962,75,14663.3,13057.45,27720.75
1962,76,15449.31,13288.45,28737.76
1962,77,15697.32,12948.45,28645.77
1962,78,15126.31,12757.44,27883.75
1962,79,15119.31,12473.42,27592.73
1962,80,14772.31,12087.42,26859.73
1962,81,14425.29,11393.39,25818.68
1962,82,14119.29,11054.380000000001,25173.67
1962,83,13280.27,10367.35,23647.62
1962,84,12107.25,9530.33,21637.58
1962,85,11020.220000000001,8289.279999999999,19309.5
1962,86,9498.2,7231.25,16729.45
1962,87,7817.16,5989.21,13806.37
1962,88,6400.13,4814.16,11214.29
1962,89,4933.1,3560.12,8493.220000000001
1962,90,3582.07,2551.09,6133.16
1962,91,2664.06,1875.06,4539.12
1962,92,2238.04,1384.04,3622.08
1962,93,1545.04,892.04,2437.08
1962,94,1003.02,527.02,1530.04
1962,95,722.02,352.02,1074.04
1962,96,461.01,221.0,682.01
1962,97,246.0,146.0,392.0
1962,98,177.0,73.0,250.0
1962,99,97.0,60.0,157.0
1962,100,46.46,19.759999999999998,66.22
1963,18,234.0,668.04,902.04
1963,19,319.0,890.04,1209.04
1963,20,289.0,892.05,1181.05
1963,21,326.0,1030.06,1356.06
1963,22,370.0,1073.06,1443.06
1963,23,384.0,1129.06,1513.06
1963,24,395.0,1089.06,1484.06
1963,25,379.0,948.05,1327.05
1963,26,396.0,916.05,1312.05
1963,27,438.0,893.04,1331.04
1963,28,478.0,917.05,1395.05
1963,29,433.0,808.05,1241.05
1963,30,413.0,771.04,1184.04
1963,31,447.0,837.04,1284.04
1963,32,488.0,890.04,1378.04
1963,33,536.0,951.05,1487.05
1963,34,574.0,1032.06,1606.06
1963,35,676.0,1014.05,1690.05
1963,36,656.0,955.06,1611.06
1963,37,801.01,1030.06,1831.07
1963,38,930.02,1002.06,1932.08
1963,39,912.02,973.05,1885.07
1963,40,1128.02,1142.06,2270.08
1963,41,1283.02,1276.06,2559.08
1963,42,1458.02,1440.08,2898.1
1963,43,1593.02,1569.09,3162.11
1963,44,946.02,1049.06,1995.08
1963,45,923.02,911.05,1834.07
1963,46,1115.02,1010.06,2125.08
1963,47,1317.02,1464.08,2781.1
1963,48,2019.02,2203.12,4222.139999999999
1963,49,2414.02,2659.15,5073.17
1963,50,2584.0299999999997,3127.17,5711.2
1963,51,2861.04,3592.19,6453.23
1963,52,3157.04,3915.21,7072.25
1963,53,3517.04,4518.25,8035.29
1963,54,3714.04,5095.27,8809.310000000001
1963,55,3970.04,5883.32,9853.36
1963,56,4351.05,6342.34,10693.39
1963,57,4630.0599999999995,7287.38,11917.44
1963,58,4996.0599999999995,8323.43,13319.49
1963,59,5380.0599999999995,8939.470000000001,14319.53
1963,60,5918.07,9542.49,15460.56
1963,61,6447.08,10569.54,17016.620000000003
1963,62,6739.08,11143.58,17882.66
1963,63,7291.08,11425.58,18716.66
1963,64,7933.09,11607.59,19540.68
1963,65,8609.1,11372.58,19981.68
1963,66,9522.11,11478.58,21000.690000000002
1963,67,9698.11,11350.57,21048.68
1963,68,10377.119999999999,11358.57,21735.690000000002
1963,69,11343.13,11796.59,23139.72
1963,70,12046.14,11893.59,23939.73
1963,71,12592.14,12205.61,24797.75
1963,72,13470.15,12524.61,25994.76
1963,73,13890.15,12723.63,26613.78
1963,74,14709.17,12969.63,27678.8
1963,75,15561.17,13299.65,28860.82
1963,76,15726.17,13225.65,28951.82
1963,77,15988.18,13332.65,29320.83
1963,78,15981.18,12968.64,28949.82
1963,79,15674.17,12662.63,28336.8
1963,80,15501.18,12470.62,27971.8
1963,81,14836.17,11585.58,26421.75
1963,82,13788.15,10828.54,24616.69
1963,83,13337.15,10140.5,23477.65
1963,84,12404.14,9312.46,21716.6
1963,85,11142.13,8458.42,19600.55
1963,86,9781.11,7393.37,17174.48
1963,87,8441.09,6227.31,14668.4
1963,88,6890.08,4947.25,11837.33
1963,89,5263.0599999999995,3762.19,9025.25
1963,90,4104.05,2880.14,6984.19
1963,91,2832.04,1949.1,4781.139999999999
1963,92,2089.02,1312.0700000000002,3401.09
1963,93,1650.02,994.05,2644.0699999999997
1963,94,1146.02,590.02,1736.04
1963,95,698.0,428.02,1126.02
1963,96,470.0,236.02,706.02
1963,97,289.0,146.0,435.0
1963,98,173.0,75.0,248.0
1963,99,109.0,52.0,161.0
1963,100,53.93,21.72,75.65
1964,18,183.0,550.02,733.02
1964,19,242.0,778.02,1020.02
1964,20,280.0,938.02,1218.02
1964,21,283.0,957.02,1240.02
1964,22,338.0,1039.03,1377.03
1964,23,385.0,1151.04,1536.04
1964,24,412.02,1179.04,1591.06
1964,25,422.02,1072.03,1494.05
1964,26,399.0,1013.03,1412.03
1964,27,360.0,974.02,1334.02
1964,28,457.02,884.02,1341.04
1964,29,481.02,930.02,1411.04
1964,30,442.02,847.02,1289.04
1964,31,406.0,815.02,1221.02
1964,32,492.02,896.02,1388.04
1964,33,520.02,907.02,1427.04
1964,34,607.02,993.02,1600.04
1964,35,675.02,1100.04,1775.06
1964,36,723.02,1055.03,1778.05
1964,37,745.02,1066.04,1811.06
1964,38,852.02,1068.04,1920.06
1964,39,949.02,1125.04,2074.06
1964,40,986.02,1082.04,2068.06
1964,41,1166.03,1199.04,2365.0699999999997
1964,42,1325.04,1507.04,2832.08
1964,43,1524.04,1528.04,3052.08
1964,44,1573.04,1657.05,3230.09
1964,45,1025.02,1104.04,2129.06
1964,46,936.02,1057.03,1993.05
1964,47,1142.03,1213.04,2355.0699999999997
1964,48,1347.04,1486.04,2833.08
1964,49,2223.06,2411.0699999999997,4634.13
1964,50,2588.06,2901.08,5489.14
1964,51,2846.07,3445.1,6291.17
1964,52,3056.08,3874.11,6930.19
1964,53,3157.08,4183.12,7340.2
1964,54,3575.08,4918.139999999999,8493.220000000001
1964,55,3919.1,5590.16,9509.26
1964,56,4348.1,6365.18,10713.28
1964,57,4681.110000000001,7126.2,11807.31
1964,58,4888.12,7710.22,12598.34
1964,59,5274.12,8775.24,14049.36
1964,60,5778.14,9407.26,15185.4
1964,61,6358.15,10238.279999999999,16596.43
1964,62,6910.16,11238.31,18148.47
1964,63,7234.18,11740.32,18974.5
1964,64,7892.19,11806.32,19698.510000000002
1964,65,8421.2,11869.32,20290.52
1964,66,9056.220000000001,11786.32,20842.54
1964,67,9743.23,11699.32,21442.55
1964,68,10407.25,11651.31,22058.56
1964,69,10963.26,11512.31,22475.57
1964,70,11938.28,11787.32,23725.6
1964,71,12242.28,11751.32,23993.6
1964,72,13127.3,12136.32,25263.62
1964,73,13707.31,12475.33,26182.64
1964,74,14106.32,12456.32,26562.64
1964,75,14709.34,12549.32,27258.66
1964,76,15509.36,12936.34,28445.7
1964,77,15474.35,12721.33,28195.68
1964,78,15427.35,12524.32,27951.67
1964,79,15289.35,12235.32,27524.67
1964,80,14886.34,11539.3,26425.64
1964,81,14527.33,11097.29,25624.62
1964,82,13446.31,10205.27,23651.58
1964,83,12443.28,9320.24,21763.52
1964,84,11709.26,8613.220000000001,20322.48
1964,85,10761.24,7865.2,18626.440000000002
1964,86,9416.21,6846.18,16262.39
1964,87,8079.18,5664.139999999999,13743.32
1964,88,6763.16,4828.12,11591.28
1964,89,5286.12,3591.1,8877.220000000001
1964,90,4115.09,2683.06,6798.15
1964,91,3015.07,2093.06,5108.13
1964,92,2095.05,1323.03,3418.08
1964,93,1435.04,886.02,2321.06
1964,94,1071.02,685.02,1756.04
1964,95,704.02,397.01,1101.03
1964,96,473.02,235.0,708.02
1964,97,278.0,136.0,414.0
1964,98,170.0,81.0,251.0
1964,99,114.0,54.0,168.0
1964,100,59.33,25.96,85.28999999999999
1965,18,255.0,700.04,955.04
1965,19,187.0,681.03,868.03
1965,20,262.0,707.04,969.04
1965,21,264.0,869.04,1133.04
1965,22,294.0,856.04,1150.04
1965,23,324.0,918.04,1242.04
1965,24,392.0,992.04,1384.04
1965,25,429.0,1096.05,1525.05
1965,26,414.0,985.04,1399.04
1965,27,436.0,975.04,1411.04
1965,28,428.0,891.04,1319.04
1965,29,477.0,930.04,1407.04
1965,30,511.0,951.04,1462.04
1965,31,475.0,846.04,1321.04
1965,32,435.0,864.04,1299.04
1965,33,508.0,956.04,1464.04
1965,34,562.0,996.04,1558.04
1965,35,639.0,1073.05,1712.05
1965,36,623.0,1128.06,1751.06
1965,37,772.0,1148.06,1920.06
1965,38,793.0,1082.05,1875.05
1965,39,938.0,1170.06,2108.06
1965,40,1041.0,1174.06,2215.06
1965,41,1094.0,1202.06,2296.06
1965,42,1248.0,1337.06,2585.06
1965,43,1502.0,1614.08,3116.08
1965,44,1567.0,1743.08,3310.08
1965,45,1737.0,1796.09,3533.09
1965,46,1158.0,1199.06,2357.06
1965,47,1036.0,1140.06,2176.06
1965,48,1135.0,1344.06,2479.06
1965,49,1514.0,1699.08,3213.08
1965,50,2368.02,2681.13,5049.15
1965,51,2783.02,3412.16,6195.18
1965,52,3077.02,3774.18,6851.2
1965,53,3414.02,4341.2,7755.22
1965,54,3499.02,4573.21,8072.23
1965,55,3948.02,5522.25,9470.27
1965,56,4237.02,6263.29,10500.31
1965,57,4738.02,6945.32,11683.34
1965,58,5144.02,7819.36,12963.38
1965,59,5405.02,8532.39,13937.41
1965,60,5933.02,9610.439999999999,15543.46
1965,61,6422.02,10439.470000000001,16861.489999999998
1965,62,7117.04,10996.49,18113.53
1965,63,7712.04,12127.54,19839.58
1965,64,8238.04,12464.56,20702.6
1965,65,8778.04,12921.56,21699.6
1965,66,9438.04,12871.57,22309.61
1965,67,10182.04,12669.55,22851.59
1965,68,10955.04,12729.55,23684.59
1965,69,11605.06,12710.55,24315.61
1965,70,12351.06,12456.54,24807.6
1965,71,13206.06,12610.54,25816.6
1965,72,13770.06,12530.54,26300.6
1965,73,14469.06,12913.55,27382.61
1965,74,15233.06,13009.55,28242.61
1965,75,15638.07,13141.55,28779.62
1965,76,15749.06,13286.56,29035.62
1965,77,16693.08,13496.56,30189.64
1965,78,16583.08,12932.54,29515.62
1965,79,16507.07,12628.53,29135.6
1965,80,16108.07,12348.51,28456.58
1965,81,15433.06,11643.49,27076.55
1965,82,14641.06,10922.46,25563.52
1965,83,13482.06,10196.42,23678.48
1965,84,12395.06,9100.380000000001,21495.440000000002
1965,85,11472.05,8344.35,19816.4
1965,86,10042.04,7250.3,17292.34
1965,87,8672.04,6330.26,15002.3
1965,88,7384.04,5108.219999999999,12492.26
1965,89,6146.02,4159.18,10305.2
1965,90,4722.02,3290.13,8012.15
1965,91,3524.02,2328.1,5852.12
1965,92,2592.02,1697.07,4289.09
1965,93,1616.0,1143.05,2759.05
1965,94,1176.0,703.03,1879.03
1965,95,906.0,471.02,1377.02
1965,96,545.0,281.02,826.02
1965,97,326.0,136.0,462.0
1965,98,239.0,94.0,333.0
1965,99,145.0,60.0,205.0
1965,100,64.39,24.11,88.5
1966,18,268.0,744.02,1012.02
1966,19,239.0,787.02,1026.02
1966,20,214.0,646.02,860.02
1966,21,256.0,782.02,1038.02
1966,22,318.0,833.02,1151.02
1966,23,280.0,866.02,1146.02
1966,24,366.0,926.02,1292.02
1966,25,407.0,1120.02,1527.02
1966,26,447.0,1116.02,1563.02
1966,27,432.0,1090.02,1522.02
1966,28,425.0,956.02,1381.02
1966,29,449.0,882.02,1331.02
1966,30,497.0,991.02,1488.02
1966,31,521.0,1038.02,1559.02
1966,32,499.0,871.02,1370.02
1966,33,496.0,882.02,1378.02
1966,34,531.0,918.02,1449.02
1966,35,602.0,1055.02,1657.02
1966,36,686.0,1153.02,1839.02
1966,37,769.0,1300.02,2069.02
1966,38,770.0,1244.02,2014.02
1966,39,913.0,1246.02,2159.02
1966,40,910.0,1259.02,2169.02
1966,41,1060.0,1278.02,2338.02
1966,42,1189.0,1319.02,2508.02
1966,43,1312.0,1412.02,2724.02
1966,44,1589.02,1703.04,3292.06
1966,45,1799.02,1827.04,3626.06
1966,46,1874.02,2148.04,4022.06
1966,47,1196.0,1381.02,2577.02
1966,48,1166.0,1251.02,2417.02
1966,49,1290.0,1508.02,2798.02
1966,50,1621.02,1862.04,3483.06
1966,51,2561.02,2888.06,5449.08
1966,52,2967.02,3662.07,6629.09
1966,53,3344.02,4091.08,7435.1
1966,54,3519.02,4626.08,8145.1
1966,55,3753.02,5209.1,8962.119999999999
1966,56,4281.030000000001,5907.1,10188.130000000001
1966,57,4494.04,6799.12,11293.16
1966,58,5043.04,7383.14,12426.18
1966,59,5555.04,8440.16,13995.2
1966,60,5790.04,9316.16,15106.2
1966,61,6415.04,10450.18,16865.22
1966,62,6940.04,11038.2,17978.239999999998
1966,63,7558.05,11788.2,19346.25
1966,64,8306.060000000001,12932.22,21238.28
1966,65,8804.060000000001,13162.23,21966.29
1966,66,9452.060000000001,13603.24,23055.3
1966,67,10289.060000000001,13460.23,23749.29
1966,68,10912.08,13377.23,24289.31
1966,69,11675.08,12976.22,24651.3
1966,70,12442.08,13072.23,25514.31
1966,71,13293.08,12795.22,26088.3
1966,72,13988.1,12829.22,26817.32
1966,73,14602.1,12785.22,27387.32
1966,74,15107.1,12999.22,28106.32
1966,75,15864.1,13058.22,28922.32
1966,76,16394.1,13059.22,29453.32
1966,77,16711.1,12818.21,29529.31
1966,78,16973.1,13284.22,30257.32
1966,79,16508.1,12470.2,28978.3
1966,80,16717.1,12103.2,28820.3
1966,81,15585.1,11542.2,27127.3
1966,82,15029.1,10849.18,25878.28
1966,83,13899.09,10080.17,23979.26
1966,84,12665.08,9126.16,21791.239999999998
1966,85,11457.08,7948.13,19405.21
1966,86,10347.060000000001,7188.12,17535.18
1966,87,9170.060000000001,5973.1,15143.16
1966,88,7677.05,5216.08,12893.13
1966,89,6295.04,4187.07,10482.11
1966,90,4900.04,3205.06,8105.1
1966,91,3750.02,2420.04,6170.06
1966,92,2749.02,1732.03,4481.05
1966,93,1986.02,1129.02,3115.04
1966,94,1249.0,799.02,2048.02
1966,95,860.0,470.0,1330.0
1966,96,600.0,317.0,917.0
1966,97,381.0,184.0,565.0
1966,98,208.0,117.0,325.0
1966,99,144.0,61.0,205.0
1966,100,83.37,35.24,118.61
1967,18,264.0,830.02,1094.02
1967,19,268.0,771.02,1039.02
1967,20,246.0,823.02,1069.02
1967,21,215.0,612.01,827.01
1967,22,250.0,759.02,1009.02
1967,23,333.0,817.02,1150.02
1967,24,350.0,808.02,1158.02
1967,25,358.0,885.02,1243.02
1967,26,423.0,1012.02,1435.02
1967,27,482.0,1094.02,1576.02
1967,28,420.0,1040.02,1460.02
1967,29,494.0,1066.02,1560.02
1967,30,488.0,968.02,1456.02
1967,31,438.0,1013.02,1451.02
1967,32,534.0,1024.02,1558.02
1967,33,499.0,958.02,1457.02
1967,34,489.0,935.02,1424.02
1967,35,551.0,932.02,1483.02
1967,36,613.0,1151.02,1764.02
1967,37,723.0,1215.02,1938.02
1967,38,834.0,1292.02,2126.02
1967,39,785.0,1375.02,2160.02
1967,40,952.0,1390.02,2342.02
1967,41,1020.0,1353.02,2373.02
1967,42,1174.0,1375.02,2549.02
1967,43,1286.0,1417.02,2703.02
1967,44,1385.0,1602.02,2987.02
1967,45,1730.0,1856.04,3586.04
1967,46,1915.0,2153.04,4068.04
1967,47,2049.0,2202.04,4251.04
1967,48,1308.0,1472.02,2780.02
1967,49,1230.0,1392.02,2622.02
1967,50,1393.0,1596.02,2989.02
1967,51,1746.0,2095.04,3841.04
1967,52,2682.0,3172.05,5854.05
1967,53,3080.0,3842.06,6922.06
1967,54,3385.0,4508.08,7893.08
1967,55,3706.0,5152.08,8858.08
1967,56,4037.0,5588.09,9625.09
1967,57,4507.02,6302.1,10809.12
1967,58,5062.02,7412.12,12474.14
1967,59,5550.02,8176.13,13726.15
1967,60,5920.02,9014.14,14934.16
1967,61,6386.02,9866.16,16252.18
1967,62,6843.02,10919.17,17762.190000000002
1967,63,7546.02,11528.18,19074.2
1967,64,8385.02,12397.19,20782.21
1967,65,9079.02,13641.2,22720.22
1967,66,9659.02,13975.22,23634.24
1967,67,10134.02,14393.22,24527.24
1967,68,10855.02,14273.22,25128.24
1967,69,11873.02,13601.2,25474.22
1967,70,12516.02,13452.2,25968.22
1967,71,13386.02,13263.2,26649.22
1967,72,14038.04,12993.2,27031.24
1967,73,14960.04,13094.2,28054.24
1967,74,15457.04,12963.2,28420.24
1967,75,15882.04,12871.2,28753.24
1967,76,16572.04,13119.2,29691.24
1967,77,16744.04,12876.19,29620.23
1967,78,16979.04,12811.18,29790.22
1967,79,17454.04,12554.18,30008.22
1967,80,16754.04,12050.18,28804.22
1967,81,16203.04,11454.16,27657.2
1967,82,15250.04,11049.16,26299.2
1967,83,14170.03,9857.14,24027.17
1967,84,13105.02,9093.14,22198.16
1967,85,11688.02,8286.119999999999,19974.14
1967,86,10252.02,6987.1,17239.120000000003
1967,87,9055.02,6017.09,15072.11
1967,88,7776.02,5174.08,12950.1
1967,89,6354.02,4170.0599999999995,10524.08
1967,90,5141.02,3446.06,8587.08
1967,91,4056.0,2684.04,6740.04
1967,92,2793.0,1753.02,4546.02
1967,93,2060.0,1286.02,3346.02
1967,94,1394.0,850.02,2244.02
1967,95,880.0,499.0,1379.0
1967,96,613.0,320.0,933.0
1967,97,409.0,190.0,599.0
1967,98,244.0,108.0,352.0
1967,99,159.0,86.0,245.0
1967,100,89.77,32.54,122.31
1968,18,300.0,855.02,1155.02
1968,19,305.0,815.02,1120.02
1968,20,270.0,774.01,1044.01
1968,21,257.0,756.01,1013.01
1968,22,234.0,629.0,863.0
1968,23,259.0,686.0,945.0
1968,24,326.0,807.01,1133.01
1968,25,303.0,774.0,1077.0
1968,26,361.0,838.02,1199.02
1968,27,401.0,940.02,1341.02
1968,28,456.0,1067.02,1523.02
1968,29,466.0,1057.02,1523.02
1968,30,473.0,957.02,1430.02
1968,31,515.0,994.02,1509.02
1968,32,539.0,953.02,1492.02
1968,33,561.0,1036.02,1597.02
1968,34,512.0,942.02,1454.02
1968,35,522.0,947.02,1469.02
1968,36,581.0,1062.02,1643.02
1968,37,654.0,1241.02,1895.02
1968,38,806.0,1337.02,2143.02
1968,39,880.0,1433.02,2313.02
1968,40,895.0,1410.02,2305.02
1968,41,996.0,1440.02,2436.02
1968,42,1166.0,1407.02,2573.02
1968,43,1300.0,1594.02,2894.02
1968,44,1394.0,1601.02,2995.02
1968,45,1524.0,1783.02,3307.02
1968,46,1880.0,2071.02,3951.02
1968,47,2132.0,2359.04,4491.04
1968,48,2262.0,2545.04,4807.04
1968,49,1390.0,1678.02,3068.02
1968,50,1352.0,1507.02,2859.02
1968,51,1583.0,1869.02,3452.02
1968,52,1895.0,2290.0299999999997,4185.030000000001
1968,53,2978.0,3608.05,6586.05
1968,54,3432.0,4390.0599999999995,7822.06
1968,55,3872.0,4979.0599999999995,8851.060000000001
1968,56,4099.0,5759.08,9858.08
1968,57,4430.0,6242.08,10672.08
1968,58,5175.02,7154.1,12329.12
1968,59,5696.02,8135.1,13831.12
1968,60,6033.02,9244.119999999999,15277.14
1968,61,6599.02,10230.130000000001,16829.15
1968,62,7188.02,11210.14,18398.16
1968,63,7726.02,12325.16,20051.18
1968,64,8471.02,12956.16,21427.18
1968,65,9305.02,14004.18,23309.2
1968,66,10339.02,15071.18,25410.2
1968,67,10803.02,15517.2,26320.22
1968,68,11481.02,15612.2,27093.22
1968,69,12559.02,15418.18,27977.2
1968,70,13555.02,14947.18,28502.2
1968,71,14333.02,14902.18,29235.2
1968,72,15345.04,14526.18,29871.22
1968,73,16345.04,14461.18,30806.22
1968,74,16931.04,14203.17,31134.21
1968,75,17409.04,13979.16,31388.2
1968,76,17907.04,13970.16,31877.2
1968,77,18313.04,14068.17,32381.21
1968,78,18411.04,13760.16,32171.2
1968,79,18464.04,13425.16,31889.2
1968,80,18724.04,13233.16,31957.2
1968,81,17762.04,12462.15,30224.19
1968,82,17204.04,11817.14,29021.18
1968,83,16054.04,11008.130000000001,27062.17
1968,84,14551.02,9696.119999999999,24247.14
1968,85,13245.02,8967.11,22212.129999999997
1968,86,11728.02,7862.1,19590.120000000003
1968,87,9984.02,6521.08,16505.1
1968,88,8660.02,5692.06,14352.08
1968,89,7434.02,4633.0599999999995,12067.08
1968,90,5966.02,3576.04,9542.060000000001
1968,91,4664.0,2855.04,7519.04
1968,92,3548.0,2090.02,5638.02
1968,93,2397.0,1518.02,3915.02
1968,94,1773.0,1001.02,2774.02
1968,95,1132.0,675.0,1807.0
1968,96,708.0,340.0,1048.0
1968,97,464.0,210.0,674.0
1968,98,301.0,123.0,424.0
1968,99,141.0,79.0,220.0
1968,100,96.78999999999999,42.86,139.65
1969,18,334.0,940.0,1274.0
1969,19,313.0,956.0,1269.0
1969,20,280.0,809.0,1089.0
1969,21,268.0,838.0,1106.0
1969,22,284.0,794.0,1078.0
1969,23,198.0,628.0,826.0
1969,24,252.0,708.0,960.0
1969,25,329.0,814.0,1143.0
1969,26,332.0,814.0,1146.0
1969,27,394.0,934.0,1328.0
1969,28,433.0,1041.0,1474.0
1969,29,478.0,1133.01,1611.01
1969,30,514.0,1093.0,1607.0
1969,31,478.0,1029.0,1507.0
1969,32,529.0,1049.0,1578.0
1969,33,556.0,1095.01,1651.01
1969,34,662.0,1142.01,1804.01
1969,35,614.0,1089.01,1703.01
1969,36,568.0,1039.0,1607.0
1969,37,679.0,1178.01,1857.01
1969,38,831.0,1359.02,2190.02
1969,39,885.0,1501.02,2386.02
1969,40,961.0,1633.02,2594.02
1969,41,1052.0,1571.02,2623.02
1969,42,1160.0,1654.02,2814.02
1969,43,1277.0,1695.02,2972.02
1969,44,1409.0,1769.02,3178.02
1969,45,1549.0,1776.02,3325.02
1969,46,1788.0,2020.02,3808.02
1969,47,2045.0,2287.02,4332.02
1969,48,2307.0,2612.02,4919.02
1969,49,2541.0,2659.02,5200.02
1969,50,1652.0,1847.02,3499.02
1969,51,1468.0,1760.02,3228.02
1969,52,1716.0,2076.02,3792.02
1969,53,2038.0,2609.02,4647.02
1969,54,3265.0,4073.04,7338.04
1969,55,3758.0,4834.04,8592.04
1969,56,4212.0,5498.04,9710.04
1969,57,4606.0,6534.06,11140.06
1969,58,5056.0,6892.06,11948.06
1969,59,5549.0,8013.06,13562.06
1969,60,6216.0,9121.08,15337.08
1969,61,6861.0,10072.08,16933.08
1969,62,7518.0,11256.09,18774.09
1969,63,7907.0,12313.1,20220.1
1969,64,8820.0,13589.12,22409.12
1969,65,9513.0,14336.12,23849.12
1969,66,10490.0,15424.12,25914.12
1969,67,11740.0,16455.129999999997,28195.13
1969,68,11859.0,16713.14,28572.14
1969,69,12929.0,16989.129999999997,29918.13
1969,70,13760.0,16307.13,30067.13
1969,71,14866.0,16077.13,30943.13
1969,72,15943.0,15729.13,31672.13
1969,73,16406.0,15094.12,31500.12
1969,74,17544.0,14649.12,32193.12
1969,75,18191.0,14618.12,32809.119999999995
1969,76,18160.0,14015.11,32175.11
1969,77,18412.0,13751.1,32163.1
1969,78,19006.0,13603.1,32609.1
1969,79,18555.0,13148.1,31703.1
1969,80,18215.0,12539.1,30754.1
1969,81,17945.0,12206.1,30151.1
1969,82,17050.0,11316.08,28366.08
1969,83,16018.0,10606.08,26624.08
1969,84,14707.0,9622.08,24329.08
1969,85,13014.0,8427.060000000001,21441.059999999998
1969,86,11791.0,7453.06,19244.059999999998
1969,87,9973.0,6269.05,16242.05
1969,88,8485.0,5312.04,13797.04
1969,89,6955.0,4316.04,11271.04
1969,90,5812.0,3626.02,9438.02
1969,91,4522.0,2749.02,7271.02
1969,92,3360.0,2094.02,5454.02
1969,93,2531.0,1479.02,4010.02
1969,94,1670.0,1017.0,2687.0
1969,95,1118.0,610.0,1728.0
1969,96,747.0,395.0,1142.0
1969,97,431.0,208.0,639.0
1969,98,257.0,126.0,383.0
1969,99,173.0,111.0,284.0
1969,100,102.73,35.519999999999996,138.25
1970,18,351.0,983.02,1334.02
1970,19,314.0,1035.02,1349.02
1970,20,356.0,947.02,1303.02
1970,21,304.0,937.02,1241.02
1970,22,242.0,858.02,1100.02
1970,23,279.0,749.02,1028.02
1970,24,218.0,623.01,841.01
1970,25,284.0,696.02,980.02
1970,26,346.0,846.02,1192.02
1970,27,369.0,887.02,1256.02
1970,28,398.0,995.02,1393.02
1970,29,463.0,1121.02,1584.02
1970,30,551.0,1178.02,1729.02
1970,31,546.0,1184.02,1730.02
1970,32,512.0,1132.02,1644.02
1970,33,511.0,1149.02,1660.02
1970,34,608.0,1253.02,1861.02
1970,35,652.0,1273.02,1925.02
1970,36,630.0,1085.02,1715.02
1970,37,643.0,1159.02,1802.02
1970,38,681.0,1339.02,2020.02
1970,39,828.0,1450.02,2278.02
1970,40,893.0,1706.03,2599.03
1970,41,979.0,1785.04,2764.04
1970,42,1098.0,1834.04,2932.04
1970,43,1255.0,1798.04,3053.04
1970,44,1400.0,1819.04,3219.04
1970,45,1454.01,1838.04,3292.05
1970,46,1671.02,1930.04,3601.06
1970,47,1946.02,2154.04,4100.0599999999995
1970,48,2303.02,2577.04,4880.0599999999995
1970,49,2560.02,2821.06,5381.08
1970,50,2667.02,3063.06,5730.08
1970,51,1754.02,2057.04,3811.06
1970,52,1507.01,1863.04,3370.05
1970,53,1737.02,2126.04,3863.06
1970,54,2212.02,2692.05,4904.07
1970,55,3444.02,4275.07,7719.09
1970,56,3927.02,5380.1,9307.119999999999
1970,57,4519.02,6159.11,10678.13
1970,58,4888.030000000001,6658.12,11546.15
1970,59,5298.04,7367.13,12665.17
1970,60,5889.04,8497.15,14386.19
1970,61,6590.04,9582.16,16172.2
1970,62,7354.04,10716.18,18070.22
1970,63,7998.05,11571.19,19569.239999999998
1970,64,8583.060000000001,12636.21,21219.27
1970,65,9382.060000000001,14312.24,23694.3
1970,66,10006.060000000001,14883.25,24889.31
1970,67,11022.07,15911.26,26933.33
1970,68,12201.07,16666.27,28867.34
1970,69,12755.08,16721.27,29476.35
1970,70,13626.08,16933.27,30559.35
1970,71,14761.09,16361.27,31122.36
1970,72,15727.09,15794.25,31521.34
1970,73,16768.1,15587.25,32355.35
1970,74,17257.1,14715.23,31972.33
1970,75,18173.11,14337.23,32510.34
1970,76,18644.11,13859.23,32503.34
1970,77,18488.11,13320.21,31808.32
1970,78,18768.11,13177.21,31945.32
1970,79,18931.120000000003,12849.2,31780.32
1970,80,18450.11,12144.19,30594.3
1970,81,17952.11,11540.18,29492.29
1970,82,17530.1,11331.18,28861.28
1970,83,16457.1,10244.16,26701.26
1970,84,14996.09,9313.15,24309.24
1970,85,13345.08,8262.130000000001,21607.21
1970,86,11606.08,7112.12,18718.2
1970,87,10330.060000000001,6227.1,16557.16
1970,88,8608.060000000001,5335.09,13943.15
1970,89,7085.04,4277.0599999999995,11362.1
1970,90,5772.04,3384.06,9156.1
1970,91,4552.02,2667.04,7219.06
1970,92,3511.02,2052.04,5563.06
1970,93,2588.02,1444.02,4032.04
1970,94,1824.02,1040.02,2864.04
1970,95,1222.0,665.02,1887.02
1970,96,810.0,411.0,1221.0
1970,97,504.0,229.0,733.0
1970,98,294.0,139.0,433.0
1970,99,160.0,77.0,237.0
1970,100,92.9,33.3,126.2
1971,18,325.0,1025.02,1350.02
1971,19,363.0,1040.02,1403.02
1971,20,325.0,1050.02,1375.02
1971,21,310.0,986.02,1296.02
1971,22,314.0,877.02,1191.02
1971,23,282.0,852.02,1134.02
1971,24,290.0,832.02,1122.02
1971,25,221.0,662.02,883.02
1971,26,292.0,778.02,1070.02
1971,27,373.0,819.02,1192.02
1971,28,324.0,837.02,1161.02
1971,29,415.0,1041.02,1456.02
1971,30,485.0,1114.02,1599.02
1971,31,555.0,1241.03,1796.03
1971,32,565.0,1217.03,1782.03
1971,33,583.0,1195.02,1778.02
1971,34,579.0,1120.02,1699.02
1971,35,695.0,1264.03,1959.03
1971,36,735.0,1254.03,1989.03
1971,37,672.0,1305.03,1977.03
1971,38,717.0,1228.03,1945.03
1971,39,720.0,1408.04,2128.04
1971,40,786.0,1643.04,2429.04
1971,41,966.0,1792.04,2758.04
1971,42,1065.0,2003.05,3068.05
1971,43,1168.0,1966.05,3134.05
1971,44,1309.0,1921.05,3230.05
1971,45,1444.0,2071.06,3515.06
1971,46,1691.0,2105.05,3796.05
1971,47,1682.0,2011.06,3693.06
1971,48,2055.0,2270.06,4325.0599999999995
1971,49,2406.02,2643.06,5049.08
1971,50,2696.02,3084.08,5780.1
1971,51,2772.02,3283.08,6055.1
1971,52,1821.0,2130.06,3951.06
1971,53,1639.0,1998.05,3637.05
1971,54,1822.0,2316.06,4138.0599999999995
1971,55,2258.01,2876.07,5134.08
1971,56,3637.02,4649.110000000001,8286.130000000001
1971,57,4244.02,5601.14,9845.16
1971,58,4762.02,6697.16,11459.18
1971,59,5099.02,7039.17,12138.19
1971,60,5485.02,7764.18,13249.2
1971,61,6428.02,8999.220000000001,15427.24
1971,62,7088.02,10044.24,17132.260000000002
1971,63,7766.04,11023.26,18789.3
1971,64,8333.04,11988.28,20321.32
1971,65,9058.04,13025.3,22083.34
1971,66,9745.04,14567.34,24312.38
1971,67,10640.04,14908.35,25548.39
1971,68,11605.04,15884.36,27489.4
1971,69,12884.06,16803.39,29687.45
1971,70,13415.06,16843.379999999997,30258.44
1971,71,14292.06,16776.379999999997,31068.44
1971,72,15228.06,16164.37,31392.43
1971,73,16194.06,15543.35,31737.41
1971,74,17104.059999999998,15231.35,32335.41
1971,75,17926.08,14394.33,32320.41
1971,76,18348.08,13809.31,32157.39
1971,77,18996.08,13635.3,32631.38
1971,78,18870.08,12802.28,31672.36
1971,79,18755.08,12662.28,31417.36
1971,80,18990.08,12560.28,31550.36
1971,81,18257.08,11532.26,29789.34
1971,82,17450.059999999998,11098.24,28548.3
1971,83,17101.059999999998,10375.23,27476.29
1971,84,15375.06,9421.21,24796.27
1971,85,13795.06,8400.18,22195.239999999998
1971,86,12149.04,7348.16,19497.2
1971,87,10695.04,6180.14,16875.18
1971,88,8765.04,5245.12,14010.16
1971,89,7492.04,4218.1,11710.14
1971,90,5743.02,3523.08,9266.1
1971,91,4739.02,2678.06,7417.08
1971,92,3679.02,2104.04,5783.06
1971,93,2653.02,1450.04,4103.0599999999995
1971,94,1894.0,1022.02,2916.02
1971,95,1274.0,725.02,1999.02
1971,96,838.0,427.0,1265.0
1971,97,526.0,270.0,796.0
1971,98,337.0,152.0,489.0
1971,99,195.0,100.0,295.0
1971,100,119.3,45.31,164.61
1972,18,343.0,1063.02,1406.02
1972,19,358.0,1057.02,1415.02
1972,20,325.0,1069.02,1394.02
1972,21,330.0,1056.02,1386.02
1972,22,310.0,985.01,1295.01
1972,23,313.0,866.01,1179.01
1972,24,275.0,775.0,1050.0
1972,25,288.0,740.0,1028.0
1972,26,218.0,602.0,820.0
1972,27,292.0,728.0,1020.0
1972,28,354.0,820.01,1174.01
1972,29,347.0,866.0,1213.0
1972,30,454.0,1051.02,1505.02
1972,31,507.0,1198.02,1705.02
1972,32,594.0,1271.02,1865.02
1972,33,635.0,1213.02,1848.02
1972,34,597.0,1237.02,1834.02
1972,35,638.0,1277.02,1915.02
1972,36,714.0,1401.02,2115.02
1972,37,765.0,1527.02,2292.02
1972,38,713.0,1386.02,2099.02
1972,39,710.0,1372.02,2082.02
1972,40,765.0,1467.02,2232.02
1972,41,960.0,1812.02,2772.02
1972,42,1070.0,1969.02,3039.02
1972,43,1148.0,2034.02,3182.02
1972,44,1216.02,2159.02,3375.04
1972,45,1326.02,2165.02,3491.04
1972,46,1588.02,2210.02,3798.04
1972,47,1747.02,2199.02,3946.04
1972,48,1903.02,2297.02,4200.04
1972,49,2093.02,2552.02,4645.04
1972,50,2476.02,3055.04,5531.06
1972,51,2834.02,3413.04,6247.06
1972,52,2975.02,3591.04,6566.06
1972,53,1956.02,2415.0299999999997,4371.05
1972,54,1775.02,2312.02,4087.04
1972,55,2001.02,2557.02,4558.04
1972,56,2416.02,3233.04,5649.06
1972,57,3939.03,4984.06,8923.09
1972,58,4453.04,6169.07,10622.11
1972,59,4986.04,7093.08,12079.12
1972,60,5645.04,7775.08,13420.12
1972,61,5783.05,8273.09,14056.14
1972,62,6983.06,9622.1,16605.16
1972,63,7645.06,10571.12,18216.18
1972,64,8321.07,11785.12,20106.190000000002
1972,65,9454.08,12857.14,22311.22
1972,66,9716.08,13848.15,23564.23
1972,67,10538.08,15268.16,25806.24
1972,68,11422.1,15815.16,27237.26
1972,69,12444.1,16734.18,29178.28
1972,70,13638.11,17589.18,31227.29
1972,71,14414.12,17422.18,31836.3
1972,72,15124.12,17058.18,32182.3
1972,73,16290.13,16479.16,32769.29
1972,74,17278.14,15986.16,33264.3
1972,75,17986.14,15493.16,33479.3
1972,76,18669.15,14287.14,32956.29
1972,77,19127.16,13625.14,32752.3
1972,78,19232.16,13297.14,32529.3
1972,79,19026.16,12727.13,31753.29
1972,80,18746.15,12009.12,30755.27
1972,81,18614.15,11695.12,30309.27
1972,82,17784.14,10707.1,28491.24
1972,83,16870.14,10171.1,27041.24
1972,84,15850.12,9457.1,25307.22
1972,85,14076.12,8224.08,22300.2
1972,86,12447.1,7182.08,19629.18
1972,87,10754.08,6243.06,16997.14
1972,88,8981.08,5125.0599999999995,14106.14
1972,89,7419.06,4320.04,11739.1
1972,90,6086.05,3397.04,9483.09
1972,91,4719.04,2631.02,7350.06
1972,92,3664.03,2068.02,5732.05
1972,93,2848.02,1479.02,4327.04
1972,94,1963.02,1075.02,3038.04
1972,95,1380.02,727.0,2107.02
1972,96,911.0,445.0,1356.0
1972,97,599.0,300.0,899.0
1972,98,350.0,174.0,524.0
1972,99,208.0,104.0,312.0
1972,100,111.21000000000001,45.44,156.65
1973,18,309.0,967.02,1276.02
1973,19,319.0,1035.02,1354.02
1973,20,320.0,978.02,1298.02
1973,21,324.0,932.02,1256.02
1973,22,288.0,949.02,1237.02
1973,23,340.0,823.02,1163.02
1973,24,296.0,777.02,1073.02
1973,25,278.0,769.02,1047.02
1973,26,307.0,687.02,994.02
1973,27,255.0,553.02,808.02
1973,28,315.0,700.02,1015.02
1973,29,369.0,831.02,1200.02
1973,30,405.0,790.02,1195.02
1973,31,422.0,1018.02,1440.02
1973,32,516.0,1165.02,1681.02
1973,33,614.0,1376.04,1990.04
1973,34,605.0,1306.02,1911.02
1973,35,621.0,1244.02,1865.02
1973,36,653.0,1352.03,2005.03
1973,37,780.0,1476.04,2256.04
1973,38,798.0,1587.04,2385.04
1973,39,762.0,1454.03,2216.0299999999997
1973,40,758.0,1472.04,2230.04
1973,41,829.0,1667.04,2496.04
1973,42,1030.0,1904.04,2934.04
1973,43,1159.0,2062.04,3221.04
1973,44,1245.0,2277.06,3522.06
1973,45,1360.0,2252.05,3612.05
1973,46,1497.0,2278.05,3775.05
1973,47,1664.0,2439.06,4103.0599999999995
1973,48,1896.0,2447.06,4343.0599999999995
1973,49,2026.0,2533.06,4559.0599999999995
1973,50,2267.02,2722.06,4989.08
1973,51,2647.02,3199.08,5846.1
1973,52,2925.02,3586.08,6511.1
1973,53,3158.02,3803.09,6961.11
1973,54,1996.0,2585.06,4581.0599999999995
1973,55,1889.0,2480.06,4369.0599999999995
1973,56,2072.0,2800.06,4872.0599999999995
1973,57,2621.01,3468.08,6089.09
1973,58,4149.02,5377.12,9526.14
1973,59,4860.02,6498.14,11358.16
1973,60,5354.02,7675.16,13029.18
1973,61,5949.02,8338.18,14287.2
1973,62,6385.02,8926.2,15311.22
1973,63,7391.04,10048.21,17439.25
1973,64,8282.04,11420.24,19702.28
1973,65,8975.04,12419.27,21394.31
1973,66,9824.04,13328.28,23152.32
1973,67,10365.04,14407.31,24772.35
1973,68,11190.04,15968.34,27158.38
1973,69,12331.05,16458.34,28789.39
1973,70,13326.06,17094.36,30420.42
1973,71,14776.06,18037.379999999997,32813.44
1973,72,15256.06,17702.36,32958.42
1973,73,16171.06,17229.36,33400.42
1973,74,17174.059999999998,16713.35,33887.41
1973,75,18165.08,15784.32,33949.4
1973,76,18559.08,15140.31,33699.39
1973,77,19257.08,14320.29,33577.369999999995
1973,78,19257.08,13333.27,32590.35
1973,79,19460.08,12817.26,32277.34
1973,80,19090.08,12252.25,31342.33
1973,81,18941.08,11737.24,30678.32
1973,82,18208.08,11042.220000000001,29250.3
1973,83,16833.059999999998,9997.2,26830.26
1973,84,15972.06,9280.18,25252.24
1973,85,14684.06,8423.17,23107.23
1973,86,12926.06,7330.14,20256.2
1973,87,11068.04,6284.13,17352.17
1973,88,9480.04,5345.1,14825.14
1973,89,7689.04,4301.08,11990.12
1973,90,6164.02,3497.08,9661.1
1973,91,5009.02,2714.06,7723.08
1973,92,3672.02,2046.04,5718.06
1973,93,2810.02,1505.04,4315.0599999999995
1973,94,2101.0,1092.02,3193.02
1973,95,1446.0,774.02,2220.02
1973,96,996.0,513.02,1509.02
1973,97,611.0,318.0,929.0
1973,98,389.0,180.0,569.0
1973,99,202.0,101.0,303.0
1973,100,138.46,59.43,197.89
1974,18,307.0,955.02,1262.02
1974,19,286.0,934.02,1220.02
1974,20,295.0,936.02,1231.02
1974,21,280.0,918.02,1198.02
1974,22,306.0,817.02,1123.02
1974,23,293.0,772.02,1065.02
1974,24,303.0,754.02,1057.02
1974,25,312.0,707.02,1019.02
1974,26,266.0,661.02,927.02
1974,27,277.0,654.02,931.02
1974,28,239.0,561.02,800.02
1974,29,320.0,686.02,1006.02
1974,30,417.0,840.02,1257.02
1974,31,434.0,869.02,1303.02
1974,32,532.0,1004.02,1536.02
1974,33,556.0,1124.02,1680.02
1974,34,669.0,1363.04,2032.04
1974,35,658.0,1324.03,1982.03
1974,36,650.0,1359.04,2009.04
1974,37,694.0,1409.04,2103.04
1974,38,758.01,1542.04,2300.05
1974,39,841.02,1690.04,2531.06
1974,40,788.01,1484.04,2272.05
1974,41,792.02,1478.04,2270.06
1974,42,916.02,1682.04,2598.06
1974,43,1123.02,2023.05,3146.07
1974,44,1221.02,2272.06,3493.08
1974,45,1386.02,2461.06,3847.08
1974,46,1483.02,2519.06,4002.08
1974,47,1654.02,2407.06,4061.08
1974,48,1861.02,2555.06,4416.08
1974,49,2003.02,2620.07,4623.09
1974,50,2094.02,2598.06,4692.08
1974,51,2477.04,3147.08,5624.12
1974,52,2781.04,3493.08,6274.12
1974,53,3044.04,3891.1,6935.14
1974,54,3441.04,4169.1,7610.14
1974,55,2115.02,2763.07,4878.09
1974,56,1920.02,2612.06,4532.08
1974,57,2191.02,2962.08,5153.1
1974,58,2854.04,3661.09,6515.13
1974,59,4204.0599999999995,5859.15,10063.21
1974,60,5225.0599999999995,6878.17,12103.23
1974,61,5941.08,7845.19,13786.27
1974,62,6304.08,8838.220000000001,15142.3
1974,63,6785.08,9390.23,16175.31
1974,64,8031.1,10792.26,18823.36
1974,65,8873.11,12033.29,20906.4
1974,66,9721.119999999999,13008.32,22729.44
1974,67,10555.119999999999,14180.34,24735.46
1974,68,11417.14,15235.36,26652.5
1974,69,12252.15,16397.379999999997,28649.53
1974,70,13158.16,16902.4,30060.56
1974,71,14142.17,17273.4,31415.57
1974,72,15519.19,18006.42,33525.61
1974,73,16421.2,17745.41,34166.61
1974,74,17101.21,17538.41,34639.619999999995
1974,75,18064.22,16375.38,34439.6
1974,76,18861.22,15473.35,34334.57
1974,77,19390.239999999998,14755.34,34145.58
1974,78,19612.239999999998,13634.31,33246.55
1974,79,19591.239999999998,12755.28,32346.52
1974,80,19752.239999999998,11965.28,31717.52
1974,81,19041.23,11507.26,30548.49
1974,82,18259.22,10492.24,28751.46
1974,83,17540.21,10142.23,27682.44
1974,84,16189.2,9132.2,25321.4
1974,85,14762.18,8200.18,22962.36
1974,86,13404.16,7243.16,20647.32
1974,87,11475.14,6037.14,17512.28
1974,88,9846.119999999999,5351.12,15197.24
1974,89,8136.1,4298.1,12434.2
1974,90,6437.08,3449.08,9886.16
1974,91,5072.0599999999995,2711.06,7783.12
1974,92,3761.04,2043.04,5804.08
1974,93,2903.04,1481.04,4384.08
1974,94,2095.02,1061.02,3156.04
1974,95,1549.02,735.02,2284.04
1974,96,1011.02,512.02,1523.04
1974,97,669.0,294.0,963.0
1974,98,404.0,161.0,565.0
1974,99,220.0,123.0,343.0
1974,100,160.54,55.65,216.19
1975,18,338.0,1066.04,1404.04
1975,19,351.0,1093.04,1444.04
1975,20,319.0,1027.03,1346.03
1975,21,301.0,938.02,1239.02
1975,22,317.0,861.02,1178.02
1975,23,320.0,823.02,1143.02
1975,24,291.0,787.02,1078.02
1975,25,324.0,716.02,1040.02
1975,26,300.0,696.02,996.02
1975,27,271.0,690.02,961.02
1975,28,286.0,717.02,1003.02
1975,29,266.0,584.02,850.02
1975,30,338.0,705.02,1043.02
1975,31,443.0,877.02,1320.02
1975,32,428.0,915.02,1343.02
1975,33,513.0,1150.04,1663.04
1975,34,616.0,1269.04,1885.04
1975,35,721.0,1371.04,2092.04
1975,36,739.0,1500.04,2239.04
1975,37,706.0,1443.04,2149.04
1975,38,810.0,1566.04,2376.04
1975,39,859.0,1658.05,2517.05
1975,40,894.0,1886.06,2780.06
1975,41,884.0,1734.05,2618.05
1975,42,874.0,1807.06,2681.06
1975,43,1042.02,2090.06,3132.08
1975,44,1191.02,2254.06,3445.08
1975,45,1300.02,2579.08,3879.1
1975,46,1428.02,2657.08,4085.1
1975,47,1519.02,2886.09,4405.110000000001
1975,48,1767.02,2755.08,4522.1
1975,49,1927.02,2855.09,4782.110000000001
1975,50,2182.02,2929.09,5111.11
1975,51,2370.02,3156.1,5526.12
1975,52,2693.02,3329.1,6022.12
1975,53,3007.04,3925.12,6932.16
1975,54,3384.04,4399.139999999999,7783.18
1975,55,3559.04,4707.139999999999,8266.18
1975,56,2345.02,3024.09,5369.11
1975,57,2065.02,2938.1,5003.12
1975,58,2407.02,3190.1,5597.12
1975,59,3069.03,4030.13,7099.16
1975,60,4857.05,6393.2,11250.25
1975,61,5637.06,7525.23,13162.29
1975,62,6274.06,8712.27,14986.33
1975,63,6969.06,9834.3,16803.36
1975,64,7712.08,10275.310000000001,17987.39
1975,65,8674.09,11663.35,20337.440000000002
1975,66,9937.1,13113.39,23050.49
1975,67,10670.1,14328.42,24998.52
1975,68,11652.12,15205.45,26857.57
1975,69,12492.12,16305.48,28797.6
1975,70,13552.13,17452.510000000002,31004.64
1975,71,14570.14,17732.510000000002,32302.65
1975,72,15749.15,18588.54,34337.69
1975,73,17258.17,18942.54,36200.71
1975,74,17816.18,18598.52,36414.7
1975,75,18855.18,18109.52,36964.7
1975,76,19615.190000000002,16637.47,36252.66
1975,77,20454.2,15744.44,36198.64
1975,78,20858.2,14973.42,35831.619999999995
1975,79,21036.2,13778.38,34814.58
1975,80,20915.2,12723.36,33638.56
1975,81,20479.2,11995.33,32474.53
1975,82,19549.18,10914.310000000001,30463.49
1975,83,18545.18,10073.27,28618.45
1975,84,17453.17,9586.26,27039.43
1975,85,15438.16,8261.23,23699.39
1975,86,13897.14,7442.2,21339.34
1975,87,12335.12,6689.18,19024.3
1975,88,10530.1,5319.15,15849.25
1975,89,8684.08,4355.12,13039.2
1975,90,6928.06,3647.1,10575.16
1975,91,5479.06,2874.08,8353.14
1975,92,4072.04,2151.06,6223.1
1975,93,3136.04,1486.04,4622.08
1975,94,2188.02,1084.03,3272.05
1975,95,1533.02,801.02,2334.04
1975,96,1066.02,527.02,1593.04
1975,97,710.0,342.01,1052.01
1975,98,430.0,211.0,641.0
1975,99,274.0,136.0,410.0
1975,100,186.51,88.26,274.77
1976,18,375.0,1097.02,1472.02
1976,19,309.0,1095.02,1404.02
1976,20,323.0,1016.02,1339.02
1976,21,344.0,929.02,1273.02
1976,22,283.0,853.02,1136.02
1976,23,302.0,826.02,1128.02
1976,24,312.0,812.02,1124.02
1976,25,293.0,776.02,1069.02
1976,26,331.0,771.02,1102.02
1976,27,303.0,694.02,997.02
1976,28,306.0,695.02,1001.02
1976,29,329.0,694.02,1023.02
1976,30,267.0,625.02,892.02
1976,31,338.0,778.02,1116.02
1976,32,433.0,930.02,1363.02
1976,33,451.0,965.02,1416.02
1976,34,534.0,1126.02,1660.02
1976,35,627.0,1294.02,1921.02
1976,36,743.0,1607.04,2350.04
1976,37,750.0,1547.04,2297.04
1976,38,824.0,1626.04,2450.04
1976,39,779.0,1706.04,2485.04
1976,40,946.0,1839.04,2785.04
1976,41,1042.0,2020.04,3062.04
1976,42,982.0,1844.04,2826.04
1976,43,945.0,1876.04,2821.04
1976,44,1082.0,2068.04,3150.04
1976,45,1198.01,2558.06,3756.07
1976,46,1420.02,2702.06,4122.08
1976,47,1573.02,2956.06,4529.08
1976,48,1741.02,2945.07,4686.09
1976,49,1860.02,2945.07,4805.09
1976,50,2104.02,3132.07,5236.09
1976,51,2275.02,3017.07,5292.09
1976,52,2447.02,3142.08,5589.1
1976,53,2770.02,3599.08,6369.1
1976,54,3193.02,4171.1,7364.12
1976,55,3518.02,4526.1,8044.12
1976,56,3726.03,4927.12,8653.15
1976,57,2441.02,3222.07,5663.09
1976,58,2282.02,3050.07,5332.09
1976,59,2669.02,3356.08,6025.1
1976,60,3227.02,4226.09,7453.11
1976,61,5002.04,6722.15,11724.19
1976,62,6023.05,8125.18,14148.23
1976,63,6793.06,9240.2,16033.26
1976,64,7351.06,9819.220000000001,17170.28
1976,65,8301.060000000001,10904.24,19205.3
1976,66,9453.08,12042.27,21495.35
1976,67,10354.08,13562.29,23916.37
1976,68,11292.1,14589.32,25881.42
1976,69,12393.1,15523.34,27916.44
1976,70,13005.1,16370.35,29375.45
1976,71,14416.12,17532.370000000003,31948.49
1976,72,15335.12,17981.379999999997,33316.5
1976,73,16605.129999999997,18329.379999999997,34934.509999999995
1976,74,17895.14,18737.39,36632.53
1976,75,18306.14,18096.379999999997,36402.520000000004
1976,76,18929.15,17220.35,36149.5
1976,77,19975.16,16125.34,36100.5
1976,78,20215.16,14910.31,35125.47
1976,79,20499.16,13625.28,34124.44
1976,80,20258.16,12810.27,33068.43
1976,81,20168.16,11800.24,31968.4
1976,82,19761.16,10709.220000000001,30470.38
1976,83,18126.14,9702.2,27828.34
1976,84,17153.14,9025.18,26178.32
1976,85,16008.12,8137.16,24145.28
1976,86,14197.12,7060.14,21257.260000000002
1976,87,12274.1,6278.12,18552.22
1976,88,10877.08,5415.110000000001,16292.19
1976,89,8706.07,4329.09,13035.16
1976,90,7192.06,3615.08,10807.14
1976,91,5600.04,2867.06,8467.1
1976,92,4316.04,2025.04,6341.08
1976,93,3134.02,1513.04,4647.0599999999995
1976,94,2261.02,1107.02,3368.04
1976,95,1600.02,767.02,2367.04
1976,96,1029.0,508.02,1537.02
1976,97,717.0,333.0,1050.0
1976,98,476.0,208.0,684.0
1976,99,280.0,135.0,415.0
1976,100,176.8,68.88,245.68
1977,18,364.0,1146.01,1510.01
1977,19,335.0,1048.01,1383.01
1977,20,319.0,1057.0,1376.0
1977,21,290.0,991.0,1281.0
1977,22,308.0,925.0,1233.0
1977,23,298.0,883.0,1181.0
1977,24,306.0,777.0,1083.0
1977,25,321.0,737.0,1058.0
1977,26,333.0,789.0,1122.0
1977,27,357.0,803.0,1160.0
1977,28,326.0,745.0,1071.0
1977,29,307.0,682.0,989.0
1977,30,325.0,725.0,1050.0
1977,31,308.0,619.0,927.0
1977,32,370.0,765.0,1135.0
1977,33,484.0,978.0,1462.0
1977,34,468.0,963.0,1431.0
1977,35,611.0,1108.01,1719.01
1977,36,665.0,1331.02,1996.02
1977,37,762.0,1674.02,2436.02
1977,38,791.0,1592.02,2383.02
1977,39,797.0,1690.02,2487.02
1977,40,915.0,1741.02,2656.02
1977,41,1007.02,1962.02,2969.04
1977,42,1054.02,2062.02,3116.04
1977,43,1027.02,1943.02,2970.04
1977,44,1019.02,1981.02,3000.04
1977,45,1190.02,2209.02,3399.04
1977,46,1294.02,2657.02,3951.04
1977,47,1483.02,2947.02,4430.04
1977,48,1567.02,3057.02,4624.04
1977,49,1752.02,3084.03,4836.05
1977,50,2012.02,3158.03,5170.05
1977,51,2173.02,3267.03,5440.05
1977,52,2451.02,3252.03,5703.05
1977,53,2537.02,3401.04,5938.06
1977,54,2744.03,3781.04,6525.07
1977,55,3303.04,4398.04,7701.08
1977,56,3605.04,4896.04,8501.08
1977,57,3949.04,5086.04,9035.08
1977,58,2531.0299999999997,3381.03,5912.06
1977,59,2288.02,3160.03,5448.05
1977,60,2617.02,3564.04,6181.06
1977,61,3339.04,4393.04,7732.08
1977,62,5232.0599999999995,6933.06,12165.12
1977,63,6280.06,8348.08,14628.14
1977,64,7117.08,9671.09,16788.17
1977,65,7790.08,10479.1,18269.18
1977,66,8587.09,11127.1,19714.190000000002
1977,67,9758.1,12254.11,22012.21
1977,68,10516.11,13490.12,24006.23
1977,69,11503.12,14856.14,26359.26
1977,70,12764.14,15799.14,28563.28
1977,71,13918.14,16431.14,30349.28
1977,72,14527.14,17512.16,32039.3
1977,73,15603.16,17926.16,33529.32
1977,74,16804.17,17742.16,34546.33
1977,75,18103.18,18055.16,36158.34
1977,76,18275.18,16976.15,35251.33
1977,77,19125.2,16167.14,35292.34
1977,78,19492.2,15064.12,34556.32
1977,79,19810.2,13830.12,33640.32
1977,80,19960.2,12642.1,32602.3
1977,81,19392.2,11576.1,30968.3
1977,82,18992.2,10577.09,29569.29
1977,83,18225.18,9579.08,27804.26
1977,84,16908.18,8494.08,25402.26
1977,85,15349.16,7633.06,22982.22
1977,86,13661.14,6896.06,20557.2
1977,87,11929.12,5929.05,17858.17
1977,88,10444.1,4980.04,15424.14
1977,89,8880.1,4163.04,13043.14
1977,90,7089.08,3350.03,10439.11
1977,91,5588.06,2605.02,8193.08
1977,92,4385.04,2021.02,6406.06
1977,93,2963.04,1480.02,4443.0599999999995
1977,94,2274.02,1089.01,3363.03
1977,95,1645.02,730.0,2375.02
1977,96,1093.02,483.0,1576.02
1977,97,692.0,306.0,998.0
1977,98,482.0,211.0,693.0
1977,99,310.0,121.0,431.0
1977,100,147.56,57.9,205.46
1978,18,345.0,1093.02,1438.02
1978,19,368.0,1091.02,1459.02
1978,20,355.0,1010.02,1365.02
1978,21,279.0,1014.02,1293.02
1978,22,297.0,946.02,1243.02
1978,23,316.0,859.02,1175.02
1978,24,354.0,773.02,1127.02
1978,25,333.0,813.02,1146.02
1978,26,293.0,772.02,1065.02
1978,27,324.0,801.02,1125.02
1978,28,347.0,756.02,1103.02
1978,29,344.0,723.02,1067.02
1978,30,350.0,731.02,1081.02
1978,31,348.0,734.02,1082.02
1978,32,315.0,628.01,943.01
1978,33,437.0,773.02,1210.02
1978,34,529.0,1053.02,1582.02
1978,35,521.0,1072.02,1593.02
1978,36,580.0,1262.02,1842.02
1978,37,684.0,1550.02,2234.02
1978,38,812.0,1776.02,2588.02
1978,39,880.0,1759.02,2639.02
1978,40,896.0,1894.03,2790.03
1978,41,936.0,1938.03,2874.03
1978,42,983.0,2062.04,3045.04
1978,43,1148.0,2340.04,3488.04
1978,44,1147.0,2139.0299999999997,3286.03
1978,45,1125.0,2289.04,3414.04
1978,46,1191.0,2502.04,3693.04
1978,47,1547.0,2880.04,4427.04
1978,48,1677.0,3289.05,4966.05
1978,49,1862.0,3491.06,5353.06
1978,50,1857.0,3453.06,5310.06
1978,51,1993.0,3495.06,5488.06
1978,52,2316.0,3538.06,5854.06
1978,53,2549.02,3595.06,6144.08
1978,54,2681.02,3647.06,6328.08
1978,55,2947.02,4081.06,7028.08
1978,56,3532.02,4724.08,8256.1
1978,57,4000.02,5403.08,9403.1
1978,58,4241.02,5579.09,9820.11
1978,59,2723.02,3650.06,6373.08
1978,60,2510.02,3434.06,5944.08
1978,61,2889.02,3992.06,6881.08
1978,62,3663.02,4870.08,8533.1
1978,63,5797.02,7824.13,13621.15
1978,64,6988.03,8964.14,15952.17
1978,65,7814.04,10283.16,18097.2
1978,66,8371.04,11240.18,19611.22
1978,67,9359.04,11754.18,21113.22
1978,68,10458.04,13266.21,23724.25
1978,69,11988.04,14452.22,26440.26
1978,70,13066.06,15723.24,28789.3
1978,71,14114.06,16378.25,30492.31
1978,72,14914.06,17206.260000000002,32120.32
1978,73,15915.06,18149.27,34064.33
1978,74,17044.07,18303.27,35347.34
1978,75,18299.08,18284.27,36583.35
1978,76,19418.08,18606.28,38024.36
1978,77,19744.08,17424.260000000002,37168.34
1978,78,20271.08,16418.239999999998,36689.32
1978,79,20598.08,15020.22,35618.3
1978,80,20675.08,13752.2,34427.28
1978,81,20932.08,12502.18,33434.259999999995
1978,82,19928.08,11050.16,30978.24
1978,83,19230.08,9953.14,29183.22
1978,84,17976.08,9037.130000000001,27013.21
1978,85,16400.059999999998,7862.12,24262.18
1978,86,14541.06,7097.1,21638.16
1978,87,12860.06,6163.09,19023.15
1978,88,10904.04,4920.08,15824.12
1978,89,9254.04,4208.0599999999995,13462.1
1978,90,7655.04,3562.06,11217.1
1978,91,5946.02,2790.04,8736.060000000001
1978,92,4616.02,2140.04,6756.06
1978,93,3440.02,1634.02,5074.04
1978,94,2502.01,1131.02,3633.03
1978,95,1760.0,740.02,2500.02
1978,96,1183.0,516.0,1699.0
1978,97,744.0,338.0,1082.0
1978,98,509.0,253.0,762.0
1978,99,312.0,126.0,438.0
1978,100,186.21,82.33,268.54
1979,18,341.0,1142.02,1483.02
1979,19,337.0,1081.02,1418.02
1979,20,313.0,1026.02,1339.02
1979,21,288.0,978.02,1266.02
1979,22,306.0,968.02,1274.02
1979,23,284.0,868.02,1152.02
1979,24,304.0,816.01,1120.01
1979,25,291.0,742.01,1033.01
1979,26,311.0,719.0,1030.0
1979,27,318.0,790.01,1108.01
1979,28,329.0,740.01,1069.01
1979,29,395.0,790.02,1185.02
1979,30,338.0,715.01,1053.01
1979,31,348.0,751.01,1099.01
1979,32,366.0,742.02,1108.02
1979,33,322.0,675.0,997.0
1979,34,402.0,795.02,1197.02
1979,35,533.0,958.02,1491.02
1979,36,538.0,1055.02,1593.02
1979,37,668.0,1335.02,2003.02
1979,38,730.0,1548.02,2278.02
1979,39,911.0,1858.02,2769.02
1979,40,917.0,1932.02,2849.02
1979,41,903.0,1999.02,2902.02
1979,42,1037.0,2003.02,3040.02
1979,43,1146.0,2275.04,3421.04
1979,44,1231.0,2481.04,3712.04
1979,45,1183.0,2349.0299999999997,3532.03
1979,46,1254.0,2328.04,3582.04
1979,47,1286.0,2720.04,4006.04
1979,48,1549.0,3023.04,4572.04
1979,49,1730.0,3495.04,5225.04
1979,50,1871.0,3721.05,5592.05
1979,51,2025.0,3742.05,5767.05
1979,52,2122.0,3739.06,5861.06
1979,53,2498.0,3714.06,6212.06
1979,54,2680.0,3863.05,6543.05
1979,55,2849.0,3948.06,6797.06
1979,56,3203.0,4448.0599999999995,7651.06
1979,57,3801.0,5278.08,9079.08
1979,58,4216.0,5584.08,9800.08
1979,59,4450.01,6064.08,10514.09
1979,60,2864.0,3944.06,6808.06
1979,61,2755.0,3584.06,6339.06
1979,62,3159.0,4213.0599999999995,7372.06
1979,63,3803.0,5265.07,9068.07
1979,64,6269.02,8037.11,14306.13
1979,65,7596.02,9423.130000000001,17019.15
1979,66,8441.02,10835.15,19276.17
1979,67,9266.02,11462.16,20728.18
1979,68,10219.02,12449.17,22668.19
1979,69,11507.02,13727.19,25234.21
1979,70,12596.02,14963.2,27559.22
1979,71,13842.02,15853.21,29695.23
1979,72,14953.03,16643.22,31596.25
1979,73,15916.04,17220.23,33136.270000000004
1979,74,17127.04,17643.23,34770.270000000004
1979,75,17895.04,18084.239999999998,35979.28
1979,76,18924.04,18008.239999999998,36932.28
1979,77,20208.04,17687.22,37895.259999999995
1979,78,20030.04,16840.22,36870.259999999995
1979,79,20529.04,15772.2,36301.240000000005
1979,80,20891.04,14254.18,35145.22
1979,81,20545.04,12706.16,33251.2
1979,82,20389.04,11557.14,31946.18
1979,83,19222.04,10170.130000000001,29392.17
1979,84,17980.04,8863.119999999999,26843.16
1979,85,16634.04,7993.1,24627.14
1979,86,14911.03,6762.09,21673.120000000003
1979,87,13232.02,6017.08,19249.1
1979,88,11475.02,5100.0599999999995,16575.08
1979,89,9308.02,4146.0599999999995,13454.08
1979,90,7602.02,3370.04,10972.06
1979,91,6339.02,2792.04,9131.060000000001
1979,92,4747.01,2134.02,6881.03
1979,93,3471.0,1583.02,5054.02
1979,94,2549.0,1078.02,3627.02
1979,95,1790.0,769.01,2559.01
1979,96,1234.0,469.0,1703.0
1979,97,857.0,324.0,1181.0
1979,98,521.0,202.0,723.0
1979,99,373.0,132.0,505.0
1979,100,217.61,91.53,309.14
1980,18,341.0,1013.02,1354.02
1980,19,323.0,1092.02,1415.02
1980,20,303.0,1061.02,1364.02
1980,21,295.0,958.01,1253.01
1980,22,289.0,871.01,1160.01
1980,23,279.0,833.01,1112.01
1980,24,260.0,798.0,1058.0
1980,25,315.0,779.0,1094.0
1980,26,301.0,742.0,1043.0
1980,27,310.0,689.0,999.0
1980,28,316.0,758.0,1074.0
1980,29,329.0,794.0,1123.0
1980,30,349.0,746.0,1095.0
1980,31,354.0,752.0,1106.0
1980,32,359.0,740.0,1099.0
1980,33,415.0,796.0,1211.0
1980,34,328.0,687.0,1015.0
1980,35,446.0,815.01,1261.01
1980,36,541.0,1059.02,1600.02
1980,37,590.0,1139.02,1729.02
1980,38,698.0,1337.02,2035.02
1980,39,829.0,1689.02,2518.02
1980,40,956.02,2060.02,3016.04
1980,41,986.02,1965.02,2951.04
1980,42,1025.02,2150.02,3175.04
1980,43,1136.02,2284.02,3420.04
1980,44,1164.02,2505.02,3669.04
1980,45,1268.02,2712.03,3980.05
1980,46,1196.02,2515.0299999999997,3711.05
1980,47,1334.02,2490.02,3824.04
1980,48,1424.02,2935.04,4359.0599999999995
1980,49,1605.02,3398.04,5003.0599999999995
1980,50,1817.02,3794.04,5611.06
1980,51,1927.02,3988.04,5915.06
1980,52,2114.02,4281.05,6395.07
1980,53,2376.02,3995.04,6371.06
1980,54,2563.02,4096.04,6659.06
1980,55,2963.03,4212.05,7175.08
1980,56,3110.04,4274.05,7384.09
1980,57,3409.04,4859.0599999999995,8268.1
1980,58,4100.04,5677.06,9777.1
1980,59,4421.04,6165.07,10586.11
1980,60,5031.05,6601.08,11632.13
1980,61,3211.04,4125.05,7336.09
1980,62,2927.03,3923.04,6850.07
1980,63,3331.04,4418.05,7749.09
1980,64,4245.04,5452.06,9697.1
1980,65,6627.07,8444.1,15071.17
1980,66,8015.08,10191.119999999999,18206.2
1980,67,9046.09,11515.13,20561.22
1980,68,10004.1,12343.14,22347.24
1980,69,10920.11,13068.14,23988.25
1980,70,12510.12,14433.16,26943.28
1980,71,13717.14,15417.16,29134.3
1980,72,14904.15,16428.18,31332.33
1980,73,16206.16,17174.18,33380.34
1980,74,16872.16,17764.2,34636.36
1980,75,18163.18,18507.2,36670.380000000005
1980,76,19201.190000000002,18186.190000000002,37387.380000000005
1980,77,20074.2,17781.190000000002,37855.39
1980,78,20967.2,17523.18,38490.380000000005
1980,79,20949.2,16625.18,37574.380000000005
1980,80,21048.2,15301.16,36349.36
1980,81,21057.2,13657.15,34714.35
1980,82,20632.2,11985.13,32617.33
1980,83,20126.2,10460.11,30586.31
1980,84,18973.190000000002,9230.1,28203.29
1980,85,17422.18,8044.08,25466.26
1980,86,15771.16,7105.08,22876.24
1980,87,13852.14,5988.06,19840.2
1980,88,11957.12,5125.0599999999995,17082.18
1980,89,10140.1,4209.04,14349.14
1980,90,8010.08,3450.04,11460.12
1980,91,6554.06,2743.0299999999997,9297.09
1980,92,5130.0599999999995,2087.02,7217.08
1980,93,3688.04,1600.02,5288.0599999999995
1980,94,2783.03,1129.02,3912.05
1980,95,1943.02,812.0,2755.02
1980,96,1291.02,503.0,1794.02
1980,97,855.01,358.0,1213.01
1980,98,542.0,221.0,763.0
1980,99,385.0,179.0,564.0
1980,100,226.78,85.57,312.35
1981,18,372.0,1060.0,1432.0
1981,19,352.0,1091.01,1443.01
1981,20,276.0,1014.0,1290.0
1981,21,300.0,936.0,1236.0
1981,22,267.0,844.0,1111.0
1981,23,275.0,818.0,1093.0
1981,24,285.0,792.0,1077.0
1981,25,265.0,757.0,1022.0
1981,26,321.0,758.0,1079.0
1981,27,302.0,710.0,1012.0
1981,28,328.0,748.0,1076.0
1981,29,344.0,804.0,1148.0
1981,30,367.0,762.0,1129.0
1981,31,386.0,783.0,1169.0
1981,32,426.0,795.0,1221.0
1981,33,348.0,759.0,1107.0
1981,34,383.0,750.0,1133.0
1981,35,358.0,698.0,1056.0
1981,36,474.0,872.0,1346.0
1981,37,610.0,1121.01,1731.01
1981,38,603.0,1267.02,1870.02
1981,39,752.0,1562.02,2314.02
1981,40,867.0,1794.02,2661.02
1981,41,1021.0,2253.02,3274.02
1981,42,1102.0,2245.02,3347.02
1981,43,1140.0,2243.02,3383.02
1981,44,1216.0,2468.02,3684.02
1981,45,1320.0,2709.02,4029.02
1981,46,1432.0,2945.02,4377.02
1981,47,1310.0,2702.02,4012.02
1981,48,1330.0,2759.02,4089.02
1981,49,1565.0,3121.02,4686.02
1981,50,1695.0,3607.04,5302.04
1981,51,2012.0,3978.04,5990.04
1981,52,2192.0,4308.04,6500.04
1981,53,2237.0,4284.04,6521.04
1981,54,2494.02,4292.04,6786.06
1981,55,2722.02,4278.04,7000.06
1981,56,3080.02,4521.04,7601.06
1981,57,3289.02,4600.04,7889.06
1981,58,3731.02,5205.04,8936.060000000001
1981,59,4230.02,6025.06,10255.08
1981,60,4940.02,6560.06,11500.08
1981,61,5217.02,6968.06,12185.08
1981,62,3359.02,4458.04,7817.06
1981,63,3138.02,4169.04,7307.06
1981,64,3568.02,4698.04,8266.060000000001
1981,65,4643.02,5999.06,10642.08
1981,66,7194.03,8985.08,16179.11
1981,67,8676.04,10529.1,19205.14
1981,68,9735.04,11805.1,21540.14
1981,69,10837.04,12546.12,23383.16
1981,70,11646.04,13281.12,24927.16
1981,71,13443.06,14920.14,28363.2
1981,72,14815.06,16034.14,30849.2
1981,73,16338.06,16643.14,32981.2
1981,74,17296.059999999998,17359.16,34655.22
1981,75,18342.08,17741.16,36083.240000000005
1981,76,19397.08,18155.16,37552.240000000005
1981,77,19889.08,18115.16,38004.240000000005
1981,78,21026.08,17774.16,38800.240000000005
1981,79,21920.08,16980.14,38900.22
1981,80,21578.08,15757.14,37335.22
1981,81,21411.08,14500.12,35911.2
1981,82,21071.08,12771.11,33842.19
1981,83,20395.08,11140.1,31535.18
1981,84,19524.08,9871.08,29395.16
1981,85,18151.08,8428.07,26579.15
1981,86,16439.059999999998,7161.06,23600.12
1981,87,14581.06,6262.06,20843.120000000003
1981,88,12462.05,5120.04,17582.09
1981,89,10588.04,4330.04,14918.08
1981,90,8727.04,3565.04,12292.08
1981,91,6993.02,2751.02,9744.04
1981,92,5503.02,2206.02,7709.04
1981,93,4130.02,1696.02,5826.04
1981,94,2981.02,1144.01,4125.030000000001
1981,95,2051.0,862.0,2913.0
1981,96,1426.0,537.0,1963.0
1981,97,892.0,351.0,1243.0
1981,98,575.0,210.0,785.0
1981,99,386.0,155.0,541.0
1981,100,233.21,99.32,332.53
1982,18,342.0,998.02,1340.02
1982,19,315.0,1084.02,1399.02
1982,20,297.0,960.02,1257.02
1982,21,305.0,961.02,1266.02
1982,22,270.0,878.02,1148.02
1982,23,286.0,859.02,1145.02
1982,24,284.0,760.02,1044.02
1982,25,281.0,800.02,1081.02
1982,26,295.0,740.02,1035.02
1982,27,311.0,732.02,1043.02
1982,28,288.0,747.02,1035.02
1982,29,326.0,757.02,1083.02
1982,30,369.0,802.02,1171.02
1982,31,407.0,804.02,1211.02
1982,32,388.0,834.02,1222.02
1982,33,427.0,779.02,1206.02
1982,34,405.0,786.02,1191.02
1982,35,443.0,805.02,1248.02
1982,36,397.0,686.02,1083.02
1982,37,493.0,975.02,1468.02
1982,38,628.0,1232.02,1860.02
1982,39,653.0,1341.04,1994.04
1982,40,819.0,1657.04,2476.04
1982,41,953.0,1977.04,2930.04
1982,42,1133.0,2354.06,3487.06
1982,43,1128.0,2346.06,3474.06
1982,44,1201.0,2457.06,3658.06
1982,45,1285.0,2602.06,3887.06
1982,46,1394.0,2739.06,4133.0599999999995
1982,47,1519.0,3106.07,4625.07
1982,48,1425.0,2899.06,4324.0599999999995
1982,49,1399.0,2899.06,4298.0599999999995
1982,50,1615.0,3350.08,4965.08
1982,51,1870.02,3829.08,5699.1
1982,52,2046.02,4228.1,6274.12
1982,53,2303.02,4651.1,6954.12
1982,54,2432.02,4637.110000000001,7069.13
1982,55,2553.02,4626.110000000001,7179.13
1982,56,2971.02,4665.110000000001,7636.13
1982,57,3321.02,4724.110000000001,8045.13
1982,58,3389.02,4969.12,8358.14
1982,59,3885.02,5560.13,9445.15
1982,60,4640.02,6278.14,10918.16
1982,61,5303.04,6854.16,12157.2
1982,62,5694.04,7409.17,13103.21
1982,63,3601.02,4685.110000000001,8286.130000000001
1982,64,3384.02,4325.1,7709.12
1982,65,3992.02,5017.12,9009.14
1982,66,4889.030000000001,6095.14,10984.17
1982,67,7829.05,9472.220000000001,17301.27
1982,68,9343.060000000001,11074.25,20417.309999999998
1982,69,10487.060000000001,12284.28,22771.34
1982,70,11515.06,13290.3,24805.36
1982,71,12411.08,13991.31,26402.39
1982,72,14252.08,15171.34,29423.42
1982,73,15853.1,16089.36,31942.46
1982,74,17016.1,16846.379999999997,33862.479999999996
1982,75,18621.11,17290.379999999997,35911.490000000005
1982,76,19005.120000000003,17714.39,36719.509999999995
1982,77,20033.120000000003,18060.39,38093.509999999995
1982,78,20520.120000000003,17346.379999999997,37866.5
1982,79,21386.120000000003,16793.370000000003,38179.490000000005
1982,80,22014.120000000003,16138.36,38152.479999999996
1982,81,21922.129999999997,14870.32,36792.45
1982,82,21240.120000000003,13417.29,34657.41
1982,83,20762.120000000003,11494.25,32256.37
1982,84,19857.120000000003,10239.220000000001,30096.34
1982,85,18320.120000000003,8642.189999999999,26962.31
1982,86,16538.1,7321.16,23859.26
1982,87,14709.09,6199.14,20908.23
1982,88,13058.08,4932.1,17990.18
1982,89,10792.06,4204.1,14996.16
1982,90,8869.060000000001,3399.08,12268.14
1982,91,7132.04,2790.06,9922.1
1982,92,5542.04,2106.04,7648.08
1982,93,4158.02,1602.04,5760.06
1982,94,3142.02,1154.02,4296.04
1982,95,2160.02,878.02,3038.04
1982,96,1475.0,542.02,2017.02
1982,97,1015.0,345.0,1360.0
1982,98,616.0,228.0,844.0
1982,99,451.0,191.0,642.0
1982,100,218.22,95.96000000000001,314.18
1983,18,337.0,1019.02,1356.02
1983,19,338.0,1024.02,1362.02
1983,20,313.0,975.02,1288.02
1983,21,290.0,956.02,1246.02
1983,22,302.0,878.02,1180.02
1983,23,288.0,826.02,1114.02
1983,24,270.0,758.02,1028.02
1983,25,274.0,726.02,1000.02
1983,26,298.0,721.02,1019.02
1983,27,293.0,740.02,1033.02
1983,28,311.0,770.02,1081.02
1983,29,326.0,752.02,1078.02
1983,30,315.0,714.02,1029.02
1983,31,341.0,809.02,1150.02
1983,32,351.0,840.02,1191.02
1983,33,380.0,788.02,1168.02
1983,34,404.0,844.02,1248.02
1983,35,449.0,788.02,1237.02
1983,36,468.0,830.02,1298.02
1983,37,385.0,791.02,1176.02
1983,38,522.0,965.02,1487.02
1983,39,657.0,1296.02,1953.02
1983,40,723.0,1382.02,2105.02
1983,41,834.0,1722.04,2556.04
1983,42,1027.0,1967.04,2994.04
1983,43,1168.0,2322.04,3490.04
1983,44,1210.0,2524.06,3734.06
1983,45,1244.0,2540.05,3784.05
1983,46,1297.0,2717.06,4014.06
1983,47,1460.0,2995.06,4455.0599999999995
1983,48,1526.0,3223.06,4749.0599999999995
1983,49,1504.0,3180.06,4684.0599999999995
1983,50,1575.0,3257.06,4832.0599999999995
1983,51,1689.0,3538.08,5227.08
1983,52,1900.0,4220.08,6120.08
1983,53,2245.0,4576.09,6821.09
1983,54,2358.0,4988.1,7346.1
1983,55,2508.0,5098.110000000001,7606.11
1983,56,2811.0,4937.1,7748.1
1983,57,3031.0,5086.1,8117.1
1983,58,3420.0,5085.11,8505.11
1983,59,3680.0,5170.11,8850.11
1983,60,4319.0,5880.12,10199.119999999999
1983,61,4895.01,6698.14,11593.15
1983,62,5592.02,7296.16,12888.18
1983,63,5995.02,7799.17,13794.19
1983,64,3952.0,5039.110000000001,8991.11
1983,65,3619.0,4593.1,8212.1
1983,66,4235.0,5227.11,9462.11
1983,67,5283.01,6196.13,11479.14
1983,68,8348.02,9935.2,18283.22
1983,69,10094.02,11591.25,21685.27
1983,70,11326.02,13070.27,24396.29
1983,71,12652.02,13582.28,26234.3
1983,72,13609.02,14147.29,27756.31
1983,73,15460.03,15460.31,30920.34
1983,74,16879.04,16265.33,33144.369999999995
1983,75,18317.04,17128.35,35445.39
1983,76,19367.04,17305.35,36672.39
1983,77,20193.04,17398.35,37591.39
1983,78,20788.04,17596.35,38384.39
1983,79,21423.04,16939.34,38362.380000000005
1983,80,22097.04,16200.32,38297.36
1983,81,22558.04,15693.32,38251.36
1983,82,21574.04,14131.28,35705.32
1983,83,21076.04,12460.25,33536.29
1983,84,20096.04,10752.21,30848.25
1983,85,18560.04,8994.18,27554.22
1983,86,17206.04,7696.16,24902.2
1983,87,15192.04,6428.13,21620.17
1983,88,13336.02,5235.1,18571.120000000003
1983,89,11366.02,4253.08,15619.1
1983,90,9253.02,3584.08,12837.1
1983,91,7561.02,2678.06,10239.08
1983,92,5911.02,2290.04,8201.060000000001
1983,93,4533.0,1685.04,6218.04
1983,94,3294.0,1182.02,4476.02
1983,95,2388.0,832.02,3220.02
1983,96,1623.0,578.02,2201.02
1983,97,1069.0,376.0,1445.0
1983,98,757.0,233.0,990.0
1983,99,466.0,169.0,635.0
1983,100,284.78,103.25,388.03
1984,18,275.0,836.02,1111.02
1984,19,324.0,879.02,1203.02
1984,20,307.0,911.02,1218.02
1984,21,282.0,844.02,1126.02
1984,22,288.0,822.02,1110.02
1984,23,245.0,744.02,989.02
1984,24,267.0,783.02,1050.02
1984,25,264.0,691.02,955.02
1984,26,269.0,690.02,959.02
1984,27,274.0,694.01,968.01
1984,28,331.0,666.01,997.01
1984,29,319.0,682.01,1001.01
1984,30,327.0,679.0,1006.0
1984,31,315.0,753.02,1068.02
1984,32,366.0,749.02,1115.02
1984,33,420.0,794.02,1214.02
1984,34,390.0,833.02,1223.02
1984,35,477.0,830.02,1307.02
1984,36,457.0,835.02,1292.02
1984,37,499.0,886.02,1385.02
1984,38,439.0,853.02,1292.02
1984,39,538.0,1026.02,1564.02
1984,40,693.0,1332.02,2025.02
1984,41,757.0,1402.02,2159.02
1984,42,907.0,1701.03,2608.0299999999997
1984,43,1029.0,2124.04,3153.04
1984,44,1243.0,2451.04,3694.04
1984,45,1275.0,2629.04,3904.04
1984,46,1297.0,2718.04,4015.04
1984,47,1371.0,3022.04,4393.04
1984,48,1539.0,3128.05,4667.05
1984,49,1653.0,3384.06,5037.0599999999995
1984,50,1579.0,3314.05,4893.05
1984,51,1563.0,3231.06,4794.0599999999995
1984,52,1839.0,3668.06,5507.06
1984,53,2069.0,4326.07,6395.07
1984,54,2158.0,4860.08,7018.08
1984,55,2429.0,5197.08,7626.08
1984,56,2770.0,5307.09,8077.09
1984,57,2889.0,5199.09,8088.09
1984,58,3364.0,5384.09,8748.09
1984,59,3666.0,5437.09,9103.09
1984,60,3874.0,5347.09,9221.09
1984,61,4424.0,6201.1,10625.1
1984,62,5350.0,7132.12,12482.12
1984,63,5850.0,7914.13,13764.13
1984,64,6450.0,8097.13,14547.13
1984,65,4037.0,5253.09,9290.09
1984,66,3795.0,4764.08,8559.08
1984,67,4398.0,5468.1,9866.1
1984,68,5667.0,6647.11,12314.11
1984,69,9007.0,10035.17,19042.17
1984,70,10496.0,11939.2,22435.2
1984,71,12089.0,13346.22,25435.22
1984,72,12987.0,14091.23,27078.23
1984,73,14374.0,14398.23,28772.23
1984,74,16296.0,15237.25,31533.25
1984,75,17754.0,16375.26,34129.259999999995
1984,76,18562.0,16636.27,35198.270000000004
1984,77,19808.0,16878.260000000002,36686.259999999995
1984,78,20373.0,16737.27,37110.270000000004
1984,79,20988.0,17020.27,38008.270000000004
1984,80,21407.0,15976.25,37383.25
1984,81,21785.0,15298.24,37083.240000000005
1984,82,21912.0,14089.22,36001.22
1984,83,20905.0,12628.2,33533.2
1984,84,19979.0,11056.18,31035.18
1984,85,18743.0,9447.15,28190.15
1984,86,17284.0,7798.12,25082.12
1984,87,15566.0,6531.1,22097.1
1984,88,13627.0,5323.08,18950.08
1984,89,11445.0,4366.07,15811.07
1984,90,9553.0,3453.06,13006.06
1984,91,7432.0,2776.04,10208.04
1984,92,6144.0,2148.04,8292.04
1984,93,4661.0,1635.02,6296.02
1984,94,3271.0,1172.02,4443.02
1984,95,2351.0,863.02,3214.02
1984,96,1654.0,551.0,2205.0
1984,97,1093.0,343.0,1436.0
1984,98,744.0,245.0,989.0
1984,99,451.0,158.0,609.0
1984,100,265.71,110.4,376.11
1985,18,258.0,710.0,968.0
1985,19,258.0,776.0,1034.0
1985,20,265.0,774.0,1039.0
1985,21,271.0,777.0,1048.0
1985,22,268.0,826.0,1094.0
1985,23,262.0,731.0,993.0
1985,24,263.0,751.0,1014.0
1985,25,253.0,705.0,958.0
1985,26,292.0,673.0,965.0
1985,27,274.0,659.0,933.0
1985,28,280.0,675.0,955.0
1985,29,291.0,689.0,980.0
1985,30,311.0,697.0,1008.0
1985,31,319.0,766.0,1085.0
1985,32,359.0,716.0,1075.0
1985,33,390.0,762.0,1152.0
1985,34,411.0,886.0,1297.0
1985,35,466.0,883.0,1349.0
1985,36,463.0,835.0,1298.0
1985,37,482.0,883.0,1365.0
1985,38,501.0,988.0,1489.0
1985,39,458.0,816.0,1274.0
1985,40,605.0,1119.0,1724.0
1985,41,768.0,1389.01,2157.01
1985,42,757.0,1540.02,2297.02
1985,43,964.0,1958.02,2922.02
1985,44,1100.0,2214.02,3314.02
1985,45,1340.0,2832.02,4172.02
1985,46,1429.0,2859.02,4288.02
1985,47,1376.0,2923.02,4299.02
1985,48,1545.0,3211.02,4756.02
1985,49,1682.0,3374.02,5056.02
1985,50,1826.0,3799.02,5625.02
1985,51,1689.0,3593.02,5282.02
1985,52,1677.0,3565.02,5242.02
1985,53,1901.0,3945.02,5846.02
1985,54,2196.0,4799.04,6995.04
1985,55,2435.0,5284.04,7719.04
1985,56,2647.02,5775.04,8422.060000000001
1985,57,2863.02,5607.04,8470.060000000001
1985,58,3126.02,5515.04,8641.060000000001
1985,59,3633.02,5673.04,9306.060000000001
1985,60,4010.02,5756.04,9766.060000000001
1985,61,4306.02,5986.04,10292.060000000001
1985,62,4696.02,6483.04,11179.06
1985,63,5727.02,7652.06,13379.08
1985,64,6447.02,8180.06,14627.08
1985,65,6920.02,8571.060000000001,15491.08
1985,66,4386.02,5597.04,9983.060000000001
1985,67,4142.02,5125.04,9267.060000000001
1985,68,4698.02,5702.04,10400.060000000001
1985,69,6234.02,6976.05,13210.07
1985,70,9650.04,10594.07,20244.11
1985,71,11591.04,12516.09,24107.13
1985,72,13209.06,13821.1,27030.16
1985,73,14388.06,14325.1,28713.16
1985,74,15414.06,15023.11,30437.17
1985,75,17400.07,16083.11,33483.18
1985,76,18857.08,16711.120000000003,35568.2
1985,77,20034.08,16858.120000000003,36892.2
1985,78,20882.08,16813.120000000003,37695.2
1985,79,21548.08,17027.120000000003,38575.2
1985,80,22106.08,16457.11,38563.19
1985,81,22241.09,15821.1,38062.19
1985,82,22322.09,14625.1,36947.19
1985,83,22374.08,13477.09,35851.17
1985,84,20895.08,11811.08,32706.16
1985,85,19741.08,10188.060000000001,29929.14
1985,86,18339.08,8546.060000000001,26885.14
1985,87,16623.059999999998,7081.04,23704.1
1985,88,14466.06,5836.04,20302.1
1985,89,12270.06,4517.030000000001,16787.09
1985,90,10366.04,3600.02,13966.06
1985,91,8588.04,2907.02,11495.06
1985,92,6516.02,2222.02,8738.04
1985,93,4988.02,1739.02,6727.04
1985,94,3743.02,1285.0,5028.02
1985,95,2643.02,828.0,3471.02
1985,96,1787.0,599.0,2386.0
1985,97,1233.0,404.0,1637.0
1985,98,794.0,256.0,1050.0
1985,99,500.0,143.0,643.0
1985,100,293.85,94.53,388.38
1986,18,255.0,668.0,923.0
1986,19,245.0,766.0,1011.0
1986,20,248.0,822.0,1070.0
1986,21,274.0,767.0,1041.0
1986,22,221.0,760.0,981.0
1986,23,251.0,710.0,961.0
1986,24,286.0,706.0,992.0
1986,25,255.0,692.0,947.0
1986,26,256.0,685.0,941.0
1986,27,287.0,666.0,953.0
1986,28,301.0,669.0,970.0
1986,29,271.0,696.0,967.0
1986,30,327.0,726.0,1053.0
1986,31,313.0,703.0,1016.0
1986,32,364.0,748.0,1112.0
1986,33,354.0,756.0,1110.0
1986,34,427.0,853.0,1280.0
1986,35,401.0,875.0,1276.0
1986,36,476.0,974.0,1450.0
1986,37,517.0,954.0,1471.0
1986,38,542.0,965.0,1507.0
1986,39,529.0,984.0,1513.0
1986,40,474.0,893.0,1367.0
1986,41,632.0,1185.0,1817.0
1986,42,837.0,1490.0,2327.0
1986,43,805.0,1711.0,2516.0
1986,44,1112.0,2032.0,3144.0
1986,45,1251.0,2482.0,3733.0
1986,46,1429.0,2964.0,4393.0
1986,47,1497.0,3063.0,4560.0
1986,48,1548.0,3138.0,4686.0
1986,49,1645.0,3356.0,5001.0
1986,50,1839.0,3740.0,5579.0
1986,51,1880.0,4119.0,5999.0
1986,52,1788.0,3741.0,5529.0
1986,53,1756.0,3875.0,5631.0
1986,54,2039.0,4286.0,6325.0
1986,55,2364.0,4981.0,7345.0
1986,56,2627.0,5697.0,8324.0
1986,57,2781.0,5972.0,8753.0
1986,58,3080.0,6105.0,9185.0
1986,59,3251.0,5831.0,9082.0
1986,60,3931.0,6139.0,10070.0
1986,61,4240.0,6084.0,10324.0
1986,62,4602.0,6215.0,10817.0
1986,63,5196.0,6944.0,12140.0
1986,64,6130.0,7841.0,13971.0
1986,65,7083.0,8642.0,15725.0
1986,66,7427.0,8986.0,16413.0
1986,67,4757.0,5646.0,10403.0
1986,68,4482.0,5253.0,9735.0
1986,69,5339.0,5892.0,11231.0
1986,70,6811.0,7339.0,14150.0
1986,71,10697.0,11131.0,21828.0
1986,72,12802.0,12895.0,25697.0
1986,73,14215.0,14351.0,28566.0
1986,74,15497.0,14708.0,30205.0
1986,75,16525.0,14902.0,31427.0
1986,76,18398.0,15833.0,34231.0
1986,77,20261.0,16395.0,36656.0
1986,78,20961.0,16489.0,37450.0
1986,79,21892.0,16528.0,38420.0
1986,80,22192.0,16023.0,38215.0
1986,81,22609.0,15767.0,38376.0
1986,82,22394.0,14811.0,37205.0
1986,83,22000.0,13690.0,35690.0
1986,84,21710.0,12237.0,33947.0
1986,85,20250.0,10531.0,30781.0
1986,86,18567.0,9092.0,27659.0
1986,87,16794.0,7510.0,24304.0
1986,88,15248.0,5977.0,21225.0
1986,89,13035.0,4684.0,17719.0
1986,90,10985.0,3733.0,14718.0
1986,91,8889.0,2874.0,11763.0
1986,92,6819.0,2143.0,8962.0
1986,93,5447.0,1765.0,7212.0
1986,94,3962.0,1269.0,5231.0
1986,95,2900.0,861.0,3761.0
1986,96,1937.0,597.0,2534.0
1986,97,1295.0,359.0,1654.0
1986,98,851.0,245.0,1096.0
1986,99,570.0,176.0,746.0
1986,100,363.36,125.97,489.33
1987,18,231.0,623.0,854.0
1987,19,242.0,704.0,946.0
1987,20,233.0,703.0,936.0
1987,21,246.0,710.0,956.0
1987,22,261.0,715.0,976.0
1987,23,244.0,727.0,971.0
1987,24,277.0,730.0,1007.0
1987,25,248.0,730.0,978.0
1987,26,272.0,696.0,968.0
1987,27,283.0,703.0,986.0
1987,28,259.0,659.0,918.0
1987,29,236.0,693.0,929.0
1987,30,305.0,719.0,1024.0
1987,31,335.0,735.0,1070.0
1987,32,362.0,806.0,1168.0
1987,33,365.0,750.0,1115.0
1987,34,402.0,788.0,1190.0
1987,35,431.0,913.0,1344.0
1987,36,436.0,948.0,1384.0
1987,37,511.0,1011.0,1522.0
1987,38,508.0,1006.0,1514.0
1987,39,542.0,1056.0,1598.0
1987,40,587.0,1031.0,1618.0
1987,41,494.0,1017.0,1511.0
1987,42,689.0,1315.0,2004.0
1987,43,887.0,1632.0,2519.0
1987,44,894.0,1744.0,2638.0
1987,45,1125.0,2208.0,3333.0
1987,46,1407.0,2616.0,4023.0
1987,47,1511.0,3208.0,4719.0
1987,48,1640.0,3338.0,4978.0
1987,49,1624.0,3386.0,5010.0
1987,50,1726.0,3665.0,5391.0
1987,51,1887.0,3966.0,5853.0
1987,52,1999.0,4393.0,6392.0
1987,53,1867.0,4109.0,5976.0
1987,54,1927.0,4226.0,6153.0
1987,55,2049.0,4737.0,6786.0
1987,56,2505.0,5388.0,7893.0
1987,57,2797.0,5966.0,8763.0
1987,58,3026.0,6365.0,9391.0
1987,59,3221.0,6607.0,9828.0
1987,60,3531.0,6324.0,9855.0
1987,61,4120.0,6499.0,10619.0
1987,62,4586.0,6502.0,11088.0
1987,63,4946.0,6559.0,11505.0
1987,64,5586.0,7176.0,12762.0
1987,65,6557.0,8361.0,14918.0
1987,66,7381.0,9046.0,16427.0
1987,67,7916.0,9258.0,17174.0
1987,68,5160.0,5873.0,11033.0
1987,69,4644.0,5452.0,10096.0
1987,70,5501.0,6204.0,11705.0
1987,71,7008.0,7475.0,14483.0
1987,72,11007.0,11331.0,22338.0
1987,73,12986.0,12904.0,25890.0
1987,74,14745.0,14034.0,28779.0
1987,75,16037.0,14867.0,30904.0
1987,76,17207.0,14872.0,32079.0
1987,77,18922.0,15433.0,34355.0
1987,78,20481.0,15690.0,36171.0
1987,79,21122.0,15826.0,36948.0
1987,80,22110.0,15521.0,37631.0
1987,81,21867.0,15157.0,37024.0
1987,82,21729.0,14663.0,36392.0
1987,83,21513.0,13420.0,34933.0
1987,84,21180.0,12018.0,33198.0
1987,85,20391.0,10784.0,31175.0
1987,86,18554.0,9258.0,27812.0
1987,87,16873.0,7682.0,24555.0
1987,88,14961.0,6300.0,21261.0
1987,89,12922.0,4832.0,17754.0
1987,90,10946.0,3843.0,14789.0
1987,91,8922.0,2934.0,11856.0
1987,92,7159.0,2212.0,9371.0
1987,93,5556.0,1679.0,7235.0
1987,94,4183.0,1202.0,5385.0
1987,95,2899.0,841.0,3740.0
1987,96,1929.0,579.0,2508.0
1987,97,1371.0,385.0,1756.0
1987,98,885.0,256.0,1141.0
1987,99,593.0,171.0,764.0
1987,100,376.15999999999997,127.25,503.40999999999997
1988,18,182.0,574.0,756.0
1988,19,221.0,625.0,846.0
1988,20,241.0,707.0,948.0
1988,21,237.0,680.0,917.0
1988,22,244.0,722.0,966.0
1988,23,264.0,741.0,1005.0
1988,24,278.0,753.0,1031.0
1988,25,278.0,694.0,972.0
1988,26,260.0,724.0,984.0
1988,27,273.0,677.0,950.0
1988,28,269.0,691.0,960.0
1988,29,295.0,781.0,1076.0
1988,30,308.0,747.0,1055.0
1988,31,349.0,791.0,1140.0
1988,32,339.0,830.0,1169.0
1988,33,373.0,804.0,1177.0
1988,34,403.0,825.0,1228.0
1988,35,406.0,878.0,1284.0
1988,36,496.0,953.0,1449.0
1988,37,493.0,1020.0,1513.0
1988,38,597.0,1123.0,1720.0
1988,39,619.0,1173.0,1792.0
1988,40,613.0,1080.0,1693.0
1988,41,617.0,1221.0,1838.0
1988,42,552.0,1063.0,1615.0
1988,43,785.0,1325.0,2110.0
1988,44,938.0,1845.0,2783.0
1988,45,1051.0,1960.0,3011.0
1988,46,1225.0,2540.0,3765.0
1988,47,1444.0,3065.0,4509.0
1988,48,1723.0,3502.0,5225.0
1988,49,1724.0,3539.0,5263.0
1988,50,1827.0,3776.0,5603.0
1988,51,1904.0,3891.0,5795.0
1988,52,2015.0,4281.0,6296.0
1988,53,2203.0,4817.0,7020.0
1988,54,2083.0,4530.0,6613.0
1988,55,2037.0,4455.0,6492.0
1988,56,2329.0,4914.0,7243.0
1988,57,2509.0,5844.0,8353.0
1988,58,3029.0,6321.0,9350.0
1988,59,3192.0,6890.0,10082.0
1988,60,3556.0,6968.0,10524.0
1988,61,3824.0,6826.0,10650.0
1988,62,4409.0,6980.0,11389.0
1988,63,4774.01,6914.0,11688.01
1988,64,5065.02,6842.0,11907.02
1988,65,5919.02,7681.0,13600.02
1988,66,6986.02,8813.0,15799.02
1988,67,7939.02,9561.0,17500.02
1988,68,8630.02,9868.0,18498.02
1988,69,5556.02,6201.0,11757.02
1988,70,5064.01,5615.0,10679.01
1988,71,5976.02,6396.0,12372.02
1988,72,7551.02,7739.0,15290.02
1988,73,11956.02,11501.0,23457.02
1988,74,14335.02,13143.0,27478.02
1988,75,15580.04,14254.0,29834.04
1988,76,17107.04,14795.0,31902.04
1988,77,18132.04,14826.0,32958.04
1988,78,19881.04,15488.0,35369.04
1988,79,21234.04,15542.0,36776.04
1988,80,21876.04,15403.0,37279.04
1988,81,22865.04,15064.0,37929.04
1988,82,22095.04,14302.0,36397.04
1988,83,21669.04,13672.0,35341.04
1988,84,21353.04,12355.0,33708.04
1988,85,20330.04,11112.0,31442.04
1988,86,19391.04,9618.0,29009.04
1988,87,17493.04,7948.0,25441.04
1988,88,15438.04,6710.0,22148.04
1988,89,13374.02,5104.0,18478.02
1988,90,11495.02,4125.0,15620.02
1988,91,9310.02,3092.0,12402.02
1988,92,7591.02,2320.0,9911.02
1988,93,5840.02,1756.0,7596.02
1988,94,4323.01,1221.0,5544.01
1988,95,3293.0,881.0,4174.0
1988,96,2216.0,602.0,2818.0
1988,97,1495.0,399.0,1894.0
1988,98,960.0,257.0,1217.0
1988,99,672.0,174.0,846.0
1988,100,424.21,113.92,538.13
1989,18,222.0,520.0,742.0
1989,19,227.0,573.0,800.0
1989,20,260.0,649.0,909.0
1989,21,207.0,686.0,893.0
1989,22,247.0,688.0,935.0
1989,23,255.0,682.0,937.0
1989,24,260.0,682.0,942.0
1989,25,241.0,719.0,960.0
1989,26,243.0,728.0,971.0
1989,27,260.0,681.0,941.0
1989,28,288.0,737.0,1025.0
1989,29,335.0,776.0,1111.0
1989,30,320.0,757.0,1077.0
1989,31,341.0,765.0,1106.0
1989,32,403.0,819.0,1222.0
1989,33,408.0,853.0,1261.0
1989,34,419.0,914.0,1333.0
1989,35,447.0,936.0,1383.0
1989,36,503.0,1014.0,1517.0
1989,37,509.0,1051.0,1560.0
1989,38,588.0,1107.0,1695.0
1989,39,614.0,1147.0,1761.0
1989,40,635.0,1338.0,1973.0
1989,41,655.0,1199.0,1854.0
1989,42,736.0,1372.0,2108.0
1989,43,592.0,1155.0,1747.0
1989,44,778.0,1558.0,2336.0
1989,45,1003.0,1957.0,2960.0
1989,46,1044.0,2210.0,3254.0
1989,47,1269.0,2707.0,3976.0
1989,48,1574.0,3090.0,4664.0
1989,49,1825.0,3806.0,5631.0
1989,50,1858.0,3986.0,5844.0
1989,51,1923.0,4018.0,5941.0
1989,52,2019.0,4224.0,6243.0
1989,53,2212.0,4629.0,6841.0
1989,54,2378.0,5082.0,7460.0
1989,55,2184.0,4811.0,6995.0
1989,56,2259.0,4918.0,7177.0
1989,57,2430.0,5436.0,7866.0
1989,58,2904.0,6029.0,8933.0
1989,59,3182.0,6762.0,9944.0
1989,60,3409.0,7223.0,10632.0
1989,61,3831.0,7449.0,11280.0
1989,62,4183.0,7170.0,11353.0
1989,63,4681.0,7386.0,12067.0
1989,64,5140.0,7260.0,12400.0
1989,65,5652.0,7483.0,13135.0
1989,66,6256.0,8122.0,14378.0
1989,67,7502.0,9195.0,16697.0
1989,68,8597.0,9875.0,18472.0
1989,69,9107.0,10323.0,19430.0
1989,70,5987.0,6471.0,12458.0
1989,71,5545.0,5731.0,11276.0
1989,72,6455.0,6515.0,12970.0
1989,73,8059.0,7964.0,16023.0
1989,74,12654.0,11720.0,24374.0
1989,75,15173.0,13407.0,28580.0
1989,76,16900.0,14549.0,31449.0
1989,77,17710.0,14787.0,32497.0
1989,78,19214.0,14946.0,34160.0
1989,79,20881.0,14997.0,35878.0
1989,80,22111.0,15386.0,37497.0
1989,81,22797.0,14946.0,37743.0
1989,82,22871.0,14326.0,37197.0
1989,83,22304.0,13566.0,35870.0
1989,84,21772.0,12697.0,34469.0
1989,85,21013.0,11495.0,32508.0
1989,86,19865.0,10030.0,29895.0
1989,87,18595.0,8687.0,27282.0
1989,88,16199.0,7111.0,23310.0
1989,89,14227.0,5738.0,19965.0
1989,90,12185.0,4540.0,16725.0
1989,91,10176.0,3363.0,13539.0
1989,92,8234.0,2534.0,10768.0
1989,93,6465.0,1874.0,8339.0
1989,94,4813.0,1302.0,6115.0
1989,95,3558.0,944.0,4502.0
1989,96,2468.0,657.0,3125.0
1989,97,1618.0,452.0,2070.0
1989,98,1119.0,270.0,1389.0
1989,99,714.0,204.0,918.0
1989,100,433.67,138.95,572.62
1990,18,168.0,570.0,738.0
1990,19,209.0,621.0,830.0
1990,20,231.0,637.0,868.0
1990,21,228.0,760.0,988.0
1990,22,252.0,741.0,993.0
1990,23,280.0,757.0,1037.0
1990,24,271.0,695.0,966.0
1990,25,289.0,808.0,1097.0
1990,26,264.0,791.0,1055.0
1990,27,282.0,779.0,1061.0
1990,28,273.0,798.0,1071.0
1990,29,348.0,866.0,1214.0
1990,30,342.0,907.0,1249.0
1990,31,360.0,818.0,1178.0
1990,32,357.0,914.0,1271.0
1990,33,364.0,1000.0,1364.0
1990,34,441.0,988.0,1429.0
1990,35,465.0,1055.0,1520.0
1990,36,552.0,1023.0,1575.0
1990,37,568.0,1193.0,1761.0
1990,38,599.0,1211.0,1810.0
1990,39,677.0,1303.0,1980.0
1990,40,739.0,1385.0,2124.0
1990,41,710.0,1367.0,2077.0
1990,42,731.0,1456.0,2187.0
1990,43,739.0,1531.0,2270.0
1990,44,703.0,1292.0,1995.0
1990,45,912.0,1786.0,2698.0
1990,46,1146.0,2334.01,3480.01
1990,47,1203.0,2402.01,3605.01
1990,48,1450.0,2978.02,4428.02
1990,49,1668.0,3561.03,5229.03
1990,50,1907.02,4270.04,6177.06
1990,51,1960.02,4335.04,6295.06
1990,52,2025.02,4369.04,6394.06
1990,53,2146.02,4874.04,7020.06
1990,54,2363.02,5165.04,7528.06
1990,55,2558.02,5787.04,8345.06
1990,56,2397.02,5235.04,7632.06
1990,57,2458.02,5223.04,7681.06
1990,58,2693.02,5801.04,8494.06
1990,59,3115.02,6801.06,9916.08
1990,60,3545.02,7534.06,11079.08
1990,61,3864.02,8030.06,11894.08
1990,62,4166.02,7886.06,12052.08
1990,63,4558.02,7794.06,12352.08
1990,64,5248.04,7856.06,13104.1
1990,65,5679.04,7995.06,13674.1
1990,66,6230.04,7964.06,14194.1
1990,67,6960.04,8663.06,15623.1
1990,68,8415.05,9867.06,18282.11
1990,69,9321.06,10647.08,19968.14
1990,70,10155.06,11004.07,21159.13
1990,71,6376.04,6935.06,13311.1
1990,72,5982.04,6054.05,12036.09
1990,73,6829.04,6824.06,13653.1
1990,74,8730.05,8103.06,16833.11
1990,75,13821.08,11973.08,25794.16
1990,76,16395.1,13824.09,30219.19
1990,77,18265.11,14941.11,33206.22
1990,78,19408.12,15012.11,34420.23
1990,79,20215.12,14833.11,35048.23
1990,80,22230.13,15290.11,37520.24
1990,81,23193.14,15040.12,38233.26
1990,82,23549.14,14370.1,37919.24
1990,83,23359.14,13918.1,37277.24
1990,84,22731.14,12720.09,35451.23
1990,85,21564.13,11863.08,33427.21
1990,86,20667.12,10390.07,31057.19
1990,87,19038.12,8991.06,28029.18
1990,88,17742.12,7590.06,25332.18
1990,89,15211.1,6031.05,21242.15
1990,90,13068.08,4855.03,17923.11
1990,91,11040.08,3607.02,14647.1
1990,92,8905.06,2675.02,11580.08
1990,93,7069.04,2007.01,9076.05
1990,94,5295.04,1442.0,6737.04
1990,95,3952.02,1001.0,4953.02
1990,96,2796.02,710.0,3506.02
1990,97,1819.02,474.0,2293.02
1990,98,1177.0,307.0,1484.0
1990,99,793.0,245.0,1038.0
1990,100,526.0,170.0,696.0
1991,18,187.0,464.0,651.0
1991,19,224.0,599.0,823.0
1991,20,206.0,630.0,836.0
1991,21,223.0,665.0,888.0
1991,22,202.0,745.0,947.0
1991,23,231.0,764.0,995.0
1991,24,244.0,786.0,1030.0
1991,25,272.0,811.0,1083.0
1991,26,281.0,852.0,1133.0
1991,27,272.0,912.0,1184.0
1991,28,310.0,885.0,1195.0
1991,29,341.0,929.0,1270.0
1991,30,359.0,924.0,1283.0
1991,31,358.0,993.0,1351.0
1991,32,425.0,998.0,1423.0
1991,33,422.0,985.0,1407.0
1991,34,465.0,1039.0,1504.0
1991,35,464.0,1096.0,1560.0
1991,36,545.0,1147.0,1692.0
1991,37,560.0,1272.0,1832.0
1991,38,597.0,1322.0,1919.0
1991,39,632.0,1319.0,1951.0
1991,40,726.0,1497.0,2223.0
1991,41,764.0,1593.0,2357.0
1991,42,759.0,1597.0,2356.0
1991,43,789.0,1565.0,2354.0
1991,44,817.0,1701.0,2518.0
1991,45,763.0,1551.0,2314.0
1991,46,1026.0,1928.0,2954.0
1991,47,1237.0,2447.0,3684.0
1991,48,1363.0,2656.0,4019.0
1991,49,1463.0,3316.0,4779.0
1991,50,1799.0,4038.0,5837.0
1991,51,2197.0,4582.0,6779.0
1991,52,2148.0,4664.0,6812.0
1991,53,2211.0,4919.0,7130.0
1991,54,2483.0,5046.0,7529.0
1991,55,2533.0,5359.0,7892.0
1991,56,2671.0,6026.0,8697.0
1991,57,2527.0,5636.0,8163.0
1991,58,2604.0,5600.0,8204.0
1991,59,2842.0,6271.0,9113.0
1991,60,3357.0,7334.0,10691.0
1991,61,3816.0,7908.0,11724.0
1991,62,4168.0,8501.0,12669.0
1991,63,4547.0,8550.0,13097.0
1991,64,4899.0,8249.0,13148.0
1991,65,5580.0,8276.0,13856.0
1991,66,6205.0,8417.0,14622.0
1991,67,6668.0,8166.0,14834.0
1991,68,7472.0,8930.0,16402.0
1991,69,8921.0,10107.0,19028.0
1991,70,9976.0,10903.0,20879.0
1991,71,10676.0,11101.0,21777.0
1991,72,6765.0,7045.0,13810.0
1991,73,6471.0,6160.0,12631.0
1991,74,7396.0,6863.0,14259.0
1991,75,9283.0,8344.0,17627.0
1991,76,14553.0,12396.0,26949.0
1991,77,16981.0,13773.0,30754.0
1991,78,19038.0,14855.0,33893.0
1991,79,20109.0,14717.0,34826.0
1991,80,20868.0,14283.0,35151.0
1991,81,22433.0,14452.0,36885.0
1991,82,23559.0,14418.0,37977.0
1991,83,23569.0,13653.0,37222.0
1991,84,23241.0,12702.0,35943.0
1991,85,21945.0,11712.0,33657.0
1991,86,20691.0,10533.0,31224.0
1991,87,19120.0,9110.0,28230.0
1991,88,17524.0,7789.0,25313.0
1991,89,15822.0,6359.0,22181.0
1991,90,13126.0,5022.0,18148.0
1991,91,11073.0,3808.0,14881.0
1991,92,8905.0,2913.0,11818.0
1991,93,7149.0,2076.0,9225.0
1991,94,5531.0,1468.0,6999.0
1991,95,4086.0,1024.0,5110.0
1991,96,2876.0,650.0,3526.0
1991,97,1956.0,473.0,2429.0
1991,98,1299.0,272.0,1571.0
1991,99,934.0,243.0,1177.0
1991,100,592.0,183.0,775.0
1992,18,158.0,444.0,602.0
1992,19,190.0,556.0,746.0
1992,20,189.0,579.0,768.0
1992,21,180.0,653.0,833.0
1992,22,216.0,696.0,912.0
1992,23,216.0,723.0,939.0
1992,24,272.0,671.0,943.0
1992,25,256.0,781.0,1037.0
1992,26,284.0,816.0,1100.0
1992,27,269.0,806.0,1075.0
1992,28,352.0,839.0,1191.0
1992,29,332.0,923.0,1255.0
1992,30,368.0,926.0,1294.0
1992,31,337.0,981.0,1318.0
1992,32,362.0,972.0,1334.0
1992,33,396.0,1045.0,1441.0
1992,34,461.0,1083.0,1544.0
1992,35,482.0,1139.0,1621.0
1992,36,512.0,1129.0,1641.0
1992,37,545.0,1183.0,1728.0
1992,38,556.0,1317.0,1873.0
1992,39,639.0,1387.0,2026.0
1992,40,664.0,1484.0,2148.0
1992,41,770.0,1636.0,2406.0
1992,42,858.0,1600.0,2458.0
1992,43,862.0,1791.0,2653.0
1992,44,859.0,1679.0,2538.0
1992,45,889.0,1772.0,2661.0
1992,46,820.0,1613.0,2433.0
1992,47,1037.0,2103.0,3140.0
1992,48,1301.0,2697.0,3998.0
1992,49,1420.0,2738.0,4158.0
1992,50,1602.0,3617.0,5219.0
1992,51,1849.0,4113.0,5962.0
1992,52,2177.0,4881.0,7058.0
1992,53,2313.0,4817.0,7130.0
1992,54,2275.0,5124.0,7399.0
1992,55,2526.0,5360.0,7886.0
1992,56,2631.0,5823.0,8454.0
1992,57,2862.0,6337.0,9199.0
1992,58,2705.0,6023.0,8728.0
1992,59,2745.0,6014.0,8759.0
1992,60,3057.0,6624.0,9681.0
1992,61,3539.0,7538.0,11077.0
1992,62,3970.0,8309.0,12279.0
1992,63,4295.0,8794.0,13089.0
1992,64,4724.0,8959.0,13683.0
1992,65,5167.0,8428.0,13595.0
1992,66,5856.0,8494.0,14350.0
1992,67,6432.0,8558.0,14990.0
1992,68,6930.0,8428.0,15358.0
1992,69,7990.0,9253.0,17243.0
1992,70,9199.0,10370.0,19569.0
1992,71,10557.0,11146.0,21703.0
1992,72,11107.0,11404.0,22511.0
1992,73,7212.0,7122.0,14334.0
1992,74,6669.0,6269.0,12938.0
1992,75,7701.0,7116.0,14817.0
1992,76,9708.0,8427.0,18135.0
1992,77,15086.0,12088.0,27174.0
1992,78,17765.0,13550.0,31315.0
1992,79,19109.0,14212.0,33321.0
1992,80,20278.0,14080.0,34358.0
1992,81,21204.0,13655.0,34859.0
1992,82,22154.0,13570.0,35724.0
1992,83,23158.0,12948.0,36106.0
1992,84,22682.0,12176.0,34858.0
1992,85,22230.0,11311.0,33541.0
1992,86,20525.0,10014.0,30539.0
1992,87,19190.0,8983.0,28173.0
1992,88,17508.0,7617.0,25125.0
1992,89,15400.0,6223.0,21623.0
1992,90,13841.0,5303.0,19144.0
1992,91,11373.0,3962.0,15335.0
1992,92,9174.0,2965.0,12139.0
1992,93,7332.0,2207.0,9539.0
1992,94,5610.0,1547.0,7157.0
1992,95,4199.0,1045.0,5244.0
1992,96,2990.0,685.0,3675.0
1992,97,2016.0,434.0,2450.0
1992,98,1348.0,324.0,1672.0
1992,99,930.0,206.0,1136.0
1992,100,594.0,143.0,737.0
1993,18,151.0,469.0,620.0
1993,19,174.0,480.0,654.0
1993,20,146.0,511.0,657.0
1993,21,159.0,600.0,759.0
1993,22,189.0,595.0,784.0
1993,23,200.0,641.0,841.0
1993,24,213.0,699.0,912.0
1993,25,269.0,707.0,976.0
1993,26,245.0,732.0,977.0
1993,27,264.0,721.0,985.0
1993,28,298.0,805.0,1103.0
1993,29,331.0,844.0,1175.0
1993,30,346.0,921.0,1267.0
1993,31,344.0,917.0,1261.0
1993,32,408.0,886.0,1294.0
1993,33,495.0,1107.0,1602.0
1993,34,449.0,1062.0,1511.0
1993,35,430.0,1072.0,1502.0
1993,36,487.0,1157.0,1644.0
1993,37,582.0,1215.0,1797.0
1993,38,580.0,1338.0,1918.0
1993,39,622.0,1435.0,2057.0
1993,40,729.0,1456.0,2185.0
1993,41,764.0,1543.0,2307.0
1993,42,885.0,1637.0,2522.0
1993,43,941.0,1773.0,2714.0
1993,44,965.0,1855.0,2820.0
1993,45,979.0,1810.0,2789.0
1993,46,970.0,1977.0,2947.0
1993,47,868.0,1681.0,2549.0
1993,48,1156.0,2334.0,3490.0
1993,49,1398.0,2936.0,4334.0
1993,50,1489.0,3139.0,4628.0
1993,51,1877.0,3688.0,5565.0
1993,52,2096.0,4446.0,6542.0
1993,53,2293.0,5240.0,7533.0
1993,54,2454.0,5381.0,7835.0
1993,55,2524.0,5350.0,7874.0
1993,56,2623.0,5760.0,8383.0
1993,57,2821.0,6337.0,9158.0
1993,58,3083.0,6835.0,9918.0
1993,59,2862.0,6389.0,9251.0
1993,60,2910.0,6385.0,9295.0
1993,61,3292.0,6971.0,10263.0
1993,62,3823.0,8096.0,11919.0
1993,63,4378.0,8865.0,13243.0
1993,64,4696.0,9487.0,14183.0
1993,65,5074.0,9290.0,14364.0
1993,66,5457.0,9276.0,14733.0
1993,67,6339.0,9099.0,15438.0
1993,68,6983.0,9205.0,16188.0
1993,69,7548.0,8856.0,16404.0
1993,70,8476.0,9693.0,18169.0
1993,71,10183.0,11187.0,21370.0
1993,72,11630.0,11828.0,23458.0
1993,73,12412.0,11908.0,24320.0
1993,74,7908.0,7495.0,15403.0
1993,75,7211.0,6576.0,13787.0
1993,76,8415.0,7211.0,15626.0
1993,77,10500.0,8420.0,18920.0
1993,78,16273.0,12374.0,28647.0
1993,79,18759.0,13755.0,32514.0
1993,80,20480.0,14394.0,34874.0
1993,81,21431.0,14061.0,35492.0
1993,82,22002.0,13109.0,35111.0
1993,83,22977.0,13152.0,36129.0
1993,84,23260.0,12601.0,35861.0
1993,85,22715.0,11715.0,34430.0
1993,86,22017.0,10611.0,32628.0
1993,87,20122.0,9333.0,29455.0
1993,88,18257.0,8042.0,26299.0
1993,89,16087.0,6693.0,22780.0
1993,90,14605.0,5585.0,20190.0
1993,91,12450.0,4439.0,16889.0
1993,92,9995.0,3241.0,13236.0
1993,93,7687.0,2480.0,10167.0
1993,94,6165.0,1731.0,7896.0
1993,95,4512.0,1147.0,5659.0
1993,96,3344.0,806.0,4150.0
1993,97,2278.0,478.0,2756.0
1993,98,1571.0,322.0,1893.0
1993,99,1060.0,216.0,1276.0
1993,100,644.0,163.0,807.0
1994,18,160.0,459.0,619.0
1994,19,143.0,504.0,647.0
1994,20,156.0,490.0,646.0
1994,21,132.0,491.0,623.0
1994,22,186.0,540.0,726.0
1994,23,170.0,564.0,734.0
1994,24,211.0,644.0,855.0
1994,25,210.0,686.0,896.0
1994,26,246.0,671.0,917.0
1994,27,223.0,766.0,989.0
1994,28,268.0,766.0,1034.0
1994,29,298.0,815.0,1113.0
1994,30,388.0,912.0,1300.0
1994,31,340.0,925.0,1265.0
1994,32,398.0,1011.0,1409.0
1994,33,422.0,1027.0,1449.0
1994,34,450.0,1123.0,1573.0
1994,35,459.0,1151.0,1610.0
1994,36,532.0,1242.0,1774.0
1994,37,524.0,1269.0,1793.0
1994,38,562.0,1220.0,1782.0
1994,39,576.0,1414.0,1990.0
1994,40,698.0,1535.0,2233.0
1994,41,770.0,1598.0,2368.0
1994,42,784.0,1702.0,2486.0
1994,43,880.0,1791.0,2671.0
1994,44,980.0,1951.0,2931.0
1994,45,1015.0,2040.0,3055.0
1994,46,1004.0,1909.0,2913.0
1994,47,1046.0,2198.02,3244.02
1994,48,948.0,1817.0,2765.0
1994,49,1188.0,2489.02,3677.02
1994,50,1537.0,3092.02,4629.02
1994,51,1565.0,3208.02,4773.02
1994,52,1953.0,4081.02,6034.02
1994,53,2144.0,4627.02,6771.02
1994,54,2576.0,5549.02,8125.02
1994,55,2507.0,5775.02,8282.02
1994,56,2590.0,5753.02,8343.02
1994,57,2780.0,6204.02,8984.02
1994,58,3041.0,6606.04,9647.04
1994,59,3299.0,7119.04,10418.04
1994,60,3079.0,6709.03,9788.03
1994,61,3170.0,6404.03,9574.03
1994,62,3590.0,7397.04,10987.04
1994,63,4011.0,8470.04,12481.04
1994,64,4586.0,9374.04,13960.04
1994,65,5003.0,9898.04,14901.04
1994,66,5306.0,9805.05,15111.05
1994,67,5957.0,9478.04,15435.04
1994,68,6695.0,9356.04,16051.04
1994,69,7462.0,9393.05,16855.05
1994,70,8198.0,9393.04,17591.04
1994,71,8963.0,9987.05,18950.05
1994,72,10899.0,11195.06,22094.06
1994,73,12000.0,11777.06,23777.06
1994,74,12951.0,12009.06,24960.06
1994,75,8133.0,7376.04,15509.04
1994,76,7607.0,6454.04,14061.04
1994,77,8774.0,7010.04,15784.04
1994,78,10978.0,8317.04,19295.04
1994,79,17007.0,12233.06,29240.06
1994,80,19459.0,13493.06,32952.06
1994,81,21263.0,13773.06,35036.06
1994,82,21810.0,13467.06,35277.06
1994,83,22236.0,12555.06,34791.06
1994,84,22895.0,12123.06,35018.06
1994,85,23278.0,11505.06,34783.06
1994,86,22509.0,10665.06,33174.06
1994,87,20776.0,9228.04,30004.04
1994,88,19007.0,7952.04,26959.04
1994,89,16496.0,6933.04,23429.04
1994,90,14912.0,5554.02,20466.02
1994,91,12562.0,4425.02,16987.02
1994,92,10406.0,3541.02,13947.02
1994,93,8255.0,2517.02,10772.02
1994,94,6346.0,1788.0,8134.0
1994,95,4718.0,1226.0,5944.0
1994,96,3543.0,813.0,4356.0
1994,97,2459.0,508.0,2967.0
1994,98,1585.0,331.0,1916.0
1994,99,1120.0,228.0,1348.0
1994,100,700.0,159.0,859.0
1995,18,187.0,488.0,675.0
1995,19,175.0,504.0,679.0
1995,20,162.0,423.0,585.0
1995,21,180.0,499.0,679.0
1995,22,143.0,500.0,643.0
1995,23,163.0,534.0,697.0
1995,24,193.0,590.0,783.0
1995,25,202.0,584.0,786.0
1995,26,225.0,608.0,833.0
1995,27,249.0,713.0,962.0
1995,28,259.0,778.0,1037.0
1995,29,300.0,797.0,1097.0
1995,30,306.0,862.0,1168.0
1995,31,354.0,891.0,1245.0
1995,32,374.0,935.0,1309.0
1995,33,422.0,980.0,1402.0
1995,34,484.0,1048.0,1532.0
1995,35,498.0,1085.0,1583.0
1995,36,466.0,1202.0,1668.0
1995,37,537.0,1270.0,1807.0
1995,38,589.0,1346.0,1935.0
1995,39,628.0,1392.0,2020.0
1995,40,680.0,1464.0,2144.0
1995,41,767.0,1572.0,2339.0
1995,42,832.0,1741.0,2573.0
1995,43,895.0,1790.0,2685.0
1995,44,992.0,2005.0,2997.0
1995,45,1018.0,2067.0,3085.0
1995,46,1065.0,2049.0,3114.0
1995,47,1043.0,2197.0,3240.0
1995,48,1170.0,2243.0,3413.0
1995,49,967.0,2041.0,3008.0
1995,50,1321.0,2604.0,3925.0
1995,51,1697.0,3298.0,4995.0
1995,52,1668.0,3479.0,5147.0
1995,53,2018.0,4179.0,6197.0
1995,54,2286.0,5027.0,7313.0
1995,55,2626.0,5730.0,8356.0
1995,56,2718.0,6113.0,8831.0
1995,57,2817.0,6239.0,9056.0
1995,58,2923.0,6501.0,9424.0
1995,59,3330.0,7091.0,10421.0
1995,60,3488.0,7638.0,11126.0
1995,61,3406.0,7046.0,10452.0
1995,62,3326.0,6980.0,10306.0
1995,63,3796.0,7726.0,11522.0
1995,64,4261.0,8949.0,13210.0
1995,65,4884.0,9775.0,14659.0
1995,66,5442.0,10260.0,15702.0
1995,67,5741.0,10558.0,16299.0
1995,68,6316.0,9810.0,16126.0
1995,69,7359.0,10079.0,17438.0
1995,70,8160.0,9794.0,17954.0
1995,71,8540.0,9763.0,18303.0
1995,72,9668.0,10574.0,20242.0
1995,73,11726.0,11844.0,23570.0
1995,74,13175.0,12364.0,25539.0
1995,75,14012.0,12424.0,26436.0
1995,76,8762.0,7546.0,16308.0
1995,77,8055.0,6768.0,14823.0
1995,78,9368.0,7259.0,16627.0
1995,79,11603.0,8451.0,20054.0
1995,80,17852.0,12173.0,30025.0
1995,81,20479.0,13471.0,33950.0
1995,82,21776.0,13388.0,35164.0
1995,83,22113.0,12808.0,34921.0
1995,84,22209.0,12021.0,34230.0
1995,85,23085.0,11248.0,34333.0
1995,86,22474.0,10462.0,32936.0
1995,87,21487.0,9426.0,30913.0
1995,88,19942.0,8346.0,28288.0
1995,89,17501.0,7049.0,24550.0
1995,90,15164.0,6002.0,21166.0
1995,91,13045.0,4690.0,17735.0
1995,92,10859.0,3602.0,14461.0
1995,93,8854.0,2765.0,11619.0
1995,94,6851.0,1999.0,8850.0
1995,95,5080.0,1345.0,6425.0
1995,96,3813.0,914.0,4727.0
1995,97,2578.0,573.0,3151.0
1995,98,1775.0,346.0,2121.0
1995,99,1134.0,236.0,1370.0
1995,100,785.0,173.0,958.0
1996,18,173.0,477.0,650.0
1996,19,157.0,466.0,623.0
1996,20,163.0,480.0,643.0
1996,21,148.0,443.0,591.0
1996,22,156.0,432.0,588.0
1996,23,144.0,503.0,647.0
1996,24,172.0,527.0,699.0
1996,25,190.0,544.0,734.0
1996,26,189.0,576.0,765.0
1996,27,224.0,679.0,903.0
1996,28,273.0,739.0,1012.0
1996,29,306.0,755.0,1061.0
1996,30,313.0,801.0,1114.0
1996,31,352.0,883.0,1235.0
1996,32,349.0,957.0,1306.0
1996,33,385.0,982.0,1367.0
1996,34,441.0,1035.0,1476.0
1996,35,498.0,1100.0,1598.0
1996,36,504.0,1132.0,1636.0
1996,37,582.0,1170.0,1752.0
1996,38,594.0,1250.0,1844.0
1996,39,625.0,1306.0,1931.0
1996,40,697.0,1374.0,2071.0
1996,41,749.0,1577.0,2326.0
1996,42,820.0,1666.0,2486.0
1996,43,849.0,1702.0,2551.0
1996,44,976.0,1961.0,2937.0
1996,45,1058.0,2063.0,3121.0
1996,46,1136.0,2191.0,3327.0
1996,47,1166.0,2299.0,3465.0
1996,48,1160.0,2231.0,3391.0
1996,49,1262.0,2395.0,3657.0
1996,50,1085.0,2170.0,3255.0
1996,51,1350.0,2762.0,4112.0
1996,52,1736.0,3636.0,5372.0
1996,53,1742.0,3720.0,5462.0
1996,54,2179.0,4425.0,6604.0
1996,55,2464.0,5247.0,7711.0
1996,56,2742.0,6252.0,8994.0
1996,57,2907.0,6470.0,9377.0
1996,58,2995.0,6422.0,9417.0
1996,59,3206.0,7004.0,10210.0
1996,60,3452.0,7451.0,10903.0
1996,61,3816.0,8284.0,12100.0
1996,62,3492.0,7346.0,10838.0
1996,63,3510.0,7502.0,11012.0
1996,64,4091.0,8059.0,12150.0
1996,65,4710.0,9406.0,14116.0
1996,66,5272.0,10096.0,15368.0
1996,67,5796.0,10731.0,16527.0
1996,68,6278.0,10847.0,17125.0
1996,69,6999.0,10100.0,17099.0
1996,70,7724.0,10104.0,17828.0
1996,71,8630.0,10265.0,18895.0
1996,72,9447.0,9924.0,19371.0
1996,73,10564.0,10849.0,21413.0
1996,74,12634.0,12086.0,24720.0
1996,75,14038.0,12737.0,26775.0
1996,76,14475.0,12502.0,26977.0
1996,77,9440.0,7512.0,16952.0
1996,78,8582.0,6553.0,15135.0
1996,79,9856.0,7231.0,17087.0
1996,80,12412.0,8460.0,20872.0
1996,81,19049.0,12152.0,31201.0
1996,82,21222.0,13077.0,34299.0
1996,83,22218.0,12998.0,35216.0
1996,84,22668.0,12235.0,34903.0
1996,85,22584.0,11405.0,33989.0
1996,86,22810.0,10489.0,33299.0
1996,87,22233.0,9627.0,31860.0
1996,88,20421.0,8279.0,28700.0
1996,89,18786.0,7286.0,26072.0
1996,90,16244.0,5956.0,22200.0
1996,91,13726.0,4791.0,18517.0
1996,92,11492.0,3835.0,15327.0
1996,93,9311.0,2823.0,12134.0
1996,94,7405.0,2122.0,9527.0
1996,95,5484.0,1445.0,6929.0
1996,96,3984.0,966.0,4950.0
1996,97,2760.0,592.0,3352.0
1996,98,1816.0,352.0,2168.0
1996,99,1235.0,273.0,1508.0
1996,100,822.0,150.0,972.0
1997,18,174.0,521.0,695.0
1997,19,163.0,528.0,691.0
1997,20,144.0,466.0,610.0
1997,21,114.0,392.0,506.0
1997,22,134.0,416.0,550.0
1997,23,125.0,458.0,583.0
1997,24,157.0,434.0,591.0
1997,25,148.0,504.0,652.0
1997,26,172.0,522.0,694.0
1997,27,223.0,572.0,795.0
1997,28,249.0,672.0,921.0
1997,29,241.0,665.0,906.0
1997,30,266.0,735.0,1001.0
1997,31,312.0,797.0,1109.0
1997,32,343.0,841.0,1184.0
1997,33,389.0,942.0,1331.0
1997,34,432.0,930.0,1362.0
1997,35,468.0,1037.0,1505.0
1997,36,524.0,1062.0,1586.0
1997,37,563.0,1170.0,1733.0
1997,38,563.0,1233.0,1796.0
1997,39,598.0,1275.0,1873.0
1997,40,663.0,1342.0,2005.0
1997,41,733.0,1468.0,2201.0
1997,42,804.0,1655.0,2459.0
1997,43,897.0,1768.0,2665.0
1997,44,953.0,1838.0,2791.0
1997,45,1016.0,2113.0,3129.0
1997,46,1092.0,2246.0,3338.0
1997,47,1219.0,2270.0,3489.0
1997,48,1231.0,2343.0,3574.0
1997,49,1232.0,2375.0,3607.0
1997,50,1287.0,2583.0,3870.0
1997,51,1124.0,2238.0,3362.0
1997,52,1495.0,2895.0,4390.0
1997,53,1835.0,3797.0,5632.0
1997,54,1796.0,3802.0,5598.0
1997,55,2228.0,4661.0,6889.0
1997,56,2628.0,5439.0,8067.0
1997,57,2998.0,6437.0,9435.0
1997,58,3043.0,6703.0,9746.0
1997,59,3060.0,6737.0,9797.0
1997,60,3403.0,7188.0,10591.0
1997,61,3583.0,7765.0,11348.0
1997,62,3958.0,8325.0,12283.0
1997,63,3714.0,7669.0,11383.0
1997,64,3750.0,7536.0,11286.0
1997,65,4240.0,8402.0,12642.0
1997,66,4858.0,9327.0,14185.0
1997,67,5414.0,10475.0,15889.0
1997,68,6019.0,11086.0,17105.0
1997,69,6604.0,10967.0,17571.0
1997,70,7322.0,10402.0,17724.0
1997,71,8309.0,10599.0,18908.0
1997,72,9289.0,10363.0,19652.0
1997,73,9720.0,9950.0,19670.0
1997,74,11198.0,10775.0,21973.0
1997,75,13036.0,12190.0,25226.0
1997,76,14688.0,12433.0,27121.0
1997,77,15306.0,12544.0,27850.0
1997,78,9699.0,7373.0,17072.0
1997,79,8820.0,6515.0,15335.0
1997,80,10201.0,7121.0,17322.0
1997,81,12566.0,8155.0,20721.0
1997,82,19251.0,11485.0,30736.0
1997,83,21566.0,12251.0,33817.0
1997,84,22363.0,11943.0,34306.0
1997,85,22147.0,11356.0,33503.0
1997,86,21322.0,10122.0,31444.0
1997,87,21713.0,9183.0,30896.0
1997,88,20511.0,8345.0,28856.0
1997,89,18965.0,7260.0,26225.0
1997,90,16816.0,6006.0,22822.0
1997,91,14024.0,4885.0,18909.0
1997,92,11665.0,3836.0,15501.0
1997,93,9548.0,2919.0,12467.0
1997,94,7467.0,2189.0,9656.0
1997,95,5837.0,1563.0,7400.0
1997,96,4144.0,1042.0,5186.0
1997,97,2943.0,698.0,3641.0
1997,98,1986.0,426.0,2412.0
1997,99,1303.0,247.0,1550.0
1997,100,909.0,170.0,1079.0
1998,18,166.0,483.0,649.0
1998,19,141.0,428.0,569.0
1998,20,157.0,442.0,599.0
1998,21,144.0,450.0,594.0
1998,22,126.0,407.0,533.0
1998,23,112.0,400.0,512.0
1998,24,124.0,369.0,493.0
1998,25,160.0,401.0,561.0
1998,26,172.0,443.0,615.0
1998,27,182.0,483.0,665.0
1998,28,210.0,516.0,726.0
1998,29,236.0,627.0,863.0
1998,30,261.0,597.0,858.0
1998,31,267.0,714.0,981.0
1998,32,302.0,761.0,1063.0
1998,33,330.0,793.0,1123.0
1998,34,388.0,903.0,1291.0
1998,35,425.0,900.0,1325.0
1998,36,495.0,1062.0,1557.0
1998,37,506.0,1095.0,1601.0
1998,38,574.0,1088.0,1662.0
1998,39,596.0,1290.0,1886.0
1998,40,635.0,1392.0,2027.0
1998,41,732.0,1478.0,2210.0
1998,42,717.0,1621.0,2338.0
1998,43,896.0,1748.0,2644.0
1998,44,897.0,1731.0,2628.0
1998,45,1018.0,1926.0,2944.0
1998,46,1072.0,2085.0,3157.0
1998,47,1164.0,2257.0,3421.0
1998,48,1305.0,2477.0,3782.0
1998,49,1292.0,2498.0,3790.0
1998,50,1320.0,2480.0,3800.0
1998,51,1331.0,2645.0,3976.0
1998,52,1117.0,2300.0,3417.0
1998,53,1490.0,2922.0,4412.0
1998,54,1847.0,3883.0,5730.0
1998,55,1899.0,4094.0,5993.0
1998,56,2328.0,4877.0,7205.0
1998,57,2779.0,5741.0,8520.0
1998,58,3093.0,6595.0,9688.0
1998,59,3252.0,7090.0,10342.0
1998,60,3378.0,7006.0,10384.0
1998,61,3529.0,7515.0,11044.0
1998,62,3790.0,8137.0,11927.0
1998,63,4217.0,8585.0,12802.0
1998,64,3874.0,7935.0,11809.0
1998,65,3914.0,7851.0,11765.0
1998,66,4482.0,8508.0,12990.0
1998,67,5179.0,9728.0,14907.0
1998,68,5946.0,10745.0,16691.0
1998,69,6351.0,11332.0,17683.0
1998,70,6950.0,11141.0,18091.0
1998,71,7803.0,10833.0,18636.0
1998,72,8910.0,10817.0,19727.0
1998,73,9702.0,10434.0,20136.0
1998,74,10628.0,10224.0,20852.0
1998,75,11838.0,11147.0,22985.0
1998,76,13898.0,12180.0,26078.0
1998,77,15392.0,12704.0,28096.0
1998,78,16453.0,12426.0,28879.0
1998,79,10198.0,7460.0,17658.0
1998,80,9227.0,6374.0,15601.0
1998,81,10720.0,6990.0,17710.0
1998,82,13041.0,7892.0,20933.0
1998,83,19793.0,11122.0,30915.0
1998,84,21640.0,11711.0,33351.0
1998,85,22839.0,11435.0,34274.0
1998,86,22257.0,10444.0,32701.0
1998,87,21362.0,9403.0,30765.0
1998,88,20896.0,8371.0,29267.0
1998,89,19308.0,7411.0,26719.0
1998,90,17317.0,6199.0,23516.0
1998,91,15224.0,5128.0,20352.0
1998,92,12479.0,4095.0,16574.0
1998,93,9935.0,3043.0,12978.0
1998,94,7914.0,2260.0,10174.0
1998,95,6080.0,1563.0,7643.0
1998,96,4491.0,1111.0,5602.0
1998,97,3106.0,701.0,3807.0
1998,98,2118.0,425.0,2543.0
1998,99,1463.0,301.0,1764.0
1998,100,974.0,183.0,1157.0
1999,18,159.0,487.0,646.0
1999,19,168.0,454.0,622.0
1999,20,137.0,435.0,572.0
1999,21,156.0,468.0,624.0
1999,22,125.0,412.0,537.0
1999,23,118.0,401.0,519.0
1999,24,135.0,441.0,576.0
1999,25,155.0,377.0,532.0
1999,26,143.0,443.0,586.0
1999,27,169.0,473.0,642.0
1999,28,200.0,533.0,733.0
1999,29,214.0,528.0,742.0
1999,30,235.0,614.0,849.0
1999,31,263.0,627.0,890.0
1999,32,308.0,666.0,974.0
1999,33,345.0,740.0,1085.0
1999,34,365.0,809.0,1174.0
1999,35,431.0,872.0,1303.0
1999,36,433.0,1066.0,1499.0
1999,37,539.0,1076.0,1615.0
1999,38,559.0,1126.0,1685.0
1999,39,629.0,1300.0,1929.0
1999,40,667.0,1334.0,2001.0
1999,41,717.0,1418.0,2135.0
1999,42,786.0,1572.0,2358.0
1999,43,858.0,1719.0,2577.0
1999,44,892.0,1788.0,2680.0
1999,45,980.0,1983.0,2963.0
1999,46,1097.0,2055.0,3152.0
1999,47,1136.0,2223.0,3359.0
1999,48,1222.0,2422.0,3644.0
1999,49,1320.0,2555.0,3875.0
1999,50,1354.0,2745.0,4099.0
1999,51,1414.0,2691.0,4105.0
1999,52,1421.0,2873.0,4294.0
1999,53,1287.0,2432.0,3719.0
1999,54,1618.0,3182.0,4800.0
1999,55,2023.0,4012.0,6035.0
1999,56,2010.0,4244.0,6254.0
1999,57,2493.0,5189.0,7682.0
1999,58,2831.0,5906.0,8737.0
1999,59,3345.0,6970.0,10315.0
1999,60,3514.0,7303.0,10817.0
1999,61,3497.0,7359.0,10856.0
1999,62,3692.0,7819.0,11511.0
1999,63,3985.0,8422.0,12407.0
1999,64,4451.0,8835.0,13286.0
1999,65,4173.0,8207.0,12380.0
1999,66,4074.0,7990.0,12064.0
1999,67,4766.0,8984.0,13750.0
1999,68,5572.0,10288.0,15860.0
1999,69,6279.0,11122.0,17401.0
1999,70,6858.0,11690.0,18548.0
1999,71,7489.0,11439.0,18928.0
1999,72,8366.0,10934.0,19300.0
1999,73,9404.0,11017.0,20421.0
1999,74,10147.0,10847.0,20994.0
1999,75,11172.0,10404.0,21576.0
1999,76,12516.0,11027.0,23543.0
1999,77,14616.0,12292.0,26908.0
1999,78,16287.0,12610.0,28897.0
1999,79,17041.0,12452.0,29493.0
1999,80,10678.0,7484.0,18162.0
1999,81,9951.0,6478.0,16429.0
1999,82,11125.0,6763.0,17888.0
1999,83,13397.0,7840.0,21237.0
1999,84,20226.0,10704.0,30930.0
1999,85,22124.0,11001.0,33125.0
1999,86,22470.0,10565.0,33035.0
1999,87,21892.0,9517.0,31409.0
1999,88,20816.0,8191.0,29007.0
1999,89,19758.0,7471.0,27229.0
1999,90,18053.0,6466.0,24519.0
1999,91,15700.0,5174.0,20874.0
1999,92,13384.0,4072.0,17456.0
1999,93,10696.0,3170.0,13866.0
1999,94,8332.0,2446.0,10778.0
1999,95,6485.0,1635.0,8120.0
1999,96,4883.0,1149.0,6032.0
1999,97,3462.0,911.0,4373.0
1999,98,2291.0,465.0,2756.0
1999,99,1488.0,307.0,1795.0
1999,100,966.0,200.0,1166.0
2000,18,156.0,434.0,590.0
2000,19,163.0,452.0,615.0
2000,20,162.0,497.0,659.0
2000,21,134.0,418.0,552.0
2000,22,132.0,415.0,547.0
2000,23,143.0,381.0,524.0
2000,24,137.0,411.0,548.0
2000,25,115.0,381.0,496.0
2000,26,127.0,389.0,516.0
2000,27,164.0,398.0,562.0
2000,28,182.0,468.0,650.0
2000,29,205.0,521.0,726.0
2000,30,189.0,556.0,745.0
2000,31,267.0,598.0,865.0
2000,32,306.0,674.0,980.0
2000,33,335.0,713.0,1048.0
2000,34,370.0,827.0,1197.0
2000,35,410.0,871.0,1281.0
2000,36,451.0,958.0,1409.0
2000,37,516.0,1052.0,1568.0
2000,38,587.0,1148.0,1735.0
2000,39,593.0,1216.0,1809.0
2000,40,618.0,1383.0,2001.0
2000,41,701.0,1465.0,2166.0
2000,42,828.0,1582.0,2410.0
2000,43,843.0,1684.0,2527.0
2000,44,906.0,1850.0,2756.0
2000,45,988.0,1931.0,2919.0
2000,46,1032.0,2098.0,3130.0
2000,47,1131.0,2200.02,3331.02
2000,48,1264.0,2440.02,3704.02
2000,49,1329.0,2662.02,3991.02
2000,50,1454.0,2741.02,4195.02
2000,51,1500.0,2937.02,4437.02
2000,52,1507.0,2821.02,4328.02
2000,53,1522.0,3083.02,4605.02
2000,54,1349.0,2710.02,4059.02
2000,55,1630.0,3383.02,5013.02
2000,56,2162.0,4262.02,6424.02
2000,57,2225.01,4528.02,6753.03
2000,58,2662.02,5613.03,8275.05
2000,59,3036.02,6477.04,9513.06
2000,60,3577.02,7572.04,11149.06
2000,61,3731.02,7838.04,11569.06
2000,62,3770.02,7818.04,11588.06
2000,63,3929.02,8319.04,12248.06
2000,64,4352.02,8476.04,12828.06
2000,65,4693.02,9477.04,14170.06
2000,66,4507.02,8727.04,13234.06
2000,67,4414.02,8568.04,12982.06
2000,68,5063.02,9334.04,14397.06
2000,69,5776.02,10195.06,15971.08
2000,70,6783.02,11513.06,18296.08
2000,71,7267.04,12113.06,19380.1
2000,72,8059.04,11777.06,19836.1
2000,73,8716.04,11121.06,19837.1
2000,74,9845.04,11242.06,21087.1
2000,75,11047.04,10792.06,21839.1
2000,76,12041.06,10316.06,22357.12
2000,77,13281.06,11283.06,24564.12
2000,78,15327.07,12341.06,27668.13
2000,79,17217.08,12641.06,29858.14
2000,80,18046.08,12094.06,30140.14
2000,81,11204.05,7330.04,18534.09
2000,82,9984.04,6306.04,16290.08
2000,83,11515.05,6679.04,18194.09
2000,84,13720.06,7333.04,21053.1
2000,85,20255.09,9899.05,30154.14
2000,86,21802.1,10286.06,32088.16
2000,87,22153.1,9714.06,31867.16
2000,88,20915.1,8549.04,29464.14
2000,89,19645.09,7370.04,27015.13
2000,90,18054.08,6406.04,24460.12
2000,91,16235.08,5369.02,21604.1
2000,92,13979.06,4256.02,18235.08
2000,93,11269.06,3236.02,14505.08
2000,94,8779.04,2442.02,11221.06
2000,95,6639.04,1731.0,8370.04
2000,96,4851.02,1260.0,6111.02
2000,97,3616.02,825.0,4441.02
2000,98,2583.02,484.0,3067.02
2000,99,1604.0,326.0,1930.0
2000,100,1009.0,180.0,1189.0
2001,18,155.0,439.0,594.0
2001,19,182.0,418.0,600.0
2001,20,160.0,443.0,603.0
2001,21,141.0,424.0,565.0
2001,22,106.0,396.0,502.0
2001,23,126.0,402.0,528.0
2001,24,121.0,350.0,471.0
2001,25,120.0,348.0,468.0
2001,26,121.0,334.0,455.0
2001,27,149.0,366.0,515.0
2001,28,147.0,365.0,512.0
2001,29,172.0,431.0,603.0
2001,30,183.0,483.0,666.0
2001,31,206.0,538.0,744.0
2001,32,237.0,626.0,863.0
2001,33,269.0,660.0,929.0
2001,34,316.0,712.0,1028.0
2001,35,423.0,860.0,1283.0
2001,36,468.0,913.0,1381.0
2001,37,524.0,982.0,1506.0
2001,38,547.0,1137.0,1684.0
2001,39,611.0,1210.0,1821.0
2001,40,674.0,1320.0,1994.0
2001,41,741.0,1396.02,2137.02
2001,42,709.0,1555.02,2264.02
2001,43,813.0,1653.02,2466.02
2001,44,887.0,1746.02,2633.02
2001,45,948.0,1919.02,2867.02
2001,46,1057.0,2133.02,3190.02
2001,47,1131.0,2286.02,3417.02
2001,48,1241.0,2375.02,3616.02
2001,49,1349.0,2530.02,3879.02
2001,50,1461.0,2727.02,4188.02
2001,51,1505.0,2945.02,4450.02
2001,52,1597.0,3044.02,4641.02
2001,53,1612.0,2996.02,4608.02
2001,54,1655.0,3242.02,4897.02
2001,55,1418.0,2878.02,4296.02
2001,56,1788.0,3461.02,5249.02
2001,57,2239.01,4701.04,6940.05
2001,58,2339.02,4780.04,7119.06
2001,59,2737.02,5860.04,8597.06
2001,60,3148.02,6923.06,10071.08
2001,61,3858.02,7939.06,11797.08
2001,62,3893.02,8020.06,11913.08
2001,63,3956.02,8161.06,12117.08
2001,64,4253.02,8595.06,12848.08
2001,65,4561.02,8900.06,13461.08
2001,66,5010.02,9586.07,14596.09
2001,67,4718.02,8815.07,13533.09
2001,68,4663.02,8698.06,13361.08
2001,69,5469.02,9548.08,15017.1
2001,70,6225.02,10742.08,16967.1
2001,71,7007.03,11773.1,18780.13
2001,72,7794.04,12083.1,19877.14
2001,73,8471.04,11900.09,20371.13
2001,74,9317.04,11431.09,20748.13
2001,75,10458.04,11305.09,21763.13
2001,76,11783.06,10905.09,22688.15
2001,77,12518.06,10770.08,23288.14
2001,78,14043.06,11250.1,25293.16
2001,79,16625.08,12158.1,28783.18
2001,80,18113.08,12455.1,30568.18
2001,81,18818.08,12210.1,31028.18
2001,82,11611.05,6945.06,18556.11
2001,83,10282.04,5850.05,16132.09
2001,84,11469.06,6164.05,17633.11
2001,85,13741.06,6825.06,20566.12
2001,86,20346.09,9356.08,29702.17
2001,87,21575.1,9461.08,31036.18
2001,88,21155.1,8646.06,29801.16
2001,89,19731.09,7489.06,27220.15
2001,90,18010.08,6220.06,24230.14
2001,91,16901.08,5422.04,22323.12
2001,92,14337.06,4300.04,18637.1
2001,93,11974.06,3245.02,15219.08
2001,94,9521.04,2574.02,12095.06
2001,95,7166.04,1906.02,9072.06
2001,96,5302.02,1305.01,6607.03
2001,97,3811.02,863.0,4674.02
2001,98,2632.02,555.0,3187.02
2001,99,1796.0,326.0,2122.0
2001,100,1130.0,220.0,1350.0
2002,18,146.0,405.0,551.0
2002,19,127.0,426.0,553.0
2002,20,152.0,403.0,555.0
2002,21,126.0,414.0,540.0
2002,22,136.0,410.0,546.0
2002,23,121.0,380.0,501.0
2002,24,137.0,359.0,496.0
2002,25,128.0,332.0,460.0
2002,26,120.0,310.0,430.0
2002,27,139.0,349.0,488.0
2002,28,152.0,351.0,503.0
2002,29,129.0,386.0,515.0
2002,30,175.0,441.0,616.0
2002,31,212.0,472.0,684.0
2002,32,240.0,515.0,755.0
2002,33,257.0,622.0,879.0
2002,34,327.0,697.0,1024.0
2002,35,366.0,762.0,1128.0
2002,36,429.0,864.0,1293.0
2002,37,462.0,963.0,1425.0
2002,38,499.0,1113.0,1612.0
2002,39,580.0,1190.0,1770.0
2002,40,642.0,1364.0,2006.0
2002,41,695.0,1373.0,2068.0
2002,42,788.0,1531.0,2319.0
2002,43,882.0,1657.0,2539.0
2002,44,910.0,1799.0,2709.0
2002,45,1049.0,2048.0,3097.0
2002,46,1055.0,2087.0,3142.0
2002,47,1163.0,2272.0,3435.0
2002,48,1206.0,2415.0,3621.0
2002,49,1378.0,2591.0,3969.0
2002,50,1418.0,2856.0,4274.0
2002,51,1591.0,2945.0,4536.0
2002,52,1709.0,3297.0,5006.0
2002,53,1697.0,3254.0,4951.0
2002,54,1694.0,3362.0,5056.0
2002,55,1796.0,3506.0,5302.0
2002,56,1472.0,3028.0,4500.0
2002,57,1989.0,3740.0,5729.0
2002,58,2409.0,4886.0,7295.0
2002,59,2398.0,5159.0,7557.0
2002,60,3058.0,6117.0,9175.0
2002,61,3325.0,7143.0,10468.0
2002,62,4036.0,8455.0,12491.0
2002,63,4262.0,8612.0,12874.0
2002,64,4171.0,8478.0,12649.0
2002,65,4608.0,9116.0,13724.0
2002,66,4971.0,9352.0,14323.0
2002,67,5362.0,10382.0,15744.0
2002,68,5184.0,9236.0,14420.0
2002,69,5049.0,9018.0,14067.0
2002,70,5797.0,9892.0,15689.0
2002,71,6938.0,11201.0,18139.0
2002,72,7594.0,12045.0,19639.0
2002,73,8524.0,12753.0,21277.0
2002,74,9275.0,12528.0,21803.0
2002,75,10406.0,11847.0,22253.0
2002,76,11557.0,11714.0,23271.0
2002,77,12734.0,11346.0,24080.0
2002,78,13642.0,10904.0,24546.0
2002,79,15234.0,11399.0,26633.0
2002,80,17914.0,12461.0,30375.0
2002,81,19876.0,12571.0,32447.0
2002,82,19850.0,12100.0,31950.0
2002,83,12380.0,7069.0,19449.0
2002,84,11011.0,5916.0,16927.0
2002,85,11842.0,6161.0,18003.0
2002,86,14151.0,6543.0,20694.0
2002,87,20497.0,8807.0,29304.0
2002,88,21710.0,8852.0,30562.0
2002,89,21105.0,7835.0,28940.0
2002,90,19340.0,6649.0,25989.0
2002,91,16961.0,5607.0,22568.0
2002,92,15172.0,4561.0,19733.0
2002,93,12779.0,3609.0,16388.0
2002,94,10370.0,2673.0,13043.0
2002,95,8177.0,2037.0,10214.0
2002,96,5949.0,1315.0,7264.0
2002,97,4212.0,905.0,5117.0
2002,98,2960.0,596.0,3556.0
2002,99,1923.0,341.0,2264.0
2002,100,1313.0,221.0,1534.0
2003,18,119.01,339.04,458.05
2003,19,128.02,382.04,510.06
2003,20,147.02,385.04,532.06
2003,21,114.01,406.06,520.07
2003,22,131.01,356.04,487.05
2003,23,137.02,368.04,505.06
2003,24,107.01,363.04,470.05
2003,25,119.02,382.04,501.06
2003,26,131.02,379.05,510.07
2003,27,127.02,359.05,486.07
2003,28,130.02,360.04,490.06
2003,29,147.02,334.04,481.06
2003,30,174.02,369.05,543.07
2003,31,199.02,474.06,673.08
2003,32,177.02,498.06,675.08
2003,33,249.02,563.08,812.1
2003,34,328.04,667.09,995.13
2003,35,346.04,775.1,1121.14
2003,36,394.04,834.1,1228.14
2003,37,413.04,891.11,1304.15
2003,38,537.05,1029.12,1566.17
2003,39,601.06,1181.14,1782.2
2003,40,609.06,1252.16,1861.22
2003,41,716.06,1400.18,2116.24
2003,42,777.07,1564.21,2341.28
2003,43,860.08,1738.23,2598.31
2003,44,904.08,1738.23,2642.31
2003,45,937.08,1969.26,2906.34
2003,46,1079.1,2156.28,3235.38
2003,47,1098.1,2320.3,3418.4
2003,48,1234.11,2440.31,3674.42
2003,49,1349.12,2609.33,3958.45
2003,50,1432.14,2834.36,4266.5
2003,51,1552.14,2914.37,4466.51
2003,52,1701.16,3239.42,4940.58
2003,53,1733.16,3495.46,5228.62
2003,54,1854.18,3558.48,5412.66
2003,55,1731.17,3564.5,5295.67
2003,56,1891.18,3624.51,5515.69
2003,57,1646.16,3209.45,4855.61
2003,58,2105.2,4155.56,6260.76
2003,59,2525.23,5209.69,7734.92
2003,60,2599.23,5318.7,7917.93
2003,61,3180.29,6524.87,9705.16
2003,62,3700.33,7713.03,11413.36
2003,63,4262.39,8705.15,12967.54
2003,64,4369.41,9066.21,13435.62
2003,65,4570.43,9149.23,13719.66
2003,66,4852.45,9668.29,14520.74
2003,67,5243.49,10088.36,15331.85
2003,68,5798.53,11028.47,16827.0
2003,69,5446.5,9729.29,15175.79
2003,70,5645.52,9445.26,15090.78
2003,71,6343.58,10389.39,16732.97
2003,72,7509.69,11910.6,19420.29
2003,73,8415.76,12613.7,21029.46
2003,74,9242.84,13291.81,22534.65
2003,75,10224.93,13097.79,23322.72
2003,76,11034.01,12397.72,23431.73
2003,77,12522.16,12303.72,24825.88
2003,78,13989.32,11872.65,25861.97
2003,79,14796.4,11168.56,25964.96
2003,80,16978.6,11921.67,28900.27
2003,81,19334.81,12554.75,31889.56
2003,82,21034.96,12796.77,33831.73
2003,83,21366.99,12145.69,33512.68
2003,84,12933.23,6878.97,19812.2
2003,85,11472.09,5586.78,17058.87
2003,86,12410.18,5907.83,18318.01
2003,87,14586.39,6276.89,20863.28
2003,88,20580.95,8296.17,28877.12
2003,89,21353.02,8009.12,29362.14
2003,90,20178.9,7186.02,27364.92
2003,91,18347.73,5994.83,24342.56
2003,92,15496.48,4708.65,20205.13
2003,93,13393.26,3770.53,17163.79
2003,94,11016.05,2765.39,13781.44
2003,95,8707.84,2025.28,10733.12
2003,96,6590.64,1478.2,8068.84
2003,97,4546.42,982.13,5528.55
2003,98,3192.3,659.09,3851.39
2003,99,2050.19,372.05,2422.24
2003,100,1397.13,250.04,1647.17
2004,18,124.0,337.03,461.03
2004,19,124.01,348.04,472.05
2004,20,145.01,323.04,468.05
2004,21,112.01,342.04,454.05
2004,22,126.01,360.04,486.05
2004,23,118.0,350.04,468.04
2004,24,142.01,341.04,483.05
2004,25,98.0,346.04,444.04
2004,26,137.02,339.04,476.06
2004,27,134.02,312.04,446.06
2004,28,125.01,337.04,462.05
2004,29,135.01,305.04,440.05
2004,30,137.02,321.04,458.06
2004,31,161.02,377.04,538.06
2004,32,196.02,472.06,668.08
2004,33,227.02,512.06,739.08
2004,34,249.02,584.06,833.08
2004,35,317.02,686.08,1003.1
2004,36,343.02,766.08,1109.1
2004,37,412.04,838.09,1250.13
2004,38,449.04,966.11,1415.15
2004,39,519.04,1102.11,1621.15
2004,40,582.04,1214.13,1796.17
2004,41,636.05,1356.14,1992.19
2004,42,714.06,1572.16,2286.22
2004,43,813.06,1686.17,2499.23
2004,44,832.06,1780.19,2612.25
2004,45,934.08,1881.2,2815.28
2004,46,1089.08,2073.22,3162.3
2004,47,1162.09,2202.23,3364.32
2004,48,1224.1,2343.24,3567.34
2004,49,1372.1,2529.26,3901.36
2004,50,1405.11,2694.28,4099.39
2004,51,1502.12,2820.29,4322.41
2004,52,1602.12,3210.33,4812.45
2004,53,1669.13,3450.36,5119.49
2004,54,1808.14,3615.39,5423.53
2004,55,1895.16,3729.42,5624.58
2004,56,1881.15,3603.41,5484.56
2004,57,1961.16,3846.44,5807.6
2004,58,1781.15,3305.38,5086.53
2004,59,2231.17,4268.48,6499.65
2004,60,2681.21,5400.6,8081.81
2004,61,2668.21,5518.61,8186.82
2004,62,3337.26,6833.74,10171.0
2004,63,3845.3,7899.87,11745.17
2004,64,4400.34,8971.99,13372.33
2004,65,4582.35,9399.04,13981.39
2004,66,4753.36,9434.03,14187.39
2004,67,5097.38,9640.06,14737.44
2004,68,5488.42,10205.11,15693.53
2004,69,6148.47,10776.17,16924.64
2004,70,5633.42,10078.1,15711.52
2004,71,5791.43,9374.04,15165.47
2004,72,6539.5,10389.13,16928.63
2004,73,7742.59,11694.3,19436.89
2004,74,8681.65,12630.41,21312.06
2004,75,9583.73,13323.49,22907.22
2004,76,10577.81,12915.47,23493.28
2004,77,11357.88,12175.4,23533.28
2004,78,12933.0,12128.4,25061.4
2004,79,14334.11,11553.34,25887.45
2004,80,15169.19,10775.26,25944.45
2004,81,16895.32,11359.33,28254.65
2004,82,19298.51,12079.4,31377.91
2004,83,20854.62,12175.4,33030.02
2004,84,21029.64,11175.3,32204.94
2004,85,12690.01,6321.75,19011.76
2004,86,10987.89,5252.62,16240.51
2004,87,11881.95,5240.62,17122.57
2004,88,13342.06,5406.63,18748.69
2004,89,18632.47,6861.8,25494.27
2004,90,19154.51,6637.77,25792.28
2004,91,17713.4,5856.67,23570.07
2004,92,15475.22,4702.54,20177.76
2004,93,12789.0,3615.42,16404.42
2004,94,10571.83,2733.32,13305.15
2004,95,8616.68,2061.24,10677.92
2004,96,6362.51,1514.18,7876.69
2004,97,4776.38,983.11,5759.49
2004,98,3130.25,625.07,3755.32
2004,99,2134.17,387.04,2521.21
2004,100,1365.11,233.03,1598.14
2005,18,122.01,316.02,438.03
2005,19,100.0,289.02,389.02
2005,20,112.01,305.02,417.03
2005,21,104.0,321.02,425.02
2005,22,108.0,304.02,412.02
2005,23,116.0,322.02,438.02
2005,24,116.0,337.03,453.03
2005,25,123.01,311.03,434.04
2005,26,109.0,328.02,437.02
2005,27,112.0,346.03,458.03
2005,28,111.01,318.02,429.03
2005,29,127.01,330.02,457.03
2005,30,158.02,313.02,471.04
2005,31,153.02,377.04,530.06
2005,32,177.02,376.04,553.06
2005,33,210.02,478.04,688.06
2005,34,237.02,517.04,754.06
2005,35,294.02,588.05,882.07
2005,36,344.03,693.06,1037.09
2005,37,403.04,712.06,1115.1
2005,38,393.04,881.08,1274.12
2005,39,522.04,1014.08,1536.12
2005,40,584.04,1169.1,1753.14
2005,41,627.06,1311.11,1938.17
2005,42,764.06,1411.12,2175.18
2005,43,828.06,1590.13,2418.19
2005,44,927.08,1740.14,2667.22
2005,45,988.08,1875.15,2863.23
2005,46,1032.08,2065.17,3097.25
2005,47,1109.1,2214.18,3323.28
2005,48,1231.1,2373.2,3604.3
2005,49,1354.11,2537.2,3891.31
2005,50,1379.11,2707.22,4086.33
2005,51,1434.11,2915.25,4349.36
2005,52,1618.13,3182.28,4800.41
2005,53,1763.14,3338.29,5101.43
2005,54,1845.15,3728.33,5573.48
2005,55,2073.17,3944.36,6017.53
2005,56,2022.17,4113.37,6135.54
2005,57,2052.18,3909.35,5961.53
2005,58,2094.18,4134.37,6228.55
2005,59,1828.16,3490.31,5318.47
2005,60,2406.2,4439.4,6845.6
2005,61,2916.24,5589.51,8505.75
2005,62,3072.25,6026.54,9098.79
2005,63,3572.29,7127.63,10699.92
2005,64,4085.34,8297.73,12383.07
2005,65,4690.39,9685.85,14376.24
2005,66,4954.42,9675.84,14630.26
2005,67,5168.43,9737.86,14906.29
2005,68,5401.45,10136.9,15538.35
2005,69,6062.5,10665.94,16728.44
2005,70,6500.53,11296.99,17797.52
2005,71,6193.51,10367.92,16561.43
2005,72,6226.52,9907.86,16134.38
2005,73,7032.57,10687.95,17720.52
2005,74,8233.67,11957.08,20190.75
2005,75,9332.76,13029.18,22361.94
2005,76,10456.85,13588.23,24045.08
2005,77,11174.91,13548.25,24723.16
2005,78,12387.02,12615.15,25002.17
2005,79,14168.18,12443.14,26611.32
2005,80,15603.3,11718.08,27321.38
2005,81,16552.4,11040.03,27592.43
2005,82,18142.52,11589.07,29731.59
2005,83,20878.73,12248.12,33126.85
2005,84,21910.84,12077.1,33987.94
2005,85,22283.85,11114.01,33397.86
2005,86,13114.12,6117.58,19231.7
2005,87,11066.95,4920.47,15987.42
2005,88,12091.03,4851.45,16942.48
2005,89,13392.14,5122.48,18514.62
2005,90,18246.55,6264.59,24511.14
2005,91,18245.54,5998.56,24244.1
2005,92,16511.41,4896.47,21407.88
2005,93,13511.13,3889.35,17400.48
2005,94,11147.95,2800.25,13948.2
2005,95,9147.78,2297.2,11444.98
2005,96,7112.61,1551.14,8663.75
2005,97,5194.45,1093.1,6287.55
2005,98,3629.31,738.07,4367.38
2005,99,2337.19,458.04,2795.23
2005,100,1506.12,246.02,1752.14
2006,18,111.0,304.02,415.02
2006,19,126.0,309.02,435.02
2006,20,98.0,305.02,403.02
2006,21,87.0,285.02,372.02
2006,22,131.0,303.02,434.02
2006,23,138.0,289.02,427.02
2006,24,88.0,295.02,383.02
2006,25,115.0,314.02,429.02
2006,26,113.0,341.03,454.03
2006,27,127.0,262.02,389.02
2006,28,101.0,300.02,401.02
2006,29,137.0,293.02,430.02
2006,30,147.0,310.02,457.02
2006,31,138.0,317.02,455.02
2006,32,151.0,339.02,490.02
2006,33,186.01,379.03,565.04
2006,34,222.0,470.04,692.04
2006,35,267.02,531.04,798.06
2006,36,329.02,575.04,904.06
2006,37,359.02,737.06,1096.08
2006,38,414.02,822.06,1236.08
2006,39,468.02,973.08,1441.1
2006,40,556.02,1117.08,1673.1
2006,41,630.03,1193.09,1823.12
2006,42,727.04,1382.1,2109.14
2006,43,809.04,1535.11,2344.15
2006,44,809.04,1763.13,2572.17
2006,45,1042.04,1874.14,2916.18
2006,46,1077.05,1937.14,3014.19
2006,47,1147.06,2181.17,3328.23
2006,48,1133.06,2317.18,3450.24
2006,49,1295.06,2531.19,3826.25
2006,50,1424.06,2644.2,4068.26
2006,51,1493.07,2996.23,4489.3
2006,52,1567.08,3132.24,4699.32
2006,53,1650.08,3280.26,4930.34
2006,54,1812.08,3589.29,5401.37
2006,55,1861.08,3819.31,5680.39
2006,56,2111.1,4076.34,6187.44
2006,57,2206.11,4075.35,6281.46
2006,58,2133.1,4238.36,6371.46
2006,59,2169.1,4384.37,6553.47
2006,60,1908.09,3769.3,5677.39
2006,61,2641.12,4709.39,7350.51
2006,62,2989.14,5858.48,8847.62
2006,63,3115.14,6220.51,9335.65
2006,64,3646.17,7273.59,10919.76
2006,65,4360.22,8678.71,13038.93
2006,66,5015.25,9893.8,14909.05
2006,67,5226.26,10041.81,15268.07
2006,68,5372.26,10192.83,15565.09
2006,69,5700.28,10380.83,16081.11
2006,70,6324.31,10909.89,17234.2
2006,71,6918.33,11752.97,18671.3
2006,72,6638.31,10572.87,17211.18
2006,73,6701.32,10150.82,16852.14
2006,74,7631.36,11246.92,18878.28
2006,75,8908.41,12225.01,21133.42
2006,76,10208.47,13310.1,23518.57
2006,77,11095.51,13606.14,24701.65
2006,78,12072.57,13553.14,25625.71
2006,79,13330.64,12530.06,25860.7
2006,80,15353.74,12326.05,27679.79
2006,81,16469.8,11706.0,28175.8
2006,82,17402.84,11103.94,28506.78
2006,83,19107.91,11327.97,30435.88
2006,84,21234.02,11981.02,33215.04
2006,85,22703.09,11353.96,34057.05
2006,86,22401.07,10317.87,32718.94
2006,87,12825.62,5534.48,18360.1
2006,88,10922.53,4578.39,15500.92
2006,89,11423.56,4385.37,15808.93
2006,90,12396.6,4454.38,16850.98
2006,91,16642.81,5496.48,22139.29
2006,92,16066.79,4930.44,20997.23
2006,93,14061.69,3971.32,18033.01
2006,94,11462.56,3101.26,14563.82
2006,95,9034.44,2168.18,11202.62
2006,96,7182.35,1653.13,8835.48
2006,97,5334.27,1102.09,6436.36
2006,98,3713.17,753.06,4466.23
2006,99,2560.12,486.04,3046.16
2006,100,1615.07,255.02,1870.09
2007,18,109.01,286.02,395.03
2007,19,114.01,310.02,424.03
2007,20,97.0,314.02,411.02
2007,21,104.0,308.02,412.02
2007,22,106.0,300.02,406.02
2007,23,111.0,284.02,395.02
2007,24,109.01,296.02,405.03
2007,25,106.0,310.02,416.02
2007,26,127.02,322.02,449.04
2007,27,113.01,324.02,437.03
2007,28,124.01,321.02,445.03
2007,29,151.02,298.02,449.04
2007,30,127.02,296.02,423.04
2007,31,155.02,353.02,508.04
2007,32,159.02,353.02,512.04
2007,33,196.02,351.02,547.04
2007,34,184.02,402.03,586.05
2007,35,229.02,480.04,709.06
2007,36,275.02,568.04,843.06
2007,37,315.02,630.04,945.06
2007,38,372.04,723.05,1095.09
2007,39,513.05,856.06,1369.11
2007,40,468.04,991.07,1459.11
2007,41,592.06,1113.08,1705.14
2007,42,720.06,1264.1,1984.16
2007,43,759.06,1531.12,2290.18
2007,44,774.07,1633.12,2407.19
2007,45,961.08,1786.13,2747.21
2007,46,1054.09,2005.15,3059.24
2007,47,1156.1,2174.16,3330.26
2007,48,1198.1,2442.18,3640.28
2007,49,1220.11,2522.19,3742.3
2007,50,1432.12,2673.2,4105.32
2007,51,1488.13,2888.22,4376.35
2007,52,1587.14,3091.23,4678.37
2007,53,1719.15,3287.25,5006.4
2007,54,1766.16,3519.27,5285.43
2007,55,2065.18,3841.29,5906.47
2007,56,2126.19,4062.3,6188.49
2007,57,2241.2,4142.31,6383.51
2007,58,2336.22,4482.35,6818.57
2007,59,2211.2,4420.35,6631.55
2007,60,2410.22,4592.35,7002.57
2007,61,2069.19,3951.3,6020.49
2007,62,2553.22,5024.39,7577.61
2007,63,3195.29,6302.49,9497.78
2007,64,3286.28,6558.51,9844.79
2007,65,3994.36,7928.6,11922.96
2007,66,4648.42,9272.71,13921.13
2007,67,5367.48,10321.78,15689.26
2007,68,5694.51,10448.8,16143.31
2007,69,5969.52,10469.79,16439.31
2007,70,6193.54,10909.83,17103.37
2007,71,6779.6,11397.87,18177.47
2007,72,7565.66,12182.92,19748.58
2007,73,6977.61,10889.83,17867.44
2007,74,7036.61,10624.8,17661.41
2007,75,8251.72,11708.89,19960.61
2007,76,9494.82,12675.96,22170.78
2007,77,10848.94,13502.03,24350.97
2007,78,12016.06,14270.09,26286.15
2007,79,12923.14,13674.05,26597.19
2007,80,14338.27,13235.03,27573.3
2007,81,16233.46,12892.0,29125.46
2007,82,17522.57,11812.92,29335.49
2007,83,18359.65,10996.86,29356.51
2007,84,19623.75,10987.86,30611.61
2007,85,22038.98,11349.89,33388.87
2007,86,22839.04,11247.88,34086.92
2007,87,22565.02,10024.79,32589.81
2007,88,12874.16,5369.42,18243.58
2007,89,10748.98,4065.32,14814.3
2007,90,10837.99,3937.3,14775.29
2007,91,11483.04,3939.31,15422.35
2007,92,15101.37,4639.36,19740.73
2007,93,14309.31,4089.31,18398.62
2007,94,12234.1,3357.26,15591.36
2007,95,9534.86,2511.2,12046.06
2007,96,7442.69,1623.14,9065.83
2007,97,5742.53,1160.08,6902.61
2007,98,4071.35,794.06,4865.41
2007,99,2786.24,517.04,3303.28
2007,100,1802.15,288.02,2090.17
2008,18,91.0,283.02,374.02
2008,19,91.0,272.02,363.02
2008,20,101.0,287.02,388.02
2008,21,105.0,285.03,390.03
2008,22,101.0,261.02,362.02
2008,23,100.01,289.03,389.04
2008,24,113.01,283.02,396.03
2008,25,115.01,289.02,404.03
2008,26,139.02,314.03,453.05
2008,27,146.02,309.04,455.06
2008,28,129.02,291.03,420.05
2008,29,113.01,336.04,449.05
2008,30,131.02,329.03,460.05
2008,31,151.02,343.04,494.06
2008,32,134.02,360.04,494.06
2008,33,150.02,367.04,517.06
2008,34,180.02,381.04,561.06
2008,35,228.02,417.04,645.06
2008,36,242.02,509.05,751.07
2008,37,290.02,604.06,894.08
2008,38,378.04,677.06,1055.1
2008,39,439.04,793.08,1232.12
2008,40,494.04,972.1,1466.14
2008,41,564.05,1086.11,1650.16
2008,42,644.06,1217.11,1861.17
2008,43,740.06,1390.13,2130.19
2008,44,818.07,1546.15,2364.22
2008,45,933.08,1748.19,2681.27
2008,46,1089.09,1999.21,3088.3
2008,47,1201.1,2122.22,3323.32
2008,48,1204.1,2305.24,3509.34
2008,49,1356.12,2552.26,3908.38
2008,50,1434.12,2677.28,4111.4
2008,51,1477.12,2812.28,4289.4
2008,52,1644.14,3137.32,4781.46
2008,53,1696.15,3315.33,5011.48
2008,54,1783.15,3565.35,5348.5
2008,55,1978.17,3640.36,5618.53
2008,56,2033.17,4065.4,6098.57
2008,57,2272.19,4242.43,6514.62
2008,58,2425.21,4691.47,7116.68
2008,59,2466.22,4759.49,7225.71
2008,60,2512.23,4847.51,7359.74
2008,61,2601.24,4957.53,7558.77
2008,62,2331.2,4271.46,6602.66
2008,63,2860.24,5363.57,8223.81
2008,64,3494.3,6523.68,10017.98
2008,65,3556.3,6837.71,10394.01
2008,66,4386.36,8275.87,12662.23
2008,67,5129.43,9384.98,14514.41
2008,68,5946.5,10733.11,16679.61
2008,69,6187.52,11069.16,17256.68
2008,70,6370.53,10961.13,17331.66
2008,71,6762.56,11295.18,18057.74
2008,72,7474.62,11871.24,19345.86
2008,73,8300.68,12696.32,20997.0
2008,74,7635.62,11666.21,19301.83
2008,75,7902.65,11020.15,18922.8
2008,76,9023.73,11994.25,21017.98
2008,77,10492.86,13340.4,23833.26
2008,78,12029.99,14244.51,26274.5
2008,79,13044.08,14599.56,27643.64
2008,80,14385.2,14389.55,28774.75
2008,81,15626.32,13543.47,29169.79
2008,82,17513.48,13008.42,30521.9
2008,83,18938.61,11950.31,30888.92
2008,84,19370.66,10910.18,30280.84
2008,85,21218.82,11267.22,32486.04
2008,86,23156.98,11398.23,34555.21
2008,87,24033.04,10419.12,34452.16
2008,88,22908.95,9266.0,32174.95
2008,89,12866.13,5023.56,17889.69
2008,90,10304.91,3814.42,14119.33
2008,91,10577.92,3509.39,14087.31
2008,92,10818.94,3445.38,14264.32
2008,93,13842.2,3904.42,17746.62
2008,94,12742.1,3364.38,16106.48
2008,95,10528.91,2664.3,13193.21
2008,96,7761.67,1885.19,9646.86
2008,97,5942.51,1219.12,7161.63
2008,98,4417.38,844.08,5261.46
2008,99,3052.26,521.05,3573.31
2008,100,2044.18,347.04,2391.22
2009,18,105.03,247.07,352.1
2009,19,103.03,238.06,341.09
2009,20,107.02,301.08,408.1
2009,21,103.03,254.07,357.1
2009,22,122.03,272.07,394.1
2009,23,114.03,238.06,352.09
2009,24,106.03,277.08,383.11
2009,25,106.03,294.08,400.11
2009,26,132.04,297.08,429.12
2009,27,126.04,334.08,460.12
2009,28,129.04,322.09,451.13
2009,29,136.04,318.08,454.12
2009,30,131.04,342.09,473.13
2009,31,150.04,370.1,520.14
2009,32,185.06,349.1,534.16
2009,33,153.04,311.08,464.12
2009,34,207.06,387.11,594.17
2009,35,177.05,432.12,609.17
2009,36,230.06,436.13,666.19
2009,37,301.08,536.14,837.22
2009,38,328.1,659.18,987.28
2009,39,401.12,716.2,1117.32
2009,40,465.14,897.25,1362.39
2009,41,551.16,1003.29,1554.45
2009,42,612.17,1066.31,1678.48
2009,43,732.21,1355.38,2087.59
2009,44,801.22,1549.42,2350.64
2009,45,943.27,1750.47,2693.74
2009,46,1052.29,1892.51,2944.8
2009,47,1141.31,2149.6,3290.91
2009,48,1221.34,2379.65,3600.99
2009,49,1373.38,2505.69,3879.07
2009,50,1404.4,2675.73,4080.13
2009,51,1468.41,3041.84,4510.25
2009,52,1600.46,3083.84,4684.3
2009,53,1784.52,3250.87,5035.39
2009,54,1815.52,3644.98,5460.5
2009,55,1941.56,3841.04,5782.6
2009,56,2092.6,3952.08,6044.68
2009,57,2213.64,4387.19,6600.83
2009,58,2464.72,4637.26,7101.98
2009,59,2534.74,5105.41,7640.15
2009,60,2733.81,5171.47,7905.28
2009,61,2563.75,5079.46,7643.21
2009,62,2760.83,5208.52,7969.35
2009,63,2389.72,4328.25,6717.97
2009,64,3017.88,5647.59,8665.47
2009,65,3786.07,6944.95,10731.02
2009,66,3896.09,7125.0,11021.09
2009,67,4793.34,8638.4,13431.74
2009,68,5466.53,10210.86,15677.39
2009,69,6416.8,11479.23,17896.03
2009,70,6603.86,11719.29,18323.15
2009,71,6791.89,11595.25,18387.14
2009,72,7453.08,12027.38,19480.46
2009,73,8046.26,12419.47,20465.73
2009,74,8685.4,13269.7,21955.1
2009,75,8421.32,11905.33,20326.65
2009,76,8552.4,11387.19,19939.59
2009,77,9834.73,12622.54,22457.27
2009,78,11578.2,13834.89,25413.09
2009,79,13056.62,14404.07,27460.69
2009,80,14413.01,15088.33,29501.34
2009,81,15423.33,14701.26,30124.59
2009,82,16937.78,13836.02,30773.8
2009,83,18692.29,12960.76,31653.05
2009,84,20361.83,12131.55,32493.38
2009,85,20791.97,11065.24,31857.21
2009,86,21803.26,10736.16,32539.42
2009,87,24120.88,11047.23,35168.11
2009,88,23806.77,9969.88,33776.65
2009,89,22035.26,8635.52,30670.78
2009,90,12183.54,4395.29,16578.83
2009,91,9632.81,3448.03,13080.84
2009,92,9569.82,3088.92,12658.74
2009,93,9664.82,2845.84,12510.66
2009,94,11821.41,3152.92,14974.33
2009,95,10415.01,2733.8,13148.81
2009,96,8437.43,1995.58,10433.01
2009,97,6256.8,1333.39,7590.19
2009,98,4344.24,860.24,5204.48
2009,99,3119.91,598.16,3718.07
2009,100,2143.63,381.11,2524.74
2010,18,100.02,205.04,305.06
2010,19,95.02,241.04,336.06
2010,20,114.02,232.04,346.06
2010,21,102.02,288.06,390.08
2010,22,99.02,268.04,367.06
2010,23,123.02,258.04,381.06
2010,24,98.02,262.04,360.06
2010,25,116.02,261.04,377.06
2010,26,108.02,313.06,421.08
2010,27,139.02,343.06,482.08
2010,28,120.02,318.06,438.08
2010,29,141.02,351.06,492.08
2010,30,134.02,300.06,434.08
2010,31,139.02,318.06,457.08
2010,32,156.03,369.07,525.1
2010,33,170.03,390.08,560.11
2010,34,191.04,393.07,584.11
2010,35,203.04,402.07,605.11
2010,36,222.04,448.08,670.12
2010,37,254.04,470.08,724.12
2010,38,283.05,640.11,923.16
2010,39,385.07,719.13,1104.2
2010,40,423.07,783.13,1206.2
2010,41,522.09,950.18,1472.27
2010,42,624.11,1109.21,1733.32
2010,43,656.11,1284.24,1940.35
2010,44,819.14,1451.27,2270.41
2010,45,855.14,1659.3,2514.44
2010,46,961.17,1811.32,2772.49
2010,47,1133.2,2141.38,3274.58
2010,48,1218.22,2213.4,3431.62
2010,49,1398.26,2493.46,3891.72
2010,50,1452.27,2645.48,4097.75
2010,51,1550.3,3086.57,4636.87
2010,52,1687.32,3068.56,4755.88
2010,53,1773.33,3334.61,5107.94
2010,54,1842.35,3674.66,5517.01
2010,55,2025.38,3801.68,5827.06
2010,56,2084.38,4132.74,6217.12
2010,57,2184.4,4313.79,6498.19
2010,58,2341.42,4683.84,7025.26
2010,59,2441.45,4935.9,7377.35
2010,60,2822.52,5409.0,8231.52
2010,61,2926.55,5436.03,8362.58
2010,62,2870.54,5273.01,8143.55
2010,63,2964.56,5595.08,8559.64
2010,64,2559.49,4726.91,7286.4
2010,65,3252.6,5882.11,9134.71
2010,66,4034.74,7503.41,11538.15
2010,67,4097.75,7738.45,11836.2
2010,68,5044.91,9069.67,14114.58
2010,69,5858.06,10647.98,16506.04
2010,70,6927.24,12110.26,19037.5
2010,71,7199.3,12274.27,19473.57
2010,72,7356.32,12034.25,19390.57
2010,73,8020.44,12655.36,20675.8
2010,74,8695.54,13249.47,21945.01
2010,75,9883.76,13657.52,23541.28
2010,76,9292.65,12378.29,21670.94
2010,77,9451.7,11840.19,21291.89
2010,78,10763.9,13053.44,23817.34
2010,79,12481.22,14284.66,26765.88
2010,80,13964.48,14809.78,28774.26
2010,81,15393.75,15347.92,30741.67
2010,82,16415.95,14567.8,30983.75
2010,83,17984.24,13522.6,31506.84
2010,84,19598.58,13028.52,32627.1
2010,85,20742.78,11708.25,32451.03
2010,86,21222.92,10522.04,31744.96
2010,87,22040.04,10347.01,32387.05
2010,88,23420.29,10164.95,33585.24
2010,89,23114.2,9099.75,32213.95
2010,90,21111.87,7684.48,28796.35
2010,91,11338.12,3996.79,15334.91
2010,92,8798.64,2867.57,11666.21
2010,93,8562.59,2482.49,11045.08
2010,94,8316.55,2294.46,10611.01
2010,95,9701.81,2447.48,12149.29
2010,96,8469.57,1897.38,10366.95
2010,97,6372.18,1456.28,7828.46
2010,98,4660.87,948.17,5609.04
2010,99,3172.58,549.1,3721.68
2010,100,2218.41,355.07,2573.48
2011,18,88.02,198.02,286.04
2011,19,82.02,217.04,299.06
2011,20,95.02,268.04,363.06
2011,21,101.02,283.04,384.06
2011,22,109.02,275.04,384.06
2011,23,98.02,302.04,400.06
2011,24,89.02,302.04,391.06
2011,25,94.02,263.04,357.06
2011,26,103.02,261.04,364.06
2011,27,130.02,283.04,413.06
2011,28,128.02,281.04,409.06
2011,29,151.02,337.04,488.06
2011,30,151.02,322.05,473.07
2011,31,146.02,367.06,513.08
2011,32,159.02,349.05,508.07
2011,33,188.02,393.06,581.08
2011,34,188.03,344.05,532.08
2011,35,167.02,352.05,519.07
2011,36,216.03,388.06,604.09
2011,37,238.04,445.07,683.11
2011,38,278.04,516.08,794.12
2011,39,351.05,613.11,964.16
2011,40,402.06,761.12,1163.18
2011,41,466.07,793.13,1259.2
2011,42,541.08,1018.16,1559.24
2011,43,710.12,1184.18,1894.3
2011,44,721.11,1350.21,2071.32
2011,45,877.14,1489.24,2366.38
2011,46,960.14,1757.28,2717.42
2011,47,1144.17,1986.31,3130.48
2011,48,1190.18,2215.35,3405.53
2011,49,1358.2,2402.37,3760.57
2011,50,1435.21,2677.42,4112.63
2011,51,1580.24,2984.47,4564.71
2011,52,1702.26,3150.5,4852.76
2011,53,1764.27,3343.53,5107.8
2011,54,1869.28,3499.55,5368.83
2011,55,2055.31,3813.6,5868.91
2011,56,2128.32,3933.62,6061.94
2011,57,2193.33,4289.67,6483.0
2011,58,2400.36,4690.73,7091.09
2011,59,2650.39,4977.79,7628.18
2011,60,2897.43,5315.83,8213.26
2011,61,3078.46,5722.91,8801.37
2011,62,3080.47,5625.9,8706.37
2011,63,3099.49,5378.86,8478.35
2011,64,3238.5,5764.93,9003.43
2011,65,2687.42,4928.79,7616.21
2011,66,3515.54,6207.98,9723.52
2011,67,4244.63,7645.21,11889.84
2011,68,4480.66,7993.27,12473.93
2011,69,5366.78,9492.52,14859.3
2011,70,6290.92,10971.73,17262.65
2011,71,7291.05,12429.97,19721.02
2011,72,7806.14,12585.0,20391.14
2011,73,7992.15,12342.95,20335.1
2011,74,8772.28,12908.04,21680.32
2011,75,9494.38,13624.15,23118.53
2011,76,10519.51,14131.24,24650.75
2011,77,9817.39,12893.04,22710.43
2011,78,10037.45,12248.95,22286.4
2011,79,11133.63,13239.1,24372.73
2011,80,13233.91,13948.23,27182.14
2011,81,14711.12,14849.36,29560.48
2011,82,16511.4,15120.43,31631.83
2011,83,16999.49,14478.32,31477.81
2011,84,18312.71,13308.14,31620.85
2011,85,20194.99,12476.02,32671.01
2011,86,20970.13,11450.84,32420.97
2011,87,20904.14,9891.6,30795.74
2011,88,21496.24,9460.53,30956.77
2011,89,22501.37,9292.5,31793.87
2011,90,21664.21,8067.29,29731.5
2011,91,19403.9,6887.11,26291.01
2011,92,10251.56,3293.54,13545.1
2011,93,7499.16,2322.38,9821.54
2011,94,6986.07,1962.31,8948.38
2011,95,6687.02,1730.28,8417.3
2011,96,7879.19,1845.3,9724.49
2011,97,6462.97,1428.23,7891.2
2011,98,4818.73,930.16,5748.89
2011,99,3394.52,612.1,4006.62
2011,100,2310.34,370.05,2680.39
2012,18,98.02,183.05,281.07
2012,19,69.02,196.06,265.08
2012,20,55.01,217.06,272.07
2012,21,87.02,225.05,312.07
2012,22,102.02,255.06,357.08
2012,23,100.02,278.07,378.09
2012,24,115.02,259.06,374.08
2012,25,109.02,267.07,376.09
2012,26,98.02,273.06,371.08
2012,27,111.02,268.06,379.08
2012,28,124.02,269.06,393.08
2012,29,121.02,295.08,416.1
2012,30,118.02,314.08,432.1
2012,31,131.02,319.08,450.1
2012,32,141.02,375.1,516.12
2012,33,193.04,315.08,508.12
2012,34,182.04,362.09,544.13
2012,35,211.04,355.09,566.13
2012,36,204.04,402.1,606.14
2012,37,218.04,421.12,639.16
2012,38,251.04,472.12,723.16
2012,39,292.06,519.14,811.2
2012,40,351.07,657.16,1008.23
2012,41,452.08,804.2,1256.28
2012,42,529.1,912.24,1441.34
2012,43,593.1,1080.28,1673.38
2012,44,705.12,1315.33,2020.45
2012,45,749.13,1535.39,2284.52
2012,46,921.16,1656.41,2577.57
2012,47,1103.19,1883.48,2986.67
2012,48,1207.22,2105.51,3312.73
2012,49,1302.24,2425.61,3727.85
2012,50,1485.26,2606.64,4091.9
2012,51,1538.28,2830.68,4368.96
2012,52,1710.32,3172.78,4883.1
2012,53,1792.33,3226.79,5019.12
2012,54,1836.34,3642.9,5479.24
2012,55,1943.35,3775.93,5719.28
2012,56,2096.38,3990.97,6087.35
2012,57,2251.41,4368.07,6619.48
2012,58,2354.42,4511.1,6865.52
2012,59,2568.45,4921.21,7489.66
2012,60,2844.5,5235.28,8079.78
2012,61,2926.52,5627.4,8553.92
2012,62,3205.57,5970.5,9176.07
2012,63,3309.6,6036.54,9346.14
2012,64,3283.6,6007.55,9291.15
2012,65,3392.63,6166.62,9559.25
2012,66,2917.54,5123.36,8040.9
2012,67,3801.69,6360.63,10162.32
2012,68,4543.81,8187.07,12730.88
2012,69,4735.85,8419.14,13154.99
2012,70,5995.05,9889.51,15884.56
2012,71,6885.21,11565.93,18451.14
2012,72,8095.45,13188.34,21283.79
2012,73,8285.46,13344.41,21629.87
2012,74,8692.53,13065.33,21757.86
2012,75,9455.67,13701.47,23157.14
2012,76,10211.78,14045.56,24257.34
2012,77,11418.99,14948.8,26367.79
2012,78,10906.89,13124.33,24031.22
2012,79,11026.93,12668.24,23695.17
2012,80,12376.17,13630.47,26006.64
2012,81,14601.57,14888.83,29490.4
2012,82,16267.85,15479.01,31746.86
2012,83,17760.13,15584.05,33344.18
2012,84,18670.32,14740.85,33411.17
2012,85,19603.49,13381.52,32985.01
2012,86,21206.79,12652.36,33859.15
2012,87,21700.91,11127.95,32828.86
2012,88,21555.91,9517.57,31073.48
2012,89,21750.91,8916.39,30667.3
2012,90,22182.0,8380.24,30562.24
2012,91,20808.72,7383.96,28192.68
2012,92,18219.29,6096.64,24315.93
2012,93,9127.67,2802.78,11930.45
2012,94,6771.23,1892.51,8663.74
2012,95,6034.11,1581.42,7615.53
2012,96,5547.02,1388.37,6935.39
2012,97,6223.14,1352.36,7575.5
2012,98,4921.89,999.26,5921.15
2012,99,3559.64,646.16,4205.8
2012,100,2372.42,390.1,2762.52
2013,18,70.02,180.06,250.08
2013,19,81.02,191.06,272.08
2013,20,87.02,190.07,277.09
2013,21,78.02,201.06,279.08
2013,22,75.02,209.07,284.09
2013,23,111.03,239.07,350.1
2013,24,107.03,239.07,346.1
2013,25,113.03,271.08,384.11
2013,26,110.03,282.09,392.12
2013,27,109.03,240.07,349.1
2013,28,118.02,284.09,402.11
2013,29,139.04,284.09,423.13
2013,30,144.04,334.1,478.14
2013,31,152.04,326.1,478.14
2013,32,178.05,340.1,518.15
2013,33,191.05,349.11,540.16
2013,34,185.05,390.11,575.16
2013,35,211.06,411.12,622.18
2013,36,211.06,393.13,604.19
2013,37,242.06,405.12,647.18
2013,38,267.08,465.15,732.23
2013,39,297.08,556.17,853.25
2013,40,356.1,586.18,942.28
2013,41,389.1,707.21,1096.31
2013,42,489.13,840.26,1329.39
2013,43,564.15,1020.31,1584.46
2013,44,677.18,1181.36,1858.54
2013,45,766.21,1418.44,2184.65
2013,46,911.25,1668.5,2579.75
2013,47,1051.28,1807.53,2858.81
2013,48,1137.31,2095.62,3232.93
2013,49,1281.33,2406.71,3688.04
2013,50,1395.37,2539.73,3935.1
2013,51,1624.44,2934.84,4559.28
2013,52,1718.48,3169.93,4888.41
2013,53,1916.54,3455.03,5371.57
2013,54,1919.54,3724.12,5643.66
2013,55,2098.58,3888.17,5986.75
2013,56,2225.62,4070.23,6295.85
2013,57,2236.62,4444.33,6680.95
2013,58,2475.68,4781.43,7257.11
2013,59,2653.72,4935.44,7589.16
2013,60,2743.75,5351.58,8095.33
2013,61,3018.82,5645.68,8664.5
2013,62,3231.88,5942.77,9174.65
2013,63,3539.97,6378.91,9918.88
2013,64,3728.05,6525.04,10253.09
2013,65,3585.0,6355.0,9940.0
2013,66,3820.07,6572.1,10392.17
2013,67,3159.91,5649.81,8809.72
2013,68,4208.14,7122.2,11330.34
2013,69,5086.4,8589.63,13676.03
2013,70,5365.45,8915.74,14281.19
2013,71,6390.7,10723.3,17114.0
2013,72,7486.02,12447.8,19933.82
2013,73,8909.36,13996.32,22905.68
2013,74,9236.44,14095.32,23331.76
2013,75,9653.58,14015.3,23668.88
2013,76,10540.79,14608.5,25149.29
2013,77,11463.03,14988.59,26451.62
2013,78,12704.38,15721.79,28426.17
2013,79,12095.2,13939.28,26034.48
2013,80,12123.21,13205.09,25328.3
2013,81,13616.61,14124.35,27740.96
2013,82,16057.26,15436.77,31494.03
2013,83,17838.78,16050.99,33889.77
2013,84,19147.11,15896.97,35044.08
2013,85,19814.37,14932.76,34747.13
2013,86,20886.65,13378.26,34264.91
2013,87,22141.05,12364.97,34506.02
2013,88,22357.13,10731.44,33088.57
2013,89,21642.96,9090.9,30733.86
2013,90,21247.85,8274.69,29522.54
2013,91,21122.8,7790.51,28913.31
2013,92,19334.28,6462.07,25796.35
2013,93,16391.48,5042.62,21434.1
2013,94,7969.21,2188.72,10157.93
2013,95,5665.6,1553.51,7219.11
2013,96,4957.38,1180.39,6137.77
2013,97,4401.24,995.33,5396.57
2013,98,4761.31,1020.33,5781.64
2013,99,3585.98,689.23,4275.21
2013,100,2474.69,519.17,2993.86
2014,18,83.02,154.06,237.08
2014,19,78.02,188.07,266.09
2014,20,77.02,188.07,265.09
2014,21,69.02,206.07,275.09
2014,22,75.03,179.06,254.09
2014,23,115.04,255.09,370.13
2014,24,88.03,257.09,345.12
2014,25,92.02,276.09,368.11
2014,26,88.03,252.08,340.11
2014,27,99.03,278.08,377.11
2014,28,119.03,277.09,396.12
2014,29,123.04,267.09,390.13
2014,30,131.04,285.09,416.13
2014,31,148.04,351.12,499.16
2014,32,158.05,350.12,508.17
2014,33,177.06,367.12,544.18
2014,34,183.06,394.12,577.18
2014,35,185.06,422.14,607.2
2014,36,223.07,426.14,649.21
2014,37,208.07,402.14,610.21
2014,38,256.09,519.17,775.26
2014,39,290.09,480.16,770.25
2014,40,284.09,538.17,822.26
2014,41,389.12,621.21,1010.33
2014,42,443.14,808.27,1251.41
2014,43,501.16,974.35,1475.51
2014,44,606.19,1060.36,1666.55
2014,45,694.22,1334.46,2028.68
2014,46,867.28,1456.49,2323.77
2014,47,954.3,1744.6,2698.9
2014,48,1049.32,2004.67,3053.99
2014,49,1276.41,2264.76,3541.17
2014,50,1402.43,2582.86,3985.29
2014,51,1596.5,2773.92,4370.42
2014,52,1666.52,3079.02,4745.54
2014,53,1863.58,3406.13,5269.71
2014,54,1967.61,3648.2,5615.81
2014,55,1962.6,3774.25,5736.85
2014,56,2139.66,4038.35,6178.01
2014,57,2294.71,4364.46,6659.17
2014,58,2409.76,4648.53,7058.29
2014,59,2745.84,4912.63,7658.47
2014,60,2904.9,5134.68,8039.58
2014,61,2919.89,5653.87,8573.76
2014,62,3106.96,6089.99,9196.95
2014,63,3370.03,6246.1,9616.13
2014,64,3648.12,6775.27,10423.39
2014,65,3817.22,6813.34,10630.56
2014,66,3809.22,6657.31,10466.53
2014,67,3850.22,6715.36,10565.58
2014,68,3330.07,5578.95,8909.02
2014,69,4306.34,7004.4,11310.74
2014,70,5278.64,8919.03,14197.67
2014,71,5543.68,9237.13,14780.81
2014,72,6779.07,10877.71,17656.78
2014,73,7922.41,12825.37,20747.78
2014,74,9207.78,14197.85,23405.63
2014,75,9862.97,14444.93,24307.9
2014,76,10358.11,14484.94,24843.05
2014,77,11103.33,14524.96,25628.29
2014,78,11997.61,15082.18,27079.79
2014,79,13353.0,15792.36,29145.36
2014,80,12631.76,13810.71,26442.47
2014,81,12670.81,13201.48,25872.29
2014,82,14168.29,13959.8,28128.09
2014,83,16079.84,14965.16,31045.0
2014,84,17889.38,15312.28,33201.66
2014,85,18892.68,15147.29,34039.97
2014,86,19690.0,14052.95,33742.95
2014,87,20280.23,12414.41,32694.64
2014,88,21102.48,11086.91,32189.39
2014,89,20790.45,9473.38,30263.83
2014,90,19509.1,7765.78,27274.88
2014,91,18963.9,7210.56,26174.46
2014,92,18336.7,6526.28,24862.98
2014,93,16511.1,5263.86,21774.96
2014,94,13364.14,3941.38,17305.52
2014,95,6351.02,1801.64,8152.66
2014,96,4347.37,1177.43,5524.8
2014,97,3543.11,845.3,4388.41
2014,98,3102.98,710.25,3813.23
2014,99,3206.01,575.2,3781.21
2014,100,2497.78,441.15,2938.93
2015,18,80.03,168.06,248.09
2015,19,76.02,179.06,255.08
2015,20,80.02,209.07,289.09
2015,21,80.03,227.08,307.11
2015,22,72.02,215.08,287.1
2015,23,101.04,213.08,314.12
2015,24,88.04,250.08,338.12
2015,25,98.03,260.08,358.11
2015,26,108.04,270.08,378.12
2015,27,121.04,304.09,425.13
2015,28,133.04,288.09,421.13
2015,29,142.05,339.1,481.15
2015,30,143.04,318.09,461.13
2015,31,179.06,376.11,555.17
2015,32,174.05,389.12,563.17
2015,33,188.06,391.12,579.18
2015,34,211.08,413.12,624.2
2015,35,217.07,468.14,685.21
2015,36,232.08,445.13,677.21
2015,37,214.07,489.15,703.22
2015,38,267.1,469.15,736.25
2015,39,287.1,522.17,809.27
2015,40,305.11,602.2,907.31
2015,41,328.11,665.2,993.31
2015,42,412.14,736.23,1148.37
2015,43,499.17,908.27,1407.44
2015,44,594.21,1029.31,1623.52
2015,45,656.23,1287.41,1943.64
2015,46,822.29,1446.46,2268.75
2015,47,964.34,1715.55,2679.89
2015,48,1077.37,1936.61,3013.98
2015,49,1245.44,2246.72,3492.16
2015,50,1387.5,2545.79,3933.29
2015,51,1541.55,2762.85,4304.4
2015,52,1704.61,3194.99,4899.6
2015,53,1880.67,3455.06,5335.73
2015,54,2007.71,3724.15,5731.86
2015,55,2159.76,4054.24,6214.0
2015,56,2244.8,4280.32,6525.12
2015,57,2379.84,4499.38,6879.22
2015,58,2543.88,4853.5,7397.38
2015,59,2676.94,5242.63,7919.57
2015,60,2978.02,5463.68,8441.7
2015,61,3149.1,5696.73,8845.83
2015,62,3295.15,6141.89,9437.04
2015,63,3502.21,6659.04,10161.25
2015,64,3844.34,7013.17,10857.51
2015,65,4108.45,7405.33,11513.78
2015,66,4250.52,7383.37,11633.89
2015,67,4362.56,7317.39,11679.95
2015,68,4343.57,7431.46,11775.03
2015,69,3720.34,6332.08,10052.42
2015,70,4878.72,8067.6,12946.32
2015,71,6102.1,9788.1,15890.2
2015,72,6237.18,10053.2,16290.38
2015,73,7703.67,12058.82,19762.49
2015,74,8966.09,13962.44,22928.53
2015,75,10625.63,15789.01,26414.64
2015,76,11398.9,15933.06,27331.96
2015,77,11649.97,15626.99,27276.96
2015,78,12669.34,15984.1,28653.44
2015,79,13842.7,16445.24,30287.94
2015,80,15313.23,17276.5,32589.73
2015,81,14287.86,15200.83,29488.69
2015,82,14455.92,14342.58,28798.5
2015,83,16046.48,14928.78,30975.26
2015,84,18403.28,15769.07,34172.35
2015,85,20106.9,16160.24,36267.14
2015,86,21102.22,15766.13,36868.35
2015,87,21345.32,14172.66,35517.98
2015,88,21584.48,12584.18,34168.66
2015,89,22326.75,10878.62,33205.37
2015,90,21955.74,9280.11,31235.85
2015,91,19980.07,7644.56,27624.63
2015,92,18724.6,6556.19,25280.79
2015,93,17622.18,5667.88,23290.06
2015,94,15171.28,4515.51,19686.79
2015,95,11948.17,3281.07,15229.24
2015,96,5374.93,1403.47,6778.4
2015,97,3745.33,808.27,4553.6
2015,98,2904.03,614.21,3518.24
2015,99,2375.85,476.16,2852.01
2015,100,2508.9,432.14,2941.04
2016,18,83.04,182.1,265.14
2016,19,81.04,184.08,265.12
2016,20,72.03,208.1,280.13
2016,21,61.02,179.09,240.11
2016,22,80.03,242.12,322.15
2016,23,83.03,208.09,291.12
2016,24,70.02,240.11,310.13
2016,25,92.04,242.11,334.15
2016,26,104.04,260.11,364.15
2016,27,117.05,288.12,405.17
2016,28,128.05,273.12,401.17
2016,29,124.04,303.13,427.17
2016,30,168.06,300.13,468.19
2016,31,149.06,346.15,495.21
2016,32,189.06,359.16,548.22
2016,33,176.07,357.15,533.22
2016,34,198.07,445.21,643.28
2016,35,200.08,465.21,665.29
2016,36,232.09,455.21,687.3
2016,37,239.1,483.22,722.32
2016,38,306.13,529.24,835.37
2016,39,255.11,549.26,804.37
2016,40,356.15,636.3,992.45
2016,41,365.16,617.29,982.45
2016,42,381.17,711.32,1092.49
2016,43,433.19,770.36,1203.55
2016,44,539.24,1036.47,1575.71
2016,45,660.28,1163.52,1823.8
2016,46,725.31,1352.61,2077.92
2016,47,917.38,1583.71,2501.09
2016,48,1119.47,1862.87,2982.34
2016,49,1222.53,2172.98,3395.51
2016,50,1324.56,2415.08,3739.64
2016,51,1476.61,2721.19,4197.8
2016,52,1704.72,3047.34,4752.06
2016,53,1796.75,3376.48,5173.23
2016,54,1979.82,3741.64,5721.46
2016,55,2226.91,4012.77,6239.68
2016,56,2298.94,4314.9,6613.84
2016,57,2446.01,4552.02,6998.03
2016,58,2681.1,4967.18,7648.28
2016,59,2748.13,5176.31,7924.44
2016,60,3042.26,5452.43,8494.69
2016,61,3019.25,5674.49,8693.74
2016,62,3310.35,6091.67,9402.02
2016,63,3509.45,6475.83,9985.28
2016,64,3834.56,7039.09,10873.65
2016,65,4138.71,7467.3,11606.01
2016,66,4400.82,7767.48,12168.3
2016,67,4553.9,7963.64,12517.54
2016,68,4482.86,7477.45,11960.31
2016,69,4641.98,7897.69,12539.67
2016,70,4154.74,6629.07,10783.81
2016,71,5199.13,8288.77,13487.9
2016,72,6387.61,10120.58,16508.19
2016,73,6653.73,10431.69,17085.42
2016,74,8214.33,12365.56,20579.89
2016,75,9612.88,14471.52,24084.4
2016,76,11318.59,16114.3,27432.89
2016,77,11879.83,16447.48,28327.31
2016,78,12485.07,16417.5,28902.57
2016,79,13503.48,16517.52,30021.0
2016,80,15011.08,16757.65,31768.73
2016,81,16167.55,17462.99,33630.54
2016,82,14930.06,15351.05,30281.11
2016,83,14896.05,14211.55,29107.6
2016,84,16486.72,14612.76,31099.48
2016,85,18652.59,15257.03,33909.62
2016,86,20239.24,15273.08,35512.32
2016,87,20736.52,14875.98,35612.5
2016,88,20628.48,13401.33,34029.81
2016,89,20623.51,11448.41,32071.92
2016,90,20468.47,9738.64,30207.11
2016,91,19739.21,8020.81,27760.02
2016,92,17537.32,6366.04,23903.36
2016,93,15806.58,5228.5,21035.08
2016,94,14392.95,4558.16,18951.11
2016,95,11846.89,3378.6,15225.49
2016,96,9392.89,2528.2,11921.09
2016,97,4029.7,1075.52,5105.22
2016,98,2528.04,579.28,3107.32
2016,99,1993.82,403.19,2397.01
2016,100,1641.67,279.13,1920.8
2017,18,78.0,154.02,232.02
2017,19,70.0,194.02,264.02
2017,20,92.0,205.02,297.02
2017,21,79.0,187.02,266.02
2017,22,70.0,189.02,259.02
2017,23,79.0,189.02,268.02
2017,24,90.01,235.02,325.03
2017,25,82.0,218.02,300.02
2017,26,97.0,245.02,342.02
2017,27,111.0,235.02,346.02
2017,28,120.01,278.02,398.03
2017,29,145.02,300.03,445.05
2017,30,167.02,322.03,489.05
2017,31,159.02,350.05,509.07
2017,32,155.02,340.05,495.07
2017,33,176.02,417.04,593.06
2017,34,225.02,402.06,627.08
2017,35,220.02,416.05,636.07
2017,36,213.02,476.07,689.09
2017,37,241.02,541.08,782.1
2017,38,284.02,535.08,819.1
2017,39,300.02,525.07,825.09
2017,40,324.03,566.08,890.11
2017,41,317.03,608.08,925.11
2017,42,350.04,643.08,993.12
2017,43,421.04,732.1,1153.14
2017,44,475.04,878.11,1353.15
2017,45,624.07,1071.13,1695.2
2017,46,725.08,1291.16,2016.24
2017,47,790.09,1438.19,2228.28
2017,48,979.11,1743.21,2722.32
2017,49,1155.12,1930.24,3085.36
2017,50,1209.12,2251.28,3460.4
2017,51,1458.15,2580.32,4038.47
2017,52,1613.18,2903.36,4516.54
2017,53,1818.2,3295.42,5113.62
2017,54,2035.22,3715.45,5750.67
2017,55,2115.22,3927.48,6042.7
2017,56,2367.25,4329.53,6696.78
2017,57,2492.27,4533.56,7025.83
2017,58,2599.29,4886.61,7485.9
2017,59,2694.3,5126.64,7820.94
2017,60,2996.32,5395.67,8391.99
2017,61,3267.35,5923.74,9191.09
2017,62,3298.35,6159.76,9458.11
2017,63,3585.38,6425.79,10011.17
2017,64,3800.4,6838.84,10639.24
2017,65,4067.43,7372.91,11440.34
2017,66,4390.47,7698.95,12089.42
2017,67,4671.5,8198.02,12869.52
2017,68,4943.52,8438.05,13381.57
2017,69,4820.52,8125.02,12945.54
2017,70,5173.56,8197.03,13370.59
2017,71,4496.49,7015.88,11512.37
2017,72,5703.62,8695.08,14398.7
2017,73,7137.77,10887.35,18025.12
2017,74,7326.79,10948.35,18275.14
2017,75,8968.96,13217.65,22186.61
2017,76,10689.14,15347.9,26037.04
2017,77,12423.33,17171.13,29594.46
2017,78,13199.42,17281.16,30480.58
2017,79,13852.49,17079.12,30931.61
2017,80,15082.63,17451.16,32533.79
2017,81,16456.77,17772.21,34228.98
2017,82,17814.91,18155.26,35970.17
2017,83,16268.74,15682.94,31951.68
2017,84,16096.73,14563.82,30660.55
2017,85,18156.95,15114.88,33271.83
2017,86,19741.13,15310.91,35052.04
2017,87,20986.25,15057.88,36044.13
2017,88,21524.31,14427.81,35952.12
2017,89,20867.24,12767.6,33634.84
2017,90,20864.24,10887.37,31751.61
2017,91,20396.19,9007.12,29403.31
2017,92,18767.03,7460.93,26227.96
2017,93,16290.76,5441.69,21732.45
2017,94,14258.54,4488.56,18747.1
2017,95,12522.35,3562.44,16084.79
2017,96,10100.07,2721.35,12821.42
2017,97,7571.8,1855.23,9427.03
2017,98,3214.34,729.09,3943.43
2017,99,1974.22,419.04,2393.26
2017,100,1498.17,290.03,1788.2
2018,18,77.0,178.0,255.0
2018,19,67.0,174.0,241.0
2018,20,72.0,199.0,271.0
2018,21,72.0,210.0,282.0
2018,22,61.0,216.0,277.0
2018,23,77.0,197.0,274.0
2018,24,87.0,232.0,319.0
2018,25,99.0,222.0,321.0
2018,26,82.0,242.0,324.0
2018,27,107.0,256.0,363.0
2018,28,126.0,278.0,404.0
2018,29,141.0,283.0,424.0
2018,30,162.0,318.0,480.0
2018,31,176.0,310.0,486.0
2018,32,177.0,319.0,496.0
2018,33,197.0,394.0,591.0
2018,34,201.0,383.0,584.0
2018,35,219.0,402.0,621.0
2018,36,264.0,432.0,696.0
2018,37,242.0,500.0,742.0
2018,38,308.0,559.0,867.0
2018,39,323.0,584.0,907.0
2018,40,306.0,611.0,917.0
2018,41,368.0,698.0,1066.0
2018,42,389.0,709.0,1098.0
2018,43,449.0,736.0,1185.0
2018,44,448.0,833.0,1281.0
2018,45,565.0,966.0,1531.0
2018,46,643.0,1173.0,1816.0
2018,47,787.0,1376.0,2163.0
2018,48,943.0,1580.0,2523.0
2018,49,1093.0,1934.0,3027.0
2018,50,1237.0,2257.0,3494.0
2018,51,1499.0,2539.0,4038.0
2018,52,1556.0,2893.0,4449.0
2018,53,1744.0,3321.0,5065.0
2018,54,1946.0,3662.0,5608.0
2018,55,2216.0,4095.0,6311.0
2018,56,2382.0,4356.0,6738.0
2018,57,2545.0,4873.0,7418.0
2018,58,2703.0,5037.0,7740.0
2018,59,2890.0,5355.0,8245.0
2018,60,3023.0,5719.0,8742.0
2018,61,3245.0,5992.0,9237.0
2018,62,3440.0,6440.0,9880.0
2018,63,3743.0,6729.0,10472.0
2018,64,4155.0,7098.0,11253.0
2018,65,4189.0,7393.0,11582.0
2018,66,4619.0,8005.0,12624.0
2018,67,4803.0,8382.0,13185.0
2018,68,5219.0,8760.0,13979.0
2018,69,5442.0,8848.0,14290.0
2018,70,5334.0,8592.0,13926.0
2018,71,5466.0,8913.0,14379.0
2018,72,4859.0,7463.0,12322.0
2018,73,6270.0,9220.0,15490.0
2018,74,7753.0,11567.0,19320.0
2018,75,8179.0,11779.0,19958.0
2018,76,10051.0,14097.0,24148.0
2018,77,11728.0,16043.0,27771.0
2018,78,14008.0,18119.0,32127.0
2018,79,14821.0,18475.0,33296.0
2018,80,15212.0,18152.0,33364.0
2018,81,16463.0,18418.0,34881.0
2018,82,18023.0,18612.0,36635.0
2018,83,19179.0,18563.0,37742.0
2018,84,17786.0,16280.0,34066.0
2018,85,17305.0,14651.0,31956.0
2018,86,18899.0,14923.0,33822.0
2018,87,20991.0,14949.0,35940.0
2018,88,22002.0,14726.0,36728.0
2018,89,21894.0,13728.0,35622.0
2018,90,21143.0,11749.0,32892.0
2018,91,20105.0,9569.0,29674.0
2018,92,19066.0,8147.0,27213.0
2018,93,17202.0,6245.0,23447.0
2018,94,14161.0,4584.0,18745.0
2018,95,12156.0,3655.0,15811.0
2018,96,10420.0,2758.0,13178.0
2018,97,8020.0,1986.0,10006.0
2018,98,5641.0,1295.0,6936.0
2018,99,2319.0,465.0,2784.0
2018,100,1399.0,244.0,1643.0
2019,18,62.0,180.0,242.0
2019,19,70.0,179.0,249.0
2019,20,66.0,192.0,258.0
2019,21,74.0,185.0,259.0
2019,22,87.0,201.0,288.0
2019,23,60.0,193.0,253.0
2019,24,73.0,219.0,292.0
2019,25,84.0,224.0,308.0
2019,26,78.0,214.0,292.0
2019,27,105.0,238.0,343.0
2019,28,119.0,278.0,397.0
2019,29,132.0,273.0,405.0
2019,30,159.0,285.0,444.0
2019,31,174.0,358.0,532.0
2019,32,191.0,369.0,560.0
2019,33,166.0,376.0,542.0
2019,34,192.0,365.0,557.0
2019,35,249.0,395.0,644.0
2019,36,250.0,496.0,746.0
2019,37,294.0,522.0,816.0
2019,38,285.0,497.0,782.0
2019,39,330.0,581.0,911.0
2019,40,322.0,599.0,921.0
2019,41,339.0,749.0,1088.0
2019,42,383.0,666.0,1049.0
2019,43,389.0,765.0,1154.0
2019,44,433.0,790.0,1223.0
2019,45,474.0,897.0,1371.0
2019,46,586.0,1015.0,1601.0
2019,47,709.0,1334.0,2043.0
2019,48,818.0,1540.0,2358.0
2019,49,999.0,1768.0,2767.0
2019,50,1229.0,2008.0,3237.0
2019,51,1366.0,2352.0,3718.0
2019,52,1529.0,2736.0,4265.0
2019,53,1743.0,3086.0,4829.0
2019,54,1877.0,3489.0,5366.0
2019,55,2134.0,3881.0,6015.0
2019,56,2327.0,4265.0,6592.0
2019,57,2521.0,4651.0,7172.0
2019,58,2686.0,4802.0,7488.0
2019,59,2867.0,5418.0,8285.0
2019,60,3066.0,5547.0,8613.0
2019,61,3230.0,5860.0,9090.0
2019,62,3491.0,6345.0,9836.0
2019,63,3673.0,6801.0,10474.0
2019,64,3854.0,7099.0,10953.0
2019,65,4179.0,7341.0,11520.0
2019,66,4485.0,7909.0,12394.0
2019,67,4817.0,8328.0,13145.0
2019,68,4925.0,8788.0,13713.0
2019,69,5568.0,9164.0,14732.0
2019,70,5699.0,9313.0,15012.0
2019,71,5649.0,9005.0,14654.0
2019,72,5866.0,9102.0,14968.0
2019,73,5188.0,7660.0,12848.0
2019,74,6718.0,9690.0,16408.0
2019,75,8350.0,11843.0,20193.0
2019,76,8524.0,12189.0,20713.0
2019,77,10575.0,14542.0,25117.0
2019,78,12619.0,16729.0,29348.0
2019,79,14973.0,18721.0,33694.0
2019,80,15852.0,18674.0,34526.0
2019,81,16362.0,18479.0,34841.0
2019,82,17514.0,18379.0,35893.0
2019,83,18880.0,18531.0,37411.0
2019,84,20063.0,18705.0,38768.0
2019,85,18085.0,15878.0,33963.0
2019,86,17903.0,14391.0,32294.0
2019,87,19021.0,13970.0,32991.0
2019,88,20652.0,14322.0,34974.0
2019,89,21268.0,13436.0,34704.0
2019,90,20685.0,12244.0,32929.0
2019,91,19303.0,10224.0,29527.0
2019,92,18302.0,8315.0,26617.0
2019,93,16619.0,6559.0,23178.0
2019,94,14066.0,4940.0,19006.0
2019,95,11631.0,3381.0,15012.0
2019,96,9387.0,2699.0,12086.0
2019,97,7744.0,2021.0,9765.0
2019,98,5793.0,1340.0,7133.0
2019,99,4045.0,831.0,4876.0
2019,100,1541.0,314.0,1855.0
2020,18,51.0,134.0,185.0
2020,19,63.0,188.0,251.0
2020,20,69.0,186.0,255.0
2020,21,75.0,187.0,262.0
2020,22,74.0,195.0,269.0
2020,23,81.0,226.0,307.0
2020,24,61.0,224.0,285.0
2020,25,84.0,215.0,299.0
2020,26,92.0,219.0,311.0
2020,27,97.0,221.0,318.0
2020,28,121.0,210.0,331.0
2020,29,120.0,288.0,408.0
2020,30,136.0,312.0,448.0
2020,31,169.0,319.0,488.0
2020,32,167.0,345.0,512.0
2020,33,185.0,387.0,572.0
2020,34,197.0,390.0,587.0
2020,35,253.0,418.0,671.0
2020,36,228.0,494.0,722.0
2020,37,256.0,586.0,842.0
2020,38,273.0,566.0,839.0
2020,39,347.0,640.0,987.0
2020,40,324.0,681.0,1005.0
2020,41,374.0,726.0,1100.0
2020,42,399.0,708.0,1107.0
2020,43,444.0,811.0,1255.0
2020,44,465.0,871.0,1336.0
2020,45,517.0,880.0,1397.0
2020,46,567.0,971.0,1538.0
2020,47,604.0,1104.0,1708.0
2020,48,856.0,1475.0,2331.0
2020,49,981.0,1749.0,2730.0
2020,50,1060.0,1995.0,3055.0
2020,51,1259.0,2350.0,3609.0
2020,52,1398.0,2650.0,4048.0
2020,53,1631.0,3088.0,4719.0
2020,54,1914.0,3463.0,5377.0
2020,55,2121.0,4009.0,6130.0
2020,56,2235.0,4488.0,6723.0
2020,57,2479.0,4692.0,7171.0
2020,58,2778.0,5195.0,7973.0
2020,59,3014.0,5512.0,8526.0
2020,60,3239.0,5871.0,9110.0
2020,61,3317.0,6343.0,9660.0
2020,62,3465.0,6596.0,10061.0
2020,63,3778.0,7029.0,10807.0
2020,64,3962.0,7336.0,11298.0
2020,65,4309.0,7811.0,12120.0
2020,66,4489.0,8025.0,12514.0
2020,67,4675.0,8466.0,13141.0
2020,68,5176.0,9213.0,14389.0
2020,69,5722.0,9638.0,15360.0
2020,70,6134.0,9859.0,15993.0
2020,71,6254.0,10163.0,16417.0
2020,72,6197.0,9693.0,15890.0
2020,73,6509.0,9972.0,16481.0
2020,74,5670.0,8277.0,13947.0
2020,75,7202.0,10561.0,17763.0
2020,76,9253.0,13008.0,22261.0
2020,77,9638.0,13333.0,22971.0
2020,78,11982.0,15728.0,27710.0
2020,79,14481.0,18043.0,32524.0
2020,80,16965.0,20769.0,37734.0
2020,81,17808.0,20560.0,38368.0
2020,82,18366.0,19853.0,38219.0
2020,83,19759.0,19946.0,39705.0
2020,84,20977.0,19792.0,40769.0
2020,85,22280.0,20031.0,42311.0
2020,86,20120.0,16717.0,36837.0
2020,87,19347.0,14894.0,34241.0
2020,88,20200.0,14448.0,34648.0
2020,89,21233.0,14341.0,35574.0
2020,90,21801.0,13238.0,35039.0
2020,91,20753.0,11618.0,32371.0
2020,92,18982.0,9622.0,28604.0
2020,93,16852.0,7439.0,24291.0
2020,94,15128.0,5781.0,20909.0
2020,95,12570.0,4117.0,16687.0
2020,96,9913.0,2797.0,12710.0
2020,97,7684.0,1983.0,9667.0
2020,98,6095.0,1439.0,7534.0
2020,99,4324.0,995.0,5319.0
2020,100,3034.0,605.0,3639.0
