Year,Age,Female,Male,Total
1956,18,599508.0,620006.0,1219514.0
1956,19,583144.1699999999,603993.3300000001,1187137.5
1956,20,580041.6699999999,603273.01,1183314.67
1956,21,561067.5,586089.67,1147157.17
1956,22,494752.17,515137.17,1009889.3400000001
1956,23,447414.83999999997,461581.0,908995.8400000001
1956,24,457861.66000000003,467054.51,924916.17
1956,25,485205.33999999997,490871.67,976077.0
1956,26,502050.33,504202.17,1006252.5
1956,27,502830.0,502497.5,1005327.5
1956,28,500591.33,480891.84,981483.1699999999
1956,29,504483.0,442856.33,947339.33
1956,30,530679.0,428242.0,958921.0
1956,31,536703.67,401316.17,938019.8400000001
1956,32,530246.17,375429.5,905675.67
1956,33,548747.5,388801.5,937549.0
1956,34,583602.3300000001,413762.5,997364.8400000001
1956,35,612442.0,426957.16000000003,1039399.17
1956,36,546798.83,379915.0,926713.83
1956,37,393902.83,276787.5,670690.33
1956,38,309027.34,219281.33,528308.67
1956,39,319811.5,227110.33,546921.8300000001
1956,40,397175.66000000003,279236.0,676411.6599999999
1956,41,521226.0,364346.33,885572.33
1956,42,593078.33,421261.83,1014340.17
1956,43,608763.33,444100.5,1052863.84
1956,44,603114.67,445878.83999999997,1048993.5
1956,45,603816.0,447551.5,1051367.5
1956,46,625199.83,468837.0,1094036.83
1956,47,629612.33,480839.67,1110452.0
1956,48,619323.34,484806.66000000003,1104130.0
1956,49,608768.6699999999,486000.5,1094769.16
1956,50,595421.67,494124.33999999997,1089546.0
1956,51,583130.0,503532.5,1086662.5
1956,52,570345.83,493251.33999999997,1063597.1600000001
1956,53,564759.83,486523.16000000003,1051283.0
1956,54,561378.0,483034.66000000003,1044412.66
1956,55,542458.0,465861.67000000004,1008319.67
1956,56,525710.0,440270.17,965980.1699999999
1956,57,516425.0,410098.66000000003,926523.67
1956,58,501707.83999999997,380050.17,881758.0
1956,59,488359.66000000003,356313.16,844672.8400000001
1956,60,475116.0,335330.01,810446.01
1956,61,453220.33,312406.84,765627.16
1956,62,437795.67,298346.66,736142.33
1956,63,417380.66000000003,285852.67,703233.3300000001
1956,64,400693.5,277033.33,677726.83
1956,65,385725.83,268470.5,654196.3300000001
1956,66,370495.84,258529.49,629025.3300000001
1956,67,355732.49,250836.15999999997,606568.67
1956,68,337552.16,241673.99,579226.17
1956,69,318249.83,228942.66999999998,547192.5
1956,70,298534.67,216135.65999999997,514670.33
1956,71,279562.49,204948.15999999997,484510.66000000003
1956,72,256880.0,189401.49,446281.5
1956,73,238239.5,176373.99,414613.49
1956,74,220043.33000000002,164391.66,384435.0
1956,75,202265.34000000003,150947.16999999998,353212.49
1956,76,186736.66,139791.32,326527.99
1956,77,170412.0,128050.5,298462.49
1956,78,152286.5,115060.16,267346.65
1956,79,133747.5,101286.83,235034.32
1956,80,117568.70999999999,89231.85,206800.55
1956,81,98655.76,74837.9,173493.66
1956,82,81089.86,60874.979999999996,141964.84
1956,83,65756.44,48501.74,114258.18
1956,84,49341.15,35988.93,85330.09
1956,85,38139.18,27166.65,65305.83
1956,86,31800.32,21891.89,53692.21
1956,87,23922.960000000003,15816.869999999999,39739.83
1956,88,17274.4,11036.65,28311.05
1956,89,13009.039999999999,7918.03,20927.07
1956,90,9205.32,5424.59,14629.900000000001
1956,91,6148.17,3509.5099999999998,9657.68
1956,92,4216.54,2233.93,6450.47
1956,93,2717.79,1378.44,4096.23
1956,94,1651.98,826.8,2478.7799999999997
1956,95,1064.24,472.72,1536.96
1956,96,613.58,278.38,891.95
1956,97,323.51,151.77,475.27
1956,98,184.95999999999998,72.33,257.3
1956,99,89.73,38.28,128.01
1956,100,41.13,17.08,58.21
1957,18,634525.0,654088.5,1288613.5
1957,19,596482.1699999999,615565.5,1212047.67
1957,20,577870.16,596602.5,1174472.67
1957,21,572336.5,589866.16,1162202.67
1957,22,551497.67,569519.17,1121016.83
1957,23,485968.5,500292.17,986260.67
1957,24,440316.67,450401.0,890717.67
1957,25,451394.5,456134.0,907528.5
1957,26,478377.0,479922.67,958299.6599999999
1957,27,495786.5,493185.5,988972.0
1957,28,497093.0,492376.83,989469.8400000001
1957,29,495298.83,471728.66000000003,967027.5
1957,30,499722.17,435185.17,934907.3400000001
1957,31,525992.17,421468.83999999997,947461.0
1957,32,532560.0,395832.0,928392.01
1957,33,526402.6699999999,370645.17,897047.8400000001
1957,34,545337.3300000001,384300.5,929637.8400000001
1957,35,580110.0,409212.67,989322.67
1957,36,608889.1699999999,422610.67,1031499.83
1957,37,544245.0,376771.16000000003,921016.17
1957,38,392139.0,274610.17000000004,666749.1599999999
1957,39,307457.5,217275.66999999998,524733.16
1957,40,318218.0,225028.84000000003,543246.83
1957,41,394906.0,276634.5,671540.5
1957,42,518709.83,361280.66000000003,879990.5
1957,43,590569.6699999999,418190.66000000003,1008760.33
1957,44,606233.6699999999,440909.5,1047143.17
1957,45,600835.5,442840.67,1043676.1599999999
1957,46,601286.0,444141.67,1045427.67
1957,47,622552.83,465358.83,1087911.66
1957,48,626958.8300000001,477134.17,1104093.0
1957,49,616493.5,481077.0,1097570.5
1957,50,605951.83,482025.16000000003,1087977.0
1957,51,592562.67,489464.0,1082026.67
1957,52,579989.0,498660.33,1078649.33
1957,53,567157.8300000001,487202.0,1054359.84
1957,54,561315.5,480756.5,1042072.0
1957,55,557703.5,476691.0,1034394.5
1957,56,538611.8300000001,459164.17,997776.0
1957,57,521668.82999999996,433395.33,955064.1599999999
1957,58,512138.66000000003,403037.83,915176.5
1957,59,497002.17,373011.01,870013.18
1957,60,483504.32999999996,349037.01,832541.34
1957,61,469523.16000000003,328093.0,797616.1699999999
1957,62,447308.5,304988.34,752296.8400000001
1957,63,431286.83999999997,290649.67,721936.5
1957,64,410647.17,277834.67,688481.84
1957,65,393356.66000000003,268490.33999999997,661847.0
1957,66,377643.5,259494.5,637138.0
1957,67,361887.0,248909.83000000002,610796.8300000001
1957,68,346547.67,240768.33,587316.0
1957,69,327527.5,231074.66999999998,558602.17
1957,70,307587.01,218059.5,525646.5
1957,71,287284.32999999996,204682.33000000002,491966.66000000003
1957,72,267626.32999999996,192978.84000000003,460605.17000000004
1957,73,244485.33000000002,177325.16999999998,421810.5
1957,74,225255.5,164005.83000000002,389261.33
1957,75,206569.67,151832.5,358402.16
1957,76,188383.5,138315.16,326698.66
1957,77,172439.84,126814.67,299254.5
1957,78,155910.66,115168.5,271079.16000000003
1957,79,137878.66999999998,102371.5,240250.15999999997
1957,80,122549.25,91450.6,213999.84000000003
1957,81,104140.04,77606.17,181746.21
1957,82,86097.11,64181.11,150278.21
1957,83,69731.22,51319.59,121050.82
1957,84,55651.81,40303.76,95955.56999999999
1957,85,41089.06,29366.04,70455.09999999999
1957,86,31157.43,21671.49,52828.92
1957,87,25528.07,17048.11,42576.18
1957,88,18792.73,12055.99,30848.72
1957,89,13336.689999999999,8193.32,21530.0
1957,90,9848.17,5742.9,15591.07
1957,91,6793.45,3848.83,10642.29
1957,92,4430.98,2417.2799999999997,6848.26
1957,93,2972.03,1476.55,4448.57
1957,94,1853.6100000000001,909.91,2763.52
1957,95,1099.81,544.28,1644.0900000000001
1957,96,677.24,293.2,970.45
1957,97,375.90999999999997,168.70999999999998,544.62
1957,98,199.84,88.75999999999999,288.61
1957,99,105.63000000000001,43.66,149.3
1957,100,43.24,18.1,61.339999999999996
1958,18,657133.83,679093.5,1336227.33
1958,19,634521.33,655570.16,1290091.5
1958,20,594472.5,614411.17,1208883.67
1958,21,573632.67,589689.1699999999,1163321.84
1958,22,565916.84,579315.0,1145231.84
1958,23,545070.66,559697.51,1104768.17
1958,24,481296.83,494191.17,975488.01
1958,25,436536.33,444410.5,880946.8400000001
1958,26,447461.17,450293.0,897754.17
1958,27,474848.67,474018.5,948867.17
1958,28,492816.33,488364.17,981180.5
1958,29,494482.17,487882.66000000003,982364.83
1958,30,493085.5,468386.17,961471.6699999999
1958,31,497853.33,432549.0,930402.33
1958,32,524516.0,419610.17,944126.17
1958,33,531452.0,394647.5,926099.5
1958,34,525742.34,370080.5,895822.83
1958,35,544578.16,383590.83,928169.0
1958,36,579661.0,408835.0,988496.0
1958,37,608415.6699999999,422323.66000000003,1030739.33
1958,38,543954.0,376721.0,920675.0
1958,39,391980.0,274551.17,666531.17
1958,40,307414.33,217349.83000000002,524764.17
1958,41,318188.5,225304.83,543493.33
1958,42,395021.0,277071.84,672092.83
1958,43,518933.0,362056.33,880989.33
1958,44,590830.8300000001,418836.16,1009667.0
1958,45,606536.0,441638.17,1048174.1599999999
1958,46,601165.0,443413.33999999997,1044578.33
1958,47,601640.3300000001,444752.17,1046392.5
1958,48,622737.16,465812.0,1088549.17
1958,49,626938.3300000001,477443.67,1104382.0
1958,50,616292.33,481104.16000000003,1097396.5
1958,51,605631.33,481641.83,1087273.17
1958,52,591875.0,488781.33999999997,1080656.34
1958,53,579149.17,497457.83999999997,1076607.0
1958,54,566142.0,485357.66000000003,1051499.67
1958,55,560016.83,478381.5,1038398.3300000001
1958,56,556117.16,473566.83,1029684.0
1958,57,536651.34,455438.5,992089.83
1958,58,519420.5,429019.67,948440.1599999999
1958,59,509455.16000000003,398228.33,907683.5
1958,60,493841.83,367908.33999999997,861750.17
1958,61,479762.17,343752.16000000003,823514.33
1958,62,465161.5,322497.5,787659.0
1958,63,442378.33,299108.67000000004,741487.0
1958,64,425714.83,284398.5,710113.34
1958,65,404737.17,271153.33,675890.5
1958,66,386584.83999999997,261236.33000000002,647821.16
1958,67,370332.5,251560.65999999997,621893.17
1958,68,354014.67,240633.33000000002,594648.0
1958,69,337676.5,231872.16999999998,569548.67
1958,70,317909.16,221425.16999999998,539334.3300000001
1958,71,297210.0,207942.83,505152.83999999997
1958,72,276297.5,194230.65999999997,470528.16000000003
1958,73,255758.17,182084.49,437842.66000000003
1958,74,232180.5,166038.33000000002,398218.82999999996
1958,75,212344.83000000002,152615.66,364960.49
1958,76,193159.15999999997,140130.66,333289.83
1958,77,174840.16999999998,126547.34,301387.5
1958,78,158538.84,114965.5,273504.32
1958,79,142010.5,103258.5,245268.99
1958,80,126103.38,91975.35,218078.74
1958,81,108821.46,79639.07,188460.53000000003
1958,82,91263.76,66659.85,157923.61
1958,83,74427.5,54271.67,128699.16
1958,84,59221.96000000001,42663.71,101885.65999999999
1958,85,46314.740000000005,32880.1,79194.84
1958,86,33600.33,23538.11,57138.45
1958,87,25065.88,16984.11,42049.979999999996
1958,88,20089.199999999997,13068.09,33157.3
1958,89,14529.529999999999,8978.17,23507.71
1958,90,10116.99,5976.39,16093.380000000001
1958,91,7239.49,4087.32,11326.81
1958,92,4935.27,2680.11,7615.38
1958,93,3127.3,1617.7399999999998,4745.04
1958,94,2049.5099999999998,958.8599999999999,3008.38
1958,95,1223.94,595.23,1819.17
1958,96,703.8199999999999,334.44000000000005,1038.26
1958,97,419.41,179.38,598.78
1958,98,228.91,106.21000000000001,335.12
1958,99,112.35,56.1,168.44
1958,100,53.53,17.71,71.23
1959,18,634283.1699999999,658183.16,1292466.33
1959,19,656930.3300000001,681551.5,1338481.84
1959,20,634795.17,657891.6699999999,1292686.84
1959,21,594688.83,617683.16,1212372.0
1959,22,573788.84,592283.1699999999,1166072.0
1959,23,565831.5,582256.67,1148088.17
1959,24,545166.5,563090.83,1108257.34
1959,25,481582.67,497219.16000000003,978801.83
1959,26,436968.67,447119.66000000003,884088.33
1959,27,447850.0,452724.33999999997,900574.3400000001
1959,28,475354.16000000003,476385.17,951739.33
1959,29,493052.67,490466.0,983518.67
1959,30,494844.0,489469.33,984313.33
1959,31,493312.33,469528.17,962840.5
1959,32,498007.5,433491.67,931499.17
1959,33,524782.34,420392.83,945175.17
1959,34,531621.0,395304.33999999997,926925.3400000001
1959,35,525794.16,370621.67,896415.83
1959,36,544690.16,384112.67,928802.83
1959,37,579587.5,408930.5,988518.0
1959,38,608177.17,422477.0,1030654.1599999999
1959,39,543614.84,376666.0,920280.83
1959,40,391811.5,274486.33,666297.83
1959,41,307228.67000000004,217291.5,524520.17
1959,42,317938.66,225138.83000000002,543077.5
1959,43,394564.83,276836.66,671401.5
1959,44,518315.67,361460.32999999996,879776.0
1959,45,589879.5,417981.83,1007861.3400000001
1959,46,605458.16,440505.16000000003,1045963.3400000001
1959,47,599920.0,442018.66000000003,1041938.6599999999
1959,48,600184.8300000001,443015.67,1043200.5
1959,49,621076.16,463722.5,1084798.67
1959,50,624970.0,474866.33999999997,1099836.33
1959,51,614198.3300000001,478055.0,1092253.33
1959,52,603212.0,478163.66000000003,1081375.66
1959,53,589332.17,484766.17,1074098.34
1959,54,576397.8300000001,492898.33999999997,1069296.17
1959,55,563152.17,480173.0,1043325.1599999999
1959,56,556817.5,472634.83,1029452.3400000001
1959,57,552377.8300000001,467134.83,1019512.67
1959,58,532710.1699999999,448362.0,981072.1599999999
1959,59,515241.17000000004,421696.83999999997,936938.0
1959,60,504846.16000000003,390644.5,895490.67
1959,61,488802.17000000004,360249.0,849051.17
1959,62,474266.67,335980.0,810246.67
1959,63,459116.5,314592.5,773709.0
1959,64,435755.83,291103.5,726859.33
1959,65,418693.83,276109.16,694803.0
1959,66,397127.66000000003,262487.67,659615.3300000001
1959,67,378435.83,252077.65999999997,630513.5
1959,68,361492.66,242005.83,603498.5
1959,69,344459.16,230831.0,575290.1699999999
1959,70,327415.83,221316.16999999998,548732.0
1959,71,306878.33,210409.83000000002,517288.17000000004
1959,72,285530.16,196619.17,482149.32999999996
1959,73,263932.34,182643.0,446575.33
1959,74,242816.0,169987.16999999998,412803.16000000003
1959,75,218894.66999999998,153951.66999999998,372846.33
1959,76,198793.67,140440.5,339234.17000000004
1959,77,179272.0,127720.0,306992.0
1959,78,160819.83000000002,114367.84,275187.67000000004
1959,79,144588.0,102893.0,247481.0
1959,80,129195.73999999999,92065.67,221261.40999999997
1959,81,112296.77,80321.91,192618.68
1959,82,95591.69,68619.31,164210.99
1959,83,79176.16,56563.61,135739.76
1959,84,63610.24,45349.96,108960.19
1959,85,49640.22,34990.7,84630.91
1959,86,38196.17,26573.79,64769.95
1959,87,27227.94,18669.83,45897.78
1959,88,19906.33,13129.02,33035.35
1959,89,15639.33,9881.52,25520.850000000002
1959,90,11121.34,6621.29,17742.62
1959,91,7529.639999999999,4265.01,11794.650000000001
1959,92,5289.639999999999,2874.13,8163.76
1959,93,3524.2599999999998,1840.76,5365.01
1959,94,2172.63,1083.72,3256.3500000000004
1959,95,1374.69,628.35,2003.04
1959,96,779.77,379.06,1158.83
1959,97,430.98,204.44,635.4200000000001
1959,98,260.08,114.37,374.45
1959,99,129.41,67.03999999999999,196.46
1959,100,59.68,23.24,82.92
1960,18,552893.33,576137.0,1129030.33
1960,19,634178.84,661693.66,1295872.5
1960,20,657460.6699999999,685282.33,1342743.0
1960,21,635115.8300000001,663387.16,1298503.0
1960,22,594914.83,621995.84,1216910.67
1960,23,573774.0,596845.34,1170619.33
1960,24,565997.5,588826.1699999999,1154823.67
1960,25,545068.84,569639.83,1114708.67
1960,26,481840.66000000003,503339.83999999997,985180.5
1960,27,437158.16000000003,452300.5,889458.6599999999
1960,28,447940.16000000003,457458.83,905399.0
1960,29,475326.83,480859.5,956186.3400000001
1960,30,493184.0,494450.66000000003,987634.67
1960,31,494810.33,492566.33,987376.6599999999
1960,32,493207.0,472300.83999999997,965507.83
1960,33,497957.16000000003,436011.33999999997,933968.5
1960,34,524689.16,422677.33,947366.5
1960,35,531408.67,397097.0,928505.6599999999
1960,36,525479.84,372352.5,897832.33
1960,37,544264.5,385389.83999999997,929654.33
1960,38,579057.0,409978.0,989035.0
1960,39,607500.0,423270.83,1030770.83
1960,40,542984.17,377304.66000000003,920288.83
1960,41,391261.33999999997,274828.67000000004,666090.0
1960,42,306762.0,217488.0,524250.0
1960,43,317418.0,225192.0,542610.0
1960,44,393800.33,276744.67,670545.0
1960,45,517217.5,360963.33999999997,878180.83
1960,46,588361.5,416945.83,1005307.33
1960,47,603726.3300000001,439131.83999999997,1042858.17
1960,48,598028.67,440326.33999999997,1038355.0
1960,49,598217.83,440889.0,1039106.83
1960,50,618790.8300000001,461095.33,1079886.17
1960,51,622440.1699999999,471642.0,1094082.17
1960,52,611423.8300000001,474457.5,1085881.33
1960,53,600307.17,474013.67,1074320.83
1960,54,586099.5,480019.66000000003,1066119.17
1960,55,572946.16,487330.33,1060276.5
1960,56,559508.67,474101.17,1033609.8400000001
1960,57,552772.5,465846.5,1018619.0
1960,58,547949.0,459496.66000000003,1007445.67
1960,59,527979.1699999999,440247.5,968226.67
1960,60,510176.0,413181.67,923357.6599999999
1960,61,499223.0,381914.33,881137.33
1960,62,482798.17000000004,351420.5,834218.6599999999
1960,63,467763.33,327020.5,794783.8400000001
1960,64,452081.83,305549.67,757631.5
1960,65,428234.0,281999.84,710233.8300000001
1960,66,410605.5,266600.0,677205.5
1960,67,388444.67,252738.0,641182.67
1960,68,368919.5,241925.5,610845.0
1960,69,351430.17000000004,231453.65999999997,582883.83
1960,70,333683.17000000004,219832.0,553515.17
1960,71,315765.17000000004,209745.83,525511.0
1960,72,294522.34,198304.33,492826.67000000004
1960,73,272502.67,184285.84000000003,456788.5
1960,74,250387.67,170057.83000000002,420445.5
1960,75,228630.34000000003,157125.16,385755.5
1960,76,204534.5,141066.83000000002,345601.34
1960,77,184100.84000000003,127559.0,311659.83
1960,78,164348.66,114964.0,279312.67000000004
1960,79,146022.83000000002,101919.66,247942.49
1960,80,130597.01,91277.26,221874.27
1960,81,114666.48999999999,80023.16,194689.64
1960,82,98252.34,68840.58,167092.93
1960,83,82421.44,57852.82,140274.25
1960,84,67232.26000000001,46983.8,114216.05
1960,85,53072.02,36939.17,90011.18000000001
1960,86,40752.49,28049.76,68802.26000000001
1960,87,30672.29,20860.199999999997,51532.490000000005
1960,88,21350.9,14265.599999999999,35616.51
1960,89,15341.48,9856.65,25198.11
1960,90,11769.48,7172.9800000000005,18942.45
1960,91,8201.66,4637.75,12839.41
1960,92,5364.47,2908.0,8272.45
1960,93,3679.13,1907.78,5586.9
1960,94,2359.09,1183.9099999999999,3542.99
1960,95,1429.47,681.56,2111.02
1960,96,862.1800000000001,385.84999999999997,1248.04
1960,97,484.77,223.39999999999998,708.1600000000001
1960,98,260.98,123.61,384.59000000000003
1960,99,146.91,64.53999999999999,211.45
1960,100,65.91,27.759999999999998,93.66
1961,18,499947.66000000003,523610.5,1023558.17
1961,19,549714.0,576726.17,1126440.16
1961,20,631093.0,661959.66,1293052.67
1961,21,650242.66,681435.84,1331678.5
1961,22,627260.16,656940.6699999999,1284200.83
1961,23,588237.5,616183.1699999999,1204420.67
1961,24,569710.5,597469.66,1167180.17
1961,25,563572.83,593557.8300000001,1157130.66
1961,26,545838.0,576608.5,1122446.5
1961,27,481927.17,509102.5,991029.67
1961,28,438236.33,458030.17,896266.5
1961,29,448184.67,462760.5,910945.1599999999
1961,30,478687.83,488967.33999999997,967655.17
1961,31,494869.83,500535.0,995404.83
1961,32,497373.66000000003,500018.83,997392.5
1961,33,495907.5,479268.67,975176.17
1961,34,500946.0,442933.83999999997,943879.8400000001
1961,35,527858.16,428370.83,956229.0
1961,36,531795.1699999999,399769.17,931564.3400000001
1961,37,527504.17,375061.17,902565.3400000001
1961,38,546188.67,388267.0,934455.67
1961,39,580845.17,412859.5,993704.67
1961,40,610253.67,425761.83999999997,1036015.5
1961,41,542564.83,376752.5,919317.33
1961,42,391981.0,275185.17,667166.17
1961,43,306376.32999999996,217260.0,523636.33
1961,44,317463.82999999996,225318.33,542782.1699999999
1961,45,393984.0,276740.82999999996,670724.8300000001
1961,46,516251.0,359850.0,876101.0
1961,47,587612.5,415933.83,1003546.3400000001
1961,48,602719.5,437470.67,1040190.17
1961,49,595949.5,437987.5,1033937.0
1961,50,597272.33,439027.33,1036299.67
1961,51,615422.6699999999,456604.33999999997,1072027.0
1961,52,619677.6699999999,467693.5,1087371.17
1961,53,608191.83,469609.67,1077801.5
1961,54,597443.33,469163.83,1066607.16
1961,55,583289.33,475021.67,1058311.0
1961,56,568838.34,480243.16000000003,1049081.5
1961,57,555599.83,467131.5,1022731.33
1961,58,548783.16,458157.17,1006940.33
1961,59,543540.0,451286.83999999997,994826.83
1961,60,524579.3300000001,432011.83,956591.17
1961,61,505126.83999999997,403901.5,909028.3400000001
1961,62,493789.5,372903.0,866692.51
1961,63,476714.33,342150.17,818864.5
1961,64,461722.0,318306.5,780028.5
1961,65,445142.5,296257.83,741400.33
1961,66,420442.83,272546.83,692989.67
1961,67,402822.0,257346.33000000002,660168.3300000001
1961,68,379843.17,243040.0,622883.17
1961,69,359394.83,231729.0,591123.84
1961,70,342711.67,221050.51,563762.1699999999
1961,71,321835.5,208653.34000000003,530488.8300000001
1961,72,303630.67,198178.66999999998,501809.32999999996
1961,73,281846.66,186451.84000000003,468298.5
1961,74,259554.33,172081.5,431635.83
1961,75,236844.33000000002,158078.66,394923.0
1961,76,214285.34000000003,144484.66999999998,358770.0
1961,77,190234.0,128713.17,318947.16
1961,78,169726.83000000002,115570.17,285297.0
1961,79,150039.0,102978.83,253017.84000000003
1961,80,132760.97,91175.23000000001,223936.19
1961,81,116289.16,79703.06999999999,195992.22999999998
1961,82,100818.97,68801.82,169620.78
1961,83,85104.34,58388.409999999996,143492.75
1961,84,70289.12,48379.16,118668.28
1961,85,56391.45,38505.66,94897.11
1961,86,43749.07,29801.88,73550.95
1961,87,32908.56,22180.0,55088.560000000005
1961,88,24208.87,16096.95,40305.83
1961,89,16622.01,10806.21,27428.22
1961,90,11630.26,7244.76,18875.02
1961,91,8751.61,5148.110000000001,13899.720000000001
1961,92,5927.13,3240.7299999999996,9167.869999999999
1961,93,3764.2799999999997,1966.3,5730.59
1961,94,2514.7799999999997,1242.94,3757.7200000000003
1961,95,1580.58,763.57,2344.15
1961,96,901.96,424.89,1326.84
1961,97,535.68,228.85000000000002,764.54
1961,98,298.61,138.57,437.15999999999997
1961,99,151.49,70.28,221.75
1961,100,77.41,26.63,104.03
1962,18,497870.17,521828.83,1019699.0
1962,19,497955.67,525676.8400000001,1023632.5
1962,20,547698.3300000001,577229.84,1124928.17
1962,21,624829.67,657090.0,1281919.66
1962,22,643671.0,674722.83,1318393.83
1962,23,621721.5,652170.66,1273892.16
1962,24,585060.8300000001,617618.8300000001,1202679.67
1962,25,568325.0,601639.83,1169964.83
1962,26,565274.34,599996.5,1165270.84
1962,27,546782.66,582032.34,1128815.0
1962,28,483956.5,514549.83,998506.33
1962,29,439313.33,462897.83999999997,902211.17
1962,30,452272.66000000003,470415.5,922688.1599999999
1962,31,481085.33,495246.83999999997,976332.17
1962,32,498143.67,508446.0,1006589.67
1962,33,500617.83,507056.5,1007674.33
1962,34,499394.67,486309.33,985704.0
1962,35,504639.5,448915.0,953554.5
1962,36,528712.5,431278.67,959991.17
1962,37,534209.16,402489.0,936698.17
1962,38,529769.16,378248.0,908017.1599999999
1962,39,548335.33,391416.5,939751.83
1962,40,583915.0,415602.67,999517.67
1962,41,610041.84,425400.83,1035442.67
1962,42,543241.83,377438.5,920680.33
1962,43,391516.17,275130.5,666646.6699999999
1962,44,306541.5,217394.34000000003,523935.83999999997
1962,45,317902.83,225453.5,543356.3300000001
1962,46,393526.67,275921.16000000003,669447.8400000001
1962,47,515848.66000000003,359204.0,875052.67
1962,48,586792.3300000001,414556.5,1001348.8400000001
1962,49,600705.0,435454.0,1036159.0
1962,50,595079.5,436325.5,1031405.0
1962,51,594035.0,435019.83999999997,1029054.8400000001
1962,52,612726.0,452942.17,1065668.17
1962,53,616508.5,463080.67,1079589.17
1962,54,605343.5,464916.16000000003,1070259.66
1962,55,594632.66,464389.17,1059021.83
1962,56,579204.01,468104.0,1047308.0
1962,57,564966.33,473230.5,1038196.83
1962,58,551582.3300000001,459374.5,1010956.83
1962,59,544430.0,449935.17,994365.17
1962,60,540060.83,442798.33999999997,982859.17
1962,61,519492.67000000004,422400.0,941892.6699999999
1962,62,499725.17,394390.33,894115.5
1962,63,487716.0,363009.83,850725.84
1962,64,470654.67,332964.67000000004,803619.3400000001
1962,65,454638.0,308447.0,763085.0
1962,66,436990.16000000003,286198.33999999997,723188.5
1962,67,412574.66000000003,262912.32999999996,675487.0
1962,68,394072.33,247305.15999999997,641377.5
1962,69,370189.5,232602.34000000003,602791.8400000001
1962,70,350712.17,221192.0,571904.17
1962,71,330613.0,209645.34,540258.3400000001
1962,72,309613.66,197200.0,506813.66000000003
1962,73,290825.66,186328.5,477154.16000000003
1962,74,268563.16,173993.16999999998,442556.33
1962,75,245682.83,159836.84,405519.67
1962,76,222273.0,145317.5,367590.5
1962,77,199497.33000000002,131921.33000000002,331418.66
1962,78,175580.66999999998,116539.67,292120.34
1962,79,155360.66999999998,103429.5,258790.16999999998
1962,80,137151.01,92273.29000000001,229424.29
1962,81,118289.31999999999,79596.73999999999,197886.06
1962,82,102204.19,68486.26,170690.45
1962,83,87319.84,58291.53,145611.37
1962,84,72662.07,48658.310000000005,121320.37999999999
1962,85,59006.200000000004,39622.42,98628.63
1962,86,46495.24,31026.28,77521.51
1962,87,35363.21,23461.370000000003,58824.58
1962,88,26026.739999999998,17037.36,43064.1
1962,89,18784.93,12109.36,30894.27
1962,90,12584.919999999998,7946.63,20531.55
1962,91,8630.36,5175.38,13805.74
1962,92,6344.889999999999,3564.23,9909.12
1962,93,4145.93,2199.7,6345.62
1962,94,2560.42,1292.12,3852.5299999999997
1962,95,1691.92,807.09,2499.02
1962,96,1014.23,478.90999999999997,1493.1200000000001
1962,97,553.12,253.23,806.3499999999999
1962,98,327.67999999999995,130.02,457.70000000000005
1962,99,170.26999999999998,76.89,247.17000000000002
1962,100,81.7,27.84,109.53
1963,18,426714.16000000003,444965.5,871679.67
1963,19,500868.16000000003,528522.1699999999,1029390.33
1963,20,501230.33,530326.01,1031556.3400000001
1963,21,550458.0,581274.84,1131732.83
1963,22,627505.16,661265.84,1288771.0
1963,23,646104.5,682273.1599999999,1328377.66
1963,24,623767.5,661888.5,1285656.0
1963,25,587111.5,625208.67,1212320.17
1963,26,570371.34,608131.01,1178502.33
1963,27,567193.34,605452.17,1172645.5
1963,28,548745.5,586851.3400000001,1135596.83
1963,29,485649.5,519030.83,1004680.33
1963,30,440926.0,467290.83,908216.83
1963,31,453721.67,474640.0,928361.67
1963,32,482355.83,499058.17,981414.0
1963,33,499172.0,511742.34,1010914.33
1963,34,501543.0,510044.17,1011587.17
1963,35,500224.67,489003.33,989228.0
1963,36,505262.5,451232.16000000003,956494.67
1963,37,529196.83,433094.17,962291.0
1963,38,534428.5,404299.17,938727.67
1963,39,529866.17,379730.83999999997,909597.0
1963,40,548287.0,392503.0,940790.0
1963,41,583644.83,416227.0,999871.83
1963,42,609505.16,425940.67,1035445.83
1963,43,542600.5,377616.33,920216.84
1963,44,391048.0,275132.32999999996,666180.3400000001
1963,45,306060.83,217416.84000000003,523477.67
1963,46,317305.67000000004,225222.0,542527.67
1963,47,392629.33999999997,275393.5,668022.83
1963,48,514495.5,358120.33,872615.83
1963,49,584966.34,413010.5,997976.83
1963,50,598678.0,433408.5,1032086.5
1963,51,592849.83,433946.5,1026796.33
1963,52,591470.5,432017.33,1023487.83
1963,53,609870.34,449394.17,1059264.5
1963,54,613356.3300000001,458737.33,1072093.66
1963,55,601951.5,459887.82999999996,1061839.33
1963,56,590958.0,458765.66000000003,1049723.6600000001
1963,57,575203.34,461608.66000000003,1036812.0
1963,58,560589.16,465663.5,1026252.6599999999
1963,59,546810.1699999999,451161.66000000003,997971.83
1963,60,539175.1699999999,440957.33,980132.49
1963,61,534319.83,433105.83,967425.6599999999
1963,62,513448.16000000003,412019.83,925467.99
1963,63,493199.17,383635.0,876834.1599999999
1963,64,480580.17,352336.0,832916.1599999999
1963,65,462853.17,322182.49,785035.66
1963,66,446024.5,297503.82999999996,743528.33
1963,67,427877.83999999997,275215.5,703093.33
1963,68,402901.83,252045.33,654947.1599999999
1963,69,383596.99,236099.66999999998,619696.6599999999
1963,70,359194.83999999997,221228.0,580422.83
1963,71,338725.99,209364.83000000002,548090.83
1963,72,317888.83,197639.83000000002,515528.66
1963,73,296395.33,184868.99,481264.32
1963,74,276734.83,173485.49,450220.32999999996
1963,75,253739.16999999998,160848.16,414587.32
1963,76,230454.33,146697.99,377152.32
1963,77,206721.83000000002,132229.83000000002,338951.65
1963,78,183831.15999999997,118886.32,302717.48
1963,79,160108.5,103864.0,263972.49
1963,80,141218.96000000002,92040.47,233259.41999999998
1963,81,122170.77,80306.94,202477.71000000002
1963,82,103966.59,68282.76000000001,172249.35
1963,83,88494.47,57825.649999999994,146320.12
1963,84,74445.64,48388.28,122833.92
1963,85,60846.21,39652.1,100498.31
1963,86,48520.88,31655.58,80176.46
1963,87,37546.93,24274.33,61821.25
1963,88,27866.260000000002,17887.300000000003,45753.56
1963,89,20118.48,12700.35,32818.83
1963,90,14193.35,8845.72,23039.06
1963,91,9272.7,5626.860000000001,14899.56
1963,92,6213.99,3575.6400000000003,9789.63
1963,93,4428.86,2407.02,6835.88
1963,94,2781.9,1444.0,4225.9
1963,95,1670.0700000000002,821.4300000000001,2491.5
1963,96,1088.75,489.58,1578.32
1963,97,634.55,292.9,927.45
1963,98,332.12,140.05,472.16999999999996
1963,99,192.51000000000002,70.85,263.36
1963,100,89.72,32.09,121.81
1964,18,366046.19999999995,383346.68,749392.8700000001
1964,19,428390.67,448840.5,877231.17
1964,20,503111.33999999997,529850.33,1032961.67
1964,21,502823.5,530717.17,1033540.67
1964,22,551149.6699999999,582079.5,1133229.17
1964,23,628965.5,668112.3300000001,1297077.83
1964,24,646495.0,691069.0,1337564.0
1964,25,624214.5,668117.01,1292331.51
1964,26,586944.0,629923.01,1216867.0
1964,27,570835.0,611341.0,1182176.0
1964,28,566553.0,607030.1699999999,1173583.16
1964,29,547877.16,587027.5,1134904.67
1964,30,484541.0,519872.33999999997,1004413.3400000001
1964,31,440166.83,469186.5,909353.33
1964,32,453010.67,478472.5,931483.17
1964,33,482197.83,505410.5,987608.33
1964,34,498108.67,517759.83999999997,1015868.5
1964,35,501245.5,515739.67,1016985.1599999999
1964,36,499870.67,493249.67,993120.34
1964,37,504446.33,454339.17,958785.5
1964,38,528418.0,435453.0,963871.0
1964,39,532379.83,405435.67,937815.5
1964,40,528852.0,380668.33999999997,909520.3400000001
1964,41,546828.0,393119.66000000003,939947.67
1964,42,582151.5,416318.83,998470.33
1964,43,608245.5,426040.0,1034285.5
1964,44,540200.34,376710.5,916910.83
1964,45,388698.67,273941.17,662639.83
1964,46,303771.17,216072.0,519843.17
1964,47,315539.67,224231.65999999997,539771.34
1964,48,390663.67,274021.84,664685.5
1964,49,511941.83,355970.83,867912.67
1964,50,582579.1699999999,410764.5,993343.67
1964,51,596064.1699999999,430841.16000000003,1026905.33
1964,52,589707.67,430623.67,1020331.3400000001
1964,53,588209.6699999999,428488.5,1016698.17
1964,54,605770.3300000001,444645.33999999997,1050415.67
1964,55,608805.84,453382.0,1062187.84
1964,56,597381.1699999999,453875.0,1051256.16
1964,57,586153.84,452062.17,1038216.0
1964,58,570495.8300000001,454330.66000000003,1024826.5
1964,59,554717.0,457191.83999999997,1011908.83
1964,60,541137.0,442301.33,983438.3400000001
1964,61,533111.5,431506.0,964617.5
1964,62,527732.0,422505.67,950237.67
1964,63,506691.5,400933.17,907624.67
1964,64,485277.33,371592.0,856869.33
1964,65,472392.83999999997,341448.5,813841.33
1964,66,453597.0,310581.82999999996,764178.83
1964,67,436873.5,286091.84,722965.3400000001
1964,68,417465.83,263410.67000000004,680876.5
1964,69,391917.33,240269.84,632187.1699999999
1964,70,372487.67,224433.0,596920.66
1964,71,347387.32999999996,209297.34000000003,556684.67
1964,72,325619.17000000004,197036.34000000003,522655.5
1964,73,304780.17,185126.34000000003,489906.5
1964,74,282047.5,171718.66999999998,453766.17
1964,75,260512.83000000002,159964.83000000002,420477.66000000003
1964,76,238514.0,147774.34,386288.33
1964,77,214492.0,133145.66999999998,347637.66000000003
1964,78,190859.5,118971.67,309831.17000000004
1964,79,168147.5,106031.83,274179.33
1964,80,146496.26,92838.32,239334.56
1964,81,126455.7,80570.86,207026.57
1964,82,108121.53,69428.53,177550.06
1964,83,90824.7,58250.54,149075.24
1964,84,76212.26999999999,48591.96,124804.23
1964,85,63023.62,39995.630000000005,103019.24
1964,86,50667.05,32065.309999999998,82732.35
1964,87,39639.06,25201.84,64840.899999999994
1964,88,30043.14,18900.29,48943.43
1964,89,21879.99,13619.300000000001,35499.29
1964,90,15493.07,9520.06,25013.129999999997
1964,91,10655.619999999999,6396.120000000001,17051.74
1964,92,6821.99,3984.31,10806.29
1964,93,4452.12,2484.7799999999997,6936.9
1964,94,3097.0,1610.1599999999999,4707.16
1964,95,1897.22,924.15,2821.37
1964,96,1102.9,512.76,1615.65
1964,97,705.57,309.07,1014.65
1964,98,401.38,177.89999999999998,579.29
1964,99,199.11999999999998,81.56,280.68
1964,100,102.35,32.79,135.15
1965,18,439073.53,463821.31999999995,902894.85
1965,19,368870.45,387342.33,756212.77
1965,20,431566.83999999997,450683.0,882249.83
1965,21,505405.33,531124.5,1036529.83
1965,22,504418.33,532409.8300000001,1036828.1599999999
1965,23,553258.17,591330.5,1144588.66
1965,24,630007.0,678798.1599999999,1308805.16
1965,25,647597.66,700441.3400000001,1348039.0
1965,26,624422.33,675408.3400000001,1299830.67
1965,27,587826.83,635320.5,1223147.34
1965,28,570533.5,614903.16,1185436.67
1965,29,566070.5,608972.83,1175043.33
1965,30,547101.6699999999,589206.8300000001,1136308.5
1965,31,484132.17,523420.0,1007552.1599999999
1965,32,439811.0,475224.33999999997,915035.33
1965,33,453308.83,486510.33,939819.17
1965,34,481539.0,512959.5,994498.5
1965,35,498186.17,524975.0,1023161.17
1965,36,501243.67,521414.33999999997,1022658.0
1965,37,499306.67,497551.5,996858.17
1965,38,503990.5,457858.67,961849.17
1965,39,526748.3300000001,437762.17,964510.5
1965,40,531598.83,407495.0,939093.83
1965,41,527706.34,382211.33,909917.67
1965,42,545657.34,394148.33,939805.67
1965,43,581193.83,417125.67,998319.5
1965,44,605821.83,425718.83,1031540.6599999999
1965,45,537674.6699999999,375813.83,913488.5
1965,46,386342.83,272766.32999999996,659109.1599999999
1965,47,302108.84,215380.5,517489.33
1965,48,313837.83,223377.33,537215.16
1965,49,388508.5,272592.33,661100.8400000001
1965,50,509761.83,354169.83,863931.67
1965,51,580008.67,408456.33999999997,988465.0
1965,52,592931.1699999999,427729.33,1020660.5
1965,53,586523.66,427266.17,1013789.83
1965,54,584160.16,424054.16000000003,1008214.3400000001
1965,55,601212.16,439534.83,1040747.0
1965,56,604224.83,447463.16000000003,1051688.0
1965,57,592599.34,447208.5,1039807.83
1965,58,581380.33,444961.16000000003,1026341.5
1965,59,564420.5,446031.83,1010452.33
1965,60,548998.0,448239.0,997237.0
1965,61,534973.0,432666.83999999997,967639.83
1965,62,526397.16,420909.83999999997,947307.0
1965,63,520738.16000000003,411139.16000000003,931877.3400000001
1965,64,498441.33999999997,388261.33999999997,886702.6599999999
1965,65,476885.33,359979.33,836864.6599999999
1965,66,463017.83,329029.17,792047.01
1965,67,444268.66000000003,298469.51,742738.17
1965,68,426088.0,273511.33,699599.3400000001
1965,69,406043.16000000003,250916.67,656959.83
1965,70,380601.0,228204.0,608805.0
1965,71,360203.17,212149.33000000002,572352.5
1965,72,333971.0,196825.34000000003,530796.3300000001
1965,73,312005.67,184263.66999999998,496269.33
1965,74,289890.5,171755.51,461646.0
1965,75,265601.99,158188.84,423790.83
1965,76,245078.83,146775.0,391853.83
1965,77,222177.5,134005.0,356182.5
1965,78,198050.16999999998,119768.84,317819.0
1965,79,174818.16999999998,105992.5,280810.66000000003
1965,80,153251.52,94357.51000000001,247609.03
1965,81,131318.39,81220.59,212538.97
1965,82,111953.34,69577.15,181530.49
1965,83,94528.69,59201.68,153730.37
1965,84,78391.71,48902.39,127294.09
1965,85,64585.45,40092.51,104677.95999999999
1965,86,52669.66,32464.53,85134.19
1965,87,41537.1,25533.420000000002,67070.52
1965,88,31887.949999999997,19687.99,51575.95
1965,89,23647.710000000003,14457.8,38105.520000000004
1965,90,16822.43,10212.18,27034.61
1965,91,11615.19,6909.639999999999,18524.82
1965,92,7850.92,4516.5599999999995,12367.46
1965,93,4913.13,2742.4300000000003,7655.56
1965,94,3141.61,1655.92,4797.52
1965,95,2131.65,1036.8,3168.46
1965,96,1241.55,584.97,1826.52
1965,97,714.5500000000001,324.90999999999997,1039.47
1965,98,453.24,195.91,649.15
1965,99,235.89,103.73,339.62
1965,100,108.1,41.41,149.51
1966,18,452385.97,478527.99,930913.9600000001
1966,19,444812.75,468458.49,913271.24
1966,20,373849.0,388959.44,762808.4400000001
1966,21,435631.83999999997,452284.33,887916.17
1966,22,509065.83999999997,534067.0,1043132.8400000001
1966,23,507493.5,540469.5,1047963.0
1966,24,555979.0,599435.17,1155414.17
1966,25,632463.5,686320.1599999999,1318783.67
1966,26,649501.33,705536.67,1355038.0
1966,27,626260.3300000001,678910.33,1305170.66
1966,28,589580.5,638016.6699999999,1227597.17
1966,29,572059.8300000001,617191.6699999999,1189251.5
1966,30,567541.34,610845.84,1178387.16
1966,31,548533.0,591133.16,1139666.17
1966,32,485315.66000000003,525483.34,1010799.0
1966,33,441152.0,477102.67,918254.67
1966,34,454512.33,488071.0,942583.33
1966,35,482649.5,514373.5,997023.0
1966,36,499140.17,526074.6699999999,1025214.8400000001
1966,37,502023.17,522197.83,1024221.0
1966,38,499905.17,498134.5,998039.67
1966,39,504500.33,458364.16000000003,962864.5
1966,40,527030.16,437932.67,964962.83
1966,41,531723.84,407471.17,939195.0
1966,42,527580.0,382031.66000000003,909611.67
1966,43,545414.5,393640.0,939054.5
1966,44,580614.34,416529.33,997143.67
1966,45,604878.84,424758.67,1029637.5
1966,46,536682.67,374558.0,911240.67
1966,47,385462.5,271711.66,657174.1599999999
1966,48,301402.84,214495.66999999998,515898.5
1966,49,312935.66,222389.65999999997,535325.34
1966,50,387207.83,271022.5,658230.33
1966,51,507920.33999999997,351914.5,859834.8400000001
1966,52,577669.66,405479.33999999997,983149.0
1966,53,590337.5,424150.83,1014488.33
1966,54,583464.5,423180.33999999997,1006644.83
1966,55,580959.1699999999,419457.67,1000416.83
1966,56,597597.3300000001,434141.33,1031738.6599999999
1966,57,600118.5,441223.0,1041341.5
1966,58,588178.3300000001,440227.33999999997,1028405.67
1966,59,576474.0,437180.67,1013654.6599999999
1966,60,559173.5,437225.66000000003,996399.17
1966,61,543200.67,438404.83999999997,981605.5
1966,62,528639.84,422207.0,950846.8400000001
1966,63,519509.5,409621.83,929131.3400000001
1966,64,513205.0,399006.5,912211.5
1966,65,490217.33,375614.5,865831.83
1966,66,468199.67,347138.17,815337.83
1966,67,453510.33,316034.5,769544.8400000001
1966,68,434001.66000000003,285710.51,719712.17
1966,69,415030.5,260768.33,675798.84
1966,70,394233.0,238308.5,632541.5
1966,71,368055.66000000003,215764.5,583820.1699999999
1966,72,346846.66,199653.0,546499.66
1966,73,319911.32999999996,184183.0,504094.33
1966,74,297390.5,171507.66999999998,468898.17
1966,75,274525.66,158814.0,433339.67
1966,76,249915.83,145259.84,395175.67
1966,77,228849.65999999997,133701.34,362551.0
1966,78,205417.84000000003,121012.16,326430.0
1966,79,181572.15999999997,106982.0,288554.16
1966,80,158740.14,93975.11,252715.25
1966,81,137291.94,82435.67,219727.61
1966,82,116224.48,70007.42,186231.89
1966,83,97628.6,59089.850000000006,156718.44
1966,84,81403.94,49592.23,130996.17000000001
1966,85,66351.47,40207.13,106558.6
1966,86,53806.56,32494.949999999997,86301.51
1966,87,43056.44,25754.68,68811.12
1966,88,33310.88,19877.92,53188.8
1966,89,25009.09,14976.519999999999,39985.61
1966,90,18158.69,10768.53,28927.21
1966,91,12545.07,7388.77,19933.84
1966,92,8514.66,4881.75,13396.41
1966,93,5632.400000000001,3082.34,8714.74
1966,94,3429.12,1794.9,5224.02
1966,95,2125.44,1059.23,3184.67
1966,96,1387.49,646.63,2034.11
1966,97,778.21,357.46,1135.68
1966,98,436.06,198.08999999999997,634.14
1966,99,266.40999999999997,112.91,379.32
1966,100,129.34,56.03,185.36
1967,18,488870.2,516173.67000000004,1005043.86
1967,19,455416.29,479032.83999999997,934449.12
1967,20,447385.01,465706.5,913091.51
1967,21,375167.18000000005,386902.3,762069.47
1967,22,436384.0,451543.16000000003,887927.1599999999
1967,23,509103.16000000003,534786.67,1043889.83
1967,24,507319.33999999997,540561.34,1047880.6599999999
1967,25,555267.16,597545.8300000001,1152813.0
1967,26,631614.6699999999,682784.83,1314399.5
1967,27,648219.17,699800.33,1348019.5
1967,28,625178.3300000001,673193.33,1298371.66
1967,29,588464.5,632156.3300000001,1220620.84
1967,30,570951.84,611460.1699999999,1182412.0
1967,31,566595.1699999999,604984.34,1171579.5
1967,32,547450.84,585640.84,1133091.66
1967,33,484611.17,520281.17,1004892.33
1967,34,440562.67,472103.83,912666.5
1967,35,453889.83,483493.67,937383.5
1967,36,482093.5,510071.5,992165.0
1967,37,498552.83,521775.83,1020328.6599999999
1967,38,501346.33,518302.33999999997,1019648.67
1967,39,499206.0,494259.33,993465.33
1967,40,503836.16000000003,454614.0,958450.17
1967,41,526204.0,434435.16000000003,960639.1599999999
1967,42,530759.8300000001,404207.0,934966.83
1967,43,526572.0,378960.0,905532.0
1967,44,544295.3300000001,390724.33,935019.6599999999
1967,45,579191.84,413452.33,992644.17
1967,46,603306.3300000001,421609.83,1024916.1599999999
1967,47,535034.17,371634.33,906668.5
1967,48,384193.67,269517.5,653711.17
1967,49,300258.0,212634.15999999997,512892.16000000003
1967,50,311752.16,220326.5,532078.66
1967,51,385593.33999999997,268568.33,654161.67
1967,52,505668.0,348590.32999999996,854258.33
1967,53,575048.5,401413.67,976462.1599999999
1967,54,587195.17,419525.0,1006720.17
1967,55,580202.5,418094.33,998296.8400000001
1967,56,577334.17,413896.83,991231.0
1967,57,593558.0,427826.0,1021384.0
1967,58,595649.5,434097.83,1029747.33
1967,59,583206.6699999999,432361.67,1015568.33
1967,60,571146.0,428450.5,999596.5
1967,61,553427.33,427688.5,981115.83
1967,62,536932.5,427885.67000000004,964818.17
1967,63,521760.83,411064.33,932825.17
1967,64,512032.5,397631.17,909663.67
1967,65,504837.33999999997,386181.5,891018.8400000001
1967,66,481361.83,362156.66000000003,843518.5
1967,67,458638.33,333371.84,792010.17
1967,68,443213.17,302317.0,745530.17
1967,69,422988.33,272258.17000000004,695246.5
1967,70,403156.5,247578.16999999998,650734.66
1967,71,381481.0,225292.15999999997,606773.16
1967,72,354672.5,202870.83,557543.3300000001
1967,73,332560.33,186770.0,519330.33
1967,74,305064.66,171342.33000000002,476407.0
1967,75,281903.32999999996,158556.83000000002,440460.16000000003
1967,76,258447.5,145846.16999999998,404293.66000000003
1967,77,233474.0,132357.0,365831.01
1967,78,212093.83000000002,120832.33,332926.16
1967,79,188462.17,108260.34,296722.5
1967,80,165209.52,94640.57,259850.08000000002
1967,81,142375.91,82233.76,224609.66
1967,82,121776.20000000001,71165.32,192941.53
1967,83,101628.08,59458.75,161086.83000000002
1967,84,84260.38,49582.19,133842.57
1967,85,69139.89,40915.93,110055.82
1967,86,55445.25,32650.350000000002,88095.6
1967,87,44024.86,25953.86,69978.7
1967,88,34604.06,20124.92,54728.98
1967,89,26271.010000000002,15201.18,41472.200000000004
1967,90,19355.89,11210.8,30566.68
1967,91,13645.34,7811.4800000000005,21456.81
1967,92,9190.89,5248.24,14439.13
1967,93,6126.32,3407.8900000000003,9534.21
1967,94,3953.22,2056.8199999999997,6010.05
1967,95,2341.62,1167.38,3509.01
1967,96,1413.94,669.56,2083.5
1967,97,879.99,384.12,1264.1100000000001
1967,98,473.04,211.64,684.6800000000001
1967,99,252.06,109.25,361.29999999999995
1967,100,142.26,52.58,194.82999999999998
1968,18,510981.6,537899.51,1048881.1
1968,19,492929.66000000003,518957.12,1011886.77
1968,20,458596.44,478699.92,937296.36
1968,21,449367.11,466431.16000000003,915798.27
1968,22,376306.60000000003,389131.96,765438.5700000001
1968,23,436940.0,454609.5,891549.5
1968,24,509054.33999999997,536885.17,1045939.5
1968,25,506918.0,540922.6699999999,1047840.6599999999
1968,26,554766.8300000001,596858.0,1151624.84
1968,27,630525.5,679867.17,1310392.67
1968,28,647329.16,697272.5,1344601.67
1968,29,624355.5,670248.6599999999,1294604.17
1968,30,587648.34,629340.1699999999,1216988.5
1968,31,570231.67,608522.1699999999,1178753.84
1968,32,565849.5,602227.3300000001,1168076.83
1968,33,546841.0,582845.0,1129686.0
1968,34,484278.5,517846.0,1002124.5
1968,35,440220.83,470336.83999999997,910557.67
1968,36,453527.33,481288.67,934816.0
1968,37,481614.5,507814.17,989428.67
1968,38,498126.83,519740.5,1017867.33
1968,39,500764.67,516123.33,1016888.0
1968,40,498630.66000000003,492085.83,990716.5
1968,41,503024.0,452397.67,955421.67
1968,42,525333.3300000001,432432.83999999997,957766.17
1968,43,529701.0,402198.0,931899.0
1968,44,525474.84,376930.83999999997,902405.6599999999
1968,45,543016.34,388521.83,931538.17
1968,46,577708.6699999999,411057.5,988766.17
1968,47,601511.84,419019.17,1020531.0
1968,48,533362.5,369259.83,902622.33
1968,49,382764.33,267588.66,650353.0
1968,50,299090.32999999996,210863.5,509953.83
1968,51,310339.32999999996,218403.0,528742.34
1968,52,383719.33999999997,266017.99,649737.3300000001
1968,53,503170.67,345173.17,848343.8400000001
1968,54,572031.66,397218.83,969250.5
1968,55,583841.66,414653.33,998495.0
1968,56,576556.17,412682.83999999997,989239.0
1968,57,573341.16,407964.17,981305.33
1968,58,589089.34,420999.33,1010088.67
1968,59,590492.0,426471.67,1016963.67
1968,60,577890.8300000001,423640.5,1001531.33
1968,61,565270.8300000001,418993.0,984263.83
1968,62,547029.5,417192.67,964222.1599999999
1968,63,529913.16,416448.5,946361.6599999999
1968,64,514102.0,398972.33999999997,913074.33
1968,65,503538.33999999997,384529.16000000003,888067.5
1968,66,495507.17,372185.33,867692.5
1968,67,471523.17,347591.67,819114.83
1968,68,448152.16000000003,318578.82999999996,766731.0
1968,69,431609.33,287648.33,719257.6599999999
1968,70,410653.0,257995.15999999997,668648.17
1968,71,389738.83,233576.0,623314.84
1968,72,367321.33,211432.16999999998,578753.5
1968,73,339675.33,189227.83,528903.16
1968,74,316598.32999999996,173102.34,489700.67
1968,75,288792.17,157917.5,446709.67
1968,76,264974.0,145086.83000000002,410060.83
1968,77,241012.65999999997,132321.5,373334.16000000003
1968,78,215977.5,119008.66,334986.17
1968,79,194252.33,107675.0,301927.32999999996
1968,80,171260.52,95284.95999999999,266545.48
1968,81,147792.31,82357.23999999999,230149.55000000002
1968,82,125726.87000000001,70557.61,196284.47
1968,83,105935.0,60090.020000000004,166025.01
1968,84,87080.22,49550.95,136631.17
1968,85,71101.86,40546.240000000005,111648.1
1968,86,57389.200000000004,32753.489999999998,90142.69
1968,87,45093.57,25844.42,70937.99
1968,88,35125.5,20051.44,55176.94
1968,89,26987.04,15186.68,42173.729999999996
1968,90,20038.5,11236.29,31274.789999999997
1968,91,14381.88,8056.42,22438.29
1968,92,9833.5,5448.11,15281.61
1968,93,6502.23,3588.38,10090.6
1968,94,4207.66,2212.0299999999997,6419.6900000000005
1968,95,2639.56,1291.82,3931.37
1968,96,1522.96,723.72,2246.67
1968,97,872.4399999999999,396.39,1268.83
1968,98,519.49,232.29,751.78
1968,99,255.88,114.3,370.18
1968,100,136.52,49.1,185.61
1969,18,518016.97000000003,544652.3099999999,1062669.27
1969,19,520530.4,546584.69,1067115.0999999999
1969,20,501973.87,524730.7999999999,1026704.6699999999
1969,21,466097.12,487978.15,954075.27
1969,22,456383.27999999997,479337.64,935720.9199999999
1969,23,381672.94999999995,403628.44999999995,785301.4099999999
1969,24,441523.0,468530.83999999997,910053.8400000001
1969,25,513061.16000000003,549052.1699999999,1062113.33
1969,26,510379.17,551998.83,1062378.0
1969,27,557874.5,607300.6699999999,1165175.17
1969,28,633203.84,689839.33,1323043.17
1969,29,650318.34,707350.84,1357669.17
1969,30,626921.0,679062.67,1305983.67
1969,31,590128.16,637458.34,1227586.5
1969,32,572537.0,616267.5,1188804.5
1969,33,568018.5,609246.67,1177265.17
1969,34,548986.8300000001,589426.1699999999,1138413.0
1969,35,486264.17,525208.67,1011472.8400000001
1969,36,442002.0,475977.67,917979.6599999999
1969,37,455005.83,486016.0,941021.83
1969,38,482865.17,511890.16000000003,994755.33
1969,39,499194.17,523356.33,1022550.5
1969,40,501429.67,519015.5,1020445.17
1969,41,498983.33999999997,494265.0,993248.3400000001
1969,42,503142.83999999997,454001.17,957144.0
1969,43,525232.6699999999,433562.5,958795.17
1969,44,529312.66,402771.16000000003,932083.8400000001
1969,45,524902.34,377057.33,901959.67
1969,46,542132.1699999999,388126.83,930259.0
1969,47,576509.0,410248.5,986757.5
1969,48,599951.8300000001,417653.33,1017605.17
1969,49,531718.6699999999,367817.17,899535.83
1969,50,381440.5,266338.33,647778.83
1969,51,297891.0,209562.34000000003,507453.33999999997
1969,52,308962.82999999996,216828.66999999998,525791.5
1969,53,381847.5,263817.34,645664.8300000001
1969,54,500618.66000000003,341947.5,842566.17
1969,55,568819.5,393089.0,961908.5
1969,56,580413.67,409825.67,990239.3400000001
1969,57,572673.6699999999,407104.5,979778.1599999999
1969,58,568976.33,401567.83,970544.1599999999
1969,59,584089.0,413793.17,997882.17
1969,60,585120.67,417987.83,1003108.5
1969,61,571885.3300000001,414243.83,986129.1599999999
1969,62,558726.1699999999,408590.83999999997,967317.01
1969,63,539874.0,405669.66000000003,945543.67
1969,64,522113.0,404040.83,926153.83
1969,65,505446.17,385472.17,890918.3400000001
1969,66,493900.83,370139.5,864040.33
1969,67,484960.33,356806.33999999997,841766.67
1969,68,460547.17,331802.34,792349.5
1969,69,436159.83,302567.33999999997,738727.17
1969,70,418727.67,271943.34,690671.0
1969,71,396762.83,242698.33000000002,639461.17
1969,72,374823.5,218522.0,593345.5
1969,73,351512.5,196682.16999999998,548194.6699999999
1969,74,323174.33,174838.0,498012.33
1969,75,299322.34,158942.84,458265.16000000003
1969,76,271033.32999999996,143972.16999999998,415005.51
1969,77,246972.34000000003,131313.16,378285.5
1969,78,222585.33000000002,118607.5,341192.83
1969,79,197574.34000000003,105679.5,303253.84
1969,80,174228.58000000002,93415.98000000001,267644.56
1969,81,153088.5,82727.66,235816.16
1969,82,130360.95999999999,70464.13,200825.08000000002
1969,83,109307.01000000001,59404.16,168711.18
1969,84,90562.15,49914.74,140476.89
1969,85,73290.37,40475.86,113766.23
1969,86,58736.850000000006,32347.82,91084.67
1969,87,46485.36,25749.58,72234.94
1969,88,35850.88,19927.2,55778.100000000006
1969,89,27280.32,15065.4,42345.71
1969,90,20470.04,11159.650000000001,31629.69
1969,91,14796.65,8075.26,22871.920000000002
1969,92,10356.880000000001,5583.89,15940.769999999999
1969,93,6893.0,3691.59,10584.59
1969,94,4410.89,2334.5299999999997,6745.42
1969,95,2777.32,1385.8600000000001,4163.1900000000005
1969,96,1715.2199999999998,801.6500000000001,2516.88
1969,97,942.45,438.38,1380.8500000000001
1969,98,528.77,239.73000000000002,768.5
1969,99,287.15000000000003,116.13,403.28
1969,100,139.31,56.84,196.15
1970,18,521039.26,547527.41,1068566.67
1970,19,524767.73,548992.66,1073760.3800000001
1970,20,524999.79,546773.95,1071773.74
1970,21,504321.12,530994.51,1035315.63
1970,22,467820.04,492911.74,960731.77
1970,23,457700.52999999997,486135.64999999997,943836.18
1970,24,381871.25,407658.0,789529.25
1970,25,441991.67,472292.67,914284.33
1970,26,512106.33,548433.6699999999,1060540.0
1970,27,509204.33,551421.33,1060625.66
1970,28,558037.3300000001,607789.0,1165826.34
1970,29,634220.5,689967.0,1324187.5
1970,30,652860.84,709801.67,1362662.5
1970,31,629422.5,682602.83,1312025.33
1970,32,592824.34,642734.6699999999,1235559.0
1970,33,575496.6699999999,621691.34,1197188.0
1970,34,570068.0,613993.67,1184061.67
1970,35,550854.0,594779.84,1145633.84
1970,36,487329.17,528606.66,1015935.83
1970,37,443013.33999999997,478305.5,921318.83
1970,38,455913.0,488003.5,943916.5
1970,39,482937.0,512402.17,995339.1599999999
1970,40,498962.33,523180.5,1022142.83
1970,41,500474.0,518353.83,1018827.83
1970,42,497505.33,493091.33,990596.6599999999
1970,43,502268.83,452671.0,954939.83
1970,44,523196.83999999997,431614.83,954811.67
1970,45,527475.34,400379.67,927855.0
1970,46,523018.83999999997,374819.0,897837.83
1970,47,539460.84,385437.83,924898.67
1970,48,573414.33,407092.5,980506.83
1970,49,596333.16,414502.0,1010835.17
1970,50,528369.0,364361.83999999997,892730.8400000001
1970,51,378574.16000000003,263688.33,642262.5
1970,52,295697.0,207596.65999999997,503293.67
1970,53,307458.82999999996,214944.15999999997,522403.0
1970,54,378984.83,261075.83000000002,640060.6699999999
1970,55,497115.0,338302.67,835417.67
1970,56,564123.3300000001,388565.83,952689.17
1970,57,576207.0,404445.66,980652.67
1970,58,567535.84,400758.5,968294.33
1970,59,563944.66,394945.83999999997,958890.5
1970,60,577630.33,405440.67,983071.0
1970,61,577105.34,407889.17,984994.5
1970,62,563438.5,403741.0,967179.5
1970,63,550725.0,397659.0,948383.99
1970,64,530468.5,393401.83,923870.33
1970,65,512639.5,390887.16,903526.6599999999
1970,66,495205.0,371436.16000000003,866641.17
1970,67,483730.17,356557.83,840287.99
1970,68,472748.5,340567.33,813315.83
1970,69,447271.5,315401.32999999996,762672.83
1970,70,421244.33999999997,285303.0,706547.33
1970,71,403647.83,255011.49,658659.33
1970,72,379718.0,226704.5,606422.5
1970,73,358008.83,203091.16999999998,561100.0
1970,74,332572.5,181021.0,513593.5
1970,75,304702.66,159836.5,464539.16
1970,76,280544.16000000003,144426.83000000002,424971.0
1970,77,252613.5,130434.33,383047.83
1970,78,227978.0,117533.33,345511.33
1970,79,203046.17,105277.0,308323.17000000004
1970,80,177187.18,91831.85,269019.03
1970,81,156021.69,81206.33,237228.02000000002
1970,82,135256.28,71059.53,206315.81
1970,83,113572.57,59504.659999999996,173077.24
1970,84,93725.79999999999,49460.71000000001,143186.52000000002
1970,85,76473.11,40922.31,117395.40999999999
1970,86,60789.34,32617.6,93406.93999999999
1970,87,47799.32000000001,25582.41,73381.72
1970,88,37078.5,19945.0,57023.509999999995
1970,89,28028.2,15059.14,43087.34
1970,90,20890.3,11143.68,32033.98
1970,91,15275.85,8045.45,23321.300000000003
1970,92,10814.31,5668.4,16482.71
1970,93,7360.53,3808.5299999999997,11169.060000000001
1970,94,4736.65,2446.74,7183.4
1970,95,2955.56,1489.02,4444.58
1970,96,1814.66,861.53,2676.18
1970,97,1071.72,486.49,1558.21
1970,98,581.12,268.05,849.18
1970,99,293.11,120.4,413.5
1970,100,177.17999999999998,60.44,237.61
1971,18,522611.17,548381.36,1070992.53
1971,19,526898.27,551109.98,1078008.25
1971,20,528190.26,546950.1799999999,1075140.43
1971,21,526703.3,550797.64,1077500.94
1971,22,505228.71,533540.37,1038769.07
1971,23,468821.11,495861.0,964682.11
1971,24,457389.58,486617.13,944006.71
1971,25,382037.43999999994,407636.47000000003,789673.91
1971,26,440967.83,468436.83,909404.67
1971,27,510606.16000000003,543781.0,1054387.17
1971,28,509096.5,547790.5,1056887.0
1971,29,558364.6699999999,603666.5,1162031.16
1971,30,636316.34,688493.33,1324809.67
1971,31,654871.8300000001,709923.84,1364795.67
1971,32,631667.0,684398.33,1316065.33
1971,33,595287.33,645203.6699999999,1240491.0
1971,34,577012.66,623921.34,1200934.0
1971,35,571525.5,616062.3400000001,1187587.83
1971,36,551381.67,595042.0,1146423.67
1971,37,487900.17,528653.6699999999,1016553.8400000001
1971,38,443641.67,478765.0,922406.67
1971,39,455657.0,486890.33999999997,942547.33
1971,40,482589.0,510676.66000000003,993265.6599999999
1971,41,497959.67,521313.5,1019273.1599999999
1971,42,498968.83,516066.5,1015035.3400000001
1971,43,496565.0,490709.17000000004,987274.17
1971,44,500243.33999999997,450090.33999999997,950333.6699999999
1971,45,521426.5,428654.83,950081.33
1971,46,525592.16,397684.33,923276.51
1971,47,520415.0,371793.0,892208.0
1971,48,536564.33,382139.16000000003,918703.5
1971,49,569938.84,403761.33,973700.17
1971,50,592826.5,410489.66000000003,1003316.17
1971,51,524969.17,360966.0,885935.17
1971,52,376116.0,261247.0,637363.0
1971,53,294301.32999999996,205702.84000000003,500004.17
1971,54,305062.0,212680.0,517742.0
1971,55,376343.0,258313.83,634656.83
1971,56,492876.16000000003,334396.83,827273.0
1971,57,560208.17,383625.5,943833.67
1971,58,571327.0,398394.67,969721.67
1971,59,562760.1699999999,394487.67,957247.84
1971,60,558079.8300000001,387407.83999999997,945487.67
1971,61,570110.66,396084.17,966194.83
1971,62,569038.5,398100.5,967139.0
1971,63,555799.5,393601.67,949401.17
1971,64,541632.5,386391.0,928023.5
1971,65,521462.17,381392.67,902854.83
1971,66,503095.0,377615.17,880710.17
1971,67,485818.33,358857.67,844676.0
1971,68,472166.66000000003,341449.84,813616.5
1971,69,459761.0,324828.67,784589.6699999999
1971,70,432729.33999999997,298457.32999999996,731186.67
1971,71,406869.83999999997,268359.17,675229.0
1971,72,387285.67,239143.66999999998,626429.33
1971,73,363483.0,211411.33000000002,574894.33
1971,74,339599.0,187616.0,527215.0
1971,75,314532.67000000004,166227.66999999998,480760.34
1971,76,286553.33,145799.51,432352.84
1971,77,262202.17000000004,131216.16,393418.33
1971,78,233732.16999999998,117051.83,350784.0
1971,79,208715.33,104685.5,313400.84
1971,80,184703.03999999998,92596.54,277299.58
1971,81,158977.42,79993.12,238970.54
1971,82,138201.1,69858.79000000001,208059.88
1971,83,118099.20000000001,60256.490000000005,178355.69
1971,84,97657.66,49737.649999999994,147395.31
1971,85,79307.73,40641.21,119948.95
1971,86,63757.7,33097.66,96855.36
1971,87,49595.29,25957.300000000003,75552.58
1971,88,38205.26,19915.46,58120.72
1971,89,29048.46,15144.41,44192.87
1971,90,21479.5,11204.41,32683.9
1971,91,15697.61,8076.950000000001,23774.56
1971,92,11161.33,5696.07,16857.4
1971,93,7725.63,3906.2,11631.82
1971,94,5097.02,2567.34,7664.360000000001
1971,95,3204.6600000000003,1582.06,4786.71
1971,96,1930.72,931.84,2862.56
1971,97,1143.65,516.69,1660.35
1971,98,657.56,290.32,947.87
1971,99,306.62,137.39,444.01
1971,100,185.15,73.87,259.03
1972,18,530303.3300000001,555695.5,1085998.83
1972,19,532038.79,555428.3,1087467.09
1972,20,535950.0,552817.4099999999,1088767.41
1972,21,535848.45,553503.9500000001,1089352.4
1972,22,534228.0599999999,561321.31,1095549.37
1972,23,512353.1,545158.61,1057511.7
1972,24,475048.57,507022.66000000003,982071.24
1972,25,462832.87,495939.50999999995,958772.3899999999
1972,26,386376.05,414834.56,801210.61
1972,27,444893.33999999997,474563.83,919457.17
1972,28,513782.0,548837.17,1062619.17
1972,29,511969.0,553247.1699999999,1065216.17
1972,30,560997.83,609461.6699999999,1170459.5
1972,31,638567.5,692328.3400000001,1330895.83
1972,32,657062.34,713362.67,1370425.0
1972,33,633650.0,687609.67,1321259.67
1972,34,596973.5,648281.34,1245254.84
1972,35,578687.34,626362.0,1205049.34
1972,36,572715.67,617406.83,1190122.5
1972,37,552398.1699999999,596187.0,1148585.16
1972,38,488770.33999999997,530112.67,1018883.0
1972,39,444441.67,480014.67,924456.33
1972,40,456299.33,487494.0,943793.33
1972,41,482945.33999999997,510749.83999999997,993695.1599999999
1972,42,498093.0,520747.0,1018840.0
1972,43,498887.33999999997,515331.33,1014218.67
1972,44,496323.83999999997,489845.33999999997,986169.1599999999
1972,45,499836.17,448897.66000000003,948733.83
1972,46,520668.0,427337.83,948005.8400000001
1972,47,524636.5,396164.0,920800.5
1972,48,519282.67,370087.5,889370.1599999999
1972,49,535024.0,380204.66000000003,915228.67
1972,50,568088.0,401214.33999999997,969302.33
1972,51,590552.5,407607.0,998159.5
1972,52,522843.67,358126.0,880969.67
1972,53,374401.33999999997,258952.34,633353.67
1972,54,292835.17000000004,203697.5,496532.67
1972,55,303516.5,210385.5,513902.0
1972,56,374167.5,255259.84000000003,629427.34
1972,57,489725.33,329940.66000000003,819666.0
1972,58,556292.83,377887.17,934180.0
1972,59,566923.8300000001,391761.83,958685.6599999999
1972,60,558070.17,387216.0,945286.17
1972,61,552746.17,379376.0,932122.1599999999
1972,62,564038.17,387038.67,951076.83
1972,63,562058.5,387968.17,950026.67
1972,64,548250.17,382493.0,930743.17
1972,65,533178.84,374193.33,907372.17
1972,66,512393.83,367967.67,880361.5
1972,67,493319.5,362982.33,856301.83
1972,68,475147.67,343635.33,818783.0
1972,69,460360.33999999997,325204.66,785565.0
1972,70,446850.5,307880.82999999996,754731.3400000001
1972,71,419148.17,281292.17000000004,700440.3400000001
1972,72,392374.0,251609.0,643983.0
1972,73,371725.82999999996,222832.67,594558.5
1972,74,347042.84,195671.65999999997,542714.5
1972,75,322007.67,172439.5,494447.17
1972,76,296321.83,151715.0,448036.83
1972,77,267954.67,132135.0,400089.66000000003
1972,78,243130.17,117858.83,360989.0
1972,79,214902.15999999997,104221.0,319123.17000000004
1972,80,190620.2,91850.69,282470.89
1972,81,166038.08000000002,80701.84,246739.91999999998
1972,82,141021.48,68707.44,209728.91999999998
1972,83,120839.84,59201.79,180041.61000000002
1972,84,101793.94,50333.83,152127.77000000002
1972,85,82834.07,40809.01,123643.08
1972,86,66240.82,32825.43,99066.24
1972,87,52213.31,26336.050000000003,78549.36
1972,88,39841.39,20269.870000000003,60111.259999999995
1972,89,30092.04,15205.550000000001,45297.59
1972,90,22317.08,11272.35,33589.43
1972,91,16137.3,8141.860000000001,24279.149999999998
1972,92,11517.08,5708.41,17225.5
1972,93,7971.31,3943.04,11914.349999999999
1972,94,5353.44,2636.51,7989.95
1972,95,3461.85,1676.33,5138.16
1972,96,2126.31,1011.05,3137.3700000000003
1972,97,1226.55,576.51,1803.06
1972,98,693.3199999999999,302.86,996.18
1972,99,342.56,137.98,480.54
1972,100,194.32,83.45,277.77
1973,18,538097.95,567397.04,1105494.99
1973,19,540341.68,562822.5900000001,1103164.27
1973,20,542033.39,556827.77,1098861.16
1973,21,544107.3099999999,559254.77,1103362.09
1973,22,543266.93,564481.62,1107748.57
1973,23,541457.5,573465.54,1114923.04
1973,24,518637.41,557081.1900000001,1075718.5999999999
1973,25,480227.35,517648.63,997875.98
1973,26,467304.12,503816.18999999994,971120.3099999999
1973,27,389904.36,420544.69000000006,810449.05
1973,28,448012.17,479932.83,927945.0
1973,29,516290.33,554248.5,1070538.83
1973,30,514228.17,560666.3300000001,1074894.5
1973,31,562914.16,612977.3300000001,1175891.5
1973,32,640286.8300000001,694880.33,1335167.1600000001
1973,33,658623.6699999999,715920.83,1374544.5
1973,34,635049.16,689742.8400000001,1324792.0
1973,35,598337.84,649909.1699999999,1248247.0
1973,36,579527.8300000001,626897.8300000001,1206425.67
1973,37,573314.0,617130.17,1190444.17
1973,38,552905.1699999999,595978.16,1148883.33
1973,39,489193.0,530032.0,1019225.01
1973,40,444850.83,479824.83,924675.6599999999
1973,41,456418.83,486568.83,942987.67
1973,42,482917.5,509244.17,992161.67
1973,43,497787.67,519245.5,1017033.1599999999
1973,44,498494.16000000003,513592.17,1012086.33
1973,45,495756.5,487933.17000000004,983689.6699999999
1973,46,499022.5,446949.5,945972.01
1973,47,519658.33,425181.0,944839.33
1973,48,523467.33,393970.33999999997,917437.67
1973,49,517847.16000000003,367840.17,885687.33
1973,50,533328.6699999999,377692.17,911020.83
1973,51,565880.5,398295.83,964176.33
1973,52,588082.6699999999,404302.17,992384.83
1973,53,520393.17,354942.5,875335.67
1973,54,372503.16000000003,256404.83000000002,628908.0
1973,55,291198.5,201333.0,492531.5
1973,56,301736.84,207809.5,509546.33999999997
1973,57,371763.33999999997,251831.83,623595.17
1973,58,486253.0,325096.33999999997,811349.33
1973,59,551969.0,371605.16000000003,923574.1599999999
1973,60,562124.34,384533.33999999997,946657.6599999999
1973,61,552737.17,379313.5,932050.67
1973,62,546988.34,370738.0,917726.33
1973,63,557275.6699999999,377394.17,934669.83
1973,64,554530.83,377053.17,931584.0
1973,65,539869.8300000001,370527.83,910397.6599999999
1973,66,524038.0,361334.33,885372.3400000001
1973,67,502642.83,353953.17,856596.0
1973,68,482795.16000000003,347665.5,830460.67
1973,69,463589.5,327554.17000000004,791143.6599999999
1973,70,447716.67,308430.83,756147.5
1973,71,432987.33,290416.67,723404.0
1973,72,404511.17,263850.32999999996,668361.5
1973,73,376961.0,234629.0,611590.0
1973,74,355214.5,206236.67,561451.17
1973,75,329586.84,179909.5,509496.33999999997
1973,76,303866.67,157330.83000000002,461197.5
1973,77,277478.32999999996,137316.16999999998,414794.51
1973,78,248990.66999999998,118638.17,367628.83
1973,79,223828.0,104838.34,328666.34
1973,80,196764.18,91621.52,288385.69
1973,81,171733.41,80014.85,251748.26
1973,82,147595.97,69371.68,216967.65000000002
1973,83,123663.70999999999,58298.62,181962.33000000002
1973,84,104403.9,49486.97,153890.87
1973,85,86622.51,41353.03,127975.54000000001
1973,86,69320.32,33080.06,102400.38
1973,87,54410.91,26072.33,80483.23999999999
1973,88,42115.09,20519.29,62634.37
1973,89,31531.5,15473.14,47004.64
1973,90,23232.0,11330.49,34562.48
1973,91,16791.55,8216.300000000001,25007.85
1973,92,11871.1,5767.150000000001,17638.26
1973,93,8279.9,3968.56,12248.449999999999
1973,94,5527.8,2643.85,8171.64
1973,95,3626.27,1728.16,5354.42
1973,96,2266.0,1046.81,3312.8199999999997
1973,97,1348.48,613.21,1961.69
1973,98,747.23,333.51,1080.73
1973,99,363.83000000000004,144.52,508.35
1973,100,219.79000000000002,87.22999999999999,307.03
1974,18,543517.5900000001,575708.47,1119226.0699999998
1974,19,545447.35,571052.29,1116499.6400000001
1974,20,547234.84,560005.9,1107240.76
1974,21,547670.96,559452.9,1107123.84
1974,22,548548.99,565111.97,1113660.9500000002
1974,23,547595.36,570940.04,1118535.4
1974,24,545114.98,578915.5,1124030.48
1974,25,521653.68999999994,561788.49,1083442.18
1974,26,482596.43,519874.33999999997,1002470.77
1974,27,469013.81,504826.94,973840.74
1974,28,391316.7,421397.08,812713.7799999999
1974,29,448934.33,480708.33,929642.6599999999
1974,30,516891.0,555949.0,1072840.0
1974,31,514884.5,560323.0,1075207.5
1974,32,563285.3300000001,611787.67,1175073.0
1974,33,640561.83,693827.8400000001,1334389.67
1974,34,658855.34,713678.17,1372533.5
1974,35,635210.84,687763.33,1322974.17
1974,36,598225.1699999999,647178.34,1245403.5
1974,37,579290.67,623749.67,1203040.33
1974,38,573055.34,614172.5,1187227.8399999999
1974,39,552537.84,592982.5,1145520.33
1974,40,488808.67,527146.0,1015954.67
1974,41,444478.33,476707.83,921186.1599999999
1974,42,455945.33999999997,483286.17,939231.5
1974,43,482272.67,506055.51,988328.1699999999
1974,44,496888.33,515894.67,1012783.0
1974,45,497520.33999999997,510261.33,1007781.67
1974,46,494565.83,484602.17,979168.0
1974,47,497803.0,443642.83,941445.83
1974,48,518147.83999999997,422010.83,940158.67
1974,49,521761.33999999997,390824.5,912585.8400000001
1974,50,516048.17,364836.0,880884.17
1974,51,531157.6699999999,374361.17,905518.83
1974,52,563410.33,394618.5,958028.83
1974,53,585269.5,400279.5,985549.0
1974,54,517653.33,351085.33,868738.6599999999
1974,55,370316.67,253266.51,623583.17
1974,56,289432.82999999996,198628.66999999998,488061.5
1974,57,299776.33,204811.33000000002,504587.67
1974,58,369075.33999999997,248038.33,617113.67
1974,59,482426.17,319622.5,802048.67
1974,60,547370.6699999999,364649.83999999997,912020.5
1974,61,556720.5,376747.83,933468.3400000001
1974,62,546947.66,370794.17,917741.83
1974,63,540669.34,361622.17000000004,902291.5
1974,64,549924.1699999999,367030.67,916954.83
1974,65,546209.17,365521.01,911730.17
1974,66,530847.17,357950.83,888798.0
1974,67,514232.83,347842.0,862074.83
1974,68,492032.67,339155.32999999996,831188.0
1974,69,471230.66000000003,331685.82999999996,802916.5
1974,70,451074.33999999997,310958.83,762033.17
1974,71,434093.66000000003,291292.66,725386.3400000001
1974,72,418146.67,272690.67000000004,690837.3400000001
1974,73,388958.0,246363.5,635321.5
1974,74,360493.5,217422.16999999998,577915.66
1974,75,337723.16,189801.67,527524.83
1974,76,311298.67,164442.34,475741.0
1974,77,284974.17,142541.5,427515.66000000003
1974,78,258294.0,123333.67,381627.67000000004
1974,79,229757.0,105740.17,335497.17
1974,80,205269.65999999997,92331.74,297601.4
1974,81,177718.86,79819.92,257538.78
1974,82,153107.41999999998,68826.77,221934.21000000002
1974,83,129947.16,58969.45,188916.61
1974,84,107209.08,48841.92,156051.0
1974,85,89020.28,40662.62,129682.90000000001
1974,86,72629.73000000001,33589.54,106219.27
1974,87,57140.89,26406.92,83547.81
1974,88,43972.82,20323.71,64296.53
1974,89,33400.01,15721.52,49121.53
1974,90,24446.769999999997,11578.050000000001,36024.82
1974,91,17616.79,8267.58,25884.370000000003
1974,92,12410.51,5833.09,18243.59
1974,93,8626.07,3992.61,12618.68
1974,94,5778.04,2683.69,8461.73
1974,95,3772.63,1743.49,5516.12
1974,96,2383.42,1095.1399999999999,3478.56
1974,97,1450.67,639.64,2090.31
1974,98,834.31,378.72,1213.03
1974,99,398.56,166.01,564.57
1974,100,237.57000000000002,93.02,330.59000000000003
1975,18,553082.11,584930.4299999999,1138012.53
1975,19,545925.65,574818.68,1120744.33
1975,20,547434.41,564732.6,1112167.0
1975,21,547888.91,556905.4199999999,1104794.32
1975,22,547846.42,558735.75,1106582.17
1975,23,548041.77,563248.54,1111290.31
1975,24,546909.3500000001,567794.1,1114703.45
1975,25,543856.93,574419.39,1118276.32
1975,26,520198.58999999997,556231.88,1076430.47
1975,27,480747.73,513594.22000000003,994341.94
1975,28,467110.83999999997,498067.74,965178.5900000001
1975,29,389491.33,415046.16000000003,804537.49
1975,30,447020.17,474302.16000000003,921322.33
1975,31,515138.67,549395.17,1064533.84
1975,32,513062.5,553534.1699999999,1066596.67
1975,33,561452.0,605052.5,1166504.5
1975,34,638945.1699999999,686409.67,1325354.83
1975,35,657015.5,705995.8400000001,1363011.33
1975,36,633456.34,680410.0,1313866.33
1975,37,596524.0,640190.34,1236714.33
1975,38,577683.3300000001,617094.16,1194777.5
1975,39,571400.6699999999,607696.33,1179097.0
1975,40,550932.1699999999,586893.17,1137825.34
1975,41,487322.33999999997,521087.67000000004,1008410.0
1975,42,443037.0,470913.67,913950.6599999999
1975,43,454431.16000000003,477964.0,932395.17
1975,44,480661.0,500773.5,981434.5
1975,45,495246.67,510728.5,1005975.17
1975,46,495809.0,505379.66000000003,1001188.67
1975,47,492808.83999999997,479933.5,972742.34
1975,48,495904.83,439169.5,935074.33
1975,49,516044.17,417698.67000000004,933742.84
1975,50,519620.17,386786.84,906407.01
1975,51,513697.67,360816.16000000003,874513.83
1975,52,528542.16,370292.83999999997,898835.0
1975,53,560516.33,390141.83999999997,950658.17
1975,54,581991.16,395431.67,977422.83
1975,55,514467.16000000003,346587.67,861054.83
1975,56,367969.5,249698.16999999998,617667.67
1975,57,287390.67000000004,195525.16999999998,482915.83999999997
1975,58,297498.84,201489.15999999997,498988.0
1975,59,366055.66,243750.83,609806.5
1975,60,478204.17,313509.33,791713.5
1975,61,542016.3300000001,357195.0,899211.33
1975,62,550888.66,368277.17,919165.83
1975,63,540554.0,361439.5,901993.5
1975,64,533508.5,351586.83999999997,885095.33
1975,65,541641.5,355749.66,897391.1599999999
1975,66,536944.0,352936.17,889880.16
1975,67,520775.0,344291.0,865066.0
1975,68,503338.0,333196.5,836534.5
1975,69,480187.83,323448.99,803636.83
1975,70,458429.17,314673.82999999996,773103.0
1975,71,437294.83,293657.17,730952.0
1975,72,419079.17,273365.66,692444.83
1975,73,401833.99,254162.33,655996.33
1975,74,371841.0,228108.17,599949.17
1975,75,342726.17,199712.83,542439.0
1975,76,318719.33,173088.16,491807.5
1975,77,291698.32999999996,148779.5,440477.83999999997
1975,78,264784.0,127669.17,392453.17
1975,79,237854.5,109467.5,347322.0
1975,80,210113.55,92809.06,302922.6
1975,81,184988.61,80185.59,265174.2
1975,82,158225.97999999998,68512.97,226738.95
1975,83,134451.06,58267.85,192718.90000000002
1975,84,112344.97,49171.37,161516.34
1975,85,91291.40999999999,40034.869999999995,131326.28
1975,86,74529.29,32841.090000000004,107370.37
1975,87,59761.920000000006,26644.2,86406.12
1975,88,45983.94,20505.1,66489.04
1975,89,34729.72,15524.58,50254.310000000005
1975,90,25767.590000000004,11745.09,37512.68
1975,91,18495.55,8390.64,26886.18
1975,92,12948.74,5843.36,18792.09
1975,93,8965.14,4022.03,12987.17
1975,94,6033.88,2713.7400000000002,8747.619999999999
1975,95,3919.52,1777.67,5697.1900000000005
1975,96,2476.27,1107.81,3584.0699999999997
1975,97,1521.41,671.29,2192.7
1975,98,894.8399999999999,389.81,1284.6299999999999
1975,99,429.81,183.22,613.03
1975,100,258.64,103.34,361.98
1976,18,561147.73,593416.93,1154564.66
1976,19,554330.12,585065.0800000001,1139395.21
1976,20,547115.91,571379.86,1118495.77
1976,21,547326.3,562709.14,1110035.44
1976,22,547174.29,558063.74,1105238.02
1976,23,546496.2999999999,558531.54,1105027.8399999999
1976,24,546147.2000000001,561385.89,1107533.09
1976,25,544593.33,564860.69,1109454.02
1976,26,541417.45,570425.23,1111842.69
1976,27,517291.45,551059.11,1068350.55
1976,28,478011.08999999997,507826.04,985837.13
1976,29,464153.64,491777.83,955931.47
1976,30,386863.57999999996,409288.25,796151.8300000001
1976,31,444632.0,468308.16000000003,912940.17
1976,32,512777.67,542936.16,1055713.83
1976,33,510760.17,547266.5,1058026.66
1976,34,559436.0,598458.5,1157894.5
1976,35,636753.16,679289.0,1316042.17
1976,36,654840.34,698742.5,1353582.83
1976,37,631450.0,673667.0,1305117.0
1976,38,594609.66,633646.8300000001,1228256.5
1976,39,575809.6699999999,610913.66,1186723.33
1976,40,569596.8300000001,601888.16,1171485.0
1976,41,549216.1699999999,581217.66,1130433.83
1976,42,485549.0,515317.67,1000866.6599999999
1976,43,441337.33999999997,465685.33999999997,907022.6599999999
1976,44,452741.5,473045.0,925786.5
1976,45,478950.17,495895.33,974845.5
1976,46,493435.0,505908.66000000003,999343.67
1976,47,494015.17,500659.0,994674.17
1976,48,490857.17,475239.51,966096.6699999999
1976,49,493855.83,434830.0,928685.84
1976,50,513843.16000000003,413458.34,927301.5
1976,51,517192.0,382713.5,899905.51
1976,52,511147.0,356938.0,868085.0
1976,53,525811.83,366019.67,891831.5
1976,54,557407.1699999999,385426.83,942834.0
1976,55,578518.0,390446.33,968964.3400000001
1976,56,511212.17,341909.67,853121.83
1976,57,365398.66000000003,245921.17,611319.83
1976,58,285203.83,192296.17,477500.0
1976,59,295041.17000000004,198038.33,493079.5
1976,60,362763.83999999997,239077.33,601841.17
1976,61,473551.66000000003,307019.5,780571.17
1976,62,536438.0,349244.83,885682.8400000001
1976,63,544477.16,359059.5,903536.67
1976,64,533529.33,351637.33999999997,885166.67
1976,65,525763.0,341052.33,866815.3400000001
1976,66,532736.6699999999,343775.5,876512.1599999999
1976,67,526950.66,339682.0,866632.6599999999
1976,68,509977.5,329993.16,839970.6599999999
1976,69,491527.83999999997,318025.0,809552.83
1976,70,467519.33,307112.84,774632.17
1976,71,444742.83999999997,297376.5,742119.3400000001
1976,72,422455.17,275836.5,698291.67
1976,73,403022.66,255012.15999999997,658034.83
1976,74,384353.17,235395.0,619748.17
1976,75,353749.0,209708.67,563457.6699999999
1976,76,323952.84,182288.34000000003,506241.16000000003
1976,77,298997.16,156722.83000000002,455720.0
1976,78,271487.5,133444.83000000002,404932.33999999997
1976,79,244217.33,113398.84,357616.17
1976,80,218044.94,96350.73,314395.67
1976,81,189714.7,80625.43,270340.13
1976,82,164989.27000000002,68858.82,233848.09000000003
1976,83,139265.65000000002,58145.89,197411.53999999998
1976,84,116583.06,48663.11,165246.18
1976,85,95783.66,40421.17,136204.83000000002
1976,86,76476.1,32340.690000000002,108816.79
1976,87,61341.0,25937.6,87278.6
1976,88,48121.83,20666.89,68788.72
1976,89,36296.020000000004,15631.650000000001,51927.67
1976,90,26840.660000000003,11589.83,38430.479999999996
1976,91,19523.04,8455.17,27978.21
1976,92,13550.16,5896.08,19446.239999999998
1976,93,9282.7,4040.64,13323.34
1976,94,6293.45,2700.34,8993.78
1976,95,4131.5199999999995,1776.06,5907.58
1976,96,2623.67,1142.16,3765.83
1976,97,1602.1,678.4599999999999,2280.56
1976,98,951.08,399.45,1350.53
1976,99,444.67,178.46999999999997,623.14
1976,100,260.84,103.19,364.02
1977,18,583596.71,616736.0800000001,1200332.79
1977,19,563338.89,595561.99,1158900.89
1977,20,556817.46,585068.2,1141885.6600000001
1977,21,548389.1,571954.36,1120343.46
1977,22,548115.19,566775.85,1114891.03
1977,23,547260.86,560939.9299999999,1108200.79
1977,24,546098.1699999999,559429.36,1105527.54
1977,25,545187.74,561595.68,1106783.42
1977,26,543194.76,563886.72,1107081.48
1977,27,539809.78,568663.05,1108472.85
1977,28,515763.05,548347.59,1064110.64
1977,29,476230.13,504841.27999999997,981071.41
1977,30,462163.07999999996,488143.26,950306.3400000001
1977,31,385210.12,405713.80000000005,790923.91
1977,32,443061.16000000003,464481.83,907543.0
1977,33,511212.83,539029.5,1050242.33
1977,34,509528.67,543123.67,1052652.34
1977,35,558066.0,594072.0,1152138.0
1977,36,635430.5,674592.33,1310022.83
1977,37,653542.17,693947.67,1347489.8399999999
1977,38,630266.5,668960.17,1299226.67
1977,39,593431.0,629207.6699999999,1222638.67
1977,40,574628.5,606662.5,1181291.0
1977,41,568396.34,597980.0,1166376.34
1977,42,547928.5,577037.0,1124965.5
1977,43,484278.66000000003,511326.5,995605.17
1977,44,440108.67,461939.66000000003,902048.33
1977,45,451497.66000000003,469477.5,920975.17
1977,46,477564.0,492207.0,969771.0
1977,47,491963.83,501993.33,993957.17
1977,48,492337.66000000003,496642.5,988980.17
1977,49,489077.0,471290.83,960367.84
1977,50,492003.33,430919.17,922922.5
1977,51,511636.33999999997,409637.67,921274.0
1977,52,514844.16000000003,379042.5,893886.6699999999
1977,53,508746.67,353093.17,861839.8400000001
1977,54,523084.67,361825.16000000003,884909.83
1977,55,554419.6699999999,380801.33,935221.0
1977,56,575104.8300000001,385451.5,960556.3400000001
1977,57,507883.33,337074.17,844957.5
1977,58,362826.5,242114.34,604940.84
1977,59,282984.67,189058.83000000002,472043.5
1977,60,292607.17,194490.65999999997,487097.83
1977,61,359460.0,234241.15999999997,593701.1699999999
1977,62,468891.0,300380.67000000004,769271.6599999999
1977,63,530580.6699999999,340928.33999999997,871509.0
1977,64,537952.5,349763.5,887716.0
1977,65,526175.17,341452.17,867627.3400000001
1977,66,517515.67,330125.67000000004,847641.33
1977,67,523427.5,331592.5,855020.0
1977,68,516788.67,326341.5,843130.1599999999
1977,69,498697.66000000003,315600.16,814297.8400000001
1977,70,479338.33,302561.84,781900.17
1977,71,454223.83,290738.84,744962.67
1977,72,430386.67,279955.5,710342.17
1977,73,407183.17,258122.67,665305.84
1977,74,386515.0,237005.33000000002,623520.34
1977,75,366533.33,217132.33,583665.6699999999
1977,76,335537.67,192213.16999999998,527750.8400000001
1977,77,305029.0,165804.5,470833.5
1977,78,279421.67,141216.83000000002,420638.5
1977,79,251724.67,119115.33,370840.0
1977,80,225722.5,100520.62,326243.12
1977,81,198106.1,84226.55,282332.64
1977,82,170268.36,69565.93,239834.29
1977,83,146178.44,58746.34,204924.77999999997
1977,84,121732.66,48939.26,170671.91999999998
1977,85,100215.08,40372.83,140587.91
1977,86,80998.36,33019.229999999996,114017.59
1977,87,63587.82,25862.6,89450.4
1977,88,49960.06,20307.68,70267.75
1977,89,38377.07,15894.82,54271.89
1977,90,28320.95,11798.93,40119.87
1977,91,20524.93,8535.61,29060.54
1977,92,14526.99,6069.969999999999,20596.97
1977,93,9890.96,4157.22,14048.18
1977,94,6614.849999999999,2739.13,9353.96
1977,95,4359.93,1781.49,6141.42
1977,96,2791.1800000000003,1154.88,3946.05
1977,97,1752.83,728.6400000000001,2481.48
1977,98,1031.6,416.13,1447.7199999999998
1977,99,493.58000000000004,198.45999999999998,692.03
1977,100,283.41999999999996,108.69,392.11
1978,18,605493.68,637565.44,1243059.12
1978,19,586616.39,620032.84,1206649.22
1978,20,566461.02,597408.29,1163869.31
1978,21,558691.51,587646.3300000001,1146337.84
1978,22,550049.34,577154.38,1127203.73
1978,23,549207.36,571622.95,1120830.3
1978,24,547943.12,564157.16,1112100.27
1978,25,546119.12,561807.86,1107926.99
1978,26,544616.02,562752.45,1107368.47
1978,27,542580.75,564162.1900000001,1106742.94
1978,28,539096.38,568405.2,1107501.58
1978,29,514821.0,547285.46,1062106.46
1978,30,475210.98,503180.12,978391.1000000001
1978,31,461086.24,486045.94000000006,947132.18
1978,32,384231.32,403619.88,787851.21
1978,33,442179.17,462071.33,904250.5
1978,34,510553.83999999997,536541.67,1047095.5
1978,35,508799.33,540304.17,1049103.5
1978,36,557577.0,591260.67,1148837.67
1978,37,634759.0,671296.5,1306055.5
1978,38,652957.1699999999,690613.33,1343570.5
1978,39,629529.0,665764.67,1295293.67
1978,40,592804.5,626090.34,1218894.8399999999
1978,41,573884.67,603697.67,1177582.33
1978,42,567659.34,594920.0,1162579.34
1978,43,546968.0,573985.34,1120953.33
1978,44,483325.0,508226.17,991551.17
1978,45,439249.83999999997,459030.67,898280.5
1978,46,450554.67,466571.16000000003,917125.83
1978,47,476345.0,488895.5,965240.5
1978,48,490570.66000000003,498435.17,989005.84
1978,49,490822.17,492889.0,983711.17
1978,50,487456.16000000003,467452.33999999997,954908.5
1978,51,490164.83,427167.66000000003,917332.5
1978,52,509555.17,405886.33,915441.5
1978,53,512616.33,375235.33,887851.6599999999
1978,54,506295.83,349207.66000000003,855503.5
1978,55,520451.83,357596.83999999997,878048.67
1978,56,551337.0,376084.0,927421.0
1978,57,571454.67,380209.5,951664.17
1978,58,504372.83,331936.83999999997,836309.67
1978,59,360117.83,238093.66999999998,598211.5
1978,60,280722.0,185609.15999999997,466331.17
1978,61,290032.66,190614.83000000002,480647.5
1978,62,355984.83,229259.15999999997,585244.0
1978,63,463938.0,293307.0,757245.0
1978,64,524413.0,332234.16000000003,856647.17
1978,65,530772.0,339840.17,870612.17
1978,66,518322.0,330747.5,849069.5
1978,67,508874.67,318779.5,827654.1599999999
1978,68,513717.33,318944.16000000003,832661.5
1978,69,505852.83999999997,312454.16,818307.0
1978,70,486717.83,300537.67000000004,787255.5
1978,71,466080.33,286656.16,752736.5
1978,72,440054.33,273977.33,714031.67
1978,73,415372.5,262170.0,677542.5
1978,74,391060.67,240237.33,631298.0
1978,75,369033.83,218861.49,587895.34
1978,76,348038.83999999997,199119.33,547158.17
1978,77,316557.83,174996.84000000003,491554.67
1978,78,285614.83,149568.33000000002,435183.17
1978,79,259380.0,126169.83,385549.83999999997
1978,80,232203.64,105429.09,337632.74
1978,81,205422.69,87847.31,293270.0
1978,82,178146.79,72747.58,250894.37
1978,83,151238.72,59368.32,210607.03999999998
1978,84,128000.14,49459.57,177459.71
1978,85,105060.2,40601.99,145662.19
1978,86,85164.15,32990.25,118154.38
1978,87,67700.43,26477.989999999998,94178.41
1978,88,52082.899999999994,20399.86,72482.77
1978,89,40039.99,15764.300000000001,55804.29
1978,90,30142.17,11997.77,42139.93
1978,91,21728.23,8717.39,30445.620000000003
1978,92,15327.56,6133.24,21460.81
1978,93,10709.800000000001,4265.78,14975.58
1978,94,7054.27,2802.5299999999997,9856.8
1978,95,4614.66,1833.6100000000001,6448.27
1978,96,2908.09,1157.6599999999999,4065.73
1978,97,1865.84,755.0400000000001,2620.88
1978,98,1142.0,453.48,1595.48
1978,99,549.76,216.13,765.89
1978,100,326.96,126.76,453.72
1979,18,624856.72,657886.49,1282743.22
1979,19,609319.49,642643.25,1251962.74
1979,20,590152.75,623757.94,1213910.7
1979,21,568747.0700000001,602254.14,1171001.22
1979,22,560646.1,594610.37,1155256.47
1979,23,552019.72,584469.99,1136489.72
1979,24,550665.76,577367.9,1128033.6600000001
1979,25,548722.84,568611.56,1117334.4100000001
1979,26,546540.95,565000.06,1111541.01
1979,27,544752.86,564981.9400000001,1109734.81
1979,28,542400.69,565691.21,1108091.89
1979,29,538904.79,569349.45,1108254.25
1979,30,514663.03,547527.3,1062190.33
1979,31,474963.65,502736.11,977699.76
1979,32,460699.8,485038.27,945738.0800000001
1979,33,384070.5,402521.41,786591.9
1979,34,442090.5,460883.16000000003,902973.6599999999
1979,35,510512.0,535285.66,1045797.6599999999
1979,36,508813.0,538718.3300000001,1047531.33
1979,37,557571.33,589537.5,1147108.83
1979,38,634660.67,669275.17,1303935.83
1979,39,652704.34,688432.33,1341136.67
1979,40,629366.16,663610.5,1292976.66
1979,41,592533.67,623861.83,1216395.5
1979,42,573579.34,601460.3300000001,1175039.67
1979,43,567083.66,592591.1699999999,1159674.83
1979,44,546208.1699999999,571532.5,1117740.67
1979,45,482631.33999999997,505620.67,988252.0
1979,46,438553.0,456594.0,895147.0
1979,47,449680.83,463876.5,913557.3400000001
1979,48,475253.17,485765.5,961018.67
1979,49,489309.67,495029.83999999997,984339.5
1979,50,489339.83,489240.0,978579.83
1979,51,485806.5,463696.01,949502.5
1979,52,488376.5,423480.0,911856.5
1979,53,507472.5,402066.16000000003,909538.67
1979,54,510228.17,371411.33999999997,881639.5
1979,55,503860.5,345288.67,849149.17
1979,56,517668.66000000003,353256.17,870924.83
1979,57,547981.0,371056.83999999997,919037.8400000001
1979,58,567609.66,374532.0,942141.6599999999
1979,59,500650.5,326652.16000000003,827302.6699999999
1979,60,357254.17,233873.0,591127.1699999999
1979,61,278246.5,181908.66999999998,460155.17
1979,62,287217.16,186490.33000000002,473707.5
1979,63,352302.5,223817.65999999997,576120.17
1979,64,458529.0,285790.34,744319.3400000001
1979,65,517486.67,323013.82999999996,840500.5
1979,66,523013.0,329412.66000000003,852425.67
1979,67,509937.5,319562.82999999996,829500.33
1979,68,499430.33999999997,306806.0,806236.3400000001
1979,69,502889.83,305568.5,808458.33
1979,70,493832.16000000003,297815.17000000004,791647.33
1979,71,473578.67,284946.33,758525.0
1979,72,451790.0,270364.5,722154.5
1979,73,424970.66000000003,256910.33000000002,681881.0
1979,74,399041.16000000003,244318.5,643359.67
1979,75,373606.17,222251.5,595857.67
1979,76,350516.0,200719.33,551235.3300000001
1979,77,328481.17,181172.33,509653.5
1979,78,296704.32999999996,157927.16999999998,454631.5
1979,79,265366.83,133619.83000000002,398986.67
1979,80,238933.75,111628.23,350561.99
1979,81,211494.08000000002,92115.58,303609.66000000003
1979,82,184896.8,75879.32,260776.11
1979,83,158435.06,62036.27,220471.33000000002
1979,84,132677.32,49998.19,182675.52000000002
1979,85,110725.25,40997.28,151722.53
1979,86,89429.65,33178.89,122608.54
1979,87,71239.77,26507.49,97747.25
1979,88,55632.23,20892.08,76524.3
1979,89,41908.04,15878.640000000001,57786.67
1979,90,31604.97,11939.24,43544.21
1979,91,23255.98,8838.06,32094.03
1979,92,16293.71,6254.0199999999995,22547.73
1979,93,11302.06,4284.39,15586.45
1979,94,7682.450000000001,2906.09,10588.550000000001
1979,95,4949.1,1883.84,6832.95
1979,96,3094.5,1204.44,4298.93
1979,97,1920.58,743.3199999999999,2663.9
1979,98,1209.67,470.71,1680.38
1979,99,634.66,246.64999999999998,881.31
1979,100,352.59,128.75,481.33
1980,18,638200.26,675894.25,1314094.51
1980,19,629490.95,664521.86,1294012.8199999998
1980,20,613968.02,648957.31,1262925.33
1980,21,593410.7,630661.84,1224072.54
1980,22,571360.4,611703.75,1183064.15
1980,23,563324.94,603772.89,1167097.83
1980,24,554265.7,593038.95,1147304.6600000001
1980,25,552515.4,584295.7,1136811.1
1980,26,550154.89,574108.73,1124263.62
1980,27,547488.94,569433.42,1116922.36
1980,28,545423.75,568439.01,1113862.76
1980,29,542858.1900000001,568432.29,1111290.48
1980,30,539547.6799999999,571678.43,1111226.0999999999
1980,31,515077.97,548786.48,1063864.46
1980,32,475247.45,503391.47000000003,978638.92
1980,33,460954.41000000003,485198.43,946152.84
1980,34,384464.26,402484.51,786948.77
1980,35,442574.66000000003,460858.0,903432.67
1980,36,510868.66000000003,534818.0,1045686.67
1980,37,509277.17,538042.34,1047319.5
1980,38,557946.83,588690.17,1146637.0
1980,39,634858.0,668048.17,1302906.17
1980,40,652872.5,687111.5,1339984.0
1980,41,629450.6699999999,662014.67,1291465.33
1980,42,592530.0,622243.83,1214773.83
1980,43,573351.33,599605.83,1172957.17
1980,44,566671.1699999999,590632.5,1157303.67
1980,45,545634.1699999999,569316.83,1114951.0
1980,46,482066.5,503501.51,985568.0
1980,47,437966.67,454391.33999999997,892358.0
1980,48,448884.17,461300.83,910185.0
1980,49,474248.17,482799.16000000003,957047.33
1980,50,488142.67,491620.33,979763.0
1980,51,487840.67,485568.17,973408.83
1980,52,484170.0,459871.83999999997,944041.83
1980,53,486476.33,419635.67,906112.0
1980,54,505267.83,398151.5,903419.33
1980,55,507875.33999999997,367455.17,875330.51
1980,56,501215.16000000003,341153.17,842368.34
1980,57,514680.5,348580.17,863260.6599999999
1980,58,544478.84,365725.16000000003,910204.0
1980,59,563530.16,368541.66000000003,932071.8400000001
1980,60,496709.0,320920.33,817629.3400000001
1980,61,354069.33,229360.84000000003,583430.17
1980,62,275527.5,178006.17,453533.67000000004
1980,63,284285.17000000004,182156.15999999997,466441.33
1980,64,348196.0,218114.83,566310.83
1980,65,452561.67,277986.82999999996,730548.5
1980,66,510119.66000000003,313383.17000000004,823502.83
1980,67,514593.67,318418.67000000004,833012.33
1980,68,500653.83,307784.82999999996,808438.6599999999
1980,69,489212.67,294252.67,783465.33
1980,70,491196.0,291712.83,782908.83
1980,71,480818.33999999997,282715.67,763534.0
1980,72,459426.0,268964.5,728390.5
1980,73,436648.83999999997,253820.0,690468.83
1980,74,408709.17,239525.0,648234.16
1980,75,381814.0,226293.33,608107.34
1980,76,355238.66000000003,204158.66999999998,559397.3300000001
1980,77,331002.0,182952.33000000002,513954.33
1980,78,308199.67000000004,163660.0,471859.67
1980,79,276168.84,141160.33000000002,417329.17
1980,80,244221.46000000002,117839.87999999999,362061.33999999997
1980,81,218055.8,97747.91,315803.70999999996
1980,82,190839.63,79712.26000000001,270551.89
1980,83,164773.19,64806.02,229579.2
1980,84,139255.11000000002,52340.82,191595.93000000002
1980,85,115071.55,41534.43,156605.97999999998
1980,86,94508.97,33478.52,127987.51
1980,87,74957.57,26706.65,101664.20999999999
1980,88,58587.369999999995,20969.09,79556.45000000001
1980,89,44906.99,16237.19,61144.18
1980,90,33214.32,12140.76,45355.08
1980,91,24495.59,8869.87,33365.46
1980,92,17521.94,6383.03,23904.97
1980,93,12049.18,4402.84,16452.010000000002
1980,94,8191.039999999999,2962.7000000000003,11153.74
1980,95,5452.9400000000005,1940.09,7393.030000000001
1980,96,3390.26,1253.6799999999998,4643.93
1980,97,2049.49,800.1099999999999,2849.6
1980,98,1246.42,469.82000000000005,1716.24
1980,99,678.51,265.04,943.55
1980,100,395.58000000000004,143.92000000000002,539.5
1981,18,654626.4199999999,695866.72,1350493.14
1981,19,642226.38,680171.38,1322397.77
1981,20,633890.36,669224.84,1303115.21
1981,21,616844.46,653880.16,1270724.63
1981,22,595611.11,637312.29,1232923.39
1981,23,573546.28,617183.99,1190730.27
1981,24,565132.85,608860.36,1173993.21
1981,25,555991.96,596999.69,1152991.65
1981,26,553940.76,587281.5900000001,1141222.36
1981,27,551026.94,576182.73,1127209.67
1981,28,548157.36,571079.35,1119236.71
1981,29,545842.78,569339.0,1115181.78
1981,30,543495.49,569774.03,1113269.51
1981,31,539829.35,572160.4,1111989.74
1981,32,515388.27,548894.59,1064282.8499999999
1981,33,475387.06,502980.27,978367.33
1981,34,461214.20999999996,484477.48,945691.71
1981,35,384719.02,401942.26,786661.27
1981,36,442731.33,459979.33,902710.67
1981,37,511169.33,533679.0,1044848.3400000001
1981,38,509546.67,536859.8300000001,1046406.5
1981,39,558041.5,587155.83,1145197.33
1981,40,635028.66,666471.0,1301499.67
1981,41,653009.8300000001,685173.8400000001,1338183.67
1981,42,629324.66,659815.3400000001,1289140.0
1981,43,592426.16,620125.3300000001,1212551.5
1981,44,572994.5,597341.83,1170336.33
1981,45,566172.5,588215.83,1154388.34
1981,46,544884.0,566683.1699999999,1111567.17
1981,47,481519.5,500860.5,982380.0
1981,48,437314.83,451672.0,888986.83
1981,49,447926.83,458297.83,906224.6599999999
1981,50,473243.5,479400.16000000003,952643.67
1981,51,486875.33,487908.83,974784.17
1981,52,486232.66000000003,481435.33999999997,967668.0
1981,53,482425.0,455585.33,938010.33
1981,54,484449.33,415450.17,899899.5
1981,55,502948.33,393877.5,896825.83
1981,56,505224.33999999997,363093.33999999997,868317.6599999999
1981,57,498281.83,336617.17,834899.0
1981,58,511454.66000000003,343495.67,854950.33
1981,59,540704.1699999999,359812.0,900516.1599999999
1981,60,559300.67,361956.17,921256.83
1981,61,492374.67,314669.0,807043.67
1981,62,350584.0,224446.65999999997,575030.66
1981,63,272581.82999999996,173847.17,446429.0
1981,64,280975.0,177522.66999999998,458497.67
1981,65,343750.33999999997,211986.84000000003,555737.16
1981,66,446161.83999999997,269570.5,715732.33
1981,67,501990.83,303033.82999999996,805024.67
1981,68,505410.0,306799.66,812209.67
1981,69,490510.83,295363.17,785874.0
1981,70,478091.33999999997,281251.32999999996,759342.67
1981,71,478522.33,277128.0,755650.3400000001
1981,72,466644.33,266961.33,733605.67
1981,73,444041.5,252614.0,696655.5
1981,74,420065.0,236733.16999999998,656798.17
1981,75,391276.0,221731.83,613007.84
1981,76,363176.83,207982.5,571159.3300000001
1981,77,335564.0,186230.5,521794.5
1981,78,310776.66,165326.83000000002,476103.5
1981,79,286842.32999999996,146303.5,433145.83999999997
1981,80,253982.49000000002,124131.97,378114.45999999996
1981,81,223092.47999999998,103088.41,326180.89
1981,82,197079.66,84549.44,281629.1
1981,83,170430.15000000002,68186.81999999999,238616.97999999998
1981,84,144885.87,54657.09,199542.96
1981,85,120724.47,43504.57,164229.03999999998
1981,86,98206.76,33919.35,132126.11
1981,87,79365.37,26891.800000000003,106257.17
1981,88,61757.479999999996,21089.589999999997,82847.06
1981,89,47316.12,16231.71,63547.83
1981,90,35558.43,12357.98,47916.41
1981,91,25750.94,9034.72,34785.66
1981,92,18450.38,6408.35,24858.730000000003
1981,93,12892.400000000001,4495.18,17387.58
1981,94,8677.65,3029.49,11707.13
1981,95,5746.530000000001,1994.86,7741.379999999999
1981,96,3775.43,1242.08,5017.51
1981,97,2287.92,831.34,3119.26
1981,98,1364.8300000000002,513.77,1878.59
1981,99,703.25,261.65,964.9
1981,100,433.16,160.44,593.59
1982,18,665299.76,707142.85,1372442.6
1982,19,656851.6900000001,696357.98,1353209.68
1982,20,644414.0,680893.64,1325307.63
1982,21,634779.65,670018.69,1304798.34
1982,22,617382.0700000001,654519.53,1271901.6
1982,23,596215.8200000001,637181.39,1233397.21
1982,24,573856.66,616291.53,1190148.2
1982,25,565397.6,607364.28,1172761.8800000001
1982,26,556181.12,594665.64,1150846.75
1982,27,553730.9299999999,584665.34,1138396.27
1982,28,550673.1599999999,573400.98,1124074.1500000001
1982,29,547766.19,568284.58,1116050.77
1982,30,545459.25,566984.8300000001,1112444.08
1982,31,542892.03,567361.33,1110253.35
1982,32,539125.01,569549.29,1108674.3
1982,33,514735.88,546037.98,1060773.8499999999
1982,34,474751.69999999995,500217.04,974968.74
1982,35,460485.83999999997,481773.19,942259.02
1982,36,384148.35,399528.81,783677.1599999999
1982,37,442288.66000000003,457435.5,899724.1599999999
1982,38,510653.5,531081.1699999999,1041734.67
1982,39,508968.16000000003,534156.5,1043124.67
1982,40,557621.1699999999,584460.66,1142081.83
1982,41,634518.6699999999,663383.83,1297902.5
1982,42,652215.1699999999,681665.3400000001,1333880.5
1982,43,628631.84,656469.5,1285101.33
1982,44,591619.0,616839.8300000001,1208458.84
1982,45,572147.34,594090.0,1166237.33
1982,46,565041.67,584618.83,1149660.5
1982,47,543825.0,563031.3400000001,1106856.34
1982,48,480504.33,497234.0,977738.3400000001
1982,49,436143.17,448129.0,884272.1599999999
1982,50,446700.83999999997,454521.0,901221.83
1982,51,471792.17,475306.67,947098.8400000001
1982,52,485097.33,483404.0,968501.33
1982,53,484362.83999999997,476614.16000000003,960977.0
1982,54,480271.0,450743.51,931014.5
1982,55,482135.83,410718.67,892854.51
1982,56,500254.67,389018.67000000004,889273.34
1982,57,502208.83,358252.84,860461.6699999999
1982,58,495149.5,331671.0,826820.5
1982,59,507908.66000000003,337918.67,845827.33
1982,60,536735.0,353384.33,890119.33
1982,61,554520.66,354985.66000000003,909506.3400000001
1982,62,487585.17,307958.34,795543.5
1982,63,346858.66000000003,219202.17,566060.83
1982,64,269351.67,169453.84000000003,438805.5
1982,65,277373.66,172452.33000000002,449826.0
1982,66,338867.32999999996,205571.66,544439.0
1982,67,439149.67,260835.16999999998,699984.8300000001
1982,68,493228.33,292226.33,785454.6599999999
1982,69,495310.33,294717.34,790027.67
1982,70,479592.33999999997,282664.82999999996,762257.17
1982,71,466010.83,267542.5,733553.33
1982,72,464790.67,262017.5,726808.17
1982,73,451281.17,250912.5,702193.67
1982,74,427475.66000000003,235988.0,663463.67
1982,75,402375.5,219514.15999999997,621889.66
1982,76,372388.5,204108.83000000002,576497.34
1982,77,343473.33999999997,189729.5,533202.84
1982,78,315313.0,168542.0,483855.0
1982,79,289487.0,148041.66999999998,437528.66000000003
1982,80,265346.21,129536.28,394882.49
1982,81,232204.55,108723.40000000001,340927.95
1982,82,201627.55,89107.03,290734.57
1982,83,176151.23,72328.25,248479.49
1982,84,150181.39,57462.66,207644.05
1982,85,125826.60999999999,45338.61,171165.22
1982,86,103259.55,35525.63,138785.17
1982,87,82657.52,27248.42,109905.94
1982,88,65510.799999999996,21238.870000000003,86749.67
1982,89,49944.58,16406.690000000002,66351.27
1982,90,37537.57,12363.65,49901.21
1982,91,27607.730000000003,9238.27,36845.99
1982,92,19506.07,6561.52,26067.579999999998
1982,93,13558.85,4512.99,18071.84
1982,94,9322.21,3089.3199999999997,12411.539999999999
1982,95,6076.97,2031.48,8108.44
1982,96,3992.02,1282.52,5274.530000000001
1982,97,2542.43,812.4100000000001,3354.84
1982,98,1519.75,532.6800000000001,2052.4300000000003
1982,99,790.8199999999999,298.44,1089.26
1982,100,452.32,153.62,605.9399999999999
1983,18,655605.75,696824.11,1352429.8599999999
1983,19,666107.9500000001,706041.71,1372149.66
1983,20,657639.29,695953.27,1353592.56
1983,21,644097.51,680222.6,1324320.1099999999
1983,22,634325.02,668804.37,1303129.37
1983,23,616732.15,652757.39,1269489.55
1983,24,595515.61,635179.79,1230695.4
1983,25,573193.19,613518.74,1186711.93
1983,26,564604.74,603696.17,1168300.89
1983,27,555172.21,590562.6799999999,1145734.8800000001
1983,28,552657.02,580540.4,1133197.42
1983,29,549550.98,569351.41,1118902.4000000001
1983,30,546545.54,564508.83,1111054.36
1983,31,544118.2000000001,563193.0700000001,1107311.27
1983,32,541461.5900000001,563807.82,1105269.42
1983,33,537704.95,565711.38,1103416.33
1983,34,513146.5,542322.37,1055468.87
1983,35,473284.29,496616.47000000003,969900.75
1983,36,459092.5,478271.62,937364.12
1983,37,382991.43000000005,396439.31999999995,779430.74
1983,38,441104.0,454316.83,895420.8400000001
1983,39,509421.83,527965.5,1037387.3400000001
1983,40,507838.33999999997,530987.16,1038825.5
1983,41,556429.1699999999,580957.16,1137386.33
1983,42,633205.0,659602.0,1292807.0
1983,43,650790.6699999999,677375.5,1328166.16
1983,44,627264.0,652382.5,1279646.5
1983,45,590175.16,612831.0,1203006.17
1983,46,570705.0,590027.83,1160732.83
1983,47,563462.6699999999,580441.84,1143904.5
1983,48,542221.0,558795.8300000001,1101016.83
1983,49,478902.33,493053.33999999997,971955.67
1983,50,434550.33,443899.0,878449.33
1983,51,444978.33,450235.0,895213.33
1983,52,469934.66000000003,470606.17,940540.83
1983,53,482986.0,478336.67,961322.67
1983,54,482004.0,471319.17,953323.1599999999
1983,55,477893.0,445357.33999999997,923250.34
1983,56,479474.5,405510.33,884984.83
1983,57,497300.66000000003,383708.0,881008.67
1983,58,499025.66000000003,353031.17000000004,852056.8400000001
1983,59,491667.5,326382.0,818049.5
1983,60,503941.66000000003,331844.83999999997,835786.5
1983,61,532142.3300000001,346658.67,878801.0
1983,62,549201.34,347499.5,896700.8400000001
1983,63,482466.0,300864.67,783330.6699999999
1983,64,342815.0,213723.0,556538.0
1983,65,265820.5,164656.5,430477.0
1983,66,273428.5,167378.83000000002,440807.33
1983,67,333541.83,198994.16,532536.0
1983,68,431617.33,251810.49,683427.8300000001
1983,69,483774.33999999997,280974.32999999996,764748.67
1983,70,484589.33,282103.83,766693.17
1983,71,467857.33,269366.0,737223.33
1983,72,453046.0,253517.34000000003,706563.33
1983,73,450049.5,246836.33000000002,696885.8300000001
1983,74,434982.17,234692.0,669674.16
1983,75,409918.0,219138.15999999997,629056.1699999999
1983,76,383653.0,202328.67,585981.66
1983,77,352783.33999999997,186445.5,539228.84
1983,78,323231.17000000004,172015.5,495246.67
1983,79,294383.67000000004,151392.16999999998,445775.83
1983,80,268379.78,131499.49,399879.28
1983,81,243149.3,113675.45,356824.74
1983,82,210426.30000000002,94113.09000000001,304539.39
1983,83,180533.80000000002,76281.76000000001,256815.55
1983,84,155599.49,61112.69,216712.16999999998
1983,85,130951.48,47855.62,178807.09999999998
1983,86,108145.04000000001,37203.27,145348.31
1983,87,87310.65999999999,28597.81,115908.45999999999
1983,88,68616.62,21613.800000000003,90230.43000000001
1983,89,53316.759999999995,16560.45,69877.2
1983,90,39849.54,12534.93,52384.48
1983,91,29306.54,9254.41,38560.95
1983,92,21103.690000000002,6759.05,27862.75
1983,93,14464.060000000001,4627.98,19092.02
1983,94,9786.84,3116.62,12903.460000000001
1983,95,6528.71,2052.3,8581.01
1983,96,4195.8,1319.12,5514.92
1983,97,2697.85,842.01,3539.85
1983,98,1663.4299999999998,510.40999999999997,2173.84
1983,99,893.92,311.84000000000003,1205.76
1983,100,477.76,169.56,647.3199999999999
1984,18,643524.69,682136.76,1325661.46
1984,19,656093.45,695894.4299999999,1351987.88
1984,20,666879.52,706097.33,1372976.85
1984,21,657523.36,695981.0700000001,1353504.43
1984,22,643696.99,679688.03,1323385.02
1984,23,633849.51,667994.28,1301843.8
1984,24,616137.13,651612.3200000001,1267749.45
1984,25,594935.84,633685.95,1228621.79
1984,26,572522.49,611512.21,1184034.71
1984,27,563587.71,600931.03,1164518.74
1984,28,554040.87,587680.6799999999,1141721.55
1984,29,551263.2,577646.81,1128910.01
1984,30,548005.26,566613.42,1114618.69
1984,31,544685.7,561644.6900000001,1106330.3900000001
1984,32,542156.48,560652.29,1102808.77
1984,33,539324.73,560982.09,1100306.82
1984,34,535061.1900000001,562445.54,1097506.73
1984,35,510591.13999999996,538729.84,1049321.0
1984,36,470629.28,492795.43,963424.71
1984,37,456592.76,474084.17,930676.9299999999
1984,38,380951.75,392683.32,773635.06
1984,39,438911.5,450039.33,888950.83
1984,40,507491.5,523773.16000000003,1031264.67
1984,41,505879.66000000003,526575.33,1032455.0
1984,42,554424.6699999999,576069.34,1130494.0
1984,43,631178.67,654220.3300000001,1285399.0
1984,44,648584.0,671636.83,1320220.83
1984,45,625128.84,646666.0,1271794.83
1984,46,588159.34,607235.5,1195394.84
1984,47,568693.1699999999,584587.16,1153280.33
1984,48,561373.5,575159.6699999999,1136533.17
1984,49,540182.0,553595.0,1093777.0
1984,50,476856.16000000003,487617.83999999997,964474.0
1984,51,432547.5,438658.83,871206.3400000001
1984,52,442981.0,445208.5,888189.5
1984,53,467674.17,465315.33999999997,932989.5
1984,54,480549.83999999997,472632.5,953182.33
1984,55,479546.67,465489.66000000003,945036.33
1984,56,475152.67,439636.17000000004,914788.83
1984,57,476565.5,399921.17,876486.67
1984,58,494072.33,378090.17,872162.5
1984,59,495550.83,347487.67,843038.5
1984,60,487735.0,320545.67000000004,808280.6699999999
1984,61,499635.0,325407.83999999997,825042.8400000001
1984,62,527152.66,339448.0,866600.6599999999
1984,63,543461.1699999999,339538.17000000004,882999.33
1984,64,476936.5,293447.5,770384.0
1984,65,338386.83999999997,207843.17,546230.01
1984,66,262077.33000000002,159792.33000000002,421869.67
1984,67,269183.17000000004,162053.33000000002,431236.5
1984,68,327873.5,192116.33,519989.83
1984,69,423379.0,242225.83,665604.8400000001
1984,70,473468.33,269263.17,742731.5
1984,71,473013.5,269106.83,742120.3400000001
1984,72,455148.17,255571.84000000003,710720.01
1984,73,439177.5,239335.15999999997,678512.6599999999
1984,74,434274.17,231406.33000000002,665680.49
1984,75,417623.5,218449.5,636073.0
1984,76,391568.33,202375.5,593943.84
1984,77,364158.17,185489.65999999997,549647.8300000001
1984,78,332640.0,169327.84000000003,501967.83
1984,79,302355.17,154792.84,457148.0
1984,80,273153.91,134366.67,407520.59
1984,81,246494.76,115764.71,362259.47
1984,82,221050.94,98734.19,319785.12
1984,83,189078.79,80732.02,269810.8
1984,84,160158.95,64577.380000000005,224736.33
1984,85,136171.29,51053.68,187224.97
1984,86,113028.45999999999,39429.15,152457.6
1984,87,91824.52,30067.81,121892.33
1984,88,72900.64,22759.71,95660.35
1984,89,56284.29,16836.55,73120.84
1984,90,42858.9,12687.22,55546.12
1984,91,31348.03,9411.880000000001,40759.91
1984,92,22587.36,6810.37,29397.72
1984,93,15811.35,4807.85,20619.21
1984,94,10589.39,3230.9500000000003,13820.34
1984,95,6967.68,2096.11,9063.78
1984,96,4533.87,1342.61,5876.49
1984,97,2876.63,862.45,3739.08
1984,98,1797.85,541.35,2339.19
1984,99,1038.43,308.58,1347.01
1984,100,531.1700000000001,170.04,701.2099999999999
1985,18,627999.4,662630.03,1290629.43
1985,19,644982.72,682759.39,1327742.12
1985,20,658008.31,697537.61,1355545.92
1985,21,667856.2799999999,708135.04,1375991.33
1985,22,658257.3,697477.93,1355735.23
1985,23,644506.98,681409.8200000001,1325916.79
1985,24,634385.68,669233.96,1303619.6400000001
1985,25,616562.54,652852.24,1269414.78
1985,26,595290.9,634218.23,1229509.1199999999
1985,27,572431.39,611366.3200000001,1183797.7
1985,28,563412.7000000001,600608.4099999999,1164021.1099999999
1985,29,553562.52,586983.74,1140546.25
1985,30,550541.22,576836.24,1127377.47
1985,31,546959.27,565707.77,1112667.04
1985,32,543472.17,560737.3200000001,1104209.48
1985,33,540672.97,559480.16,1100153.13
1985,34,537509.13,559184.38,1096693.51
1985,35,533203.94,560329.0900000001,1093533.03
1985,36,508375.87,536122.49,1044498.36
1985,37,468613.01,489833.52,958446.54
1985,38,454770.05,470823.7,925593.75
1985,39,379207.18,389349.27,768556.45
1985,40,437349.5,446700.83999999997,884050.3400000001
1985,41,505850.33,520247.5,1026097.83
1985,42,504201.33,522572.33,1026773.67
1985,43,552843.5,571872.33,1124715.84
1985,44,629306.67,649316.6699999999,1278623.34
1985,45,646728.33,666495.6599999999,1313224.0
1985,46,623234.0,641434.34,1264668.33
1985,47,586339.84,602198.0,1188537.83
1985,48,566834.3300000001,579620.3300000001,1146454.67
1985,49,559488.0,570384.5,1129872.5
1985,50,538185.5,548325.83,1086511.34
1985,51,474889.5,482365.66000000003,957255.1599999999
1985,52,430681.16000000003,433925.33999999997,864606.5
1985,53,440948.33,440439.67,881388.0
1985,54,465449.66000000003,459989.5,925439.17
1985,55,478179.16000000003,466911.0,945090.17
1985,56,477009.16000000003,459541.33,936550.5
1985,57,472386.67,433677.83999999997,906064.5
1985,58,473488.17,394137.5,867625.67
1985,59,490627.67,372157.83,862785.5
1985,60,491632.67,341439.0,833071.6599999999
1985,61,483594.33999999997,314355.17000000004,797949.5
1985,62,495096.83,318654.83999999997,813751.67
1985,63,521838.67,331828.83999999997,853667.5
1985,64,537450.0,331233.5,868683.5
1985,65,471034.0,285571.5,756605.5
1985,66,333786.67,201755.5,535542.16
1985,67,258049.34000000003,154690.16999999998,412739.5
1985,68,264719.33,156489.16,421208.5
1985,69,321722.32999999996,184897.66999999998,506620.0
1985,70,414558.66000000003,232347.16,646905.83
1985,71,462560.33999999997,257027.0,719587.33
1985,72,460597.33,255528.66999999998,716126.0
1985,73,441662.5,241510.83,683173.3400000001
1985,74,424216.0,224725.5,648941.5
1985,75,417408.5,215538.16999999998,632946.67
1985,76,399444.0,201875.0,601319.0
1985,77,372298.0,185669.17,557967.17
1985,78,343923.5,168650.17,512573.67
1985,79,311651.5,152425.0,464076.5
1985,80,280244.75,137436.53,417681.28
1985,81,251315.71,118468.82999999999,369784.54
1985,82,224376.55,100773.22,325149.77
1985,83,198910.22999999998,84863.7,283773.92
1985,84,168076.74000000002,68381.71,236458.45
1985,85,140268.74,53963.090000000004,194231.83
1985,86,117530.76000000001,41999.91,159530.67
1985,87,95915.76,31915.559999999998,127831.32
1985,88,76647.65,23834.42,100482.06
1985,89,59867.78,17704.309999999998,77572.09
1985,90,45373.43,12876.18,58249.600000000006
1985,91,33777.06,9495.68,43272.74
1985,92,24132.019999999997,6903.34,31035.36
1985,93,16964.35,4860.17,21824.52
1985,94,11626.01,3351.33,14977.34
1985,95,7596.88,2176.61,9773.49
1985,96,4823.5,1395.4299999999998,6218.9400000000005
1985,97,3080.54,867.12,3947.65
1985,98,1913.96,558.28,2472.24
1985,99,1173.1799999999998,345.51,1518.69
1985,100,645.2,173.09,818.2900000000001
1986,18,607172.73,640560.08,1247732.81
1986,19,631003.05,664754.61,1295757.66
1986,20,648556.46,686112.1000000001,1334668.57
1986,21,660552.89,701484.68,1362037.57
1986,22,670379.44,712328.69,1382708.12
1986,23,660565.22,702386.23,1362951.46
1986,24,646523.99,686011.7,1332535.69
1986,25,636145.6799999999,673298.53,1309444.22
1986,26,618194.4400000001,656278.86,1274473.3
1986,27,596619.53,636870.8500000001,1233490.37
1986,28,573637.3400000001,613857.3300000001,1187494.67
1986,29,564565.2,602464.46,1167029.67
1986,30,554450.49,588494.62,1142945.0999999999
1986,31,551116.3099999999,578011.88,1129128.19
1986,32,547502.17,566665.8,1114167.97
1986,33,543633.18,561443.13,1105076.31
1986,34,540869.72,559879.71,1100749.43
1986,35,537481.5499999999,559348.05,1096829.6
1986,36,532950.34,560044.6599999999,1092995.01
1986,37,508079.14999999997,535658.77,1043737.92
1986,38,468395.99,489207.79,957603.78
1986,39,454478.66000000003,469919.93,924398.59
1986,40,378882.52999999997,388544.64,767427.17
1986,41,436902.33999999997,445607.5,882509.83
1986,42,505333.83,518950.16000000003,1024284.0
1986,43,503621.33,520921.17,1024542.5
1986,44,552135.0,569919.5,1122054.5
1986,45,628365.5,646834.67,1275200.17
1986,46,645626.0,663469.33,1309095.34
1986,47,622072.6699999999,638245.5,1260318.17
1986,48,585110.5,598967.34,1184077.83
1986,49,565486.1699999999,576280.6699999999,1141766.83
1986,50,557985.1699999999,566663.83,1124649.0
1986,51,536631.67,544320.3300000001,1080952.0
1986,52,473274.5,478327.66000000003,951602.17
1986,53,429094.33,429984.33,859078.67
1986,54,439153.67,436173.83,875327.5
1986,55,463341.83999999997,455009.5,918351.33
1986,56,475835.33999999997,461371.33999999997,937206.6599999999
1986,57,474541.17,453696.67,928237.8400000001
1986,58,469541.0,427669.0,897210.0
1986,59,470394.17,388157.33999999997,858551.5
1986,60,486975.66000000003,365847.83,852823.5
1986,61,487632.0,335107.0,822739.0
1986,62,479426.83,307972.16,787399.0
1986,63,490284.33999999997,311768.32999999996,802052.67
1986,64,516244.33,323995.5,840239.83
1986,65,530915.83,322641.16000000003,853557.0
1986,66,464620.16000000003,277498.84,742119.0
1986,67,328903.33,195545.33,524448.6699999999
1986,68,253779.5,149458.33000000002,403237.83
1986,69,259769.65999999997,150799.0,410568.67
1986,70,315014.33,177483.67,492498.0
1986,71,405027.17,221962.66999999998,626989.83
1986,72,450545.5,244470.34000000003,695015.8400000001
1986,73,447105.67,241655.67,688761.3400000001
1986,74,427074.0,227037.83000000002,654111.8300000001
1986,75,408321.83,209788.5,618110.34
1986,76,399599.0,199624.33000000002,599223.34
1986,77,380071.5,185433.0,565504.5
1986,78,351959.5,169026.67,520986.16000000003
1986,79,322679.5,151955.0,474634.5
1986,80,290059.11,136290.43,426349.53
1986,81,258051.21000000002,121239.48000000001,379290.69
1986,82,228875.5,103203.28,332078.77
1986,83,202192.84,86641.17,288834.01
1986,84,176997.86,71927.65,248925.51
1986,85,147385.37,57240.020000000004,204625.38
1986,86,121152.87,44347.72,165500.59
1986,87,99886.56,34001.06,133887.61000000002
1986,88,80166.06,25262.870000000003,105428.94
1986,89,62851.46,18605.39,81456.85
1986,90,48130.58,13550.13,61680.72
1986,91,35664.4,9644.66,45309.08
1986,92,26014.54,6960.83,32975.37
1986,93,18201.510000000002,4909.67,23111.17
1986,94,12391.51,3362.5,15754.0
1986,95,8319.0,2261.66,10580.66
1986,96,5293.37,1470.11,6763.48
1986,97,3279.34,903.5999999999999,4182.9400000000005
1986,98,2038.37,556.11,2594.4900000000002
1986,99,1245.3000000000002,366.11,1611.41
1986,100,717.5300000000001,194.0,911.54
1987,18,580100.93,611193.54,1191294.46
1987,19,612253.62,642370.78,1254624.3900000001
1987,20,636144.96,667742.4,1303887.3599999999
1987,21,651140.87,686768.45,1337909.32
1987,22,661593.94,701354.5299999999,1362948.47
1987,23,670510.09,712053.03,1382563.1199999999
1987,24,660478.87,701928.92,1362407.7799999998
1987,25,647476.27,685138.0800000001,1332614.35
1987,26,636343.14,670701.83,1307044.97
1987,27,617988.04,652994.91,1270982.95
1987,28,596612.03,633599.35,1230211.38
1987,29,573907.37,609910.4299999999,1183817.8
1987,30,565541.61,599298.88,1164840.49
1987,31,555186.15,585102.41,1140288.56
1987,32,551414.57,574166.02,1125580.59
1987,33,544236.3300000001,561163.35,1105399.67
1987,34,542867.64,557975.14,1100842.78
1987,35,540849.13,556539.8,1097388.94
1987,36,538766.88,557240.89,1096007.77
1987,37,535484.48,557962.29,1093446.77
1987,38,511708.88,534924.23,1046633.1100000001
1987,39,470960.54000000004,490891.22000000003,961851.76
1987,40,457093.23,474601.61,931694.84
1987,41,380123.13,393267.67000000004,773390.81
1987,42,436947.66000000003,448433.83,885381.5
1987,43,505524.17,523829.17,1029353.33
1987,44,503757.33999999997,525139.5,1028896.8400000001
1987,45,552012.0,573637.5,1125649.5
1987,46,628282.0,651153.34,1279435.33
1987,47,643984.16,666421.33,1310405.5
1987,48,620906.8300000001,641228.34,1262135.17
1987,49,584213.67,601578.8300000001,1185792.5
1987,50,564578.1699999999,578808.33,1143386.5
1987,51,556665.16,567622.5,1124287.67
1987,52,534590.66,543982.6699999999,1078573.33
1987,53,471964.0,478754.17,950718.17
1987,54,427652.67,429909.5,857562.1599999999
1987,55,436921.83999999997,434133.67,871055.5
1987,56,460938.67,452438.5,913377.17
1987,57,472749.67,457986.16000000003,930735.83
1987,58,471682.0,450312.5,921994.5
1987,59,466773.67,423892.5,890666.1599999999
1987,60,467630.17,384433.17,852063.3400000001
1987,61,483701.5,361893.83,845595.33
1987,62,483327.0,330251.0,813578.0
1987,63,475276.16000000003,303168.0,778444.17
1987,64,485606.0,306401.5,792007.5
1987,65,510678.83,317745.17000000004,828424.0
1987,66,524818.5,315389.5,840208.0
1987,67,457652.83,270278.5,727931.3400000001
1987,68,322628.17,189442.15999999997,512070.33
1987,69,248330.83000000002,144209.33000000002,392540.17
1987,70,254063.65999999997,145251.83000000002,399315.5
1987,71,307388.34,170053.0,477441.33999999997
1987,72,393974.66000000003,211878.83,605853.5
1987,73,437898.16000000003,232586.0,670484.1599999999
1987,74,432697.17,228720.5,661417.6599999999
1987,75,411209.67,213303.34000000003,624513.0
1987,76,390936.33,195404.66999999998,586341.0
1987,77,380143.5,184644.34000000003,564787.84
1987,78,359342.0,170101.0,529443.0
1987,79,330717.67,154026.16999999998,484743.83
1987,80,302200.79,137188.24,439389.04
1987,81,268005.95,120820.76000000001,388826.70999999996
1987,82,235916.03999999998,106006.98000000001,341923.01
1987,83,207100.83000000002,89046.78,296147.61
1987,84,180692.0,73802.17,254494.18
1987,85,156064.69,60499.99,216564.68
1987,86,128026.86,47323.34,175350.22
1987,87,103582.03,36042.73,139624.76
1987,88,83943.39,27159.230000000003,111102.61000000002
1987,89,66175.23,19850.05,86025.27
1987,90,50974.450000000004,14337.39,65311.840000000004
1987,91,38235.75,10241.47,48477.21
1987,92,27764.399999999998,7137.5,34901.909999999996
1987,93,19767.04,5014.5,24781.54
1987,94,13429.68,3434.5,16864.18
1987,95,8920.34,2313.5,11233.84
1987,96,5934.83,1556.33,7491.17
1987,97,3655.87,986.1099999999999,4641.98
1987,98,2202.34,589.6,2791.94
1987,99,1342.1999999999998,358.79,1700.99
1987,100,755.1,205.26000000000002,960.36
1988,18,536869.3200000001,563524.61,1100393.94
1988,19,586799.4199999999,614191.1799999999,1200990.59
1988,20,618893.76,645823.01,1264716.76
1988,21,640435.3099999999,669176.85,1309612.16
1988,22,653843.73,687834.92,1341678.6500000001
1988,23,663836.9199999999,702419.92,1366256.85
1988,24,672504.58,713088.49,1385593.07
1988,25,663276.11,703029.6299999999,1366305.75
1988,26,649583.98,684415.17,1333999.1400000001
1988,27,637860.59,669373.47,1307234.07
1988,28,619688.04,651699.52,1271387.56
1988,29,598813.41,631813.03,1230626.4300000002
1988,30,576649.37,608824.66,1185474.03
1988,31,568117.93,598294.81,1166412.74
1988,32,557122.34,583546.47,1140668.81
1988,33,549941.19,571127.12,1121068.32
1988,34,545070.03,559803.23,1104873.27
1988,35,544327.26,556755.73,1101082.98
1988,36,543261.9400000001,556274.38,1099536.32
1988,37,542226.21,556566.0,1098792.21
1988,38,539754.61,558300.94,1098055.54
1988,39,515067.30000000005,537605.84,1052673.1400000001
1988,40,474082.6,496260.14,970342.74
1988,41,459044.70999999996,480616.34,939661.04
1988,42,380610.71,396656.37,777267.08
1988,43,437625.33,453961.83,891587.17
1988,44,506038.5,528500.5,1034539.0
1988,45,504114.33,529437.6699999999,1033552.0
1988,46,552469.67,578824.3300000001,1131294.0
1988,47,627108.1699999999,654752.84,1281861.0
1988,48,643242.5,669663.67,1312906.17
1988,49,620453.83,644162.1699999999,1264616.0
1988,50,583766.1699999999,604538.5,1188304.66
1988,51,563742.34,580277.1699999999,1144019.5
1988,52,555009.1699999999,567744.83,1122754.0
1988,53,533477.3300000001,544428.5,1077905.84
1988,54,470670.5,478644.16000000003,949314.6599999999
1988,55,425867.0,428270.17,854137.17
1988,56,435095.33,432325.5,867420.83
1988,57,458363.0,449547.33,907910.3400000001
1988,58,470360.5,454901.67,925262.1599999999
1988,59,469308.33,446607.33,915915.6599999999
1988,60,464346.16000000003,419851.5,884197.67
1988,61,464882.83999999997,380454.67,845337.5
1988,62,479709.83,356838.33,836548.17
1988,63,479565.67000000004,325318.5,804884.1699999999
1988,64,471109.66000000003,298221.67,769331.33
1988,65,480881.16000000003,300839.17000000004,781720.33
1988,66,505452.0,310951.0,816403.0
1988,67,517162.83,307142.0,824304.83
1988,68,449457.0,261863.33,711320.33
1988,69,316265.17000000004,182882.33,499147.5
1988,70,242946.84,138967.16999999998,381914.01
1988,71,248058.5,139409.0,387467.5
1988,72,299022.0,162554.17,461576.17
1988,73,383336.33,202052.0,585388.3300000001
1988,74,424288.17,220769.5,645057.66
1988,75,417278.67,215345.0,632623.6699999999
1988,76,394292.17,199121.67,593413.84
1988,77,372528.83,181181.33000000002,553710.17
1988,78,360241.17,169900.5,530141.6699999999
1988,79,338537.0,155484.66,494021.66000000003
1988,80,310507.81,138410.88,448918.69
1988,81,280126.94,122005.90999999999,402132.85
1988,82,245898.26,106118.1,352016.35000000003
1988,83,214129.18,91892.98000000001,306022.16000000003
1988,84,185723.31,76216.44,261939.75
1988,85,159979.32,62245.84,222225.16
1988,86,136271.67,50286.32,186557.99000000002
1988,87,110071.34999999999,38646.68,148718.02
1988,88,87505.34999999999,28947.559999999998,116452.91
1988,89,69774.54000000001,21455.22,91229.76000000001
1988,90,53981.549999999996,15379.21,69360.76
1988,91,40836.28,10865.56,51701.84
1988,92,30079.579999999998,7633.8,37713.38
1988,93,21250.559999999998,5174.84,26425.4
1988,94,14775.7,3545.67,18321.36
1988,95,9780.18,2415.16,12195.34
1988,96,6403.67,1596.5,8000.17
1988,97,4165.17,1062.83,5228.0
1988,98,2492.87,661.11,3153.98
1988,99,1451.6699999999998,377.26,1828.94
1988,100,817.22,205.76,1022.98
1989,18,509478.44999999995,535086.5700000001,1044565.01
1989,19,545300.85,570167.03,1115467.8699999999
1989,20,595881.27,621361.43,1217242.71
1989,21,627258.99,654174.22,1281433.21
1989,22,648341.93,678993.5499999999,1327335.48
1989,23,661925.66,698801.62,1360727.28
1989,24,671735.8999999999,713614.28,1385350.18
1989,25,679839.6599999999,724135.48,1403975.13
1989,26,670611.85,713257.84,1383869.7
1989,27,656381.8200000001,693991.3200000001,1350373.1400000001
1989,28,644169.16,678241.7799999999,1322410.94
1989,29,626014.21,660418.27,1286432.48
1989,30,604928.64,640088.38,1245017.02
1989,31,582237.38,616691.71,1198929.09
1989,32,573372.35,605614.94,1178987.28
1989,33,561821.56,590606.26,1152427.83
1989,34,554435.43,577505.77,1131941.21
1989,35,549016.22,565769.1,1114785.33
1989,36,547674.11,561745.3300000001,1109419.45
1989,37,546292.65,560276.2,1106568.84
1989,38,544838.68,560046.84,1104885.52
1989,39,542030.98,561144.47,1103175.45
1989,40,517083.91000000003,540045.09,1057129.0
1989,41,475563.69000000006,497785.83999999997,973349.54
1989,42,460099.26,481651.64,941750.9
1989,43,381397.89,397015.04000000004,778412.92
1989,44,438281.17,454056.17,892337.33
1989,45,506634.67,528355.83,1034990.5
1989,46,504725.5,528982.83,1033708.3400000001
1989,47,552825.67,577864.1699999999,1130689.84
1989,48,627336.1699999999,653197.8300000001,1280534.0
1989,49,643280.84,667712.5,1310993.33
1989,50,620378.8300000001,641897.6699999999,1262276.5
1989,51,583587.16,602034.16,1185621.34
1989,52,563423.66,577490.17,1140913.83
1989,53,554280.16,564452.83,1118733.0
1989,54,532609.84,540793.66,1073403.5
1989,55,469719.83999999997,474881.66000000003,944601.5
1989,56,424884.33,424568.66000000003,849453.0
1989,57,433989.5,428124.66000000003,862114.1599999999
1989,58,456829.83,444501.83,901331.67
1989,59,468544.83999999997,449213.5,917758.33
1989,60,467067.33999999997,440112.5,907179.8400000001
1989,61,461709.33,413150.17,874859.5
1989,62,461889.17,373790.83999999997,835680.0
1989,63,476165.33,350164.0,826329.33
1989,64,475601.0,318548.0,794149.0
1989,65,466637.17,291217.5,757854.6599999999
1989,66,475612.16000000003,293136.34,768748.5
1989,67,498859.33999999997,302177.33,801036.67
1989,68,509477.17,297480.67000000004,806957.8400000001
1989,69,441957.0,252847.33000000002,694804.33
1989,70,310270.0,175962.5,486232.5
1989,71,237728.83,133172.0,370900.83
1989,72,242022.0,132965.66999999998,374987.66000000003
1989,73,291143.34,154392.83000000002,445536.17
1989,74,371825.33999999997,191007.0,562832.34
1989,75,410241.83999999997,207520.5,617762.3300000001
1989,76,401323.0,200894.33,602217.34
1989,77,377199.16000000003,184272.0,561471.16
1989,78,354232.66000000003,166239.5,520472.16000000003
1989,79,340136.17,154434.16999999998,494570.33
1989,80,318916.95,139345.28,458262.24
1989,81,288207.13,123240.37999999999,411447.5
1989,82,257569.58000000002,107433.73999999999,365003.33
1989,83,223565.40000000002,92137.43,315702.83
1989,84,192402.83,78724.98,271127.81
1989,85,164597.62,64248.44,228846.07
1989,86,139832.13,51747.84,191579.96999999997
1989,87,117231.48,41152.990000000005,158384.47
1989,88,93139.99,31054.850000000002,124194.84
1989,89,72833.83,22818.22,95652.04999999999
1989,90,56866.36,16604.55,73470.92
1989,91,43194.87,11582.71,54777.58
1989,92,32027.260000000002,8097.39,40124.659999999996
1989,93,23008.24,5510.14,28518.370000000003
1989,94,15911.05,3657.67,19568.72
1989,95,10765.53,2488.33,13253.86
1989,96,6918.01,1654.83,8572.84
1989,97,4479.17,1077.84,5557.01
1989,98,2854.5,725.17,3579.66
1989,99,1650.04,439.95000000000005,2089.98
1989,100,876.85,211.64,1088.49
1990,18,476503.55,500733.91,977237.46
1990,19,519058.87,542969.57,1062028.44
1990,20,555202.45,578522.39,1133724.83
1990,21,604627.15,630943.9,1235571.04
1990,22,635465.33,665483.45,1300948.78
1990,23,656386.64,690920.56,1347307.2
1990,24,669675.65,710298.26,1379973.91
1990,25,679077.44,724584.33,1403661.77
1990,26,687235.35,734210.19,1421445.54
1990,27,677293.68,722591.58,1399885.26
1990,28,662774.04,702432.28,1365206.32
1990,29,650143.8,686557.24,1336701.04
1990,30,632051.53,668887.09,1300938.62
1990,31,610581.83,647722.12,1258303.96
1990,32,587662.93,623828.74,1211491.66
1990,33,578354.87,612298.61,1190653.48
1990,34,566620.86,597175.74,1163796.6
1990,35,559061.06,583757.53,1142818.59
1990,36,552858.99,570868.66,1123727.65
1990,37,551035.64,565888.59,1116924.22
1990,38,549734.69,564786.11,1114520.8
1990,39,547358.86,563510.23,1110869.09
1990,40,545020.68,564635.96,1109656.64
1990,41,518833.49,542016.79,1060850.28
1990,42,476298.91,498572.93,974871.83
1990,43,462019.41,483198.65,945218.06
1990,44,381682.68,396863.65,778546.33
1990,45,439416.17,454630.5,894046.67
1990,46,507729.33,528511.0,1036240.34
1990,47,505400.83,528336.5,1033737.34
1990,48,553767.17,577481.0,1131248.17
1990,49,627792.33,651651.33,1279443.67
1990,50,643725.67,665716.83,1309442.5
1990,51,620607.67,639502.83,1260110.5
1990,52,583917.83,599620.5,1183538.33
1990,53,563225.0,574605.5,1137830.5
1990,54,553925.0,561003.5,1114928.5
1990,55,531938.33,536992.17,1068930.5
1990,56,468733.0,470571.33,939304.33
1990,57,424082.0,420648.67,844730.67
1990,58,433010.5,423870.0,856880.5
1990,59,455559.83,439456.67,895016.5
1990,60,466853.83,443093.5,909947.33
1990,61,464918.33,433382.5,898300.83
1990,62,459089.67,406117.0,865206.67
1990,63,458826.33,367043.83,825870.17
1990,64,472549.0,343172.83,815721.83
1990,65,471359.33,311202.5,782561.83
1990,66,461706.17,283830.17,745536.33
1990,67,469919.0,285098.0,755017.0
1990,68,491993.83,292997.5,784991.33
1990,69,501226.0,287337.33,788563.33
1990,70,434123.17,243383.5,677506.67
1990,71,303414.33,168499.5,471913.83
1990,72,232113.0,127066.17,359179.17
1990,73,235817.33,126395.83,362213.17
1990,74,282775.5,146091.17,428866.67
1990,75,359878.83,179824.17,539703.0
1990,76,395013.33,194008.33,589021.67
1990,77,384398.0,186245.17,570643.16
1990,78,359134.67,169311.84,528446.5
1990,79,334714.83,151354.0,486068.83
1990,80,320510.66,138494.74,459005.39
1990,81,296085.88,124039.72,420125.61
1990,82,265074.39,108554.32,373628.71
1990,83,234398.35,93385.53,327783.88
1990,84,201015.33,78951.55,279966.88
1990,85,170459.93,66392.6,236852.53
1990,86,143821.06,53222.08,197043.13
1990,87,120208.07,42165.81,162373.88
1990,88,99069.75,32982.29,132052.04
1990,89,77270.11,24386.32,101656.42
1990,90,59133.45,17541.38,76674.83
1990,91,45251.66,12495.38,57747.04
1990,92,33563.17,8535.37,42098.54
1990,93,24285.91,5791.72,30077.62
1990,94,17044.54,3850.14,20894.68
1990,95,11486.37,2484.67,13971.04
1990,96,7550.35,1661.67,9212.02
1990,97,4757.33,1076.5,5833.83
1990,98,3043.5,705.0,3748.5
1990,99,1935.33,484.67,2420.0
1990,100,1016.33,230.67,1247.0
1991,18,420367.18,440805.78,861172.96
1991,19,485544.12,508061.29,993605.42
1991,20,528506.21,551386.14,1079892.35
1991,21,563119.72,587824.89,1150944.61
1991,22,611969.13,642183.05,1254152.18
1991,23,642370.38,676580.41,1318950.79
1991,24,662686.69,700731.48,1363418.17
1991,25,675417.72,719791.84,1395209.56
1991,26,684720.97,733420.77,1418141.74
1991,27,692358.88,741768.18,1434127.06
1991,28,682508.05,729543.37,1412051.42
1991,29,667524.85,709131.54,1376656.39
1991,30,654928.61,693486.35,1348414.96
1991,31,636762.26,675379.76,1312142.02
1991,32,614919.39,653460.74,1268380.13
1991,33,591834.12,629205.87,1221039.99
1991,34,582174.12,617510.05,1199684.17
1991,35,570316.56,601994.95,1172311.52
1991,36,562449.53,588053.72,1150503.25
1991,37,555669.05,574342.85,1130011.9
1991,38,553605.92,569387.72,1122993.64
1991,39,552278.7,568006.36,1120285.07
1991,40,549459.02,566055.31,1115514.34
1991,41,546843.05,566868.34,1113711.39
1991,42,520198.8,543405.71,1063604.51
1991,43,477581.98,499656.32,977238.3
1991,44,462535.88,483325.39,945861.27
1991,45,382738.04,397442.07,780180.11
1991,46,439660.67,454254.5,893915.17
1991,47,507677.33,527219.33,1034896.67
1991,48,505858.17,527734.17,1033592.33
1991,49,553696.0,575494.83,1129190.83
1991,50,627931.83,649245.67,1277177.5
1991,51,643564.33,662682.83,1306247.17
1991,52,620579.83,636585.17,1257165.0
1991,53,583501.17,596281.83,1179783.0
1991,54,562686.67,570884.17,1133570.83
1991,55,553078.17,556913.67,1109991.83
1991,56,530506.33,531868.33,1062374.67
1991,57,467800.33,466073.33,933873.67
1991,58,422946.83,416194.17,839141.0
1991,59,431728.83,418827.83,850556.67
1991,60,453583.17,433018.5,886601.67
1991,61,464644.0,436026.67,900670.67
1991,62,462201.5,425901.83,888103.33
1991,63,456072.67,398592.67,854665.33
1991,64,455313.5,359653.83,814967.33
1991,65,468358.5,335304.0,803662.5
1991,66,466332.17,303380.5,769712.67
1991,67,456477.17,276051.0,732528.17
1991,68,463591.67,276575.33,740167.0
1991,69,484240.67,283203.17,767443.83
1991,70,492366.5,276739.83,769106.33
1991,71,424666.33,233193.67,657860.0
1991,72,297170.5,161200.5,458371.0
1991,73,226271.17,120831.33,347102.5
1991,74,229001.5,119703.83,348705.33
1991,75,273821.5,137585.17,411406.67
1991,76,346632.33,168246.83,514879.17
1991,77,378821.83,180266.0,559087.83
1991,78,366579.83,171493.83,538073.67
1991,79,340048.83,154473.5,494522.33
1991,80,315021.46,135715.12,450736.59
1991,81,298236.75,123697.01,421933.77
1991,82,272748.15,109391.0,382139.15
1991,83,241668.99,94546.94,336215.93
1991,84,211225.45,80147.65,291373.09
1991,85,178625.77,66797.84,245423.6
1991,86,149345.7,55224.39,204570.09
1991,87,124053.16,43474.21,167527.37
1991,88,101942.35,33865.78,135808.12
1991,89,82408.53,25988.1,108396.63
1991,90,63011.9,18794.96,81806.86
1991,91,47227.24,13288.03,60515.27
1991,92,35315.96,9270.87,44586.82
1991,93,25612.98,6133.86,31746.84
1991,94,18057.55,4068.05,22125.6
1991,95,12327.53,2629.64,14957.17
1991,96,8065.53,1652.33,9717.86
1991,97,5188.68,1082.33,6271.01
1991,98,3198.49,691.5,3889.99
1991,99,2045.83,456.33,2502.17
1991,100,1176.67,237.67,1414.33
1992,18,402843.08,423010.23,825853.31
1992,19,429926.28,450052.26,879978.54
1992,20,496314.96,520395.94,1016710.9
1992,21,538037.76,564153.4,1102191.16
1992,22,571864.46,603657.45,1175521.91
1992,23,620254.54,657422.6,1277677.14
1992,24,650124.84,691140.91,1341265.76
1992,25,669471.68,714041.09,1383512.77
1992,26,681791.13,732024.09,1413815.23
1992,27,690769.31,744494.09,1435263.4
1992,28,698217.26,751686.43,1449903.7
1992,29,688045.99,738609.44,1426655.43
1992,30,672845.29,718000.63,1390845.92
1992,31,659966.53,701349.8,1361316.33
1992,32,641597.25,683407.5,1325004.75
1992,33,619482.99,660366.67,1279849.66
1992,34,595890.82,635783.6,1231674.43
1992,35,585930.36,623460.68,1209391.04
1992,36,573854.33,607705.84,1181560.17
1992,37,565791.9,593200.3,1158992.2
1992,38,558590.04,579078.18,1137668.22
1992,39,556202.37,573544.28,1129746.64
1992,40,554606.43,571651.81,1126258.25
1992,41,551435.98,569143.76,1120579.75
1992,42,548728.83,569419.69,1118148.52
1992,43,521711.9,545263.15,1066975.05
1992,44,478549.63,500629.96,979179.59
1992,45,463556.0,484030.78,947586.78
1992,46,382720.75,397108.1,779828.85
1992,47,439508.17,453372.0,892880.17
1992,48,507488.0,525985.5,1033473.5
1992,49,505378.17,525745.5,1031123.67
1992,50,553452.67,573315.33,1126768.0
1992,51,627450.0,646195.33,1273645.33
1992,52,643066.83,659328.5,1302395.33
1992,53,619845.17,632855.33,1252700.5
1992,54,582700.33,592345.83,1175046.17
1992,55,561674.0,566555.33,1128229.33
1992,56,551640.83,551934.0,1103574.83
1992,57,529189.83,526716.0,1055905.83
1992,58,466122.0,460710.5,926832.5
1992,59,421230.0,410829.17,832059.17
1992,60,429542.83,412493.0,842035.83
1992,61,451082.33,425907.17,876989.5
1992,62,461804.83,428398.5,890203.33
1992,63,459051.83,417926.33,876978.17
1992,64,452529.5,390309.0,842838.5
1992,65,451337.83,351534.17,802872.0
1992,66,463496.0,327092.33,790588.33
1992,67,461044.67,295277.17,756321.83
1992,68,450411.83,267859.67,718271.5
1992,69,456470.33,267554.0,724024.33
1992,70,475712.83,273024.17,748737.0
1992,71,482351.5,265671.83,748023.33
1992,72,415837.33,223229.67,639067.0
1992,73,289883.67,153418.67,443302.33
1992,74,219773.33,114469.5,334242.83
1992,75,221685.0,112665.0,334350.0
1992,76,263860.33,128649.5,392509.83
1992,77,332789.0,156550.5,489339.5
1992,78,361864.33,166564.0,528428.33
1992,79,347916.83,157070.17,504987.0
1992,80,320596.07,139084.39,459680.46
1992,81,294066.96,121727.62,415794.59
1992,82,275659.09,109454.51,385113.6
1992,83,249552.31,95692.67,345244.98
1992,84,218507.32,81689.27,300196.59
1992,85,188582.11,68198.65,256780.76
1992,86,157267.6,55939.17,213206.77
1992,87,129427.7,45380.22,174807.93
1992,88,105724.83,35126.88,140851.71
1992,89,85344.85,26875.11,112219.96
1992,90,67681.03,20216.43,87897.46
1992,91,50607.06,14278.13,64885.19
1992,92,37200.08,9884.36,47084.44
1992,93,27168.12,6713.2,33881.32
1992,94,19232.15,4338.86,23571.0
1992,95,13182.72,2801.22,15983.94
1992,96,8789.03,1775.97,10565.0
1992,97,5639.53,1109.0,6748.53
1992,98,3519.51,709.0,4228.51
1992,99,2123.33,451.0,2574.33
1992,100,1241.33,234.33,1475.67
1993,18,398126.2,420530.9,818657.11
1993,19,412237.15,431577.12,843814.26
1993,20,439887.86,461129.1,901016.95
1993,21,505524.0,531939.12,1037463.11
1993,22,546565.49,578274.05,1124839.53
1993,23,579774.59,617068.36,1196842.95
1993,24,627497.04,670400.03,1297897.07
1993,25,656492.65,702697.48,1359190.13
1993,26,675330.08,724082.01,1399412.1
1993,27,687439.92,741442.9,1428882.81
1993,28,696011.32,753015.72,1449027.04
1993,29,703351.05,758987.31,1462338.36
1993,30,692984.01,745736.32,1438720.33
1993,31,677487.28,723803.82,1401291.1
1993,32,664569.85,707621.05,1372190.9
1993,33,645890.04,688622.51,1334512.56
1993,34,623570.57,665256.89,1288827.46
1993,35,599665.56,639999.81,1239665.37
1993,36,589399.38,627189.62,1216588.99
1993,37,577086.12,611007.81,1188093.94
1993,38,568865.95,596212.75,1165078.71
1993,39,561254.96,581544.24,1142799.2
1993,40,558622.44,575388.47,1134010.91
1993,41,556523.85,573031.96,1129555.81
1993,42,553255.35,570057.65,1123313.0
1993,43,550196.83,569737.33,1119934.16
1993,44,522811.43,545096.57,1067908.01
1993,45,479360.66,500019.63,979380.29
1993,46,464001.01,483003.24,947004.25
1993,47,382843.44,395812.28,778655.72
1993,48,439241.17,451524.0,890765.17
1993,49,506929.33,523491.5,1030420.83
1993,50,504797.67,522992.83,1027790.5
1993,51,552905.17,570169.67,1123074.83
1993,52,626678.33,642421.67,1269100.0
1993,53,642281.83,655061.0,1297342.83
1993,54,618894.33,628277.67,1247172.0
1993,55,581804.0,587837.5,1169641.5
1993,56,560458.0,561706.5,1122164.5
1993,57,550116.17,546475.83,1096592.0
1993,58,527402.5,520821.33,1048223.83
1993,59,464165.83,454874.33,919040.17
1993,60,419130.0,404626.33,823756.33
1993,61,427121.17,405824.67,832945.83
1993,62,448346.83,418437.5,866784.33
1993,63,458753.17,420340.83,879094.0
1993,64,455636.17,409248.33,864884.5
1993,65,448748.0,381531.83,830279.83
1993,66,446911.33,342945.0,789856.33
1993,67,458376.33,318541.0,776917.33
1993,68,455235.83,286725.5,741961.33
1993,69,443872.83,259330.83,703203.67
1993,70,448950.17,258248.5,707198.67
1993,71,466557.83,262385.67,728943.5
1993,72,471765.83,254175.33,725941.17
1993,73,405514.67,212654.5,618169.17
1993,74,281941.33,145398.33,427339.67
1993,75,212918.5,107814.83,320733.33
1993,76,213855.33,105530.33,319385.67
1993,77,253508.5,119883.33,373391.83
1993,78,318129.83,144849.33,462979.17
1993,79,344048.5,152950.17,496998.67
1993,80,328622.02,141886.45,470508.46
1993,81,299932.57,125125.56,425058.13
1993,82,272486.13,108221.62,380707.75
1993,83,252973.25,96127.51,349100.77
1993,84,226391.15,82901.5,309292.65
1993,85,195800.82,69756.1,265556.93
1993,86,166758.45,57344.98,224103.43
1993,87,136757.1,46240.51,182997.6
1993,88,110642.2,36812.89,147455.09
1993,89,88977.83,27988.21,116966.04
1993,90,70406.51,20929.78,91336.29
1993,91,54465.53,15385.6,69851.13
1993,92,39928.06,10629.29,50557.36
1993,93,28704.24,7166.36,35870.61
1993,94,20496.12,4733.87,25229.99
1993,95,14109.65,2998.69,17108.34
1993,96,9433.39,1886.72,11320.1
1993,97,6136.53,1171.8,7308.33
1993,98,3853.86,733.0,4586.86
1993,99,2330.18,455.17,2785.34
1993,100,1297.66,256.0,1553.66
1994,18,400446.82,422834.09,823280.9
1994,19,405706.88,425197.49,830904.37
1994,20,420189.84,437524.74,857714.59
1994,21,446849.23,467125.57,913974.8
1994,22,511827.31,538266.58,1050093.89
1994,23,552229.63,584352.77,1136582.4
1994,24,584411.22,621997.79,1206409.02
1994,25,631144.41,674567.29,1305711.7
1994,26,659905.85,705896.19,1365802.04
1994,27,678574.76,726541.09,1405115.85
1994,28,690560.44,744172.31,1434732.75
1994,29,698936.09,754641.1,1453577.19
1994,30,706215.26,760732.37,1466947.63
1994,31,695760.21,747064.53,1442824.74
1994,32,680290.65,725172.31,1405462.96
1994,33,667236.69,709062.89,1376299.58
1994,34,648631.92,689492.35,1338124.27
1994,35,626343.85,666051.05,1292394.89
1994,36,602192.39,640322.49,1242514.88
1994,37,591625.22,627251.64,1218876.87
1994,38,579284.78,611036.26,1190321.03
1994,39,570958.38,596113.67,1167072.05
1994,40,563082.28,581049.71,1144131.99
1994,41,559937.98,574724.2,1134662.18
1994,42,557673.58,572077.02,1129750.59
1994,43,554238.49,568834.4,1123072.9
1994,44,550740.25,568109.64,1118849.89
1994,45,523228.04,543276.01,1066504.05
1994,46,479454.78,497922.62,977377.4
1994,47,463789.87,480511.5,944301.37
1994,48,382423.17,393492.1,775915.27
1994,49,438416.33,448494.83,886911.17
1994,50,505809.0,519844.17,1025653.17
1994,51,503584.83,519181.33,1022766.17
1994,52,551743.33,566144.5,1117887.83
1994,53,625479.5,637690.83,1263170.33
1994,54,640869.67,649833.67,1290703.33
1994,55,617624.83,623120.5,1240745.33
1994,56,580508.0,582669.83,1163177.83
1994,57,558965.0,556111.5,1115076.5
1994,58,548281.83,540458.83,1088740.67
1994,59,525148.17,514395.83,1039544.0
1994,60,461635.33,447975.84,909611.17
1994,61,416608.67,397943.67,814552.33
1994,62,424381.83,398676.17,823058.0
1994,63,445232.5,410321.17,855553.67
1994,64,455272.83,411525.67,866798.5
1994,65,451788.5,399875.67,851664.17
1994,66,444437.17,372073.84,816511.0
1994,67,442042.0,333870.5,775912.5
1994,68,452695.83,309492.17,762188.0
1994,69,448662.83,277748.0,726410.84
1994,70,436684.67,250413.17,687097.83
1994,71,440562.17,248415.0,688977.16
1994,72,456550.0,251228.83,707778.83
1994,73,460115.33,242383.5,702498.83
1994,74,394405.17,201789.83,596195.0
1994,75,273352.67,137147.33,410500.0
1994,76,205528.5,101136.67,306665.17
1994,77,205541.33,98475.83,304017.17
1994,78,242436.83,111067.17,353504.0
1994,79,302600.0,133135.0,435735.0
1994,80,325262.36,138213.83,463476.18
1994,81,307829.18,127849.58,435678.77
1994,82,278321.74,111490.53,389812.26
1994,83,250333.63,95253.43,345587.06
1994,84,230005.92,83440.98,313446.9
1994,85,203069.81,70914.3,273984.12
1994,86,173327.32,58608.91,231936.23
1994,87,145414.95,47406.29,192821.24
1994,88,117228.43,37608.82,154837.25
1994,89,93149.37,29352.04,122501.41
1994,90,73459.33,21793.53,95252.86
1994,91,56749.35,15927.1,72676.45
1994,92,43027.2,11461.25,54488.45
1994,93,30891.4,7719.62,38611.01
1994,94,21631.74,5027.36,26659.1
1994,95,15063.79,3256.87,18320.66
1994,96,10116.15,2021.52,12137.67
1994,97,6504.89,1222.22,7727.1
1994,98,4163.2,763.47,4926.67
1994,99,2552.53,473.33,3025.86
1994,100,1450.68,245.83,1696.51
1995,18,411394.84,433171.88,844566.72
1995,19,407686.84,427125.36,834812.2
1995,20,413624.64,430925.31,844549.95
1995,21,427221.76,443244.3,870466.07
1995,22,452927.43,472476.53,925403.96
1995,23,517403.68,543467.38,1060871.05
1995,24,556682.85,588530.79,1145213.64
1995,25,587720.69,625375.87,1213096.56
1995,26,634136.94,676852.5,1310989.43
1995,27,662472.0,707337.26,1369809.27
1995,28,681013.49,727924.39,1408937.88
1995,29,692759.57,744845.22,1437604.79
1995,30,700992.97,755512.19,1456505.16
1995,31,708243.85,761235.39,1469479.25
1995,32,697997.48,747734.24,1445731.72
1995,33,682503.95,725986.22,1408490.18
1995,34,669411.26,709681.86,1379093.12
1995,35,650833.19,690105.49,1340938.67
1995,36,628492.85,666635.79,1295128.65
1995,37,604173.11,640766.34,1244939.44
1995,38,593531.05,627498.53,1221029.58
1995,39,580961.23,611382.62,1192343.85
1995,40,572584.42,596147.09,1168731.51
1995,41,564287.06,580905.86,1145192.92
1995,42,560786.09,574292.74,1135078.83
1995,43,558574.48,571479.16,1130053.64
1995,44,554791.61,567985.07,1122776.67
1995,45,551051.83,566832.46,1117884.28
1995,46,523316.54,541867.08,1065183.62
1995,47,479258.46,496059.38,975317.83
1995,48,463351.85,478235.03,941586.88
1995,49,381795.53,391150.67,772946.21
1995,50,437420.83,445543.33,882964.17
1995,51,504283.0,516165.5,1020448.5
1995,52,502236.67,515313.67,1017550.33
1995,53,550332.67,561847.0,1112179.67
1995,54,623910.67,632640.67,1256551.33
1995,55,639293.67,644393.17,1283686.83
1995,56,616021.17,617578.17,1233599.33
1995,57,578919.83,577070.83,1155990.67
1995,58,557124.33,550217.17,1107341.5
1995,59,546029.33,533983.83,1080013.17
1995,60,522285.0,506906.67,1029191.67
1995,61,458728.0,440637.33,899365.33
1995,62,413750.83,390900.17,804651.0
1995,63,421285.83,390934.0,812219.83
1995,64,441780.5,401650.67,843431.17
1995,65,451350.5,401989.83,853340.33
1995,66,447381.17,390026.5,837407.67
1995,67,439569.17,362190.5,801759.67
1995,68,436623.5,324362.0,760985.5
1995,69,446296.33,299925.67,746222.0
1995,70,441451.5,268287.67,709739.17
1995,71,428815.83,241030.5,669846.33
1995,72,431550.83,238149.17,669700.0
1995,73,445801.17,239810.5,685611.67
1995,74,447716.17,230149.5,677865.67
1995,75,382500.17,190581.5,573081.67
1995,76,264055.5,128854.33,392909.83
1995,77,197728.67,94438.83,292167.5
1995,78,196689.67,91251.83,287941.5
1995,79,230799.17,102266.17,333065.33
1995,80,286187.47,120418.53,406606.01
1995,81,305262.69,124849.97,430112.65
1995,82,286334.02,114207.22,400541.24
1995,83,256422.07,98426.66,354848.73
1995,84,228176.8,82937.23,311114.02
1995,85,206918.42,71653.29,278571.71
1995,86,180092.81,59931.28,240024.09
1995,87,151520.66,48630.38,200151.04
1995,88,125121.45,38710.6,163832.05
1995,89,98996.77,30087.8,129084.56
1995,90,77178.54,22913.19,100091.72
1995,91,59611.0,16606.02,76217.02
1995,92,45000.35,11883.26,56883.6
1995,93,33392.7,8374.41,41767.11
1995,94,23335.73,5471.11,28806.84
1995,95,15934.41,3464.36,19398.77
1995,96,10791.29,2198.54,12989.82
1995,97,7014.98,1332.86,8347.84
1995,98,4431.05,786.88,5217.93
1995,99,2746.86,493.64,3240.5
1995,100,1597.19,256.17,1853.36
1996,18,420288.52,442701.16,862989.69
1996,19,418661.12,437727.99,856389.1
1996,20,415536.36,433335.47,848871.83
1996,21,420673.83,437142.19,857816.02
1996,22,433527.48,449504.78,883032.26
1996,23,458666.73,478482.47,937149.2
1996,24,522298.21,548736.77,1071034.98
1996,25,560389.36,592637.14,1153026.5
1996,26,590801.91,628411.88,1219213.8
1996,27,636688.16,678809.66,1315497.82
1996,28,664696.6,708680.65,1373377.25
1996,29,683108.07,728747.14,1411855.21
1996,30,694584.33,745641.92,1440226.25
1996,31,702803.84,755812.52,1458616.37
1996,32,710164.32,761449.51,1471613.83
1996,33,699968.69,747977.78,1447946.47
1996,34,684407.02,726238.32,1410645.34
1996,35,671146.55,709890.96,1381037.51
1996,36,652497.36,690287.29,1342784.65
1996,37,630203.64,666706.49,1296910.13
1996,38,605735.4,640558.09,1246293.49
1996,39,594728.72,627369.14,1222097.86
1996,40,582189.15,610906.74,1193095.88
1996,41,573693.77,595622.22,1169315.99
1996,42,565027.91,579910.07,1144937.99
1996,43,561384.77,573201.11,1134585.88
1996,44,559025.69,570174.28,1129199.97
1996,45,554951.4,566481.84,1121433.24
1996,46,551078.55,565124.8,1116203.34
1996,47,523170.87,539809.66,1062980.54
1996,48,478776.26,493806.1,972582.36
1996,49,462733.77,475817.77,938551.55
1996,50,381025.96,388618.94,769644.9
1996,51,436140.5,442306.5,878447.0
1996,52,502713.33,512210.5,1014923.83
1996,53,500585.33,511176.17,1011761.5
1996,54,548707.83,557284.0,1105991.83
1996,55,622072.83,627214.67,1249287.5
1996,56,637238.83,638459.5,1275698.33
1996,57,613968.83,611522.67,1225491.5
1996,58,576912.33,571057.33,1147969.67
1996,59,554822.67,543718.33,1098541.0
1996,60,543105.5,526332.67,1069438.17
1996,61,518917.17,498711.83,1017629.0
1996,62,455443.67,432854.67,888298.33
1996,63,410489.33,383228.67,793718.0
1996,64,417787.83,382729.5,800517.33
1996,65,437667.67,392305.0,829972.67
1996,66,446730.67,391970.67,838701.33
1996,67,442379.17,379617.33,821996.5
1996,68,434068.5,351653.0,785721.5
1996,69,430325.67,314268.67,744594.33
1996,70,439140.33,289935.5,729075.83
1996,71,433531.67,258320.0,691851.67
1996,72,420078.0,231092.67,651170.67
1996,73,421460.0,227362.67,648822.67
1996,74,433818.83,227764.67,661583.5
1996,75,434153.33,217415.0,651568.33
1996,76,369513.0,179018.0,548531.0
1996,77,254083.33,120373.33,374456.67
1996,78,189118.67,87521.17,276639.83
1996,79,187214.33,84022.67,271237.0
1996,80,218160.55,92553.75,310714.29
1996,81,268484.14,108725.03,377209.17
1996,82,284114.69,111583.97,395698.65
1996,83,264211.85,100912.55,365124.4
1996,84,234028.41,85826.33,319854.73
1996,85,205553.8,71227.4,276781.19
1996,86,183896.75,60626.29,244523.04
1996,87,157525.31,49774.11,207299.42
1996,88,130399.99,39658.21,170058.2
1996,89,105731.28,30933.44,136664.72
1996,90,81944.43,23431.97,105376.4
1996,91,62533.54,17438.86,79972.39
1996,92,47203.33,12385.02,59588.35
1996,93,34848.35,8588.59,43436.94
1996,94,25148.7,5922.24,31070.94
1996,95,17119.4,3732.95,20852.34
1996,96,11325.74,2297.69,13623.44
1996,97,7480.96,1442.87,8923.82
1996,98,4786.81,862.69,5649.5
1996,99,2934.39,500.05,3434.44
1996,100,1714.86,273.14,1988.0
1997,18,421694.37,443056.73,864751.11
1997,19,426630.84,445828.39,872459.22
1997,20,425375.54,442198.31,867573.85
1997,21,421387.11,437505.18,858892.28
1997,22,426016.74,441616.68,867633.42
1997,23,438057.1,453611.69,891668.79
1997,24,462260.09,481544.29,943804.38
1997,25,524774.19,550474.78,1075248.98
1997,26,562124.24,593512.96,1155637.19
1997,27,592121.91,628076.12,1220198.03
1997,28,637423.69,677813.5,1315237.19
1997,29,665271.87,707091.73,1372363.61
1997,30,683417.08,726898.56,1410315.64
1997,31,694977.86,743451.47,1438429.33
1997,32,703266.57,753518.3,1456784.87
1997,33,710622.48,759184.27,1469806.75
1997,34,700489.1,745686.63,1446175.73
1997,35,684892.78,724261.79,1409154.56
1997,36,671589.03,707965.53,1379554.56
1997,37,653035.37,688150.81,1341186.18
1997,38,630582.88,664611.33,1295194.21
1997,39,606055.45,638473.37,1244528.82
1997,40,595029.88,625269.73,1220299.61
1997,41,582444.66,608558.63,1191003.29
1997,42,573847.88,593137.3,1166985.18
1997,43,564892.04,577349.53,1142241.56
1997,44,561136.28,570365.54,1131501.82
1997,45,558743.99,567515.79,1126259.78
1997,46,554465.39,563681.95,1118147.34
1997,47,550404.75,562096.09,1112500.84
1997,48,522330.61,536732.2,1059062.81
1997,49,477827.82,490835.02,968662.83
1997,50,461556.11,472483.59,934039.7
1997,51,379802.54,385459.63,765262.17
1997,52,434498.33,438550.67,873049.0
1997,53,500683.33,507674.83,1008358.17
1997,54,498486.33,506590.0,1005076.33
1997,55,546583.0,552178.83,1098761.83
1997,56,619574.5,621189.5,1240764.0
1997,57,634591.67,631851.0,1266442.67
1997,58,611414.67,604874.0,1216288.67
1997,59,574245.5,564337.17,1138582.67
1997,60,551637.83,536036.33,1087674.17
1997,61,539544.17,517966.33,1057510.5
1997,62,515114.67,490153.17,1005267.83
1997,63,451616.5,424442.17,876058.67
1997,64,406776.67,375223.0,781999.67
1997,65,413668.33,373874.83,787543.17
1997,66,432963.83,382540.67,815504.5
1997,67,441620.83,381676.33,823297.17
1997,68,436796.83,368577.83,805374.67
1997,69,427762.5,340728.33,768490.83
1997,70,423430.5,303935.17,727365.67
1997,71,431286.5,279502.5,710789.0
1997,72,424723.83,248012.83,672736.67
1997,73,410593.67,220975.5,631569.17
1997,74,410628.5,216394.67,627023.17
1997,75,421159.83,215666.67,636826.5
1997,76,419948.0,204649.83,624597.83
1997,77,355889.83,167539.17,523429.0
1997,78,243544.17,111981.0,355525.17
1997,79,180242.67,80754.83,260997.5
1997,80,177048.17,76254.27,253302.44
1997,81,205069.71,83888.25,288957.96
1997,82,250455.97,97508.37,347964.34
1997,83,262730.86,99024.3,361755.15
1997,84,241905.18,88482.55,330387.74
1997,85,211736.91,74088.0,285824.9
1997,86,183628.63,60567.4,244196.03
1997,87,161761.75,50806.29,212568.04
1997,88,136277.48,40985.94,177263.42
1997,89,110840.82,31904.38,142745.2
1997,90,88072.11,24315.77,112387.88
1997,91,66869.43,18059.47,84928.9
1997,92,49867.04,13119.52,62986.56
1997,93,36694.83,9017.19,45712.02
1997,94,26494.01,6115.26,32609.27
1997,95,18571.7,4076.91,22648.61
1997,96,12298.56,2499.44,14798.01
1997,97,7905.24,1493.86,9399.1
1997,98,5140.46,921.7,6062.16
1997,99,3221.81,542.02,3763.84
1997,100,1864.89,284.38,2149.27
1998,18,439203.94,459446.3,898650.24
1998,19,427095.38,445536.07,872631.45
1998,20,432615.68,449535.59,882151.27
1998,21,430479.61,445308.86,875788.46
1998,22,425949.58,440935.87,866885.45
1998,23,429675.13,444922.8,874597.93
1998,24,440937.18,455943.07,896880.25
1998,25,464011.51,482427.26,946438.77
1998,26,525433.38,549843.18,1075276.56
1998,27,562600.92,591964.26,1154565.19
1998,28,591881.99,625673.2,1217555.19
1998,29,636775.75,674685.4,1311461.15
1998,30,664224.95,703399.15,1367624.1
1998,31,682488.45,722945.41,1405433.86
1998,32,694058.35,739434.23,1433492.58
1998,33,702316.14,749357.15,1451673.29
1998,34,709626.91,755216.14,1464843.05
1998,35,699685.86,741973.21,1441659.06
1998,36,684190.29,720751.2,1404941.49
1998,37,670946.4,704493.63,1375440.03
1998,38,652374.36,684590.69,1336965.05
1998,39,630039.63,661377.42,1291417.05
1998,40,605530.28,635378.44,1240908.72
1998,41,594331.51,621909.0,1216240.5
1998,42,581862.75,605159.87,1187022.62
1998,43,573055.49,589767.72,1162823.21
1998,44,564111.77,573967.26,1138079.03
1998,45,560259.77,567155.53,1127415.3
1998,46,557835.11,564257.73,1122092.83
1998,47,553461.46,560375.81,1113837.27
1998,48,549235.59,558534.12,1107769.71
1998,49,521086.65,533205.22,1054291.87
1998,50,476446.27,487360.62,963806.89
1998,51,459984.58,468804.41,928788.99
1998,52,378246.94,382073.81,760320.76
1998,53,432621.17,434487.5,867108.67
1998,54,498390.0,502980.5,1001370.5
1998,55,496238.83,501718.33,997957.17
1998,56,544056.5,546741.17,1090797.67
1998,57,616686.0,614675.17,1231361.17
1998,58,631580.5,624848.17,1256428.67
1998,59,608411.0,597736.17,1206147.17
1998,60,570890.17,556547.33,1127437.5
1998,61,548084.5,527869.67,1075954.17
1998,62,535659.83,509267.33,1044927.17
1998,63,510887.0,481045.83,991932.83
1998,64,447461.83,415845.83,863307.67
1998,65,402724.0,366704.17,769428.17
1998,66,409143.67,364730.17,773873.83
1998,67,427894.0,372572.5,800466.5
1998,68,435963.0,370824.0,806787.0
1998,69,430597.83,357239.0,787836.83
1998,70,421034.0,329462.5,750496.5
1998,71,415946.67,293137.83,709084.5
1998,72,422645.83,268624.83,691270.67
1998,73,415316.5,237521.67,652838.17
1998,74,400439.83,210688.67,611128.5
1998,75,399097.5,205246.5,604344.0
1998,76,407809.33,203441.33,611250.67
1998,77,404942.67,191850.83,596793.5
1998,78,341453.83,156128.5,497582.33
1998,79,232523.5,103512.83,336036.33
1998,80,170696.79,73475.73,244172.52
1998,81,166765.67,69318.77,236084.44
1998,82,191659.05,75459.08,267118.12
1998,83,231883.81,86815.53,318699.34
1998,84,241040.52,87115.8,328156.32
1998,85,219518.52,76645.22,296163.74
1998,86,189665.57,63210.16,252875.73
1998,87,162201.96,50885.56,213087.53
1998,88,140460.59,41928.45,182389.04
1998,89,116240.65,33141.61,149382.26
1998,90,92736.32,25178.71,117915.04
1998,91,72256.61,18816.77,91073.38
1998,92,53711.77,13595.97,67307.73
1998,93,38955.54,9617.02,48572.56
1998,94,28053.16,6418.02,34471.18
1998,95,19685.85,4230.59,23916.44
1998,96,13475.03,2766.08,16241.11
1998,97,8642.06,1617.95,10260.01
1998,98,5406.41,953.69,6360.1
1998,99,3413.29,579.04,3992.32
1998,100,2049.98,313.19,2363.17
1999,18,452071.37,472251.96,924323.34
1999,19,444946.41,462147.39,907093.8
1999,20,433678.19,449430.82,883109.01
1999,21,438370.76,453320.69,891691.46
1999,22,435876.85,449582.2,885459.05
1999,23,430479.68,444911.84,875391.52
1999,24,433570.92,448272.79,881843.7
1999,25,443800.77,457961.6,901762.37
1999,26,465724.92,483195.59,948920.5
1999,27,526804.41,549627.36,1076431.77
1999,28,563267.98,590753.18,1154021.15
1999,29,592055.68,623519.64,1215575.32
1999,30,636418.14,672065.78,1308483.92
1999,31,663992.49,700554.61,1364547.1
1999,32,681771.4,719853.34,1401624.75
1999,33,693345.47,735971.78,1429317.24
1999,34,701576.74,745931.67,1447508.4
1999,35,709243.17,752086.66,1461329.83
1999,36,699160.22,738804.26,1437964.49
1999,37,683838.58,717953.98,1401792.55
1999,38,670504.89,701658.4,1372163.29
1999,39,652014.47,682145.31,1334159.78
1999,40,629729.75,658989.17,1288718.92
1999,41,605057.58,633004.54,1238062.12
1999,42,593883.44,619292.4,1213175.84
1999,43,581220.38,602447.87,1183668.25
1999,44,572485.47,586992.51,1159477.99
1999,45,563454.29,571430.43,1134884.72
1999,46,559481.38,564463.34,1123944.72
1999,47,557016.45,561502.44,1118518.89
1999,48,552508.37,557424.62,1109932.99
1999,49,548101.11,555270.53,1103371.64
1999,50,519943.61,530056.69,1050000.3
1999,51,475135.75,484088.56,959224.31
1999,52,458528.38,465269.81,923798.19
1999,53,376829.98,378970.06,755800.05
1999,54,430772.83,430697.67,861470.5
1999,55,496205.5,498385.5,994591.0
1999,56,493948.0,496847.17,990795.17
1999,57,541548.33,541312.17,1082860.5
1999,58,613829.0,608226.17,1222055.17
1999,59,628570.17,617785.0,1246355.17
1999,60,605044.5,589848.0,1194892.5
1999,61,567456.33,548508.33,1115964.67
1999,62,544542.17,519532.33,1064074.5
1999,63,531680.0,500443.83,1032123.83
1999,64,506679.67,471901.0,978580.67
1999,65,443261.0,406990.83,850251.83
1999,66,398489.17,358116.17,756605.33
1999,67,404535.17,355594.67,760129.83
1999,68,422522.33,362259.67,784782.0
1999,69,430042.83,359741.33,789784.17
1999,70,424108.17,345627.83,769736.0
1999,71,413911.67,317974.5,731886.17
1999,72,407933.17,282101.17,690034.33
1999,73,413482.83,257581.17,671064.0
1999,74,405327.33,226791.67,632119.0
1999,75,389600.0,200140.17,589740.17
1999,76,386806.0,194038.17,580844.17
1999,77,393707.83,191086.5,584794.33
1999,78,388869.33,179008.67,567878.0
1999,79,326216.67,144636.5,470853.17
1999,80,220667.16,94491.83,315158.99
1999,81,160797.12,66822.57,227619.69
1999,82,155888.0,62445.44,218333.44
1999,83,177647.55,67246.91,244894.46
1999,84,212841.31,76403.53,289244.84
1999,85,218960.19,75647.13,294607.32
1999,86,196715.18,65630.55,262345.74
1999,87,167682.41,53181.16,220863.57
1999,88,141022.29,42031.4,183053.69
1999,89,119978.42,33972.79,153951.21
1999,90,97441.98,26171.28,123613.26
1999,91,76064.16,19443.05,95507.2
1999,92,57987.61,14196.77,72184.38
1999,93,42060.43,10021.63,52082.06
1999,94,29695.87,6847.69,36543.56
1999,95,20829.0,4443.52,25272.52
1999,96,14205.18,2885.93,17091.1
1999,97,9468.03,1766.58,11234.61
1999,98,5909.73,1005.78,6915.51
1999,99,3576.24,589.36,4165.6
1999,100,2172.62,322.87,2495.49
2000,18,450108.25,471491.06,921599.31
2000,19,458433.81,474680.89,933114.7
2000,20,452384.54,465943.29,918327.83
2000,21,440115.42,453008.24,893123.66
2000,22,444966.07,457768.32,902734.38
2000,23,441609.25,453746.75,895355.99
2000,24,435433.48,448660.5,884093.97
2000,25,437417.09,450973.88,888390.97
2000,26,446625.09,459817.05,906442.14
2000,27,468076.04,484050.37,952126.42
2000,28,528450.1,549708.07,1078158.17
2000,29,564410.37,589976.77,1154387.14
2000,30,592755.36,622023.15,1214778.51
2000,31,636880.37,670391.61,1307271.98
2000,32,664039.04,698402.3,1362441.34
2000,33,681742.04,717425.19,1399167.23
2000,34,693387.28,733505.93,1426893.21
2000,35,701751.69,743627.88,1445379.57
2000,36,709351.63,749786.1,1459137.73
2000,37,699308.04,736651.79,1435959.84
2000,38,683893.6,716022.95,1399916.55
2000,39,670612.28,699883.62,1370495.89
2000,40,652204.24,680280.13,1332484.37
2000,41,629821.87,657371.96,1287193.83
2000,42,605096.15,631109.02,1236205.17
2000,43,593701.35,617337.72,1211039.07
2000,44,580990.43,600184.8,1181175.23
2000,45,572246.69,584910.45,1157157.14
2000,46,563028.19,569243.61,1132271.8
2000,47,558874.82,562058.96,1120933.77
2000,48,556354.56,559096.75,1115451.31
2000,49,551710.13,554586.9,1106297.03
2000,50,547257.06,552296.61,1099553.67
2000,51,518824.26,526862.4,1045686.66
2000,52,473921.19,480932.33,954853.52
2000,53,457153.69,461943.17,919096.85
2000,54,375436.27,375856.51,751292.78
2000,55,429017.83,426882.0,855899.83
2000,56,494040.17,493739.0,987779.17
2000,57,491665.67,492057.0,983722.67
2000,58,539033.5,535750.5,1074784.0
2000,59,611006.33,601542.0,1212548.33
2000,60,625191.17,609976.5,1235167.67
2000,61,601565.33,581752.5,1183317.83
2000,62,563988.33,540469.67,1104458.0
2000,63,540912.67,511118.5,1052031.17
2000,64,527595.17,491459.5,1019054.67
2000,65,502262.83,462463.0,964725.83
2000,66,438881.5,397901.83,836783.33
2000,67,394157.67,349375.0,743532.67
2000,68,399705.67,346055.0,745760.67
2000,69,416908.17,351841.17,768749.33
2000,70,423733.0,348415.17,772148.17
2000,71,417276.33,333869.0,751145.33
2000,72,406332.0,306253.0,712585.0
2000,73,399494.0,270939.33,670433.33
2000,74,404064.83,246375.33,650440.17
2000,75,394856.5,215911.83,610768.33
2000,76,378154.17,189804.5,567958.67
2000,77,373925.83,182791.33,556717.17
2000,78,378858.17,178655.33,557513.5
2000,79,372027.67,166159.33,538187.0
2000,80,309864.19,132118.29,441982.49
2000,81,208421.96,86281.47,294703.43
2000,82,150534.94,60293.71,210828.65
2000,83,144803.15,55723.09,200526.23
2000,84,163279.35,59328.56,222607.91
2000,85,193627.77,66599.18,260226.95
2000,86,196950.97,65047.6,261998.57
2000,87,174468.13,55482.02,229950.15
2000,88,146241.35,44223.3,190464.66
2000,89,120795.92,34210.38,155006.29
2000,90,100912.54,26986.27,127898.81
2000,91,80347.11,20293.26,100640.37
2000,92,61251.96,14734.7,75986.66
2000,93,45643.25,10521.76,56165.01
2000,94,32264.74,7219.62,39484.36
2000,95,22192.52,4772.68,26965.2
2000,96,15114.32,3007.52,18121.83
2000,97,10028.33,1840.43,11868.76
2000,98,6468.02,1091.91,7559.93
2000,99,3933.72,619.61,4553.34
2000,100,2315.24,334.36,2649.6
2001,18,447435.01,469637.6,917072.61
2001,19,457114.57,474965.44,932080.01
2001,20,466546.48,479320.7,945867.17
2001,21,459696.01,470241.5,929937.51
2001,22,447577.99,458360.05,905938.04
2001,23,451967.34,463366.69,915334.03
2001,24,447576.77,458907.87,906484.64
2001,25,440084.71,452898.28,892982.98
2001,26,441040.02,454231.57,895271.59
2001,27,449900.62,462138.33,912038.95
2001,28,470470.72,485618.95,956089.67
2001,29,530427.08,550486.64,1080913.72
2001,30,565921.91,589552.36,1155474.27
2001,31,593704.7,621375.9,1215080.6
2001,32,637603.82,669062.95,1306666.77
2001,33,664602.81,696796.4,1361399.21
2001,34,682294.07,715885.2,1398179.27
2001,35,693834.02,731823.39,1425657.41
2001,36,702148.97,741851.04,1444000.01
2001,37,709578.01,747993.87,1457571.88
2001,38,699534.74,734993.57,1434528.3
2001,39,684194.97,714527.91,1398722.88
2001,40,671025.07,698106.24,1369131.32
2001,41,652481.47,678749.6,1331231.07
2001,42,630093.18,655489.65,1285582.84
2001,43,605179.22,629301.31,1234480.53
2001,44,593627.05,615337.45,1208964.5
2001,45,580867.64,598127.12,1178994.76
2001,46,572071.88,582660.91,1154732.79
2001,47,562638.68,566762.44,1129401.12
2001,48,558337.54,559524.01,1117861.56
2001,49,555735.17,556374.71,1112109.89
2001,50,550941.22,551676.63,1102617.85
2001,51,546211.34,549160.36,1095371.7
2001,52,517751.05,523667.55,1041418.6
2001,53,472704.96,477695.05,950400.01
2001,54,455714.0,458502.19,914216.19
2001,55,374061.19,372615.59,746676.79
2001,56,427197.17,422982.17,850179.33
2001,57,491752.17,488955.33,980707.5
2001,58,489298.33,486925.33,976223.67
2001,59,536462.5,529837.83,1066300.33
2001,60,607762.83,594009.33,1201772.17
2001,61,621600.67,601795.5,1223396.17
2001,62,597887.0,573479.67,1171366.67
2001,63,560451.0,532129.33,1092580.33
2001,64,536981.5,502421.67,1039403.17
2001,65,523259.17,482125.0,1005384.17
2001,66,497539.67,452787.0,950326.67
2001,67,434241.17,388702.84,822944.0
2001,68,389575.5,340438.17,730013.67
2001,69,394511.17,336421.5,730932.67
2001,70,410860.0,341056.67,751916.67
2001,71,416983.5,336780.67,753764.17
2001,72,409864.33,321702.17,731566.5
2001,73,398213.5,294445.17,692658.67
2001,74,390573.17,259544.17,650117.34
2001,75,393866.83,234946.5,628813.34
2001,76,383584.83,205001.17,588586.0
2001,77,365908.17,179205.5,545113.67
2001,78,360311.83,171356.17,531668.0
2001,79,363081.0,166357.17,529438.17
2001,80,353365.39,152050.77,505416.15
2001,81,293223.12,121056.05,414279.17
2001,82,195657.9,78201.08,273858.98
2001,83,140090.06,54047.33,194137.39
2001,84,133516.76,49468.04,182984.8
2001,85,148822.45,51984.51,200806.96
2001,86,174547.85,57419.95,231967.8
2001,87,175260.21,55236.37,230496.57
2001,88,152911.53,46319.13,199230.66
2001,89,126011.26,36207.42,162218.68
2001,90,102091.0,27445.49,129536.49
2001,91,83495.3,21085.56,104580.86
2001,92,64985.54,15477.73,80463.27
2001,93,48497.9,10995.85,59493.74
2001,94,35287.87,7663.41,42951.27
2001,95,24307.2,5077.11,29384.31
2001,96,16243.99,3205.01,19449.0
2001,97,10760.96,1973.19,12734.15
2001,98,6893.82,1171.59,8065.41
2001,99,4329.51,676.58,5006.09
2001,100,2574.22,357.61,2931.84
2002,18,437621.97,459403.57,897025.54
2002,19,454901.8,473812.53,928714.33
2002,20,465364.4,480185.35,945549.75
2002,21,474288.04,484340.29,958628.33
2002,22,467354.41,476204.76,943559.17
2002,23,454795.78,464526.03,919321.81
2002,24,458248.41,469165.89,927414.3
2002,25,452481.0,463696.88,916177.88
2002,26,443951.85,456674.71,900626.56
2002,27,444566.25,457147.27,901713.52
2002,28,452735.95,464348.6,917084.55
2002,29,472903.67,486950.84,959854.51
2002,30,532403.9,550754.54,1083158.44
2002,31,567336.82,589429.41,1156766.23
2002,32,594780.6,620737.95,1215518.55
2002,33,638473.88,667797.32,1306271.2
2002,34,665315.41,695303.19,1360618.6
2002,35,682897.0,714388.7,1397285.7
2002,36,694235.95,730181.26,1424417.21
2002,37,702521.43,740187.22,1442708.66
2002,38,709981.95,746300.67,1456282.62
2002,39,699911.75,733390.24,1433302.0
2002,40,684632.84,712825.3,1397458.14
2002,41,671375.13,696453.99,1367829.12
2002,42,652729.06,676854.31,1329583.37
2002,43,630200.21,653662.02,1283862.23
2002,44,605162.61,627363.31,1232525.93
2002,45,593510.6,613067.02,1206577.62
2002,46,580723.51,595631.06,1176354.57
2002,47,571764.6,580018.2,1151782.8
2002,48,562202.16,564126.3,1126328.45
2002,49,557652.96,556686.54,1114339.5
2002,50,554946.59,553413.9,1108360.49
2002,51,549978.13,548535.64,1098513.78
2002,52,545126.64,545733.71,1090860.35
2002,53,516566.87,520240.84,1036807.71
2002,54,471347.23,474357.9,945705.13
2002,55,454169.74,454831.5,909001.24
2002,56,372546.25,369302.42,741848.68
2002,57,425254.0,418813.33,844067.33
2002,58,489333.33,483938.0,973271.33
2002,59,486838.5,481595.17,968433.67
2002,60,533576.0,523260.5,1056836.5
2002,61,604254.67,586190.33,1190445.0
2002,62,617839.17,593346.0,1211185.17
2002,63,594128.0,564749.0,1158877.0
2002,64,556525.5,523385.33,1079910.83
2002,65,532760.83,493230.67,1025991.5
2002,66,518489.17,472442.5,990931.67
2002,67,492453.17,442722.17,935175.33
2002,68,429178.67,379065.5,808244.17
2002,69,384551.0,331207.83,715758.83
2002,70,388953.33,326451.5,715404.83
2002,71,404309.5,329949.17,734258.67
2002,72,409689.0,324747.17,734436.17
2002,73,401852.0,309255.17,711107.17
2002,74,389421.67,282109.33,671531.0
2002,75,380843.0,247822.67,628665.67
2002,76,382875.0,223237.0,606112.0
2002,77,371485.5,193824.33,565309.83
2002,78,352783.67,168301.83,521085.5
2002,79,345619.67,159851.17,505470.83
2002,80,345192.05,152474.7,497666.75
2002,81,334404.84,139511.55,473916.4
2002,82,275453.25,110003.18,385456.43
2002,83,182280.21,70301.88,252582.09
2002,84,129211.2,48019.14,177230.34
2002,85,121781.06,43378.52,165159.58
2002,86,134211.92,44890.65,179102.56
2002,87,155170.97,48843.24,204014.21
2002,88,153644.66,46129.33,199773.99
2002,89,131834.98,38006.1,169841.08
2002,90,106517.39,29180.56,135697.94
2002,91,84352.63,21527.64,105880.26
2002,92,67526.76,16113.37,83640.13
2002,93,51389.67,11597.38,62987.05
2002,94,37399.54,7976.5,45376.04
2002,95,26509.68,5393.9,31903.58
2002,96,17653.18,3407.1,21060.28
2002,97,11476.64,2118.17,13594.82
2002,98,7396.12,1249.69,8645.8
2002,99,4569.14,719.93,5289.07
2002,100,2814.34,397.74,3212.09
2003,18,440237.25,461234.67,901471.92
2003,19,444148.38,462492.48,906640.86
2003,20,462153.0,477837.52,939990.52
2003,21,472094.24,483863.73,955957.97
2003,22,480730.15,488636.78,969366.93
2003,23,473356.23,480881.39,954237.62
2003,24,459988.44,468609.1,928597.55
2003,25,462249.3,472303.22,934552.52
2003,26,455387.22,466013.66,921400.88
2003,27,446627.29,458179.63,904806.92
2003,28,446858.67,457963.82,904822.49
2003,29,454615.69,464540.32,919156.02
2003,30,474312.07,486576.35,960888.42
2003,31,533234.77,549756.31,1082991.08
2003,32,567986.69,588153.6,1156140.29
2003,33,595100.6,618713.4,1213813.99
2003,34,638632.34,665540.75,1304173.09
2003,35,665305.81,692994.4,1358300.21
2003,36,682687.07,711959.33,1394646.39
2003,37,694201.18,727910.68,1422111.86
2003,38,702389.01,737656.08,1440045.09
2003,39,709825.73,743925.45,1453751.17
2003,40,699824.54,731005.18,1430829.72
2003,41,684620.2,710533.4,1395153.59
2003,42,671183.49,694057.4,1365240.89
2003,43,652412.04,674428.5,1326840.54
2003,44,629887.47,651307.21,1281194.69
2003,45,604748.04,624804.1,1229552.15
2003,46,592982.28,610260.46,1203242.74
2003,47,580137.39,592797.68,1172935.07
2003,48,571147.63,577073.61,1148221.24
2003,49,561411.12,561003.23,1122414.35
2003,50,556684.11,553473.87,1110157.98
2003,51,553900.65,550187.27,1104087.91
2003,52,548718.79,545066.6,1093785.39
2003,53,543785.69,541989.05,1085774.73
2003,54,515169.03,516392.15,1031561.17
2003,55,469746.35,470569.0,940315.35
2003,56,452427.39,450932.44,903359.84
2003,57,370873.24,365721.17,736594.4
2003,58,423053.5,414399.49,837452.99
2003,59,486727.67,478523.5,965251.17
2003,60,483928.84,475615.0,959543.84
2003,61,530383.83,516392.32,1046776.15
2003,62,600493.33,577964.83,1178458.16
2003,63,613772.34,584237.17,1198009.5
2003,64,589929.17,555570.17,1145499.34
2003,65,552205.84,514032.67,1066238.5
2003,66,528080.83,483486.67,1011567.5
2003,67,513339.5,462174.83,975514.33
2003,68,486896.0,431894.01,918790.0
2003,69,423674.01,368967.35,792641.36
2003,70,379160.66,321583.33,700743.99
2003,71,382736.33,315993.16,698729.5
2003,72,397213.5,318281.82,715495.32
2003,73,401685.83,312115.34,713801.17
2003,74,393023.16,296167.83,689190.99
2003,75,379623.5,269151.68,648775.18
2003,76,370565.0,235632.01,606197.0
2003,77,370900.0,211100.68,582000.67
2003,78,358306.66,182208.19,540514.85
2003,79,338494.5,157094.83,495589.33
2003,80,328909.45,146488.0,475397.45
2003,81,326537.36,139943.84,466481.2
2003,82,313964.89,126840.34,440805.23
2003,83,256369.25,98793.98,355163.23
2003,84,168013.76,62341.72,230355.48
2003,85,117635.48,42025.89,159661.37
2003,86,109668.67,37435.78,147104.45
2003,87,119094.11,38129.55,157223.66
2003,88,135512.45,40689.39,176201.84
2003,89,132054.8,37707.4,169762.2
2003,90,110990.15,30441.23,141431.38
2003,91,87716.48,22762.92,110479.4
2003,92,67905.5,16296.93,84202.44
2003,93,53122.9,11942.08,65064.98
2003,94,39390.09,8362.65,47752.75
2003,95,27901.07,5614.17,33515.24
2003,96,19057.31,3683.28,22740.59
2003,97,12331.09,2234.35,14565.44
2003,98,7778.3,1329.79,9108.09
2003,99,4828.33,763.82,5592.15
2003,100,2915.4,433.41,3348.8
2004,18,445523.65,465703.8,911227.44
2004,19,445907.71,463770.26,909677.97
2004,20,450699.02,465658.97,916357.99
2004,21,468041.01,480913.73,948954.74
2004,22,477745.71,487315.46,965061.17
2004,23,486123.09,492448.55,978571.64
2004,24,477835.95,484158.12,961994.07
2004,25,463412.57,471014.55,934427.12
2004,26,464605.38,474069.53,938674.91
2004,27,457510.12,467072.95,924583.07
2004,28,448473.32,458532.97,907006.29
2004,29,448359.78,457614.19,905973.97
2004,30,455715.05,464017.95,919733.0
2004,31,474854.36,485286.72,960141.08
2004,32,533592.2,548255.94,1081848.14
2004,33,567976.38,586172.98,1154149.35
2004,34,594967.92,616466.17,1211434.09
2004,35,638270.85,663113.35,1301384.2
2004,36,664533.61,690383.64,1354917.25
2004,37,682237.38,709442.89,1391680.26
2004,38,693734.73,725244.97,1418979.69
2004,39,701905.34,735120.09,1437025.43
2004,40,709353.73,741442.85,1450796.58
2004,41,699526.98,728450.95,1427977.93
2004,42,684242.94,708027.9,1392270.85
2004,43,670730.91,691587.61,1362318.52
2004,44,651835.04,671998.57,1323833.61
2004,45,629346.95,649119.54,1278466.49
2004,46,604084.47,622288.61,1226373.08
2004,47,592171.74,607593.48,1199765.23
2004,48,579289.08,590065.25,1169354.33
2004,49,570268.84,574117.79,1144386.63
2004,50,560388.62,557699.37,1118087.99
2004,51,555507.9,550386.91,1105894.81
2004,52,552563.35,546862.01,1099425.35
2004,53,547235.07,541389.4,1088624.47
2004,54,542203.5,537973.93,1080177.43
2004,55,513476.84,512417.35,1025894.19
2004,56,467972.23,466732.86,934705.09
2004,57,450428.1,446766.62,897194.73
2004,58,369021.8,361906.36,730928.16
2004,59,420691.67,409789.83,830481.49
2004,60,483725.84,472601.67,956327.5
2004,61,480857.67,469301.17,950158.84
2004,62,526976.33,509158.16,1036134.49
2004,63,596445.5,569230.5,1165676.0
2004,64,609408.0,574779.67,1184187.67
2004,65,585403.34,545726.01,1131129.34
2004,66,547502.33,504076.51,1051578.84
2004,67,522991.0,473386.5,996377.5
2004,68,507862.67,451409.67,959272.34
2004,69,480905.84,420939.34,901845.17
2004,70,417864.34,358612.68,776477.02
2004,71,373274.17,311713.66,684987.83
2004,72,376194.0,305289.83,681483.83
2004,73,389601.0,306318.33,695919.33
2004,74,393230.34,299389.83,692620.17
2004,75,383638.83,282793.34,666432.16
2004,76,369695.0,256133.35,625828.35
2004,77,359270.66,223217.35,582488.01
2004,78,358241.16,198879.34,557120.5
2004,79,344265.17,170565.35,514830.52
2004,80,322466.16,144374.74,466840.9
2004,81,312047.49,134860.0,446907.49
2004,82,307393.55,127727.1,435120.65
2004,83,292936.08,114419.76,407355.85
2004,84,237113.77,88122.46,325236.24
2004,85,153714.69,55030.96,208745.65
2004,86,106128.13,36483.5,142611.63
2004,87,97645.61,31921.23,129566.84
2004,88,104302.13,31975.41,136277.54
2004,89,116960.15,33496.95,150457.11
2004,90,111881.04,30451.3,142332.34
2004,91,92012.17,23977.24,115989.41
2004,92,70977.52,17451.41,88428.93
2004,93,53726.77,12132.07,65858.84
2004,94,41075.86,8755.67,49831.53
2004,95,29663.58,5937.17,35600.75
2004,96,20382.57,3899.78,24282.36
2004,97,13496.16,2446.46,15942.61
2004,98,8495.59,1430.08,9925.67
2004,99,5166.91,827.06,5993.96
2004,100,3109.01,454.45,3563.46
2005,18,459216.96,481252.27,940469.22
2005,19,450484.05,467587.32,918071.38
2005,20,451876.74,466422.22,918298.95
2005,21,456060.82,468411.43,924472.24
2005,22,473414.04,484110.09,957524.13
2005,23,482839.21,490672.48,973511.69
2005,24,490111.51,495246.06,985357.57
2005,25,480839.22,486075.54,966914.76
2005,26,465353.96,472236.44,937590.4
2005,27,466287.95,474765.81,941053.76
2005,28,458877.43,467263.6,926141.03
2005,29,449641.73,458068.22,907709.95
2005,30,449260.21,457015.47,906275.68
2005,31,456218.34,462919.44,919137.78
2005,32,475100.55,484097.26,959197.81
2005,33,533540.98,546593.19,1080134.18
2005,34,567663.98,584209.41,1151873.38
2005,35,594426.64,614070.11,1208496.75
2005,36,637282.93,660656.5,1297939.43
2005,37,663778.96,687690.65,1351469.61
2005,38,681575.67,706966.78,1388542.44
2005,39,693140.29,722719.48,1415859.76
2005,40,701206.91,732716.19,1433923.1
2005,41,708772.48,738811.07,1447583.56
2005,42,698895.86,725932.97,1424828.83
2005,43,683612.09,705707.48,1389319.57
2005,44,669965.37,689188.92,1359154.29
2005,45,651063.1,669720.3,1320783.4
2005,46,628559.91,646678.31,1275238.23
2005,47,603147.27,619746.22,1222893.49
2005,48,591182.25,604978.07,1196160.32
2005,49,578296.3,587236.84,1165533.14
2005,50,569174.54,570853.87,1140028.41
2005,51,559108.29,554628.76,1113737.06
2005,52,554054.92,546996.93,1101051.85
2005,53,550953.81,543261.21,1094215.02
2005,54,545466.7,537428.17,1082894.87
2005,55,540293.87,533731.82,1074025.7
2005,56,511429.06,508132.78,1019561.84
2005,57,465870.0,462443.66,928313.66
2005,58,448252.14,442345.26,890597.4
2005,59,366914.02,357959.73,724873.76
2005,60,417967.33,404608.66,822575.99
2005,61,480458.5,466411.67,946870.17
2005,62,477478.67,462664.33,940143.0
2005,63,523227.0,501465.49,1024692.48
2005,64,592037.16,560062.83,1152099.99
2005,65,604622.83,564504.5,1169127.33
2005,66,580427.0,535339.67,1115766.67
2005,67,542273.33,493907.0,1036180.33
2005,68,517511.67,462819.67,980331.33
2005,69,501794.0,440403.0,942197.0
2005,70,474463.67,409487.84,883951.5
2005,71,411567.67,347953.01,759520.68
2005,72,367429.33,301774.17,669203.5
2005,73,369135.17,294358.49,663493.66
2005,74,382060.66,294540.33,676600.99
2005,75,384177.67,286302.67,670480.33
2005,76,373602.33,269158.0,642760.33
2005,77,358691.67,242786.01,601477.68
2005,78,347381.82,210523.01,557904.83
2005,79,344515.33,186507.5,531022.83
2005,80,328334.17,157302.17,485636.35
2005,81,306569.54,133309.08,439878.61
2005,82,294357.05,123328.29,417685.34
2005,83,287492.28,115530.67,403022.94
2005,84,271363.02,102279.85,373642.86
2005,85,217239.66,77840.9,295080.56
2005,86,139080.65,47897.23,186977.88
2005,87,94746.18,31260.78,126006.97
2005,88,85866.14,26943.36,112809.5
2005,89,90208.81,26479.99,116688.81
2005,90,99375.88,27224.12,126599.99
2005,91,93216.68,24155.48,117372.16
2005,92,74806.43,18558.67,93365.1
2005,93,56402.83,13122.13,69524.96
2005,94,41831.64,8962.41,50794.05
2005,95,31008.7,6206.91,37215.61
2005,96,21863.1,4083.49,25946.58
2005,97,14523.26,2613.98,17137.24
2005,98,9294.48,1574.53,10869.01
2005,99,5688.86,893.7,6582.56
2005,100,3354.09,499.86,3853.95
2006,18,465801.68,488952.72,954754.4
2006,19,463225.21,482613.84,945839.05
2006,20,455521.68,469701.03,925222.7
2006,21,456619.62,468771.06,925390.68
2006,22,460558.07,471006.93,931564.99
2006,23,477431.37,487059.66,964491.03
2006,24,485832.01,492938.36,978770.37
2006,25,491989.54,496429.03,988418.57
2006,26,481859.84,486458.11,968317.94
2006,27,466132.35,472158.66,938291.01
2006,28,466767.94,474271.48,941039.42
2006,29,459190.3,466392.85,925583.15
2006,30,449816.93,456871.84,906688.77
2006,31,449135.73,455675.28,904811.0
2006,32,455986.74,461436.46,917423.21
2006,33,474770.5,482267.07,957037.57
2006,34,532803.94,544580.08,1077384.02
2006,35,566734.6,581583.76,1148318.35
2006,36,593275.77,611290.66,1204566.42
2006,37,636094.9,657610.09,1293704.99
2006,38,662545.99,684894.95,1347440.94
2006,39,680430.41,704126.17,1384556.58
2006,40,691999.34,719872.78,1411872.12
2006,41,700136.05,729711.17,1429847.22
2006,42,707658.48,735876.38,1443534.86
2006,43,697784.06,723164.7,1420948.76
2006,44,682447.91,702990.66,1385438.57
2006,45,668759.18,686397.31,1355156.49
2006,46,649820.2,666788.37,1316608.57
2006,47,627435.88,643857.86,1271293.74
2006,48,601904.71,616724.63,1218629.34
2006,49,589850.04,601773.88,1191623.93
2006,50,576841.54,583875.26,1160716.8
2006,51,567636.61,567422.98,1135059.58
2006,52,557475.8,550881.67,1108357.47
2006,53,552226.57,543142.71,1095369.28
2006,54,548954.76,539175.99,1088130.75
2006,55,543328.85,533091.57,1076420.42
2006,56,537970.55,529071.98,1067042.53
2006,57,509003.05,503450.96,1012454.02
2006,58,463498.17,457834.25,921332.42
2006,59,445726.66,437500.44,883227.1
2006,60,364475.89,353325.32,717801.2
2006,61,414880.83,399089.16,813970.0
2006,62,476932.33,459908.83,936841.17
2006,63,473896.0,455616.5,929512.5
2006,64,519175.67,493416.66,1012592.32
2006,65,587218.33,550155.5,1137373.83
2006,66,599442.17,553840.67,1153282.84
2006,67,574987.5,524748.01,1099735.5
2006,68,536662.67,483249.34,1019912.0
2006,69,511516.33,451805.34,963321.67
2006,70,495291.0,428929.68,924220.68
2006,71,467568.34,397762.51,865330.84
2006,72,405711.84,337374.85,743086.68
2006,73,360631.17,291352.17,651983.33
2006,74,362106.83,283403.17,645510.0
2006,75,373251.5,282030.33,655281.83
2006,76,374296.67,272886.17,647182.84
2006,77,362919.67,255471.5,618391.17
2006,78,346963.34,229097.67,576061.01
2006,79,334303.16,197627.51,531930.67
2006,80,328620.93,172444.44,501065.37
2006,81,312409.95,145693.14,458103.09
2006,82,289509.57,122166.92,411676.49
2006,83,275558.14,111875.61,387433.75
2006,84,266745.41,103459.1,370204.51
2006,85,248968.87,90507.14,339476.02
2006,86,196744.02,68037.04,264781.06
2006,87,124459.06,41309.98,165769.04
2006,88,83413.59,26406.35,109819.94
2006,89,74309.69,22318.11,96627.8
2006,90,76625.37,21515.38,98140.75
2006,91,82776.07,21623.28,104399.35
2006,92,76057.52,18748.48,94806.01
2006,93,59630.75,14080.43,73711.18
2006,94,43979.01,9697.17,53676.18
2006,95,31634.29,6404.36,38038.65
2006,96,22849.32,4271.08,27120.4
2006,97,15686.68,2770.37,18457.05
2006,98,10058.12,1674.74,11732.86
2006,99,6254.11,970.15,7224.26
2006,100,3727.24,536.67,4263.9
2007,18,463145.01,484535.15,947680.17
2007,19,469249.3,490681.18,959930.48
2007,20,467933.27,484983.49,952916.76
2007,21,459716.02,472117.1,931833.12
2007,22,460396.08,471233.02,931629.1
2007,23,463705.32,473676.75,937382.07
2007,24,479729.41,489202.81,968932.23
2007,25,486978.46,494041.38,981019.84
2007,26,492362.95,496535.4,988898.35
2007,27,481923.44,485972.19,967895.64
2007,28,466056.3,471392.13,937448.43
2007,29,466535.45,473054.74,939590.19
2007,30,458762.49,464862.25,923624.74
2007,31,449280.65,455305.18,904585.83
2007,32,448640.49,453927.44,902567.93
2007,33,455598.21,459686.24,915284.46
2007,34,473979.56,480340.22,954319.78
2007,35,531889.43,542233.09,1074122.52
2007,36,565634.83,578971.55,1144606.38
2007,37,592083.12,608259.31,1200342.43
2007,38,634783.53,654817.98,1289601.51
2007,39,661157.45,681976.25,1343133.69
2007,40,679205.22,701331.53,1380536.75
2007,41,690784.09,716847.36,1407631.45
2007,42,698892.52,726586.99,1425479.51
2007,43,706470.96,732862.77,1439333.72
2007,44,696466.71,720065.32,1416532.03
2007,45,681123.3,699945.82,1381069.12
2007,46,667365.48,683221.1,1350586.58
2007,47,648517.25,663640.04,1312157.29
2007,48,626066.08,640710.14,1266776.22
2007,49,600463.3,613316.16,1213779.46
2007,50,588245.64,598259.54,1186505.18
2007,51,575211.66,580308.85,1155520.51
2007,52,565935.64,563486.89,1129422.53
2007,53,555662.34,546824.43,1102486.77
2007,54,550192.24,538961.89,1089154.13
2007,55,546786.72,534814.08,1081600.81
2007,56,540956.69,528392.88,1069349.57
2007,57,535347.45,524217.04,1059564.5
2007,58,506390.66,498564.75,1004955.42
2007,59,460908.69,452839.64,913748.33
2007,60,442841.85,432054.5,874896.35
2007,61,361730.04,348419.73,710149.76
2007,62,411814.16,393411.0,805225.16
2007,63,473376.17,452943.5,926319.67
2007,64,470144.83,448281.17,918426.0
2007,65,514775.66,484650.49,999426.15
2007,66,582120.83,539853.17,1121974.0
2007,67,593867.5,542909.51,1136777.01
2007,68,569187.67,513836.5,1083024.17
2007,69,530634.34,472174.84,1002809.18
2007,70,505103.5,440432.67,945536.17
2007,71,488359.67,417063.5,905423.17
2007,72,460674.84,385895.67,846570.51
2007,73,398467.34,326014.51,724481.85
2007,74,353423.34,280404.17,633827.5
2007,75,353975.67,271647.0,625622.67
2007,76,363817.17,269197.83,633015.0
2007,77,363985.0,259410.67,623395.67
2007,78,351214.5,241369.17,592583.67
2007,79,334318.34,215263.01,549581.35
2007,80,318940.54,183137.73,502078.27
2007,81,312976.36,159880.76,472857.11
2007,82,295435.11,133771.01,429206.11
2007,83,271512.16,111224.03,382736.19
2007,84,256130.82,100572.35,356703.16
2007,85,245367.95,91984.49,337352.45
2007,86,226031.13,79280.73,305311.86
2007,87,176290.56,58755.62,235046.18
2007,88,109896.5,35054.8,144951.3
2007,89,72386.65,21983.65,94370.3
2007,90,63341.26,18198.11,81539.38
2007,91,64029.86,17135.35,81165.22
2007,92,67755.39,16807.21,84562.59
2007,93,60940.8,14325.29,75266.09
2007,94,46567.0,10432.64,56999.64
2007,95,33449.44,6948.62,40398.06
2007,96,23450.21,4434.7,27884.92
2007,97,16431.03,2910.8,19341.83
2007,98,10988.52,1802.8,12791.32
2007,99,6797.41,1050.85,7848.26
2007,100,4106.3,583.12,4689.42
2008,18,459790.24,480989.6,940779.84
2008,19,466301.92,486828.62,953130.54
2008,20,473856.7,493669.14,967525.84
2008,21,471822.01,487779.57,959601.58
2008,22,463000.7,474839.67,937840.37
2008,23,463082.1,473963.77,937045.87
2008,24,465753.62,475760.62,941514.25
2008,25,480794.18,490444.52,971238.7
2008,26,487309.71,494436.57,981746.28
2008,27,492278.14,496157.0,988435.13
2008,28,481742.09,485145.48,966887.57
2008,29,465867.03,470071.62,935938.65
2008,30,465975.61,471428.39,937404.0
2008,31,458315.91,463228.44,921544.35
2008,32,448842.15,453374.48,902216.63
2008,33,448331.78,452222.62,900554.41
2008,34,455122.69,457968.81,913091.5
2008,35,473465.65,478514.77,951980.42
2008,36,531076.22,539889.83,1070966.04
2008,37,564622.7,576153.57,1140776.27
2008,38,591039.13,605396.9,1196436.03
2008,39,633577.51,652015.46,1285592.97
2008,40,660062.05,679182.09,1339244.13
2008,41,678156.41,698687.74,1376844.15
2008,42,689535.27,713810.18,1403345.45
2008,43,697672.05,723308.06,1420980.11
2008,44,705261.72,729570.09,1434831.81
2008,45,695212.3,716801.39,1412013.69
2008,46,679850.18,696726.74,1376576.92
2008,47,666010.79,679841.39,1345852.18
2008,48,647068.91,660205.55,1307274.45
2008,49,624721.72,637283.93,1262005.65
2008,50,598908.42,609762.16,1208670.58
2008,51,586707.76,594524.75,1181232.51
2008,52,573490.42,576339.68,1149830.1
2008,53,564164.14,559373.99,1123538.13
2008,54,553789.24,542661.57,1096450.8
2008,55,548156.08,534574.32,1082730.39
2008,56,544548.92,530163.4,1074712.33
2008,57,538411.04,523517.98,1061929.02
2008,58,532657.59,519120.67,1051778.26
2008,59,503684.14,493288.34,996972.48
2008,60,458045.25,447352.24,905397.48
2008,61,439760.45,426273.38,866033.84
2008,62,359069.79,343382.44,702452.23
2008,63,408662.33,387390.16,796052.49
2008,64,469619.0,445774.83,915393.84
2008,65,466102.67,440281.84,906384.5
2008,66,510213.66,475632.32,985845.98
2008,67,576603.33,529326.33,1105929.66
2008,68,587806.5,531741.67,1119548.17
2008,69,562836.17,502349.01,1065185.17
2008,70,524096.5,460721.84,984818.34
2008,71,498237.17,428681.17,926918.33
2008,72,480797.5,404852.67,885650.17
2008,73,452680.0,373303.34,825983.34
2008,74,390682.18,314114.85,704797.03
2008,75,345642.17,269053.33,614695.5
2008,76,345077.5,259580.0,604657.5
2008,77,353580.33,255944.66,609524.98
2008,78,352316.83,245161.67,597478.5
2008,79,338517.5,226735.0,565252.5
2008,80,319076.85,199975.87,519052.72
2008,81,303888.07,169749.98,473638.04
2008,82,296020.55,146937.38,442957.92
2008,83,277262.02,121883.21,399145.23
2008,84,252543.5,100145.33,352688.83
2008,85,235695.03,89516.65,325211.68
2008,86,222898.65,80512.59,303411.24
2008,87,202359.73,68301.37,270661.11
2008,88,155391.74,49921.62,205313.36
2008,89,95229.2,29229.91,124459.11
2008,90,61583.85,17907.43,79491.28
2008,91,52880.66,14487.76,67368.43
2008,92,52176.97,13278.16,65455.13
2008,93,53984.49,12717.67,66702.16
2008,94,47339.76,10581.27,57921.03
2008,95,35143.66,7409.02,42552.68
2008,96,24651.83,4780.25,29432.07
2008,97,16756.61,2980.24,19736.85
2008,98,11355.92,1899.21,13255.13
2008,99,7382.38,1137.08,8519.46
2008,100,4402.21,623.65,5025.85
2009,18,444168.9,465402.99,909571.88
2009,19,462837.67,483539.72,946377.39
2009,20,470789.95,490101.11,960891.06
2009,21,477675.45,496806.36,974481.82
2009,22,475013.9,490803.14,965817.05
2009,23,465572.17,477763.02,943335.19
2009,24,465294.72,476181.32,941476.04
2009,25,467116.9,477269.98,944386.88
2009,26,481402.94,491124.55,972527.49
2009,27,487486.17,494503.97,981990.14
2009,28,492362.53,495516.22,987878.75
2009,29,481693.42,484191.05,965884.47
2009,30,465561.79,468903.84,934465.62
2009,31,465743.1,470127.84,935870.94
2009,32,458036.84,461596.18,919633.03
2009,33,448573.65,451871.86,900445.51
2009,34,448143.34,450875.72,899019.05
2009,35,454864.49,456687.41,911551.91
2009,36,473013.73,476822.57,949836.3
2009,37,530240.81,537549.44,1067790.25
2009,38,563670.54,573438.51,1137109.05
2009,39,590011.89,602800.11,1192812.0
2009,40,632540.69,649245.5,1281786.19
2009,41,659139.34,676699.57,1335838.91
2009,42,676962.0,695906.0,1372868.0
2009,43,688314.01,710682.57,1398996.58
2009,44,696473.25,719991.59,1416464.84
2009,45,704038.39,726316.24,1430354.64
2009,46,693984.61,713519.78,1407504.39
2009,47,678521.39,693356.7,1371878.09
2009,48,664612.94,676248.61,1340861.55
2009,49,645593.78,656713.73,1302307.51
2009,50,623243.57,633809.51,1257053.08
2009,51,597387.67,605998.07,1203385.74
2009,52,584995.84,590498.83,1175494.67
2009,53,571760.57,572213.81,1143974.38
2009,54,562259.71,555235.11,1117494.82
2009,55,551799.56,538261.64,1090061.2
2009,56,546015.53,529936.98,1075952.51
2009,57,542093.84,525266.39,1067360.23
2009,58,535679.76,518348.34,1054028.1
2009,59,529812.71,513601.86,1043414.57
2009,60,500581.54,487338.11,987919.65
2009,61,454959.53,441445.53,896405.07
2009,62,436603.82,420338.24,856942.06
2009,63,356323.4,338235.54,694558.93
2009,64,405261.49,381203.81,786465.3
2009,65,465533.66,437992.67,903526.33
2009,66,461743.67,432208.17,893951.84
2009,67,505274.98,466552.12,971827.1
2009,68,570653.49,518452.65,1089106.13
2009,69,581282.5,519921.5,1101204.0
2009,70,556036.0,490300.35,1046336.35
2009,71,517154.34,448817.83,965972.17
2009,72,490789.99,416457.33,907247.32
2009,73,472659.0,392007.34,864666.33
2009,74,443993.5,360071.0,804064.5
2009,75,382273.68,301782.21,684055.89
2009,76,337073.67,257390.33,594463.99
2009,77,335493.15,247069.82,582562.97
2009,78,342325.97,242052.97,584378.94
2009,79,339633.65,230499.99,570133.65
2009,80,323444.59,211352.31,534796.9
2009,81,304142.29,185403.28,489545.56
2009,82,287541.27,156009.37,443550.63
2009,83,277776.38,133873.24,411649.62
2009,84,257786.38,109891.6,367677.97
2009,85,232218.51,89019.58,321238.09
2009,86,213972.67,78434.45,292407.12
2009,87,199377.32,69472.89,268850.2
2009,88,178054.73,57999.14,236053.87
2009,89,134622.0,41550.69,176172.68
2009,90,80886.75,23831.23,104717.98
2009,91,51230.54,14199.67,65430.22
2009,92,43018.33,11188.93,54207.26
2009,93,41345.87,9973.02,51318.89
2009,94,41750.32,9387.02,51137.34
2009,95,35602.22,7522.15,43124.37
2009,96,25695.89,5074.89,30770.77
2009,97,17535.96,3175.93,20711.89
2009,98,11512.97,1922.37,13435.34
2009,99,7584.38,1183.75,8768.13
2009,100,4742.71,659.15,5401.86
2010,18,410989.18,430154.96,841144.13
2010,19,447732.72,468449.33,916182.05
2010,20,467827.01,487352.64,955179.65
2010,21,475354.4,493958.7,969313.1
2010,22,481420.86,500523.31,981944.16
2010,23,478452.93,494793.92,973246.86
2010,24,468646.03,481152.28,949798.31
2010,25,467463.45,479049.01,946512.46
2010,26,468611.96,479304.24,947916.2
2010,27,482443.7,492344.64,974788.34
2010,28,488350.4,495224.33,983574.73
2010,29,492813.97,495939.12,988753.09
2010,30,482052.55,484362.47,966415.02
2010,31,465840.25,469060.76,934901.01
2010,32,466101.0,469816.04,935917.04
2010,33,458323.99,461321.95,919645.94
2010,34,448917.46,451504.67,900422.13
2010,35,448296.88,450551.37,898848.25
2010,36,454870.05,456373.11,911243.15
2010,37,472704.16,475697.02,948401.18
2010,38,529665.22,536167.92,1065833.13
2010,39,563175.11,571881.4,1135056.51
2010,40,589380.21,600947.27,1190327.49
2010,41,631918.9,647450.74,1279369.64
2010,42,658285.34,674586.53,1332871.87
2010,43,676198.43,693773.55,1369971.98
2010,44,687380.87,708236.93,1395617.8
2010,45,695512.3,717331.72,1412844.02
2010,46,703140.21,723615.14,1426755.35
2010,47,692792.16,710559.28,1403351.44
2010,48,677353.05,690269.54,1367622.59
2010,49,663165.85,673088.55,1336254.4
2010,50,644169.9,653495.07,1297664.97
2010,51,621792.02,630399.85,1252191.87
2010,52,595800.21,602298.16,1198098.37
2010,53,583241.43,586638.96,1169880.39
2010,54,569799.3,568197.69,1137996.99
2010,55,560253.37,550901.58,1111154.95
2010,56,549711.85,533846.73,1083558.58
2010,57,543670.43,525114.27,1068784.71
2010,58,539505.15,520177.36,1059682.51
2010,59,532911.74,512952.46,1045864.2
2010,60,526654.67,507596.76,1034251.43
2010,61,497413.0,481194.35,978607.35
2010,62,451766.4,435589.18,887355.58
2010,63,433425.53,414294.81,847720.33
2010,64,353362.74,332777.76,686140.5
2010,65,401599.16,374470.66,776069.82
2010,66,461204.17,430138.17,891342.34
2010,67,457239.84,423968.67,881208.51
2010,68,500050.66,457062.3,957112.96
2010,69,564363.66,507105.82,1071469.48
2010,70,574407.67,507545.51,1081953.19
2010,71,548913.0,477910.35,1026823.35
2010,72,509722.17,436354.18,946076.35
2010,73,482827.67,403779.84,886607.5
2010,74,463909.0,378621.17,842530.18
2010,75,434728.0,346454.68,781182.68
2010,76,373004.35,289155.87,662160.21
2010,77,327849.66,245384.84,573234.5
2010,78,324974.83,234127.33,559102.16
2010,79,330155.66,227901.98,558057.64
2010,80,324042.03,215077.72,539119.75
2010,81,308669.21,196348.06,505017.27
2010,82,288223.13,170701.59,458924.71
2010,83,270212.42,142492.27,412704.69
2010,84,258595.07,120917.11,379512.18
2010,85,237492.11,97913.7,335405.81
2010,86,211317.75,78319.64,289637.39
2010,87,191861.61,67833.52,259695.13
2010,88,176073.99,59103.71,235177.7
2010,89,154686.29,48456.34,203142.63
2010,90,114849.98,34086.92,148936.91
2010,91,67583.38,19041.6,86624.98
2010,92,41779.62,11003.38,52782.99
2010,93,34204.86,8431.08,42635.93
2010,94,32064.45,7364.53,39428.98
2010,95,31602.02,6681.68,38283.69
2010,96,26196.49,5207.91,31404.41
2010,97,18305.8,3413.98,21719.78
2010,98,12174.03,2050.17,14224.2
2010,99,7781.26,1204.37,8985.63
2010,100,4918.58,691.63,5610.22
2011,18,402552.52,422508.55,825061.07
2011,19,415388.7,434277.76,849666.45
2011,20,453734.41,473642.67,927377.08
2011,21,473525.51,492812.84,966338.35
2011,22,480178.67,499446.65,979625.32
2011,23,486652.51,506713.98,993366.49
2011,24,483077.15,500632.95,983710.1
2011,25,472351.35,486464.66,958816.01
2011,26,470511.28,483764.83,954276.12
2011,27,471095.65,483071.33,954166.98
2011,28,484569.83,495785.08,980354.91
2011,29,490078.58,498049.67,988128.25
2011,30,494205.59,498172.57,992378.15
2011,31,483232.35,486558.4,969790.74
2011,32,467027.03,470572.22,937599.25
2011,33,467248.55,471418.77,938667.32
2011,34,459445.74,462741.61,922187.34
2011,35,449790.54,452718.75,902509.3
2011,36,448992.46,451832.62,900825.08
2011,37,455454.08,457095.6,912549.68
2011,38,473031.37,476258.95,949290.32
2011,39,529962.81,536402.35,1066365.16
2011,40,563367.93,571578.75,1134946.67
2011,41,589346.89,600637.85,1189984.75
2011,42,631749.94,646697.24,1278447.18
2011,43,658155.56,673836.44,1331992.0
2011,44,675865.17,692836.25,1368701.42
2011,45,686960.93,706883.48,1393844.41
2011,46,695037.5,715784.59,1410822.09
2011,47,702288.23,721632.18,1423920.41
2011,48,691949.79,708397.54,1400347.33
2011,49,676368.83,688007.73,1364376.56
2011,50,661943.84,670655.42,1332599.26
2011,51,642900.48,650640.35,1293540.84
2011,52,620452.75,627317.68,1247770.43
2011,53,594257.48,599063.16,1193320.64
2011,54,581530.0,583025.39,1164555.4
2011,55,567898.28,564250.64,1132148.92
2011,56,558233.21,546815.41,1105048.62
2011,57,547530.86,529435.55,1076966.41
2011,58,541284.28,520291.72,1061576.0
2011,59,536808.72,514984.16,1051792.88
2011,60,529814.67,507195.62,1037010.29
2011,61,523320.71,501476.81,1024797.52
2011,62,493985.56,474998.67,968984.23
2011,63,448425.9,429475.58,877901.48
2011,64,429947.01,407882.98,837829.99
2011,65,350088.82,326934.51,677023.33
2011,66,397851.33,367637.82,765489.14
2011,67,456732.5,421918.67,878651.17
2011,68,452502.17,415512.51,868014.67
2011,69,494486.16,447248.31,941734.46
2011,70,557708.66,495234.16,1052942.82
2011,71,567114.51,494847.01,1061961.51
2011,72,541269.84,464995.18,1006265.02
2011,73,501692.67,423524.84,925217.51
2011,74,474181.33,390523.67,864705.01
2011,75,454376.01,364791.84,819167.84
2011,76,424570.34,332343.34,756913.68
2011,77,363121.52,276074.53,639196.04
2011,78,317871.84,232830.5,550702.34
2011,79,313769.83,220768.5,534538.34
2011,80,315635.26,213034.66,528669.91
2011,81,309691.21,200263.97,509955.18
2011,82,292871.64,181170.06,474041.7
2011,83,271269.86,156216.54,427486.4
2011,84,252066.93,129051.9,381118.83
2011,85,238759.11,108156.35,346915.46
2011,86,216677.81,86465.51,303143.32
2011,87,190085.36,68006.14,258091.5
2011,88,170120.97,57899.08,228020.06
2011,89,153280.19,49520.34,202800.52
2011,90,132248.07,39831.82,172079.89
2011,91,96354.43,27419.42,123773.84
2011,92,55386.02,14875.2,70261.22
2011,93,33324.35,8390.07,41714.42
2011,94,26611.72,6258.68,32870.4
2011,95,24271.28,5290.99,29562.27
2011,96,23304.76,4679.31,27984.07
2011,97,18737.58,3520.44,22258.02
2011,98,12716.7,2223.27,14939.97
2011,99,8209.03,1321.04,9530.07
2011,100,5059.47,737.29,5796.76
2012,18,392123.13,413416.98,805540.11
2012,19,408385.81,428388.7,836774.51
2012,20,422665.18,441266.37,863931.55
2012,21,460929.82,481123.9,942053.73
2012,22,480426.74,500685.81,981112.55
2012,23,487764.62,508182.64,995947.26
2012,24,493360.39,515290.21,1008650.6
2012,25,489072.48,508726.3,997798.77
2012,26,477493.41,493905.34,971398.76
2012,27,475123.58,490556.22,965679.79
2012,28,475096.12,489374.0,964470.12
2012,29,488166.22,501285.01,989451.22
2012,30,493179.19,502877.34,996056.53
2012,31,497078.87,502774.61,999853.48
2012,32,485954.99,490406.09,976361.08
2012,33,469488.18,474417.99,943906.17
2012,34,469538.71,474990.86,944529.57
2012,35,461537.47,465986.37,927523.84
2012,36,451675.83,455919.75,907595.58
2012,37,450906.1,454839.28,905745.38
2012,38,457089.25,459692.27,916781.52
2012,39,474538.98,478478.66,953017.63
2012,40,531426.7,538291.5,1069718.2
2012,41,564397.47,573369.57,1137767.04
2012,42,590353.68,601951.74,1192305.42
2012,43,632522.12,647856.85,1280378.96
2012,44,658861.95,674684.72,1333546.66
2012,45,676415.23,693212.36,1369627.59
2012,46,687186.25,706781.11,1393967.36
2012,47,694897.92,715218.46,1410116.38
2012,48,702116.65,720884.52,1423001.17
2012,49,691561.61,707257.49,1398819.09
2012,50,675793.52,686689.08,1362482.6
2012,51,661159.46,668783.0,1329942.46
2012,52,642038.63,648512.93,1290551.56
2012,53,619348.18,624898.69,1244246.87
2012,54,593056.97,596292.1,1189349.08
2012,55,580063.69,579900.59,1159964.28
2012,56,566216.41,560824.97,1127041.38
2012,57,556325.95,543011.95,1099337.89
2012,58,545448.12,525180.68,1070628.8
2012,59,538838.06,515537.76,1054375.81
2012,60,534000.56,509697.15,1043697.71
2012,61,526736.68,501570.46,1028307.14
2012,62,520063.68,495470.38,1015534.06
2012,63,490602.4,468644.59,959246.99
2012,64,445062.76,423277.17,868339.93
2012,65,426306.52,401219.37,827525.89
2012,66,346925.97,321142.06,668068.03
2012,67,394072.32,360909.81,754982.13
2012,68,452162.84,413717.51,865880.35
2012,69,447610.01,406886.85,854496.85
2012,70,488749.65,437260.46,926010.11
2012,71,550611.66,483267.66,1033879.32
2012,72,559323.17,481931.0,1041254.17
2012,73,533023.0,451639.68,984662.69
2012,74,493134.84,410269.68,903404.52
2012,75,464852.16,376900.68,841752.84
2012,76,444190.34,350603.18,794793.51
2012,77,413710.18,317881.68,731591.85
2012,78,352506.19,262588.37,615094.56
2012,79,307189.67,220025.84,527215.5
2012,80,301727.16,207237.17,508964.33
2012,81,301866.4,198585.5,500451.9
2012,82,294050.38,185140.48,479190.86
2012,83,275977.09,165845.01,441822.1
2012,84,253301.11,141598.6,394899.71
2012,85,232975.82,115590.86,348566.68
2012,86,218062.57,95591.16,313653.73
2012,87,195306.96,75212.08,270519.04
2012,88,168731.49,58230.54,226962.03
2012,89,148382.88,48618.93,197001.81
2012,90,131028.7,40762.13,171790.82
2012,91,110783.22,32067.65,142850.87
2012,92,78955.87,21437.1,100392.96
2012,93,44402.15,11330.05,55732.2
2012,94,25998.94,6222.6,32221.54
2012,95,20119.47,4503.65,24623.11
2012,96,17862.54,3676.82,21539.37
2012,97,16609.15,3161.16,19770.32
2012,98,12989.62,2306.85,15296.46
2012,99,8491.16,1425.43,9916.59
2012,100,5321.05,808.27,6129.32
2013,18,384250.24,406435.76,790686.0
2013,19,399229.83,421609.18,820839.01
2013,20,417197.24,437293.3,854490.53
2013,21,431024.56,450399.78,881424.34
2013,22,469338.2,490859.25,960197.45
2013,23,489424.41,511610.02,1001034.42
2013,24,495996.74,518670.82,1014667.56
2013,25,500807.73,525417.17,1026224.9
2013,26,495673.15,518131.13,1013804.29
2013,27,483463.88,502564.26,986028.14
2013,28,480583.28,498766.8,979350.08
2013,29,480016.57,496533.09,976549.66
2013,30,492616.05,507865.22,1000481.27
2013,31,497475.57,508880.14,1006355.72
2013,32,501018.34,508165.51,1009183.84
2013,33,489548.72,495906.02,985454.73
2013,34,472825.04,479194.47,952019.51
2013,35,472753.99,479542.51,952296.5
2013,36,464384.37,470443.62,934827.99
2013,37,454476.54,460096.56,914573.1
2013,38,453459.33,458590.63,912049.96
2013,39,459552.24,463233.47,922785.71
2013,40,476815.26,481512.64,958327.9
2013,41,533445.62,541440.68,1074886.31
2013,42,566224.31,576000.35,1142224.65
2013,43,591926.04,604291.33,1196217.37
2013,44,634122.87,649758.7,1283881.58
2013,45,660167.02,676252.66,1336419.69
2013,46,677318.62,694201.5,1371520.12
2013,47,687650.59,707157.03,1394807.62
2013,48,695225.09,715334.65,1410559.74
2013,49,702241.79,720534.77,1422776.56
2013,50,691558.19,706447.24,1398005.42
2013,51,675457.83,685525.29,1360983.12
2013,52,660632.44,667191.52,1327823.96
2013,53,641240.76,646570.25,1287811.01
2013,54,618401.67,622558.75,1240960.42
2013,55,591970.3,593578.58,1185548.88
2013,56,578630.69,576818.06,1155448.74
2013,57,564532.55,557342.03,1121874.58
2013,58,554474.82,538986.76,1093461.57
2013,59,543351.67,520719.24,1064070.9
2013,60,536372.95,510645.99,1047018.94
2013,61,531270.87,504382.04,1035652.91
2013,62,523735.28,495954.56,1019689.84
2013,63,516711.75,489147.43,1005859.18
2013,64,487124.74,462145.33,949270.07
2013,65,441463.45,416756.38,858219.83
2013,66,422549.27,394415.86,816965.13
2013,67,343642.47,315430.68,659073.15
2013,68,390051.65,353893.8,743945.45
2013,69,447317.17,405229.5,852546.66
2013,70,442434.0,397950.0,840384.0
2013,71,482554.13,426895.27,909449.41
2013,72,543083.32,470817.14,1013900.46
2013,73,550974.33,468256.33,1019230.66
2013,74,524142.17,437704.16,961846.33
2013,75,483904.99,396293.67,880198.66
2013,76,454739.82,362621.83,817361.65
2013,77,433077.99,335701.17,768779.16
2013,78,401833.32,302818.5,704651.83
2013,79,340770.35,248596.87,589367.22
2013,80,295392.48,206711.5,502103.98
2013,81,288567.64,193192.49,481760.13
2013,82,286583.83,183520.32,470104.15
2013,83,276923.25,169293.46,446216.71
2013,84,257468.32,150138.01,407606.33
2013,85,233982.93,126636.76,360619.69
2013,86,212582.91,102062.91,314645.81
2013,87,196437.53,83044.32,279481.84
2013,88,173050.87,64289.69,237340.56
2013,89,146906.01,48792.92,195698.93
2013,90,126623.75,39937.03,166560.79
2013,91,109419.46,32693.75,142113.2
2013,92,90387.76,25031.59,115419.35
2013,93,62914.46,16299.89,79214.35
2013,94,34427.61,8395.83,42823.43
2013,95,19584.96,4450.57,24035.53
2013,96,14728.73,3084.05,17812.78
2013,97,12615.52,2473.13,15088.66
2013,98,11434.32,2036.5,13470.82
2013,99,8646.45,1452.93,10099.38
2013,100,5472.63,862.43,6335.07
2014,18,390327.62,415103.92,805431.54
2014,19,392528.94,417582.98,810111.92
2014,20,409485.88,433377.97,842863.85
2014,21,426421.22,448872.61,875293.82
2014,22,439811.88,462127.06,901938.93
2014,23,479023.37,503920.09,982943.46
2014,24,498560.51,524432.72,1022993.24
2014,25,504290.74,530749.28,1035040.02
2014,26,508098.92,536937.82,1045036.74
2014,27,502416.16,528399.32,1030815.48
2014,28,489626.55,512170.73,1001797.28
2014,29,486433.47,507420.37,993853.84
2014,30,485319.36,504519.11,989838.47
2014,31,497721.79,514786.76,1012508.55
2014,32,502028.39,515217.99,1017246.38
2014,33,505242.58,514342.81,1019585.38
2014,34,493717.37,501727.81,995445.19
2014,35,476826.64,484354.55,961181.19
2014,36,476302.36,484646.67,960949.03
2014,37,467739.82,475064.23,942804.05
2014,38,457640.96,464376.04,922017.0
2014,39,456595.83,462696.99,919292.82
2014,40,462383.14,466910.19,929293.32
2014,41,479406.36,484903.27,964309.63
2014,42,535836.74,544569.69,1080406.43
2014,43,568390.39,578628.0,1147018.39
2014,44,593974.27,606713.01,1200687.28
2014,45,635859.87,651829.45,1287689.32
2014,46,661604.8,677860.32,1339465.12
2014,47,678310.24,695226.46,1373536.69
2014,48,688324.38,707594.21,1395918.59
2014,49,695734.9,715248.53,1410983.43
2014,50,702475.38,719853.01,1422328.4
2014,51,691426.86,705344.56,1396771.42
2014,52,675141.62,683982.73,1359124.35
2014,53,660053.41,665305.8,1325359.21
2014,54,640452.84,644227.3,1284680.15
2014,55,617443.57,619789.41,1237232.98
2014,56,590701.3,590455.83,1181157.13
2014,57,577103.67,573320.19,1150423.86
2014,58,562807.06,553375.56,1116182.62
2014,59,552433.81,534513.23,1086947.04
2014,60,540982.91,515977.67,1056960.58
2014,61,533739.21,505352.28,1039091.49
2014,62,528500.8,498710.66,1027211.46
2014,63,520492.41,489702.67,1010195.08
2014,64,513261.32,482527.63,995788.96
2014,65,483310.69,455137.72,938448.41
2014,66,437645.8,409831.59,847477.39
2014,67,418630.71,387476.27,806106.98
2014,68,340186.58,309373.23,649559.81
2014,69,385833.31,346723.97,732557.29
2014,70,442127.17,396421.68,838548.86
2014,71,436908.01,388644.68,825552.7
2014,72,476017.81,416084.27,892102.08
2014,73,535085.49,457753.0,992838.49
2014,74,542011.35,454196.7,996208.05
2014,75,514708.51,423368.87,938077.38
2014,76,473828.18,381920.03,855748.21
2014,77,443940.5,347906.18,791846.68
2014,78,421218.02,320493.86,741711.89
2014,79,389199.69,287492.01,676691.69
2014,80,328335.22,234258.75,562593.97
2014,81,282980.68,193390.33,476371.01
2014,82,274626.5,179097.34,453723.85
2014,83,270537.56,168360.03,438897.59
2014,84,259248.74,153746.2,412994.94
2014,85,238685.64,134788.93,373474.57
2014,86,214218.78,112239.44,326458.22
2014,87,192220.53,89150.39,281370.92
2014,88,175005.48,71458.08,246463.56
2014,89,151639.63,54303.98,205943.61
2014,90,126387.31,40443.76,166831.07
2014,91,106671.58,32223.91,138895.49
2014,92,90111.83,25684.06,115795.89
2014,93,72584.42,19172.12,91756.54
2014,94,49292.13,12241.68,61533.81
2014,95,26367.53,6140.05,32507.58
2014,96,14543.29,3093.6,17636.89
2014,97,10575.5,2101.38,12676.88
2014,98,8794.57,1588.17,10382.74
2014,99,7740.74,1268.58,9009.32
2014,100,5661.58,885.57,6547.15
2015,18,412047.32,448882.95,860930.27
2015,19,401684.76,437478.37,839163.13
2015,20,405975.94,441276.41,847252.35
2015,21,421212.48,454946.76,876159.24
2015,22,437639.14,470602.77,908241.91
2015,23,451882.81,484475.09,936357.91
2015,24,490835.49,525914.56,1016750.06
2015,25,509624.69,546525.56,1056150.25
2015,26,514339.37,550607.86,1064947.24
2015,27,517620.36,555194.92,1072815.28
2015,28,511129.41,544893.48,1056022.9
2015,29,497699.01,526747.08,1024446.08
2015,30,494478.47,521681.64,1016160.11
2015,31,492658.78,516457.57,1009116.35
2015,32,504498.62,525824.53,1030323.15
2015,33,508249.96,525520.67,1033770.63
2015,34,511118.15,523936.43,1035054.58
2015,35,499813.84,511427.06,1011240.9
2015,36,482233.24,492626.24,974859.49
2015,37,481266.74,492346.25,973612.99
2015,38,472532.71,482182.33,954715.04
2015,39,462052.31,470911.89,932964.2
2015,40,460889.04,469190.41,930079.45
2015,41,466415.53,472579.69,938995.22
2015,42,483171.28,489985.27,973156.55
2015,43,539176.72,549283.85,1088460.57
2015,44,571416.33,582961.13,1154377.46
2015,45,596722.17,610524.87,1207247.04
2015,46,638324.06,655077.34,1293401.4
2015,47,663715.91,680538.85,1344254.75
2015,48,679856.48,697035.88,1376892.36
2015,49,689422.27,708479.01,1397901.28
2015,50,696545.46,715490.89,1412036.36
2015,51,702789.16,719506.37,1422295.53
2015,52,691585.85,704486.63,1396072.48
2015,53,674923.53,682706.74,1357630.27
2015,54,659583.68,663403.44,1322987.12
2015,55,639843.46,641879.92,1281723.38
2015,56,616361.2,616794.18,1233155.38
2015,57,589451.2,587262.89,1176714.09
2015,58,575510.27,569535.98,1145046.25
2015,59,560926.98,549095.91,1110022.89
2015,60,550193.78,529956.44,1080150.22
2015,61,538332.28,510791.23,1049123.51
2015,62,531011.22,499699.57,1030710.79
2015,63,525359.06,492352.27,1017711.33
2015,64,517023.53,483080.34,1000103.87
2015,65,509433.37,475261.04,984694.4
2015,66,479185.6,447621.61,926807.21
2015,67,433625.85,402632.3,836258.15
2015,68,414430.74,380184.87,794615.61
2015,69,336452.71,303040.82,639493.53
2015,70,381276.14,338992.29,720268.43
2015,71,436472.16,386983.66,823455.82
2015,72,430833.33,378740.5,809573.83
2015,73,468826.95,404495.75,873322.71
2015,74,526350.3,443810.62,970160.92
2015,75,532176.32,439027.16,971203.48
2015,76,503982.84,407930.0,911912.83
2015,77,462686.32,366584.0,829270.32
2015,78,431940.65,332361.32,764301.97
2015,79,408076.32,304527.97,712604.29
2015,80,375102.99,271045.5,646148.49
2015,81,314560.87,219256.38,533817.25
2015,82,269261.29,179342.32,448603.61
2015,83,259319.63,164448.82,423768.45
2015,84,253259.92,152928.83,406188.75
2015,85,240341.19,137980.79,378321.98
2015,86,218563.27,119337.33,337900.6
2015,87,193554.11,97944.63,291498.73
2015,88,171119.37,76587.33,247706.69
2015,89,153229.76,60227.91,213457.67
2015,90,130127.22,44952.69,175079.9
2015,91,106145.89,32602.67,138748.56
2015,92,87448.73,25221.92,112670.65
2015,93,72039.23,19530.59,91569.82
2015,94,56537.11,14210.56,70747.66
2015,95,37340.87,8809.55,46150.42
2015,96,19434.82,4260.78,23695.6
2015,97,10356.45,2072.46,12428.91
2015,98,7268.84,1370.6,8639.44
2015,99,5898.42,984.72,6883.15
2015,100,5024.54,772.38,5796.92
2016,18,407230.52,452380.36,859610.88
2016,19,424281.06,472806.75,897087.81
2016,20,415246.63,460927.67,876174.3
2016,21,417468.1,460953.7,878421.79
2016,22,431650.29,474523.36,906173.65
2016,23,449142.82,490190.86,939333.69
2016,24,462933.29,502702.79,965636.08
2016,25,501381.34,544772.97,1046154.31
2016,26,519279.14,562532.68,1081811.82
2016,27,523579.12,565676.62,1089255.74
2016,28,525771.43,568454.59,1094226.02
2016,29,518800.31,556327.34,1075127.65
2016,30,505452.92,537562.51,1043015.43
2016,31,501751.8,531160.4,1032912.2
2016,32,499105.55,524721.39,1023826.94
2016,33,510654.01,533537.07,1044191.09
2016,34,513710.55,532350.97,1046061.52
2016,35,516814.73,531289.01,1048103.75
2016,36,505034.43,517377.72,1022412.15
2016,37,486757.92,498106.92,984864.84
2016,38,485843.69,497389.26,983232.95
2016,39,476488.1,486709.73,963197.82
2016,40,466072.79,475300.71,941373.51
2016,41,464529.23,473077.85,937607.08
2016,42,469900.04,475923.64,945823.69
2016,43,486200.11,493105.16,979305.27
2016,44,541798.29,551999.13,1093797.42
2016,45,573864.18,585275.68,1159139.86
2016,46,598855.38,612261.93,1211117.3
2016,47,640094.47,656126.27,1296220.74
2016,48,665037.58,681234.47,1346272.05
2016,49,680655.03,696921.9,1377576.92
2016,50,689924.78,707752.17,1397676.95
2016,51,696595.24,714336.69,1410931.93
2016,52,702552.44,717657.87,1420210.31
2016,53,691029.11,702236.57,1393265.68
2016,54,674114.04,679883.86,1353997.9
2016,55,658520.79,660152.99,1318673.79
2016,56,638400.8,638225.03,1276625.83
2016,57,614722.46,612853.14,1227575.6
2016,58,587466.79,582890.48,1170357.27
2016,59,573268.06,564667.76,1137935.81
2016,60,558547.7,543925.41,1102473.1
2016,61,547328.63,524425.27,1071753.9
2016,62,535347.79,504941.2,1040288.99
2016,63,527661.98,493111.19,1020773.17
2016,64,521667.49,485434.4,1007101.88
2016,65,513054.14,475567.19,988621.33
2016,66,505021.28,467240.85,972262.13
2016,67,474645.37,439491.54,914136.91
2016,68,429172.45,394899.13,824071.57
2016,69,409816.62,372281.7,782098.31
2016,70,332284.16,296035.42,628319.58
2016,71,376231.65,330750.11,706981.75
2016,72,430324.84,376911.51,807236.35
2016,73,424201.68,368224.02,792425.7
2016,74,461003.77,392301.08,853304.85
2016,75,516694.65,429113.79,945808.45
2016,76,521255.68,423060.86,944316.54
2016,77,492383.35,391782.35,884165.7
2016,78,450509.85,350320.53,800830.39
2016,79,418782.82,316013.68,734796.5
2016,80,393529.84,287604.7,681134.54
2016,81,359714.0,253996.56,613710.55
2016,82,299616.09,203718.93,503335.02
2016,83,254553.0,164917.66,419470.66
2016,84,243021.34,149641.01,392662.35
2016,85,234980.2,137448.13,372428.33
2016,86,220449.37,122457.64,342907.01
2016,87,197862.71,104368.29,302231.0
2016,88,172639.93,84269.51,256909.44
2016,89,150221.54,64670.37,214891.91
2016,90,131885.23,49838.31,181723.54
2016,91,109628.5,36379.32,146007.82
2016,92,87315.87,25701.45,113017.33
2016,93,70284.54,19325.18,89609.71
2016,94,56428.6,14550.05,70978.65
2016,95,43134.25,10282.35,53416.6
2016,96,27729.14,6180.84,33909.98
2016,97,14034.79,2867.41,16902.2
2016,98,7208.7,1360.31,8569.01
2016,99,4907.43,868.15,5775.58
2016,100,3856.34,590.71,4447.05
2017,18,401011.5,447210.58,848222.07
2017,19,416938.03,465032.01,881970.04
2017,20,435433.01,484081.49,919514.5
2017,21,424569.05,469584.4,894153.45
2017,22,425396.9,469614.48,895011.37
2017,23,440782.81,483233.13,924015.94
2017,24,457658.06,498142.59,955800.65
2017,25,470589.57,509570.23,980159.8
2017,26,508473.99,550810.79,1059284.78
2017,27,525862.16,567715.44,1093577.6
2017,28,529420.32,570263.2,1099683.51
2017,29,531424.17,572040.56,1103464.73
2017,30,524087.31,559393.26,1083480.56
2017,31,510381.36,540454.85,1050836.21
2017,32,506294.58,533486.3,1039780.88
2017,33,503388.28,526874.06,1030262.33
2017,34,514610.76,535752.38,1050363.15
2017,35,517378.4,533950.72,1051329.12
2017,36,520356.28,532879.43,1053235.72
2017,37,508307.31,519120.08,1027427.4
2017,38,489753.8,499514.25,989268.05
2017,39,488657.62,498750.28,987407.9
2017,40,479217.99,487839.33,967057.32
2017,41,468633.2,476566.22,945199.42
2017,42,466940.01,474079.15,941019.16
2017,43,472235.6,476997.83,949233.43
2017,44,488099.7,493896.02,981995.72
2017,45,543423.91,552299.83,1095723.74
2017,46,575307.28,585305.78,1160613.06
2017,47,599884.34,611846.16,1211730.5
2017,48,640835.11,655641.71,1296476.82
2017,49,665470.98,680137.29,1345608.28
2017,50,680704.25,695357.47,1376061.72
2017,51,689656.06,705650.3,1395306.37
2017,52,695924.85,711566.4,1407491.25
2017,53,701574.82,714508.85,1416083.67
2017,54,689725.49,698656.08,1388381.57
2017,55,672476.43,675968.95,1348445.38
2017,56,656674.21,655996.12,1312670.34
2017,57,636277.97,633672.74,1269950.71
2017,58,612281.08,608012.58,1220293.67
2017,59,584838.85,577648.3,1162487.15
2017,60,570468.14,559014.09,1129482.23
2017,61,555425.22,538012.8,1093438.01
2017,62,544118.67,518190.64,1062309.31
2017,63,531836.57,498164.92,1030001.49
2017,64,523870.61,486026.34,1009896.95
2017,65,517535.65,477780.75,995316.41
2017,66,508657.07,467364.36,976021.44
2017,67,500201.16,458801.98,959003.15
2017,68,469716.78,430991.08,900707.85
2017,69,424330.25,386653.99,810984.24
2017,70,404622.6,363761.72,768384.32
2017,71,327636.79,288685.33,616322.12
2017,72,370696.49,321974.65,692671.13
2017,73,423470.0,366265.84,789735.84
2017,74,416938.67,357130.17,774068.84
2017,75,452355.31,379421.97,831777.29
2017,76,506122.99,413616.48,919739.47
2017,77,509334.33,406348.83,915683.16
2017,78,479665.16,374621.83,854287.0
2017,79,437104.16,333209.17,770313.33
2017,80,404159.66,298882.33,703041.99
2017,81,377653.66,269869.5,647523.15
2017,82,342820.66,236298.17,579118.82
2017,83,283465.35,187749.86,471215.2
2017,84,238725.49,150352.66,389078.15
2017,85,225530.99,134557.66,360088.65
2017,86,215569.37,122036.68,337606.05
2017,87,199825.55,107056.29,306881.85
2017,88,176657.58,89748.78,266406.36
2017,89,151638.38,71140.02,222778.4
2017,90,129582.04,53438.42,183020.46
2017,91,111153.34,40309.85,151463.19
2017,92,90215.5,28659.42,118874.92
2017,93,70196.1,19661.66,89857.76
2017,94,54966.37,14376.68,69343.05
2017,95,43017.12,10511.68,53528.8
2017,96,31878.68,7186.25,39064.93
2017,97,19884.41,4121.42,24005.83
2017,98,9763.99,1828.3,11592.29
2017,99,4842.6,849.66,5692.26
2017,100,3172.97,518.39,3691.36
2018,18,398719.37,440496.68,839216.05
2018,19,410251.31,457360.97,867612.28
2018,20,427526.41,473901.46,901427.87
2018,21,444671.8,491802.01,936473.81
2018,22,432678.09,477144.16,909822.24
2018,23,434590.38,477857.01,912447.38
2018,24,449266.34,491048.77,940315.11
2018,25,465331.1,505168.89,970499.99
2018,26,477625.47,516135.88,993761.35
2018,27,514975.89,556341.62,1071317.51
2018,28,531782.23,572723.44,1104505.67
2018,29,534969.49,574518.78,1109488.27
2018,30,536359.4,575880.36,1112239.75
2018,31,528931.57,562862.12,1091793.69
2018,32,514675.71,543626.21,1058301.92
2018,33,510400.31,536522.02,1046922.33
2018,34,507191.84,529788.57,1036980.42
2018,35,518124.5,538112.6,1056237.1
2018,36,520714.17,536210.41,1056924.58
2018,37,523631.33,535294.57,1058925.91
2018,38,511137.97,520951.08,1032089.05
2018,39,492556.69,501427.0,993983.68
2018,40,491332.46,500647.78,991980.24
2018,41,481855.62,489734.82,971590.43
2018,42,471008.64,478207.46,949216.1
2018,43,469356.09,475853.44,945209.53
2018,44,474304.62,478544.61,952849.23
2018,45,489878.29,494883.75,984762.04
2018,46,545126.63,553215.77,1098342.4
2018,47,576645.96,585799.21,1162445.17
2018,48,600827.2,612092.42,1212919.62
2018,49,641467.04,655230.6,1296697.64
2018,50,665846.23,679350.93,1345197.16
2018,51,680592.47,693821.28,1374413.75
2018,52,689146.49,703562.71,1392709.19
2018,53,695077.11,709006.55,1404083.66
2018,54,700365.09,711555.48,1411920.57
2018,55,688172.66,695244.91,1383417.57
2018,56,670631.78,672177.32,1342809.1
2018,57,654532.0,651738.46,1306270.47
2018,58,633873.59,628965.04,1262838.64
2018,59,609641.17,602954.17,1212595.34
2018,60,581940.77,572174.2,1154114.98
2018,61,567281.06,553109.0,1120390.06
2018,62,552132.55,531734.89,1083867.45
2018,63,540440.53,511359.66,1051800.18
2018,64,527850.21,490902.44,1018752.64
2018,65,519630.72,478408.38,998039.1
2018,66,512986.23,469507.54,982493.76
2018,67,503795.58,458868.57,962664.15
2018,68,495004.04,449948.5,944952.55
2018,69,464329.36,421996.36,886325.72
2018,70,418975.13,377959.62,796934.75
2018,71,399011.82,354772.48,753784.3
2018,72,322722.19,280913.24,603635.43
2018,73,364501.5,312714.67,677216.17
2018,74,416035.33,355055.0,771090.33
2018,75,408952.67,345270.5,754223.17
2018,76,442934.0,365760.17,808694.17
2018,77,494357.17,397232.5,891589.67
2018,78,496218.5,388750.5,884969.0
2018,79,465505.33,356553.83,822059.17
2018,80,422219.17,315269.17,737488.33
2018,81,388222.17,280777.67,668999.83
2018,82,360333.5,251428.67,611762.17
2018,83,324626.67,218125.5,542752.17
2018,84,266082.5,171503.67,437586.17
2018,85,221655.33,135380.5,357035.83
2018,86,206976.33,119558.0,326534.33
2018,87,195291.61,106867.72,302159.33
2018,88,178353.59,92238.87,270592.46
2018,89,154996.11,75787.58,230783.69
2018,90,130606.95,58746.44,189353.39
2018,91,109093.44,43192.8,152286.24
2018,92,91385.78,31745.16,123130.93
2018,93,72350.4,21846.52,94196.92
2018,94,54824.94,14578.85,69403.79
2018,95,41767.15,10327.43,52094.58
2018,96,31633.84,7315.98,38949.82
2018,97,22698.04,4833.6,27531.64
2018,98,13746.62,2664.51,16411.13
2018,99,6540.85,1143.44,7684.29
2018,100,3125.34,502.97,3628.31
2019,18,391409.77,424788.47,816198.24
2019,19,407789.19,450174.82,857964.01
2019,20,420367.51,465858.18,886225.7
2019,21,435674.85,480982.82,916657.68
2019,22,452148.6,498850.05,950998.65
2019,23,441134.67,484700.04,925834.7
2019,24,442585.87,485193.54,927779.42
2019,25,456387.63,497492.82,953880.45
2019,26,471883.57,511014.08,982897.66
2019,27,483741.35,521165.43,1004906.78
2019,28,520114.11,560865.64,1080979.74
2019,29,536654.45,576324.55,1112979.0
2019,30,539368.34,577969.52,1117337.85
2019,31,540879.45,578808.23,1119687.68
2019,32,532765.84,565618.44,1098384.28
2019,33,518353.68,546051.31,1064404.99
2019,34,513743.78,538630.73,1052374.51
2019,35,510388.79,531923.01,1042311.81
2019,36,521124.19,539637.05,1060761.24
2019,37,523459.25,537851.33,1061310.58
2019,38,526134.19,536418.94,1062553.13
2019,39,513709.72,522115.85,1035825.56
2019,40,494885.72,502586.97,997472.69
2019,41,493544.0,501707.13,995251.13
2019,42,483847.66,490558.79,974406.45
2019,43,473064.29,479263.07,952327.36
2019,44,471078.84,476730.41,947809.26
2019,45,475950.68,478978.99,954929.67
2019,46,491257.92,495393.12,986651.04
2019,47,546304.94,553148.99,1099453.92
2019,48,577385.16,585367.91,1162753.07
2019,49,601269.54,611189.37,1212458.92
2019,50,641568.56,653985.16,1295553.73
2019,51,665463.01,677543.95,1343006.96
2019,52,679886.94,691523.23,1371410.16
2019,53,688127.59,700856.27,1388983.86
2019,54,693821.99,705845.53,1399667.52
2019,55,698766.23,707817.12,1406583.35
2019,56,686227.62,691224.76,1377452.38
2019,57,668307.41,667580.3,1335887.71
2019,58,651998.23,646602.17,1298600.4
2019,59,631079.26,623616.07,1254695.33
2019,60,606501.58,597044.4,1203545.98
2019,61,578692.18,566079.17,1144771.35
2019,62,563821.28,546619.67,1110440.96
2019,63,548315.05,524718.44,1073033.48
2019,64,536269.58,503779.03,1040048.61
2019,65,523497.78,482992.85,1006490.63
2019,66,514842.4,470100.73,984943.14
2019,67,507981.67,460812.44,968794.12
2019,68,498573.17,450010.66,948583.83
2019,69,489358.67,440555.32,929914.0
2019,70,458420.59,412469.34,870889.93
2019,71,413212.07,368759.41,781971.48
2019,72,393065.78,345334.94,738400.73
2019,73,317277.25,272873.35,590150.6
2019,74,357896.33,302986.33,660882.67
2019,75,407877.0,343200.33,751077.33
2019,76,400328.5,332992.5,733321.0
2019,77,432721.5,351475.0,784196.5
2019,78,481653.67,380167.5,861821.17
2019,79,481763.0,370253.83,852016.83
2019,80,450083.83,337759.83,787843.67
2019,81,406164.33,296615.33,702779.67
2019,82,370988.17,262173.83,633162.0
2019,83,341803.83,232726.0,574529.83
2019,84,305260.0,199750.33,505010.33
2019,85,247825.0,155153.83,402978.83
2019,86,203927.33,120646.33,324573.67
2019,87,187725.83,104949.5,292675.33
2019,88,174660.61,92335.39,266996.0
2019,89,156773.09,78172.04,234945.13
2019,90,133781.78,62940.25,196722.03
2019,91,110437.45,47803.44,158240.89
2019,92,90035.11,34248.13,124283.24
2019,93,73557.61,24416.49,97974.1
2019,94,56867.23,16319.02,73186.25
2019,95,41977.77,10575.18,52552.96
2019,96,30975.15,7225.43,38200.58
2019,97,22795.17,4959.65,27754.82
2019,98,15838.21,3146.94,18985.14
2019,99,9322.62,1708.84,11031.46
2019,100,4262.85,702.77,4965.62
2020,18,379368.25,407988.89,787357.14
2020,19,398821.34,433042.13,831863.47
2020,20,415644.29,457115.35,872759.64
2020,21,425660.99,470950.93,896611.92
2020,22,440109.48,485584.09,925693.57
2020,23,458194.34,504419.15,962613.49
2020,24,447017.64,490051.39,937069.03
2020,25,447974.28,489738.12,937712.41
2020,26,461379.7,501267.72,962647.43
2020,27,476673.61,514450.46,991124.07
2020,28,487593.0,524085.77,1011678.77
2020,29,523961.46,562926.49,1086887.95
2020,30,540108.0,578305.12,1118413.12
2020,31,542687.89,579492.52,1122180.41
2020,32,543919.56,580093.46,1124013.02
2020,33,535558.44,567011.36,1102569.8
2020,34,520889.18,547002.31,1067891.49
2020,35,516350.24,539838.77,1056189.01
2020,36,512656.93,532481.74,1045138.67
2020,37,523215.18,540265.4,1063480.58
2020,38,525265.33,538334.55,1063599.89
2020,39,528102.44,536710.54,1064812.99
2020,40,515506.37,522325.54,1037831.91
2020,41,496498.02,502834.23,999332.24
2020,42,495019.52,501805.17,996824.69
2020,43,485318.92,490617.19,975936.11
2020,44,474358.09,479230.99,953589.08
2020,45,472321.78,476569.87,948891.66
2020,46,476939.41,478725.42,955664.83
2020,47,492093.76,494748.38,986842.14
2020,48,546740.34,552224.33,1098964.67
2020,49,577564.51,583930.23,1161494.73
2020,50,601069.15,609546.51,1210615.66
2020,51,641056.66,651981.66,1293038.32
2020,52,664779.75,675039.74,1339819.49
2020,53,678841.54,688552.65,1367394.19
2020,54,686744.29,697420.27,1384164.56
2020,55,692210.97,701905.88,1394116.85
2020,56,696744.61,703502.07,1400246.68
2020,57,683826.71,686332.02,1370158.73
2020,58,665716.44,662268.46,1327984.9
2020,59,649074.92,641005.11,1290080.03
2020,60,627868.94,617426.16,1245295.1
2020,61,603132.68,590566.14,1193698.82
2020,62,575146.97,559269.9,1134416.88
2020,63,559949.82,539361.99,1099311.8
2020,64,544249.56,517011.55,1061261.1
2020,65,531970.55,495648.0,1027618.54
2020,66,518670.86,474538.76,993209.62
2020,67,509857.38,461347.81,971205.19
2020,68,502783.96,451776.97,954560.93
2020,69,492872.32,440416.07,933288.39
2020,70,483274.67,430516.17,913790.84
2020,71,452090.02,402427.02,854517.04
2020,72,407086.51,359052.15,766138.66
2020,73,386553.37,335499.09,722052.46
2020,74,311459.44,264299.67,575759.11
2020,75,350713.0,292705.5,643418.5
2020,76,399093.17,330719.67,729812.83
2020,77,391007.83,319901.5,710909.33
2020,78,421570.17,336443.5,758013.67
2020,79,467657.5,362184.0,829841.5
2020,80,465846.67,350804.5,816651.17
2020,81,433208.5,317894.67,751103.17
2020,82,388626.5,277278.67,665905.17
2020,83,352279.17,242910.17,595189.33
2020,84,321789.83,213314.67,535104.5
2020,85,284549.33,180788.5,465337.83
2020,86,228337.83,138568.5,366906.33
2020,87,185125.83,105961.67,291087.5
2020,88,168073.0,90664.17,258737.17
2020,89,153881.95,78098.72,231980.67
2020,90,135507.42,64843.71,200351.13
2020,91,113240.44,51220.25,164460.69
2020,92,91193.78,37898.94,129092.72
2020,93,72580.94,26392.8,98973.74
2020,94,57943.44,18255.66,76199.1
2020,95,43608.73,11892.35,55501.08
2020,96,31251.44,7439.02,38690.46
2020,97,22424.99,4929.6,27354.58
2020,98,15990.17,3259.48,19249.65
2020,99,10807.04,2012.1,12819.14
2020,100,6142.96,1038.51,7181.46
