Model,Sex,Age,Year,Central,Lower_50,Upper_50,Lower_80,Upper_80,Lower_95,Upper_95
M1,Female,18,2021,0.0001,0.0001,0.0001,0.0001,0.0001,0.0001,0.0001
M1,Female,18,2022,0.0001,0.0001,0.0001,0.0001,0.0001,0.0001,0.0001
M1,Female,18,2023,0.0001,0.0001,0.0001,0.0001,0.0001,0.0001,0.0001
M1,Female,18,2024,0.0001,0.0001,0.0001,0.0001,0.0001,0.0001,0.0001
M1,Female,18,2025,0.0001,0.0001,0.0001,0.0001,0.0001,0.0001,0.0001
M1,Female,18,2026,0.0001,0.0001,0.0001,0.0001,0.0001,0.0001,0.0001
M1,Female,18,2027,0.0001,0.0001,0.0001,0.0001,0.0001,0.0001,0.0001
M1,Female,18,2028,0.0001,0.0001,0.0001,0.0001,0.0001,0.0001,0.0001
M1,Female,18,2029,0.0001,0.0001,0.0001,0.0001,0.0001,0.0001,0.0001
M1,Female,18,2030,0.0001,0.0001,0.0001,0.0001,0.0001,0.0001,0.0001
M1,Female,18,2031,0.0001,0.0001,0.0001,0.0001,0.0001,0.0001,0.0001
M1,Female,18,2032,0.0001,0.0001,0.0001,0.0001,0.0001,0.0001,0.0001
M1,Female,18,2033,0.0001,0.0001,0.0001,0.0001,0.0001,0.0001,0.0001
M1,Female,18,2034,0.0001,0.0001,0.0001,0.0001,0.0001,0.0001,0.0001
M1,Female,18,2035,0.0001,0.0001,0.0001,0.0001,0.0001,0.0001,0.0001
M1,Female,18,2036,0.0001,0.0001,0.0001,0.0001,0.0001,0.0001,0.0001
M1,Female,18,2037,0.0001,0.0001,0.0001,0.0001,0.0001,0.0001,0.0001
M1,Female,18,2038,0.0001,0.0001,0.0001,0.0001,0.0001,0.0001,0.0001
M1,Female,18,2039,0.0001,0.0001,0.0001,0.0001,0.0001,0.0001,0.0001
M1,Female,18,2040,0.0001,0.0001,0.0001,0.0001,0.0001,0.0001,0.0001
M1,Female,19,2021,0.0002,0.0001,0.0002,0.0001,0.0002,0.0001,0.0002
M1,Female,19,2022,0.0001,0.0001,0.0002,0.0001,0.0002,0.0001,0.0002
M1,Female,19,2023,0.0001,0.0001,0.0002,0.0001,0.0002,0.0001,0.0002
M1,Female,19,2024,0.0001,0.0001,0.0001,0.0001,0.0001,0.0001,0.0002
M1,Female,19,2025,0.0001,0.0001,0.0001,0.0001,0.0001,0.0001,0.0002
M1,Female,19,2026,0.0001,0.0001,0.0001,0.0001,0.0001,0.0001,0.0002
M1,Female,19,2027,0.0001,0.0001,0.0001,0.0001,0.0001,0.0001,0.0001
M1,Female,19,2028,0.0001,0.0001,0.0001,0.0001,0.0001,0.0001,0.0001
M1,Female,19,2029,0.0001,0.0001,0.0001,0.0001,0.0001,0.0001,0.0001
M1,Female,19,2030,0.0001,0.0001,0.0001,0.0001,0.0001,0.0001,0.0001
M1,Female,19,2031,0.0001,0.0001,0.0001,0.0001,0.0001,0.0001,0.0001
M1,Female,19,2032,0.0001,0.0001,0.0001,0.0001,0.0001,0.0001,0.0001
M1,Female,19,2033,0.0001,0.0001,0.0001,0.0001,0.0001,0.0001,0.0001
M1,Female,19,2034,0.0001,0.0001,0.0001,0.0001,0.0001,0.0001,0.0001
M1,Female,19,2035,0.0001,0.0001,0.0001,0.0001,0.0001,0.0001,0.0001
M1,Female,19,2036,0.0001,0.0001,0.0001,0.0001,0.0001,0.0001,0.0001
M1,Female,19,2037,0.0001,0.0001,0.0001,0.0001,0.0001,0.0001,0.0001
M1,Female,19,2038,0.0001,0.0001,0.0001,0.0001,0.0001,0.0001,0.0001
M1,Female,19,2039,0.0001,0.0001,0.0001,0.0001,0.0001,0.0001,0.0001
M1,Female,19,2040,0.0001,0.0001,0.0001,0.0001,0.0001,0.0001,0.0001
M1,Female,20,2021,0.0002,0.0002,0.0002,0.0002,0.0002,0.0002,0.0002
M1,Female,20,2022,0.0002,0.0002,0.0002,0.0002,0.0002,0.0001,0.0002
M1,Female,20,2023,0.0002,0.0002,0.0002,0.0001,0.0002,0.0001,0.0002
M1,Female,20,2024,0.0002,0.0001,0.0002,0.0001,0.0002,0.0001,0.0002
M1,Female,20,2025,0.0001,0.0001,0.0002,0.0001,0.0002,0.0001,0.0002
M1,Female,20,2026,0.0001,0.0001,0.0001,0.0001,0.0002,0.0001,0.0002
M1,Female,20,2027,0.0001,0.0001,0.0001,0.0001,0.0002,0.0001,0.0002
M1,Female,20,2028,0.0001,0.0001,0.0001,0.0001,0.0001,0.0001,0.0002
M1,Female,20,2029,0.0001,0.0001,0.0001,0.0001,0.0001,0.0001,0.0002
M1,Female,20,2030,0.0001,0.0001,0.0001,0.0001,0.0001,0.0001,0.0001
M1,Female,20,2031,0.0001,0.0001,0.0001,0.0001,0.0001,0.0001,0.0001
M1,Female,20,2032,0.0001,0.0001,0.0001,0.0001,0.0001,0.0001,0.0001
M1,Female,20,2033,0.0001,0.0001,0.0001,0.0001,0.0001,0.0001,0.0001
M1,Female,20,2034,0.0001,0.0001,0.0001,0.0001,0.0001,0.0001,0.0001
M1,Female,20,2035,0.0001,0.0001,0.0001,0.0001,0.0001,0.0001,0.0001
M1,Female,20,2036,0.0001,0.0001,0.0001,0.0001,0.0001,0.0001,0.0001
M1,Female,20,2037,0.0001,0.0001,0.0001,0.0001,0.0001,0.0001,0.0001
M1,Female,20,2038,0.0001,0.0001,0.0001,0.0001,0.0001,0.0001,0.0001
M1,Female,20,2039,0.0001,0.0001,0.0001,0.0001,0.0001,0.0001,0.0001
M1,Female,20,2040,0.0001,0.0001,0.0001,0.0001,0.0001,0.0001,0.0001
M1,Female,21,2021,0.0002,0.0002,0.0002,0.0002,0.0002,0.0002,0.0002
M1,Female,21,2022,0.0002,0.0002,0.0002,0.0002,0.0002,0.0002,0.0002
M1,Female,21,2023,0.0002,0.0002,0.0002,0.0002,0.0002,0.0002,0.0002
M1,Female,21,2024,0.0002,0.0002,0.0002,0.0002,0.0002,0.0001,0.0002
M1,Female,21,2025,0.0002,0.0002,0.0002,0.0001,0.0002,0.0001,0.0002
M1,Female,21,2026,0.0002,0.0001,0.0002,0.0001,0.0002,0.0001,0.0002
M1,Female,21,2027,0.0001,0.0001,0.0002,0.0001,0.0002,0.0001,0.0002
M1,Female,21,2028,0.0001,0.0001,0.0002,0.0001,0.0002,0.0001,0.0002
M1,Female,21,2029,0.0001,0.0001,0.0001,0.0001,0.0002,0.0001,0.0002
M1,Female,21,2030,0.0001,0.0001,0.0001,0.0001,0.0002,0.0001,0.0002
M1,Female,21,2031,0.0001,0.0001,0.0001,0.0001,0.0001,0.0001,0.0002
M1,Female,21,2032,0.0001,0.0001,0.0001,0.0001,0.0001,0.0001,0.0002
M1,Female,21,2033,0.0001,0.0001,0.0001,0.0001,0.0001,0.0001,0.0001
M1,Female,21,2034,0.0001,0.0001,0.0001,0.0001,0.0001,0.0001,0.0001
M1,Female,21,2035,0.0001,0.0001,0.0001,0.0001,0.0001,0.0001,0.0001
M1,Female,21,2036,0.0001,0.0001,0.0001,0.0001,0.0001,0.0001,0.0001
M1,Female,21,2037,0.0001,0.0001,0.0001,0.0001,0.0001,0.0001,0.0001
M1,Female,21,2038,0.0001,0.0001,0.0001,0.0001,0.0001,0.0001,0.0001
M1,Female,21,2039,0.0001,0.0001,0.0001,0.0001,0.0001,0.0001,0.0001
M1,Female,21,2040,0.0001,0.0001,0.0001,0.0001,0.0001,0.0001,0.0001
M1,Female,22,2021,0.0002,0.0002,0.0002,0.0002,0.0002,0.0002,0.0002
M1,Female,22,2022,0.0002,0.0002,0.0002,0.0002,0.0002,0.0001,0.0002
M1,Female,22,2023,0.0002,0.0002,0.0002,0.0001,0.0002,0.0001,0.0002
M1,Female,22,2024,0.0002,0.0001,0.0002,0.0001,0.0002,0.0001,0.0002
M1,Female,22,2025,0.0001,0.0001,0.0002,0.0001,0.0002,0.0001,0.0002
M1,Female,22,2026,0.0001,0.0001,0.0002,0.0001,0.0002,0.0001,0.0002
M1,Female,22,2027,0.0001,0.0001,0.0001,0.0001,0.0002,0.0001,0.0002
M1,Female,22,2028,0.0001,0.0001,0.0001,0.0001,0.0001,0.0001,0.0002
M1,Female,22,2029,0.0001,0.0001,0.0001,0.0001,0.0001,0.0001,0.0002
M1,Female,22,2030,0.0001,0.0001,0.0001,0.0001,0.0001,0.0001,0.0002
M1,Female,22,2031,0.0001,0.0001,0.0001,0.0001,0.0001,0.0001,0.0001
M1,Female,22,2032,0.0001,0.0001,0.0001,0.0001,0.0001,0.0001,0.0001
M1,Female,22,2033,0.0001,0.0001,0.0001,0.0001,0.0001,0.0001,0.0001
M1,Female,22,2034,0.0001,0.0001,0.0001,0.0001,0.0001,0.0001,0.0001
M1,Female,22,2035,0.0001,0.0001,0.0001,0.0001,0.0001,0.0001,0.0001
M1,Female,22,2036,0.0001,0.0001,0.0001,0.0001,0.0001,0.0001,0.0001
M1,Female,22,2037,0.0001,0.0001,0.0001,0.0001,0.0001,0.0001,0.0001
M1,Female,22,2038,0.0001,0.0001,0.0001,0.0001,0.0001,0.0001,0.0001
M1,Female,22,2039,0.0001,0.0001,0.0001,0.0001,0.0001,0.0001,0.0001
M1,Female,22,2040,0.0001,0.0001,0.0001,0.0001,0.0001,0.0001,0.0001
M1,Female,23,2021,0.0002,0.0002,0.0002,0.0002,0.0002,0.0002,0.0002
M1,Female,23,2022,0.0002,0.0002,0.0002,0.0002,0.0002,0.0002,0.0002
M1,Female,23,2023,0.0002,0.0002,0.0002,0.0002,0.0002,0.0002,0.0002
M1,Female,23,2024,0.0002,0.0002,0.0002,0.0001,0.0002,0.0001,0.0002
M1,Female,23,2025,0.0002,0.0002,0.0002,0.0001,0.0002,0.0001,0.0002
M1,Female,23,2026,0.0002,0.0001,0.0002,0.0001,0.0002,0.0001,0.0002
M1,Female,23,2027,0.0001,0.0001,0.0002,0.0001,0.0002,0.0001,0.0002
M1,Female,23,2028,0.0001,0.0001,0.0002,0.0001,0.0002,0.0001,0.0002
M1,Female,23,2029,0.0001,0.0001,0.0001,0.0001,0.0002,0.0001,0.0002
M1,Female,23,2030,0.0001,0.0001,0.0001,0.0001,0.0002,0.0001,0.0002
M1,Female,23,2031,0.0001,0.0001,0.0001,0.0001,0.0001,0.0001,0.0002
M1,Female,23,2032,0.0001,0.0001,0.0001,0.0001,0.0001,0.0001,0.0002
M1,Female,23,2033,0.0001,0.0001,0.0001,0.0001,0.0001,0.0001,0.0001
M1,Female,23,2034,0.0001,0.0001,0.0001,0.0001,0.0001,0.0001,0.0001
M1,Female,23,2035,0.0001,0.0001,0.0001,0.0001,0.0001,0.0001,0.0001
M1,Female,23,2036,0.0001,0.0001,0.0001,0.0001,0.0001,0.0001,0.0001
M1,Female,23,2037,0.0001,0.0001,0.0001,0.0001,0.0001,0.0001,0.0001
M1,Female,23,2038,0.0001,0.0001,0.0001,0.0001,0.0001,0.0001,0.0001
M1,Female,23,2039,0.0001,0.0001,0.0001,0.0001,0.0001,0.0001,0.0001
M1,Female,23,2040,0.0001,0.0001,0.0001,0.0001,0.0001,0.0001,0.0001
M1,Female,24,2021,0.0001,0.0001,0.0001,0.0001,0.0001,0.0001,0.0001
M1,Female,24,2022,0.0001,0.0001,0.0001,0.0001,0.0001,0.0001,0.0001
M1,Female,24,2023,0.0001,0.0001,0.0001,0.0001,0.0001,0.0001,0.0001
M1,Female,24,2024,0.0001,0.0001,0.0001,0.0001,0.0001,0.0001,0.0001
M1,Female,24,2025,0.0001,0.0001,0.0001,0.0001,0.0001,0.0001,0.0001
M1,Female,24,2026,0.0001,0.0001,0.0001,0.0001,0.0001,0.0001,0.0001
M1,Female,24,2027,0.0001,0.0001,0.0001,0.0001,0.0001,0.0001,0.0001
M1,Female,24,2028,0.0001,0.0001,0.0001,0.0001,0.0001,0.0001,0.0001
M1,Female,24,2029,0.0001,0.0001,0.0001,0.0001,0.0001,0.0001,0.0001
M1,Female,24,2030,0.0001,0.0001,0.0001,0.0001,0.0001,0.0001,0.0001
M1,Female,24,2031,0.0001,0.0001,0.0001,0.0001,0.0001,0.0001,0.0001
M1,Female,24,2032,0.0001,0.0001,0.0001,0.0001,0.0001,0.0001,0.0001
M1,Female,24,2033,0.0001,0.0001,0.0001,0.0001,0.0001,0.0001,0.0001
M1,Female,24,2034,0.0001,0.0001,0.0001,0.0001,0.0001,0.0001,0.0001
M1,Female,24,2035,0.0001,0.0001,0.0001,0.0001,0.0001,0.0001,0.0001
M1,Female,24,2036,0.0001,0.0001,0.0001,0.0001,0.0001,0.0001,0.0001
M1,Female,24,2037,0.0001,0.0001,0.0001,0.0001,0.0001,0.0001,0.0001
M1,Female,24,2038,0.0001,0.0001,0.0001,0.0001,0.0001,0.0001,0.0001
M1,Female,24,2039,0.0001,0.0001,0.0001,0.0001,0.0001,0.0001,0.0001
M1,Female,24,2040,0.0001,0.0001,0.0001,0.0001,0.0001,0.0001,0.0001
M1,Female,25,2021,0.0002,0.0002,0.0002,0.0002,0.0002,0.0002,0.0002
M1,Female,25,2022,0.0002,0.0002,0.0002,0.0002,0.0002,0.0002,0.0002
M1,Female,25,2023,0.0002,0.0002,0.0002,0.0002,0.0002,0.0002,0.0002
M1,Female,25,2024,0.0002,0.0002,0.0002,0.0002,0.0002,0.0002,0.0002
M1,Female,25,2025,0.0002,0.0002,0.0002,0.0002,0.0002,0.0002,0.0002
M1,Female,25,2026,0.0002,0.0002,0.0002,0.0002,0.0002,0.0001,0.0002
M1,Female,25,2027,0.0002,0.0002,0.0002,0.0001,0.0002,0.0001,0.0002
M1,Female,25,2028,0.0002,0.0001,0.0002,0.0001,0.0002,0.0001,0.0002
M1,Female,25,2029,0.0001,0.0001,0.0002,0.0001,0.0002,0.0001,0.0002
M1,Female,25,2030,0.0001,0.0001,0.0002,0.0001,0.0002,0.0001,0.0002
M1,Female,25,2031,0.0001,0.0001,0.0002,0.0001,0.0002,0.0001,0.0002
M1,Female,25,2032,0.0001,0.0001,0.0001,0.0001,0.0002,0.0001,0.0002
M1,Female,25,2033,0.0001,0.0001,0.0001,0.0001,0.0001,0.0001,0.0002
M1,Female,25,2034,0.0001,0.0001,0.0001,0.0001,0.0001,0.0001,0.0002
M1,Female,25,2035,0.0001,0.0001,0.0001,0.0001,0.0001,0.0001,0.0002
M1,Female,25,2036,0.0001,0.0001,0.0001,0.0001,0.0001,0.0001,0.0001
M1,Female,25,2037,0.0001,0.0001,0.0001,0.0001,0.0001,0.0001,0.0001
M1,Female,25,2038,0.0001,0.0001,0.0001,0.0001,0.0001,0.0001,0.0001
M1,Female,25,2039,0.0001,0.0001,0.0001,0.0001,0.0001,0.0001,0.0001
M1,Female,25,2040,0.0001,0.0001,0.0001,0.0001,0.0001,0.0001,0.0001
M1,Female,26,2021,0.0002,0.0002,0.0002,0.0002,0.0002,0.0002,0.0002
M1,Female,26,2022,0.0002,0.0002,0.0002,0.0002,0.0002,0.0002,0.0002
M1,Female,26,2023,0.0002,0.0002,0.0002,0.0002,0.0002,0.0002,0.0002
M1,Female,26,2024,0.0002,0.0002,0.0002,0.0002,0.0002,0.0002,0.0002
M1,Female,26,2025,0.0002,0.0002,0.0002,0.0002,0.0002,0.0002,0.0002
M1,Female,26,2026,0.0002,0.0002,0.0002,0.0002,0.0002,0.0002,0.0002
M1,Female,26,2027,0.0002,0.0002,0.0002,0.0002,0.0002,0.0001,0.0002
M1,Female,26,2028,0.0002,0.0002,0.0002,0.0002,0.0002,0.0001,0.0002
M1,Female,26,2029,0.0002,0.0002,0.0002,0.0001,0.0002,0.0001,0.0002
M1,Female,26,2030,0.0002,0.0001,0.0002,0.0001,0.0002,0.0001,0.0002
M1,Female,26,2031,0.0002,0.0001,0.0002,0.0001,0.0002,0.0001,0.0002
M1,Female,26,2032,0.0001,0.0001,0.0002,0.0001,0.0002,0.0001,0.0002
M1,Female,26,2033,0.0001,0.0001,0.0002,0.0001,0.0002,0.0001,0.0002
M1,Female,26,2034,0.0001,0.0001,0.0001,0.0001,0.0002,0.0001,0.0002
M1,Female,26,2035,0.0001,0.0001,0.0001,0.0001,0.0002,0.0001,0.0002
M1,Female,26,2036,0.0001,0.0001,0.0001,0.0001,0.0001,0.0001,0.0002
M1,Female,26,2037,0.0001,0.0001,0.0001,0.0001,0.0001,0.0001,0.0002
M1,Female,26,2038,0.0001,0.0001,0.0001,0.0001,0.0001,0.0001,0.0002
M1,Female,26,2039,0.0001,0.0001,0.0001,0.0001,0.0001,0.0001,0.0001
M1,Female,26,2040,0.0001,0.0001,0.0001,0.0001,0.0001,0.0001,0.0001
M1,Female,27,2021,0.0002,0.0002,0.0002,0.0002,0.0002,0.0002,0.0002
M1,Female,27,2022,0.0002,0.0002,0.0002,0.0002,0.0002,0.0002,0.0002
M1,Female,27,2023,0.0002,0.0002,0.0002,0.0002,0.0002,0.0002,0.0002
M1,Female,27,2024,0.0002,0.0002,0.0002,0.0002,0.0002,0.0002,0.0002
M1,Female,27,2025,0.0002,0.0002,0.0002,0.0002,0.0002,0.0002,0.0002
M1,Female,27,2026,0.0002,0.0002,0.0002,0.0002,0.0002,0.0002,0.0002
M1,Female,27,2027,0.0002,0.0002,0.0002,0.0002,0.0002,0.0002,0.0002
M1,Female,27,2028,0.0002,0.0002,0.0002,0.0002,0.0002,0.0001,0.0002
M1,Female,27,2029,0.0002,0.0002,0.0002,0.0002,0.0002,0.0001,0.0002
M1,Female,27,2030,0.0002,0.0002,0.0002,0.0001,0.0002,0.0001,0.0002
M1,Female,27,2031,0.0002,0.0001,0.0002,0.0001,0.0002,0.0001,0.0002
M1,Female,27,2032,0.0002,0.0001,0.0002,0.0001,0.0002,0.0001,0.0002
M1,Female,27,2033,0.0001,0.0001,0.0002,0.0001,0.0002,0.0001,0.0002
M1,Female,27,2034,0.0001,0.0001,0.0002,0.0001,0.0002,0.0001,0.0002
M1,Female,27,2035,0.0001,0.0001,0.0001,0.0001,0.0002,0.0001,0.0002
M1,Female,27,2036,0.0001,0.0001,0.0001,0.0001,0.0002,0.0001,0.0002
M1,Female,27,2037,0.0001,0.0001,0.0001,0.0001,0.0001,0.0001,0.0002
M1,Female,27,2038,0.0001,0.0001,0.0001,0.0001,0.0001,0.0001,0.0002
M1,Female,27,2039,0.0001,0.0001,0.0001,0.0001,0.0001,0.0001,0.0002
M1,Female,27,2040,0.0001,0.0001,0.0001,0.0001,0.0001,0.0001,0.0002
M1,Female,28,2021,0.0002,0.0002,0.0002,0.0002,0.0002,0.0002,0.0003
M1,Female,28,2022,0.0002,0.0002,0.0002,0.0002,0.0002,0.0002,0.0002
M1,Female,28,2023,0.0002,0.0002,0.0002,0.0002,0.0002,0.0002,0.0002
M1,Female,28,2024,0.0002,0.0002,0.0002,0.0002,0.0002,0.0002,0.0002
M1,Female,28,2025,0.0002,0.0002,0.0002,0.0002,0.0002,0.0002,0.0002
M1,Female,28,2026,0.0002,0.0002,0.0002,0.0002,0.0002,0.0002,0.0002
M1,Female,28,2027,0.0002,0.0002,0.0002,0.0002,0.0002,0.0002,0.0002
M1,Female,28,2028,0.0002,0.0002,0.0002,0.0002,0.0002,0.0002,0.0002
M1,Female,28,2029,0.0002,0.0002,0.0002,0.0002,0.0002,0.0002,0.0002
M1,Female,28,2030,0.0002,0.0002,0.0002,0.0002,0.0002,0.0002,0.0002
M1,Female,28,2031,0.0002,0.0002,0.0002,0.0002,0.0002,0.0002,0.0002
M1,Female,28,2032,0.0002,0.0002,0.0002,0.0002,0.0002,0.0002,0.0002
M1,Female,28,2033,0.0002,0.0002,0.0002,0.0002,0.0002,0.0002,0.0002
M1,Female,28,2034,0.0002,0.0002,0.0002,0.0002,0.0002,0.0002,0.0002
M1,Female,28,2035,0.0002,0.0002,0.0002,0.0002,0.0002,0.0002,0.0002
M1,Female,28,2036,0.0002,0.0002,0.0002,0.0002,0.0002,0.0001,0.0002
M1,Female,28,2037,0.0002,0.0002,0.0002,0.0001,0.0002,0.0001,0.0002
M1,Female,28,2038,0.0002,0.0002,0.0002,0.0001,0.0002,0.0001,0.0002
M1,Female,28,2039,0.0002,0.0001,0.0002,0.0001,0.0002,0.0001,0.0002
M1,Female,28,2040,0.0002,0.0001,0.0002,0.0001,0.0002,0.0001,0.0002
M1,Female,29,2021,0.0002,0.0002,0.0002,0.0002,0.0002,0.0002,0.0002
M1,Female,29,2022,0.0002,0.0002,0.0002,0.0002,0.0002,0.0002,0.0002
M1,Female,29,2023,0.0002,0.0002,0.0002,0.0002,0.0002,0.0002,0.0002
M1,Female,29,2024,0.0002,0.0002,0.0002,0.0002,0.0002,0.0002,0.0002
M1,Female,29,2025,0.0002,0.0002,0.0002,0.0002,0.0002,0.0002,0.0002
M1,Female,29,2026,0.0002,0.0002,0.0002,0.0002,0.0002,0.0002,0.0002
M1,Female,29,2027,0.0002,0.0002,0.0002,0.0002,0.0002,0.0002,0.0002
M1,Female,29,2028,0.0002,0.0002,0.0002,0.0002,0.0002,0.0002,0.0002
M1,Female,29,2029,0.0002,0.0002,0.0002,0.0002,0.0002,0.0002,0.0002
M1,Female,29,2030,0.0002,0.0002,0.0002,0.0002,0.0002,0.0002,0.0002
M1,Female,29,2031,0.0002,0.0002,0.0002,0.0002,0.0002,0.0002,0.0002
M1,Female,29,2032,0.0002,0.0002,0.0002,0.0002,0.0002,0.0001,0.0002
M1,Female,29,2033,0.0002,0.0002,0.0002,0.0002,0.0002,0.0001,0.0002
M1,Female,29,2034,0.0002,0.0002,0.0002,0.0001,0.0002,0.0001,0.0002
M1,Female,29,2035,0.0002,0.0002,0.0002,0.0001,0.0002,0.0001,0.0002
M1,Female,29,2036,0.0002,0.0001,0.0002,0.0001,0.0002,0.0001,0.0002
M1,Female,29,2037,0.0002,0.0001,0.0002,0.0001,0.0002,0.0001,0.0002
M1,Female,29,2038,0.0001,0.0001,0.0002,0.0001,0.0002,0.0001,0.0002
M1,Female,29,2039,0.0001,0.0001,0.0002,0.0001,0.0002,0.0001,0.0002
M1,Female,29,2040,0.0001,0.0001,0.0002,0.0001,0.0002,0.0001,0.0002
M1,Female,30,2021,0.0002,0.0002,0.0002,0.0002,0.0002,0.0002,0.0003
M1,Female,30,2022,0.0002,0.0002,0.0002,0.0002,0.0002,0.0002,0.0003
M1,Female,30,2023,0.0002,0.0002,0.0002,0.0002,0.0002,0.0002,0.0002
M1,Female,30,2024,0.0002,0.0002,0.0002,0.0002,0.0002,0.0002,0.0002
M1,Female,30,2025,0.0002,0.0002,0.0002,0.0002,0.0002,0.0002,0.0002
M1,Female,30,2026,0.0002,0.0002,0.0002,0.0002,0.0002,0.0002,0.0002
M1,Female,30,2027,0.0002,0.0002,0.0002,0.0002,0.0002,0.0002,0.0002
M1,Female,30,2028,0.0002,0.0002,0.0002,0.0002,0.0002,0.0002,0.0002
M1,Female,30,2029,0.0002,0.0002,0.0002,0.0002,0.0002,0.0002,0.0002
M1,Female,30,2030,0.0002,0.0002,0.0002,0.0002,0.0002,0.0002,0.0002
M1,Female,30,2031,0.0002,0.0002,0.0002,0.0002,0.0002,0.0002,0.0002
M1,Female,30,2032,0.0002,0.0002,0.0002,0.0002,0.0002,0.0002,0.0002
M1,Female,30,2033,0.0002,0.0002,0.0002,0.0002,0.0002,0.0002,0.0002
M1,Female,30,2034,0.0002,0.0002,0.0002,0.0002,0.0002,0.0002,0.0002
M1,Female,30,2035,0.0002,0.0002,0.0002,0.0002,0.0002,0.0002,0.0002
M1,Female,30,2036,0.0002,0.0002,0.0002,0.0002,0.0002,0.0001,0.0002
M1,Female,30,2037,0.0002,0.0002,0.0002,0.0002,0.0002,0.0001,0.0002
M1,Female,30,2038,0.0002,0.0002,0.0002,0.0001,0.0002,0.0001,0.0002
M1,Female,30,2039,0.0002,0.0002,0.0002,0.0001,0.0002,0.0001,0.0002
M1,Female,30,2040,0.0002,0.0001,0.0002,0.0001,0.0002,0.0001,0.0002
M1,Female,31,2021,0.0003,0.0003,0.0003,0.0003,0.0003,0.0003,0.0003
M1,Female,31,2022,0.0003,0.0003,0.0003,0.0003,0.0003,0.0003,0.0003
M1,Female,31,2023,0.0003,0.0003,0.0003,0.0003,0.0003,0.0003,0.0003
M1,Female,31,2024,0.0003,0.0003,0.0003,0.0003,0.0003,0.0003,0.0003
M1,Female,31,2025,0.0003,0.0003,0.0003,0.0003,0.0003,0.0003,0.0003
M1,Female,31,2026,0.0003,0.0003,0.0003,0.0003,0.0003,0.0002,0.0003
M1,Female,31,2027,0.0003,0.0003,0.0003,0.0002,0.0003,0.0002,0.0003
M1,Female,31,2028,0.0003,0.0002,0.0003,0.0002,0.0003,0.0002,0.0003
M1,Female,31,2029,0.0003,0.0002,0.0003,0.0002,0.0003,0.0002,0.0003
M1,Female,31,2030,0.0002,0.0002,0.0003,0.0002,0.0003,0.0002,0.0003
M1,Female,31,2031,0.0002,0.0002,0.0003,0.0002,0.0003,0.0002,0.0003
M1,Female,31,2032,0.0002,0.0002,0.0002,0.0002,0.0003,0.0002,0.0003
M1,Female,31,2033,0.0002,0.0002,0.0002,0.0002,0.0003,0.0002,0.0003
M1,Female,31,2034,0.0002,0.0002,0.0002,0.0002,0.0002,0.0002,0.0003
M1,Female,31,2035,0.0002,0.0002,0.0002,0.0002,0.0002,0.0002,0.0003
M1,Female,31,2036,0.0002,0.0002,0.0002,0.0002,0.0002,0.0002,0.0003
M1,Female,31,2037,0.0002,0.0002,0.0002,0.0002,0.0002,0.0002,0.0002
M1,Female,31,2038,0.0002,0.0002,0.0002,0.0002,0.0002,0.0002,0.0002
M1,Female,31,2039,0.0002,0.0002,0.0002,0.0002,0.0002,0.0002,0.0002
M1,Female,31,2040,0.0002,0.0002,0.0002,0.0002,0.0002,0.0002,0.0002
M1,Female,32,2021,0.0003,0.0003,0.0003,0.0003,0.0003,0.0003,0.0003
M1,Female,32,2022,0.0003,0.0003,0.0003,0.0003,0.0003,0.0003,0.0003
M1,Female,32,2023,0.0003,0.0003,0.0003,0.0003,0.0003,0.0003,0.0003
M1,Female,32,2024,0.0003,0.0003,0.0003,0.0003,0.0003,0.0003,0.0003
M1,Female,32,2025,0.0003,0.0003,0.0003,0.0003,0.0003,0.0002,0.0003
M1,Female,32,2026,0.0003,0.0003,0.0003,0.0002,0.0003,0.0002,0.0003
M1,Female,32,2027,0.0003,0.0003,0.0003,0.0002,0.0003,0.0002,0.0003
M1,Female,32,2028,0.0003,0.0002,0.0003,0.0002,0.0003,0.0002,0.0003
M1,Female,32,2029,0.0002,0.0002,0.0003,0.0002,0.0003,0.0002,0.0003
M1,Female,32,2030,0.0002,0.0002,0.0003,0.0002,0.0003,0.0002,0.0003
M1,Female,32,2031,0.0002,0.0002,0.0002,0.0002,0.0003,0.0002,0.0003
M1,Female,32,2032,0.0002,0.0002,0.0002,0.0002,0.0003,0.0002,0.0003
M1,Female,32,2033,0.0002,0.0002,0.0002,0.0002,0.0002,0.0002,0.0003
M1,Female,32,2034,0.0002,0.0002,0.0002,0.0002,0.0002,0.0002,0.0003
M1,Female,32,2035,0.0002,0.0002,0.0002,0.0002,0.0002,0.0002,0.0003
M1,Female,32,2036,0.0002,0.0002,0.0002,0.0002,0.0002,0.0002,0.0002
M1,Female,32,2037,0.0002,0.0002,0.0002,0.0002,0.0002,0.0002,0.0002
M1,Female,32,2038,0.0002,0.0002,0.0002,0.0002,0.0002,0.0002,0.0002
M1,Female,32,2039,0.0002,0.0002,0.0002,0.0002,0.0002,0.0002,0.0002
M1,Female,32,2040,0.0002,0.0002,0.0002,0.0002,0.0002,0.0002,0.0002
M1,Female,33,2021,0.0003,0.0003,0.0003,0.0003,0.0003,0.0003,0.0003
M1,Female,33,2022,0.0003,0.0003,0.0003,0.0003,0.0003,0.0003,0.0003
M1,Female,33,2023,0.0003,0.0003,0.0003,0.0003,0.0003,0.0003,0.0003
M1,Female,33,2024,0.0003,0.0003,0.0003,0.0003,0.0003,0.0003,0.0003
M1,Female,33,2025,0.0003,0.0003,0.0003,0.0003,0.0003,0.0003,0.0003
M1,Female,33,2026,0.0003,0.0003,0.0003,0.0003,0.0003,0.0003,0.0003
M1,Female,33,2027,0.0003,0.0003,0.0003,0.0003,0.0003,0.0003,0.0003
M1,Female,33,2028,0.0003,0.0003,0.0003,0.0003,0.0003,0.0003,0.0003
M1,Female,33,2029,0.0003,0.0003,0.0003,0.0003,0.0003,0.0003,0.0003
M1,Female,33,2030,0.0003,0.0003,0.0003,0.0003,0.0003,0.0002,0.0003
M1,Female,33,2031,0.0003,0.0003,0.0003,0.0003,0.0003,0.0002,0.0003
M1,Female,33,2032,0.0003,0.0003,0.0003,0.0002,0.0003,0.0002,0.0003
M1,Female,33,2033,0.0003,0.0002,0.0003,0.0002,0.0003,0.0002,0.0003
M1,Female,33,2034,0.0003,0.0002,0.0003,0.0002,0.0003,0.0002,0.0003
M1,Female,33,2035,0.0002,0.0002,0.0003,0.0002,0.0003,0.0002,0.0003
M1,Female,33,2036,0.0002,0.0002,0.0003,0.0002,0.0003,0.0002,0.0003
M1,Female,33,2037,0.0002,0.0002,0.0003,0.0002,0.0003,0.0002,0.0003
M1,Female,33,2038,0.0002,0.0002,0.0002,0.0002,0.0003,0.0002,0.0003
M1,Female,33,2039,0.0002,0.0002,0.0002,0.0002,0.0003,0.0002,0.0003
M1,Female,33,2040,0.0002,0.0002,0.0002,0.0002,0.0002,0.0002,0.0003
M1,Female,34,2021,0.0004,0.0004,0.0004,0.0003,0.0004,0.0003,0.0004
M1,Female,34,2022,0.0004,0.0003,0.0004,0.0003,0.0004,0.0003,0.0004
M1,Female,34,2023,0.0004,0.0003,0.0004,0.0003,0.0004,0.0003,0.0004
M1,Female,34,2024,0.0003,0.0003,0.0003,0.0003,0.0004,0.0003,0.0004
M1,Female,34,2025,0.0003,0.0003,0.0003,0.0003,0.0004,0.0003,0.0004
M1,Female,34,2026,0.0003,0.0003,0.0003,0.0003,0.0003,0.0003,0.0004
M1,Female,34,2027,0.0003,0.0003,0.0003,0.0003,0.0003,0.0003,0.0004
M1,Female,34,2028,0.0003,0.0003,0.0003,0.0003,0.0003,0.0003,0.0004
M1,Female,34,2029,0.0003,0.0003,0.0003,0.0003,0.0003,0.0003,0.0003
M1,Female,34,2030,0.0003,0.0003,0.0003,0.0003,0.0003,0.0003,0.0003
M1,Female,34,2031,0.0003,0.0003,0.0003,0.0003,0.0003,0.0003,0.0003
M1,Female,34,2032,0.0003,0.0003,0.0003,0.0003,0.0003,0.0003,0.0003
M1,Female,34,2033,0.0003,0.0003,0.0003,0.0003,0.0003,0.0002,0.0003
M1,Female,34,2034,0.0003,0.0003,0.0003,0.0003,0.0003,0.0002,0.0003
M1,Female,34,2035,0.0003,0.0003,0.0003,0.0003,0.0003,0.0002,0.0003
M1,Female,34,2036,0.0003,0.0003,0.0003,0.0002,0.0003,0.0002,0.0003
M1,Female,34,2037,0.0003,0.0002,0.0003,0.0002,0.0003,0.0002,0.0003
M1,Female,34,2038,0.0003,0.0002,0.0003,0.0002,0.0003,0.0002,0.0003
M1,Female,34,2039,0.0003,0.0002,0.0003,0.0002,0.0003,0.0002,0.0003
M1,Female,34,2040,0.0002,0.0002,0.0003,0.0002,0.0003,0.0002,0.0003
M1,Female,35,2021,0.0005,0.0005,0.0005,0.0005,0.0005,0.0004,0.0005
M1,Female,35,2022,0.0005,0.0005,0.0005,0.0004,0.0005,0.0004,0.0005
M1,Female,35,2023,0.0005,0.0004,0.0005,0.0004,0.0005,0.0004,0.0005
M1,Female,35,2024,0.0004,0.0004,0.0005,0.0004,0.0005,0.0004,0.0005
M1,Female,35,2025,0.0004,0.0004,0.0004,0.0004,0.0005,0.0004,0.0005
M1,Female,35,2026,0.0004,0.0004,0.0004,0.0004,0.0005,0.0004,0.0005
M1,Female,35,2027,0.0004,0.0004,0.0004,0.0004,0.0004,0.0004,0.0005
M1,Female,35,2028,0.0004,0.0004,0.0004,0.0004,0.0004,0.0004,0.0005
M1,Female,35,2029,0.0004,0.0004,0.0004,0.0004,0.0004,0.0004,0.0004
M1,Female,35,2030,0.0004,0.0004,0.0004,0.0004,0.0004,0.0004,0.0004
M1,Female,35,2031,0.0004,0.0004,0.0004,0.0004,0.0004,0.0003,0.0004
M1,Female,35,2032,0.0004,0.0004,0.0004,0.0003,0.0004,0.0003,0.0004
M1,Female,35,2033,0.0004,0.0004,0.0004,0.0003,0.0004,0.0003,0.0004
M1,Female,35,2034,0.0004,0.0003,0.0004,0.0003,0.0004,0.0003,0.0004
M1,Female,35,2035,0.0004,0.0003,0.0004,0.0003,0.0004,0.0003,0.0004
M1,Female,35,2036,0.0003,0.0003,0.0004,0.0003,0.0004,0.0003,0.0004
M1,Female,35,2037,0.0003,0.0003,0.0004,0.0003,0.0004,0.0003,0.0004
M1,Female,35,2038,0.0003,0.0003,0.0004,0.0003,0.0004,0.0003,0.0004
M1,Female,35,2039,0.0003,0.0003,0.0003,0.0003,0.0004,0.0003,0.0004
M1,Female,35,2040,0.0003,0.0003,0.0003,0.0003,0.0004,0.0003,0.0004
M1,Female,36,2021,0.0004,0.0004,0.0004,0.0004,0.0004,0.0004,0.0004
M1,Female,36,2022,0.0004,0.0004,0.0004,0.0004,0.0004,0.0004,0.0004
M1,Female,36,2023,0.0004,0.0004,0.0004,0.0004,0.0004,0.0004,0.0004
M1,Female,36,2024,0.0004,0.0004,0.0004,0.0004,0.0004,0.0004,0.0004
M1,Female,36,2025,0.0004,0.0004,0.0004,0.0004,0.0004,0.0004,0.0004
M1,Female,36,2026,0.0004,0.0004,0.0004,0.0004,0.0004,0.0004,0.0004
M1,Female,36,2027,0.0004,0.0004,0.0004,0.0004,0.0004,0.0003,0.0004
M1,Female,36,2028,0.0004,0.0004,0.0004,0.0004,0.0004,0.0003,0.0004
M1,Female,36,2029,0.0004,0.0004,0.0004,0.0003,0.0004,0.0003,0.0004
M1,Female,36,2030,0.0004,0.0003,0.0004,0.0003,0.0004,0.0003,0.0004
M1,Female,36,2031,0.0004,0.0003,0.0004,0.0003,0.0004,0.0003,0.0004
M1,Female,36,2032,0.0003,0.0003,0.0004,0.0003,0.0004,0.0003,0.0004
M1,Female,36,2033,0.0003,0.0003,0.0004,0.0003,0.0004,0.0003,0.0004
M1,Female,36,2034,0.0003,0.0003,0.0003,0.0003,0.0004,0.0003,0.0004
M1,Female,36,2035,0.0003,0.0003,0.0003,0.0003,0.0004,0.0003,0.0004
M1,Female,36,2036,0.0003,0.0003,0.0003,0.0003,0.0003,0.0003,0.0004
M1,Female,36,2037,0.0003,0.0003,0.0003,0.0003,0.0003,0.0003,0.0004
M1,Female,36,2038,0.0003,0.0003,0.0003,0.0003,0.0003,0.0003,0.0004
M1,Female,36,2039,0.0003,0.0003,0.0003,0.0003,0.0003,0.0003,0.0003
M1,Female,36,2040,0.0003,0.0003,0.0003,0.0003,0.0003,0.0003,0.0003
M1,Female,37,2021,0.0005,0.0005,0.0005,0.0005,0.0005,0.0004,0.0005
M1,Female,37,2022,0.0005,0.0005,0.0005,0.0004,0.0005,0.0004,0.0005
M1,Female,37,2023,0.0005,0.0004,0.0005,0.0004,0.0005,0.0004,0.0005
M1,Female,37,2024,0.0004,0.0004,0.0005,0.0004,0.0005,0.0004,0.0005
M1,Female,37,2025,0.0004,0.0004,0.0004,0.0004,0.0005,0.0004,0.0005
M1,Female,37,2026,0.0004,0.0004,0.0004,0.0004,0.0005,0.0004,0.0005
M1,Female,37,2027,0.0004,0.0004,0.0004,0.0004,0.0004,0.0004,0.0005
M1,Female,37,2028,0.0004,0.0004,0.0004,0.0004,0.0004,0.0004,0.0005
M1,Female,37,2029,0.0004,0.0004,0.0004,0.0004,0.0004,0.0004,0.0004
M1,Female,37,2030,0.0004,0.0004,0.0004,0.0004,0.0004,0.0004,0.0004
M1,Female,37,2031,0.0004,0.0004,0.0004,0.0004,0.0004,0.0003,0.0004
M1,Female,37,2032,0.0004,0.0004,0.0004,0.0004,0.0004,0.0003,0.0004
M1,Female,37,2033,0.0004,0.0004,0.0004,0.0003,0.0004,0.0003,0.0004
M1,Female,37,2034,0.0004,0.0003,0.0004,0.0003,0.0004,0.0003,0.0004
M1,Female,37,2035,0.0004,0.0003,0.0004,0.0003,0.0004,0.0003,0.0004
M1,Female,37,2036,0.0004,0.0003,0.0004,0.0003,0.0004,0.0003,0.0004
M1,Female,37,2037,0.0003,0.0003,0.0004,0.0003,0.0004,0.0003,0.0004
M1,Female,37,2038,0.0003,0.0003,0.0004,0.0003,0.0004,0.0003,0.0004
M1,Female,37,2039,0.0003,0.0003,0.0003,0.0003,0.0004,0.0003,0.0004
M1,Female,37,2040,0.0003,0.0003,0.0003,0.0003,0.0004,0.0003,0.0004
M1,Female,38,2021,0.0005,0.0005,0.0005,0.0005,0.0005,0.0005,0.0005
M1,Female,38,2022,0.0005,0.0005,0.0005,0.0005,0.0005,0.0005,0.0005
M1,Female,38,2023,0.0005,0.0005,0.0005,0.0005,0.0005,0.0005,0.0005
M1,Female,38,2024,0.0005,0.0005,0.0005,0.0004,0.0005,0.0004,0.0005
M1,Female,38,2025,0.0005,0.0005,0.0005,0.0004,0.0005,0.0004,0.0005
M1,Female,38,2026,0.0005,0.0004,0.0005,0.0004,0.0005,0.0004,0.0005
M1,Female,38,2027,0.0004,0.0004,0.0005,0.0004,0.0005,0.0004,0.0005
M1,Female,38,2028,0.0004,0.0004,0.0005,0.0004,0.0005,0.0004,0.0005
M1,Female,38,2029,0.0004,0.0004,0.0004,0.0004,0.0005,0.0004,0.0005
M1,Female,38,2030,0.0004,0.0004,0.0004,0.0004,0.0005,0.0004,0.0005
M1,Female,38,2031,0.0004,0.0004,0.0004,0.0004,0.0004,0.0004,0.0005
M1,Female,38,2032,0.0004,0.0004,0.0004,0.0004,0.0004,0.0004,0.0005
M1,Female,38,2033,0.0004,0.0004,0.0004,0.0004,0.0004,0.0003,0.0004
M1,Female,38,2034,0.0004,0.0004,0.0004,0.0004,0.0004,0.0003,0.0004
M1,Female,38,2035,0.0004,0.0004,0.0004,0.0004,0.0004,0.0003,0.0004
M1,Female,38,2036,0.0004,0.0004,0.0004,0.0003,0.0004,0.0003,0.0004
M1,Female,38,2037,0.0004,0.0003,0.0004,0.0003,0.0004,0.0003,0.0004
M1,Female,38,2038,0.0004,0.0003,0.0004,0.0003,0.0004,0.0003,0.0004
M1,Female,38,2039,0.0004,0.0003,0.0004,0.0003,0.0004,0.0003,0.0004
M1,Female,38,2040,0.0003,0.0003,0.0004,0.0003,0.0004,0.0003,0.0004
M1,Female,39,2021,0.0006,0.0006,0.0006,0.0006,0.0007,0.0006,0.0007
M1,Female,39,2022,0.0006,0.0006,0.0006,0.0006,0.0006,0.0006,0.0007
M1,Female,39,2023,0.0006,0.0006,0.0006,0.0006,0.0006,0.0006,0.0007
M1,Female,39,2024,0.0006,0.0006,0.0006,0.0006,0.0006,0.0006,0.0006
M1,Female,39,2025,0.0006,0.0006,0.0006,0.0006,0.0006,0.0005,0.0006
M1,Female,39,2026,0.0006,0.0006,0.0006,0.0006,0.0006,0.0005,0.0006
M1,Female,39,2027,0.0006,0.0006,0.0006,0.0005,0.0006,0.0005,0.0006
M1,Female,39,2028,0.0006,0.0005,0.0006,0.0005,0.0006,0.0005,0.0006
M1,Female,39,2029,0.0005,0.0005,0.0006,0.0005,0.0006,0.0005,0.0006
M1,Female,39,2030,0.0005,0.0005,0.0006,0.0005,0.0006,0.0005,0.0006
M1,Female,39,2031,0.0005,0.0005,0.0005,0.0005,0.0006,0.0005,0.0006
M1,Female,39,2032,0.0005,0.0005,0.0005,0.0005,0.0006,0.0005,0.0006
M1,Female,39,2033,0.0005,0.0005,0.0005,0.0005,0.0005,0.0005,0.0006
M1,Female,39,2034,0.0005,0.0005,0.0005,0.0005,0.0005,0.0004,0.0006
M1,Female,39,2035,0.0005,0.0005,0.0005,0.0005,0.0005,0.0004,0.0006
M1,Female,39,2036,0.0005,0.0005,0.0005,0.0004,0.0005,0.0004,0.0005
M1,Female,39,2037,0.0005,0.0005,0.0005,0.0004,0.0005,0.0004,0.0005
M1,Female,39,2038,0.0005,0.0004,0.0005,0.0004,0.0005,0.0004,0.0005
M1,Female,39,2039,0.0005,0.0004,0.0005,0.0004,0.0005,0.0004,0.0005
M1,Female,39,2040,0.0004,0.0004,0.0005,0.0004,0.0005,0.0004,0.0005
M1,Female,40,2021,0.0006,0.0006,0.0006,0.0006,0.0006,0.0006,0.0006
M1,Female,40,2022,0.0006,0.0006,0.0006,0.0006,0.0006,0.0006,0.0006
M1,Female,40,2023,0.0006,0.0006,0.0006,0.0006,0.0006,0.0006,0.0006
M1,Female,40,2024,0.0006,0.0006,0.0006,0.0005,0.0006,0.0005,0.0006
M1,Female,40,2025,0.0006,0.0006,0.0006,0.0005,0.0006,0.0005,0.0006
M1,Female,40,2026,0.0006,0.0005,0.0006,0.0005,0.0006,0.0005,0.0006
M1,Female,40,2027,0.0005,0.0005,0.0006,0.0005,0.0006,0.0005,0.0006
M1,Female,40,2028,0.0005,0.0005,0.0006,0.0005,0.0006,0.0005,0.0006
M1,Female,40,2029,0.0005,0.0005,0.0005,0.0005,0.0006,0.0005,0.0006
M1,Female,40,2030,0.0005,0.0005,0.0005,0.0005,0.0006,0.0005,0.0006
M1,Female,40,2031,0.0005,0.0005,0.0005,0.0005,0.0005,0.0005,0.0006
M1,Female,40,2032,0.0005,0.0005,0.0005,0.0005,0.0005,0.0004,0.0006
M1,Female,40,2033,0.0005,0.0005,0.0005,0.0005,0.0005,0.0004,0.0005
M1,Female,40,2034,0.0005,0.0005,0.0005,0.0004,0.0005,0.0004,0.0005
M1,Female,40,2035,0.0005,0.0005,0.0005,0.0004,0.0005,0.0004,0.0005
M1,Female,40,2036,0.0005,0.0004,0.0005,0.0004,0.0005,0.0004,0.0005
M1,Female,40,2037,0.0005,0.0004,0.0005,0.0004,0.0005,0.0004,0.0005
M1,Female,40,2038,0.0004,0.0004,0.0005,0.0004,0.0005,0.0004,0.0005
M1,Female,40,2039,0.0004,0.0004,0.0005,0.0004,0.0005,0.0004,0.0005
M1,Female,40,2040,0.0004,0.0004,0.0005,0.0004,0.0005,0.0004,0.0005
M1,Female,41,2021,0.0007,0.0007,0.0007,0.0007,0.0007,0.0007,0.0008
M1,Female,41,2022,0.0007,0.0007,0.0007,0.0007,0.0007,0.0007,0.0008
M1,Female,41,2023,0.0007,0.0007,0.0007,0.0007,0.0007,0.0007,0.0007
M1,Female,41,2024,0.0007,0.0007,0.0007,0.0007,0.0007,0.0006,0.0007
M1,Female,41,2025,0.0007,0.0007,0.0007,0.0007,0.0007,0.0006,0.0007
M1,Female,41,2026,0.0007,0.0006,0.0007,0.0006,0.0007,0.0006,0.0007
M1,Female,41,2027,0.0007,0.0006,0.0007,0.0006,0.0007,0.0006,0.0007
M1,Female,41,2028,0.0006,0.0006,0.0007,0.0006,0.0007,0.0006,0.0007
M1,Female,41,2029,0.0006,0.0006,0.0007,0.0006,0.0007,0.0006,0.0007
M1,Female,41,2030,0.0006,0.0006,0.0006,0.0006,0.0007,0.0006,0.0007
M1,Female,41,2031,0.0006,0.0006,0.0006,0.0006,0.0007,0.0006,0.0007
M1,Female,41,2032,0.0006,0.0006,0.0006,0.0006,0.0006,0.0005,0.0007
M1,Female,41,2033,0.0006,0.0006,0.0006,0.0005,0.0006,0.0005,0.0007
M1,Female,41,2034,0.0006,0.0006,0.0006,0.0005,0.0006,0.0005,0.0006
M1,Female,41,2035,0.0006,0.0005,0.0006,0.0005,0.0006,0.0005,0.0006
M1,Female,41,2036,0.0006,0.0005,0.0006,0.0005,0.0006,0.0005,0.0006
M1,Female,41,2037,0.0005,0.0005,0.0006,0.0005,0.0006,0.0005,0.0006
M1,Female,41,2038,0.0005,0.0005,0.0006,0.0005,0.0006,0.0005,0.0006
M1,Female,41,2039,0.0005,0.0005,0.0006,0.0005,0.0006,0.0005,0.0006
M1,Female,41,2040,0.0005,0.0005,0.0005,0.0005,0.0006,0.0005,0.0006
M1,Female,42,2021,0.0008,0.0008,0.0008,0.0008,0.0008,0.0007,0.0008
M1,Female,42,2022,0.0008,0.0008,0.0008,0.0007,0.0008,0.0007,0.0008
M1,Female,42,2023,0.0008,0.0007,0.0008,0.0007,0.0008,0.0007,0.0008
M1,Female,42,2024,0.0007,0.0007,0.0008,0.0007,0.0008,0.0007,0.0008
M1,Female,42,2025,0.0007,0.0007,0.0007,0.0007,0.0008,0.0007,0.0008
M1,Female,42,2026,0.0007,0.0007,0.0007,0.0007,0.0008,0.0007,0.0008
M1,Female,42,2027,0.0007,0.0007,0.0007,0.0007,0.0007,0.0006,0.0008
M1,Female,42,2028,0.0007,0.0007,0.0007,0.0007,0.0007,0.0006,0.0008
M1,Female,42,2029,0.0007,0.0007,0.0007,0.0006,0.0007,0.0006,0.0007
M1,Female,42,2030,0.0007,0.0006,0.0007,0.0006,0.0007,0.0006,0.0007
M1,Female,42,2031,0.0007,0.0006,0.0007,0.0006,0.0007,0.0006,0.0007
M1,Female,42,2032,0.0006,0.0006,0.0007,0.0006,0.0007,0.0006,0.0007
M1,Female,42,2033,0.0006,0.0006,0.0007,0.0006,0.0007,0.0006,0.0007
M1,Female,42,2034,0.0006,0.0006,0.0006,0.0006,0.0007,0.0006,0.0007
M1,Female,42,2035,0.0006,0.0006,0.0006,0.0006,0.0007,0.0005,0.0007
M1,Female,42,2036,0.0006,0.0006,0.0006,0.0006,0.0006,0.0005,0.0007
M1,Female,42,2037,0.0006,0.0006,0.0006,0.0005,0.0006,0.0005,0.0007
M1,Female,42,2038,0.0006,0.0006,0.0006,0.0005,0.0006,0.0005,0.0007
M1,Female,42,2039,0.0006,0.0005,0.0006,0.0005,0.0006,0.0005,0.0007
M1,Female,42,2040,0.0006,0.0005,0.0006,0.0005,0.0006,0.0005,0.0006
M1,Female,43,2021,0.0009,0.0009,0.0009,0.0009,0.0009,0.0008,0.0009
M1,Female,43,2022,0.0009,0.0009,0.0009,0.0008,0.0009,0.0008,0.0009
M1,Female,43,2023,0.0009,0.0008,0.0009,0.0008,0.0009,0.0008,0.0009
M1,Female,43,2024,0.0008,0.0008,0.0009,0.0008,0.0009,0.0008,0.0009
M1,Female,43,2025,0.0008,0.0008,0.0008,0.0008,0.0009,0.0008,0.0009
M1,Female,43,2026,0.0008,0.0008,0.0008,0.0008,0.0009,0.0008,0.0009
M1,Female,43,2027,0.0008,0.0008,0.0008,0.0008,0.0008,0.0007,0.0009
M1,Female,43,2028,0.0008,0.0008,0.0008,0.0007,0.0008,0.0007,0.0009
M1,Female,43,2029,0.0008,0.0008,0.0008,0.0007,0.0008,0.0007,0.0008
M1,Female,43,2030,0.0008,0.0007,0.0008,0.0007,0.0008,0.0007,0.0008
M1,Female,43,2031,0.0007,0.0007,0.0008,0.0007,0.0008,0.0007,0.0008
M1,Female,43,2032,0.0007,0.0007,0.0008,0.0007,0.0008,0.0007,0.0008
M1,Female,43,2033,0.0007,0.0007,0.0007,0.0007,0.0008,0.0006,0.0008
M1,Female,43,2034,0.0007,0.0007,0.0007,0.0007,0.0008,0.0006,0.0008
M1,Female,43,2035,0.0007,0.0007,0.0007,0.0007,0.0008,0.0006,0.0008
M1,Female,43,2036,0.0007,0.0007,0.0007,0.0006,0.0007,0.0006,0.0008
M1,Female,43,2037,0.0007,0.0006,0.0007,0.0006,0.0007,0.0006,0.0008
M1,Female,43,2038,0.0007,0.0006,0.0007,0.0006,0.0007,0.0006,0.0007
M1,Female,43,2039,0.0007,0.0006,0.0007,0.0006,0.0007,0.0006,0.0007
M1,Female,43,2040,0.0006,0.0006,0.0007,0.0006,0.0007,0.0006,0.0007
M1,Female,44,2021,0.0009,0.0009,0.0010,0.0009,0.0010,0.0009,0.0010
M1,Female,44,2022,0.0009,0.0009,0.0009,0.0009,0.0010,0.0009,0.0010
M1,Female,44,2023,0.0009,0.0009,0.0009,0.0009,0.0010,0.0009,0.0010
M1,Female,44,2024,0.0009,0.0009,0.0009,0.0009,0.0009,0.0008,0.0010
M1,Female,44,2025,0.0009,0.0009,0.0009,0.0009,0.0009,0.0008,0.0010
M1,Female,44,2026,0.0009,0.0009,0.0009,0.0008,0.0009,0.0008,0.0009
M1,Female,44,2027,0.0009,0.0008,0.0009,0.0008,0.0009,0.0008,0.0009
M1,Female,44,2028,0.0008,0.0008,0.0009,0.0008,0.0009,0.0008,0.0009
M1,Female,44,2029,0.0008,0.0008,0.0009,0.0008,0.0009,0.0008,0.0009
M1,Female,44,2030,0.0008,0.0008,0.0008,0.0008,0.0009,0.0007,0.0009
M1,Female,44,2031,0.0008,0.0008,0.0008,0.0008,0.0009,0.0007,0.0009
M1,Female,44,2032,0.0008,0.0008,0.0008,0.0007,0.0008,0.0007,0.0009
M1,Female,44,2033,0.0008,0.0008,0.0008,0.0007,0.0008,0.0007,0.0009
M1,Female,44,2034,0.0008,0.0007,0.0008,0.0007,0.0008,0.0007,0.0008
M1,Female,44,2035,0.0008,0.0007,0.0008,0.0007,0.0008,0.0007,0.0008
M1,Female,44,2036,0.0007,0.0007,0.0008,0.0007,0.0008,0.0007,0.0008
M1,Female,44,2037,0.0007,0.0007,0.0008,0.0007,0.0008,0.0006,0.0008
M1,Female,44,2038,0.0007,0.0007,0.0007,0.0007,0.0008,0.0006,0.0008
M1,Female,44,2039,0.0007,0.0007,0.0007,0.0007,0.0008,0.0006,0.0008
M1,Female,44,2040,0.0007,0.0007,0.0007,0.0006,0.0008,0.0006,0.0008
M1,Female,45,2021,0.0011,0.0010,0.0011,0.0010,0.0011,0.0010,0.0011
M1,Female,45,2022,0.0010,0.0010,0.0011,0.0010,0.0011,0.0010,0.0011
M1,Female,45,2023,0.0010,0.0010,0.0011,0.0010,0.0011,0.0010,0.0011
M1,Female,45,2024,0.0010,0.0010,0.0010,0.0010,0.0010,0.0009,0.0011
M1,Female,45,2025,0.0010,0.0010,0.0010,0.0010,0.0010,0.0009,0.0011
M1,Female,45,2026,0.0010,0.0010,0.0010,0.0009,0.0010,0.0009,0.0011
M1,Female,45,2027,0.0010,0.0009,0.0010,0.0009,0.0010,0.0009,0.0010
M1,Female,45,2028,0.0010,0.0009,0.0010,0.0009,0.0010,0.0009,0.0010
M1,Female,45,2029,0.0009,0.0009,0.0010,0.0009,0.0010,0.0009,0.0010
M1,Female,45,2030,0.0009,0.0009,0.0009,0.0009,0.0010,0.0008,0.0010
M1,Female,45,2031,0.0009,0.0009,0.0009,0.0009,0.0010,0.0008,0.0010
M1,Female,45,2032,0.0009,0.0009,0.0009,0.0008,0.0009,0.0008,0.0010
M1,Female,45,2033,0.0009,0.0008,0.0009,0.0008,0.0009,0.0008,0.0010
M1,Female,45,2034,0.0009,0.0008,0.0009,0.0008,0.0009,0.0008,0.0010
M1,Female,45,2035,0.0008,0.0008,0.0009,0.0008,0.0009,0.0008,0.0009
M1,Female,45,2036,0.0008,0.0008,0.0009,0.0008,0.0009,0.0007,0.0009
M1,Female,45,2037,0.0008,0.0008,0.0009,0.0008,0.0009,0.0007,0.0009
M1,Female,45,2038,0.0008,0.0008,0.0008,0.0007,0.0009,0.0007,0.0009
M1,Female,45,2039,0.0008,0.0008,0.0008,0.0007,0.0009,0.0007,0.0009
M1,Female,45,2040,0.0008,0.0008,0.0008,0.0007,0.0008,0.0007,0.0009
M1,Female,46,2021,0.0011,0.0011,0.0012,0.0011,0.0012,0.0011,0.0012
M1,Female,46,2022,0.0011,0.0011,0.0011,0.0011,0.0012,0.0011,0.0012
M1,Female,46,2023,0.0011,0.0011,0.0011,0.0011,0.0012,0.0011,0.0012
M1,Female,46,2024,0.0011,0.0011,0.0011,0.0011,0.0011,0.0010,0.0012
M1,Female,46,2025,0.0011,0.0011,0.0011,0.0010,0.0011,0.0010,0.0012
M1,Female,46,2026,0.0011,0.0010,0.0011,0.0010,0.0011,0.0010,0.0011
M1,Female,46,2027,0.0011,0.0010,0.0011,0.0010,0.0011,0.0010,0.0011
M1,Female,46,2028,0.0010,0.0010,0.0011,0.0010,0.0011,0.0010,0.0011
M1,Female,46,2029,0.0010,0.0010,0.0010,0.0010,0.0011,0.0009,0.0011
M1,Female,46,2030,0.0010,0.0010,0.0010,0.0010,0.0011,0.0009,0.0011
M1,Female,46,2031,0.0010,0.0010,0.0010,0.0009,0.0010,0.0009,0.0011
M1,Female,46,2032,0.0010,0.0009,0.0010,0.0009,0.0010,0.0009,0.0011
M1,Female,46,2033,0.0010,0.0009,0.0010,0.0009,0.0010,0.0009,0.0011
M1,Female,46,2034,0.0009,0.0009,0.0010,0.0009,0.0010,0.0009,0.0010
M1,Female,46,2035,0.0009,0.0009,0.0010,0.0009,0.0010,0.0008,0.0010
M1,Female,46,2036,0.0009,0.0009,0.0009,0.0009,0.0010,0.0008,0.0010
M1,Female,46,2037,0.0009,0.0009,0.0009,0.0008,0.0010,0.0008,0.0010
M1,Female,46,2038,0.0009,0.0009,0.0009,0.0008,0.0010,0.0008,0.0010
M1,Female,46,2039,0.0009,0.0008,0.0009,0.0008,0.0009,0.0008,0.0010
M1,Female,46,2040,0.0009,0.0008,0.0009,0.0008,0.0009,0.0008,0.0010
M1,Female,47,2021,0.0012,0.0012,0.0012,0.0012,0.0012,0.0011,0.0012
M1,Female,47,2022,0.0012,0.0012,0.0012,0.0011,0.0012,0.0011,0.0012
M1,Female,47,2023,0.0012,0.0011,0.0012,0.0011,0.0012,0.0011,0.0012
M1,Female,47,2024,0.0011,0.0011,0.0012,0.0011,0.0012,0.0011,0.0012
M1,Female,47,2025,0.0011,0.0011,0.0011,0.0011,0.0012,0.0011,0.0012
M1,Female,47,2026,0.0011,0.0011,0.0011,0.0011,0.0012,0.0010,0.0012
M1,Female,47,2027,0.0011,0.0011,0.0011,0.0010,0.0011,0.0010,0.0012
M1,Female,47,2028,0.0011,0.0011,0.0011,0.0010,0.0011,0.0010,0.0012
M1,Female,47,2029,0.0011,0.0010,0.0011,0.0010,0.0011,0.0010,0.0011
M1,Female,47,2030,0.0010,0.0010,0.0011,0.0010,0.0011,0.0010,0.0011
M1,Female,47,2031,0.0010,0.0010,0.0011,0.0010,0.0011,0.0009,0.0011
M1,Female,47,2032,0.0010,0.0010,0.0010,0.0010,0.0011,0.0009,0.0011
M1,Female,47,2033,0.0010,0.0010,0.0010,0.0009,0.0011,0.0009,0.0011
M1,Female,47,2034,0.0010,0.0009,0.0010,0.0009,0.0010,0.0009,0.0011
M1,Female,47,2035,0.0010,0.0009,0.0010,0.0009,0.0010,0.0009,0.0011
M1,Female,47,2036,0.0010,0.0009,0.0010,0.0009,0.0010,0.0009,0.0011
M1,Female,47,2037,0.0009,0.0009,0.0010,0.0009,0.0010,0.0008,0.0010
M1,Female,47,2038,0.0009,0.0009,0.0010,0.0009,0.0010,0.0008,0.0010
M1,Female,47,2039,0.0009,0.0009,0.0009,0.0008,0.0010,0.0008,0.0010
M1,Female,47,2040,0.0009,0.0009,0.0009,0.0008,0.0010,0.0008,0.0010
M1,Female,48,2021,0.0015,0.0015,0.0015,0.0015,0.0016,0.0015,0.0016
M1,Female,48,2022,0.0015,0.0015,0.0015,0.0015,0.0015,0.0014,0.0016
M1,Female,48,2023,0.0015,0.0015,0.0015,0.0014,0.0015,0.0014,0.0016
M1,Female,48,2024,0.0014,0.0014,0.0015,0.0014,0.0015,0.0014,0.0015
M1,Female,48,2025,0.0014,0.0014,0.0015,0.0014,0.0015,0.0014,0.0015
M1,Female,48,2026,0.0014,0.0014,0.0014,0.0014,0.0015,0.0013,0.0015
M1,Female,48,2027,0.0014,0.0014,0.0014,0.0013,0.0015,0.0013,0.0015
M1,Female,48,2028,0.0014,0.0013,0.0014,0.0013,0.0014,0.0013,0.0015
M1,Female,48,2029,0.0013,0.0013,0.0014,0.0013,0.0014,0.0012,0.0015
M1,Female,48,2030,0.0013,0.0013,0.0014,0.0013,0.0014,0.0012,0.0014
M1,Female,48,2031,0.0013,0.0013,0.0013,0.0012,0.0014,0.0012,0.0014
M1,Female,48,2032,0.0013,0.0012,0.0013,0.0012,0.0014,0.0012,0.0014
M1,Female,48,2033,0.0013,0.0012,0.0013,0.0012,0.0013,0.0011,0.0014
M1,Female,48,2034,0.0013,0.0012,0.0013,0.0012,0.0013,0.0011,0.0014
M1,Female,48,2035,0.0012,0.0012,0.0013,0.0012,0.0013,0.0011,0.0014
M1,Female,48,2036,0.0012,0.0012,0.0013,0.0011,0.0013,0.0011,0.0013
M1,Female,48,2037,0.0012,0.0011,0.0012,0.0011,0.0013,0.0011,0.0013
M1,Female,48,2038,0.0012,0.0011,0.0012,0.0011,0.0013,0.0011,0.0013
M1,Female,48,2039,0.0012,0.0011,0.0012,0.0011,0.0013,0.0010,0.0013
M1,Female,48,2040,0.0011,0.0011,0.0012,0.0011,0.0012,0.0010,0.0013
M1,Female,49,2021,0.0016,0.0016,0.0017,0.0016,0.0017,0.0016,0.0017
M1,Female,49,2022,0.0016,0.0016,0.0016,0.0016,0.0017,0.0016,0.0017
M1,Female,49,2023,0.0016,0.0016,0.0016,0.0016,0.0017,0.0015,0.0017
M1,Female,49,2024,0.0016,0.0015,0.0016,0.0015,0.0016,0.0015,0.0017
M1,Female,49,2025,0.0016,0.0015,0.0016,0.0015,0.0016,0.0015,0.0017
M1,Female,49,2026,0.0015,0.0015,0.0016,0.0015,0.0016,0.0014,0.0016
M1,Female,49,2027,0.0015,0.0015,0.0015,0.0014,0.0016,0.0014,0.0016
M1,Female,49,2028,0.0015,0.0015,0.0015,0.0014,0.0016,0.0014,0.0016
M1,Female,49,2029,0.0015,0.0014,0.0015,0.0014,0.0015,0.0014,0.0016
M1,Female,49,2030,0.0015,0.0014,0.0015,0.0014,0.0015,0.0013,0.0016
M1,Female,49,2031,0.0014,0.0014,0.0015,0.0014,0.0015,0.0013,0.0016
M1,Female,49,2032,0.0014,0.0014,0.0014,0.0013,0.0015,0.0013,0.0015
M1,Female,49,2033,0.0014,0.0014,0.0014,0.0013,0.0015,0.0013,0.0015
M1,Female,49,2034,0.0014,0.0013,0.0014,0.0013,0.0015,0.0012,0.0015
M1,Female,49,2035,0.0014,0.0013,0.0014,0.0013,0.0014,0.0012,0.0015
M1,Female,49,2036,0.0013,0.0013,0.0014,0.0012,0.0014,0.0012,0.0015
M1,Female,49,2037,0.0013,0.0013,0.0014,0.0012,0.0014,0.0012,0.0015
M1,Female,49,2038,0.0013,0.0012,0.0013,0.0012,0.0014,0.0012,0.0014
M1,Female,49,2039,0.0013,0.0012,0.0013,0.0012,0.0014,0.0011,0.0014
M1,Female,49,2040,0.0013,0.0012,0.0013,0.0012,0.0013,0.0011,0.0014
M1,Female,50,2021,0.0017,0.0017,0.0017,0.0017,0.0018,0.0017,0.0018
M1,Female,50,2022,0.0017,0.0017,0.0017,0.0016,0.0017,0.0016,0.0018
M1,Female,50,2023,0.0017,0.0016,0.0017,0.0016,0.0017,0.0016,0.0018
M1,Female,50,2024,0.0016,0.0016,0.0017,0.0016,0.0017,0.0015,0.0017
M1,Female,50,2025,0.0016,0.0016,0.0017,0.0016,0.0017,0.0015,0.0017
M1,Female,50,2026,0.0016,0.0016,0.0016,0.0015,0.0017,0.0015,0.0017
M1,Female,50,2027,0.0016,0.0015,0.0016,0.0015,0.0016,0.0015,0.0017
M1,Female,50,2028,0.0016,0.0015,0.0016,0.0015,0.0016,0.0014,0.0017
M1,Female,50,2029,0.0015,0.0015,0.0016,0.0015,0.0016,0.0014,0.0016
M1,Female,50,2030,0.0015,0.0015,0.0015,0.0014,0.0016,0.0014,0.0016
M1,Female,50,2031,0.0015,0.0014,0.0015,0.0014,0.0016,0.0014,0.0016
M1,Female,50,2032,0.0015,0.0014,0.0015,0.0014,0.0015,0.0013,0.0016
M1,Female,50,2033,0.0014,0.0014,0.0015,0.0014,0.0015,0.0013,0.0016
M1,Female,50,2034,0.0014,0.0014,0.0015,0.0013,0.0015,0.0013,0.0016
M1,Female,50,2035,0.0014,0.0014,0.0014,0.0013,0.0015,0.0013,0.0015
M1,Female,50,2036,0.0014,0.0013,0.0014,0.0013,0.0015,0.0013,0.0015
M1,Female,50,2037,0.0014,0.0013,0.0014,0.0013,0.0015,0.0012,0.0015
M1,Female,50,2038,0.0013,0.0013,0.0014,0.0013,0.0014,0.0012,0.0015
M1,Female,50,2039,0.0013,0.0013,0.0014,0.0012,0.0014,0.0012,0.0015
M1,Female,50,2040,0.0013,0.0013,0.0014,0.0012,0.0014,0.0012,0.0015
M1,Female,51,2021,0.0019,0.0019,0.0019,0.0019,0.0019,0.0018,0.0020
M1,Female,51,2022,0.0019,0.0019,0.0019,0.0018,0.0019,0.0018,0.0020
M1,Female,51,2023,0.0019,0.0018,0.0019,0.0018,0.0019,0.0018,0.0020
M1,Female,51,2024,0.0018,0.0018,0.0019,0.0018,0.0019,0.0017,0.0019
M1,Female,51,2025,0.0018,0.0018,0.0018,0.0017,0.0019,0.0017,0.0019
M1,Female,51,2026,0.0018,0.0017,0.0018,0.0017,0.0019,0.0017,0.0019
M1,Female,51,2027,0.0018,0.0017,0.0018,0.0017,0.0018,0.0016,0.0019
M1,Female,51,2028,0.0017,0.0017,0.0018,0.0017,0.0018,0.0016,0.0019
M1,Female,51,2029,0.0017,0.0017,0.0017,0.0016,0.0018,0.0016,0.0018
M1,Female,51,2030,0.0017,0.0016,0.0017,0.0016,0.0018,0.0016,0.0018
M1,Female,51,2031,0.0017,0.0016,0.0017,0.0016,0.0018,0.0015,0.0018
M1,Female,51,2032,0.0016,0.0016,0.0017,0.0016,0.0017,0.0015,0.0018
M1,Female,51,2033,0.0016,0.0016,0.0017,0.0015,0.0017,0.0015,0.0018
M1,Female,51,2034,0.0016,0.0015,0.0016,0.0015,0.0017,0.0015,0.0017
M1,Female,51,2035,0.0016,0.0015,0.0016,0.0015,0.0017,0.0014,0.0017
M1,Female,51,2036,0.0016,0.0015,0.0016,0.0015,0.0016,0.0014,0.0017
M1,Female,51,2037,0.0015,0.0015,0.0016,0.0014,0.0016,0.0014,0.0017
M1,Female,51,2038,0.0015,0.0015,0.0016,0.0014,0.0016,0.0014,0.0017
M1,Female,51,2039,0.0015,0.0014,0.0015,0.0014,0.0016,0.0013,0.0017
M1,Female,51,2040,0.0015,0.0014,0.0015,0.0014,0.0016,0.0013,0.0016
M1,Female,52,2021,0.0020,0.0020,0.0021,0.0020,0.0021,0.0020,0.0021
M1,Female,52,2022,0.0020,0.0020,0.0020,0.0020,0.0021,0.0019,0.0021
M1,Female,52,2023,0.0020,0.0020,0.0020,0.0019,0.0021,0.0019,0.0021
M1,Female,52,2024,0.0020,0.0019,0.0020,0.0019,0.0020,0.0019,0.0021
M1,Female,52,2025,0.0019,0.0019,0.0020,0.0019,0.0020,0.0018,0.0021
M1,Female,52,2026,0.0019,0.0019,0.0020,0.0018,0.0020,0.0018,0.0020
M1,Female,52,2027,0.0019,0.0018,0.0019,0.0018,0.0020,0.0018,0.0020
M1,Female,52,2028,0.0019,0.0018,0.0019,0.0018,0.0019,0.0017,0.0020
M1,Female,52,2029,0.0018,0.0018,0.0019,0.0018,0.0019,0.0017,0.0020
M1,Female,52,2030,0.0018,0.0018,0.0019,0.0017,0.0019,0.0017,0.0020
M1,Female,52,2031,0.0018,0.0017,0.0018,0.0017,0.0019,0.0017,0.0019
M1,Female,52,2032,0.0018,0.0017,0.0018,0.0017,0.0019,0.0016,0.0019
M1,Female,52,2033,0.0017,0.0017,0.0018,0.0016,0.0018,0.0016,0.0019
M1,Female,52,2034,0.0017,0.0017,0.0018,0.0016,0.0018,0.0016,0.0019
M1,Female,52,2035,0.0017,0.0016,0.0017,0.0016,0.0018,0.0015,0.0018
M1,Female,52,2036,0.0017,0.0016,0.0017,0.0016,0.0018,0.0015,0.0018
M1,Female,52,2037,0.0016,0.0016,0.0017,0.0015,0.0017,0.0015,0.0018
M1,Female,52,2038,0.0016,0.0016,0.0017,0.0015,0.0017,0.0015,0.0018
M1,Female,52,2039,0.0016,0.0015,0.0017,0.0015,0.0017,0.0014,0.0018
M1,Female,52,2040,0.0016,0.0015,0.0016,0.0015,0.0017,0.0014,0.0017
M1,Female,53,2021,0.0023,0.0023,0.0024,0.0023,0.0024,0.0023,0.0024
M1,Female,53,2022,0.0023,0.0023,0.0023,0.0022,0.0024,0.0022,0.0024
M1,Female,53,2023,0.0023,0.0023,0.0023,0.0022,0.0024,0.0022,0.0024
M1,Female,53,2024,0.0022,0.0022,0.0023,0.0022,0.0023,0.0021,0.0024
M1,Female,53,2025,0.0022,0.0022,0.0023,0.0021,0.0023,0.0021,0.0024
M1,Female,53,2026,0.0022,0.0021,0.0022,0.0021,0.0023,0.0021,0.0023
M1,Female,53,2027,0.0022,0.0021,0.0022,0.0021,0.0022,0.0020,0.0023
M1,Female,53,2028,0.0021,0.0021,0.0022,0.0020,0.0022,0.0020,0.0023
M1,Female,53,2029,0.0021,0.0020,0.0021,0.0020,0.0022,0.0020,0.0023
M1,Female,53,2030,0.0021,0.0020,0.0021,0.0020,0.0022,0.0019,0.0022
M1,Female,53,2031,0.0020,0.0020,0.0021,0.0019,0.0022,0.0019,0.0022
M1,Female,53,2032,0.0020,0.0020,0.0021,0.0019,0.0021,0.0019,0.0022
M1,Female,53,2033,0.0020,0.0019,0.0020,0.0019,0.0021,0.0018,0.0022
M1,Female,53,2034,0.0020,0.0019,0.0020,0.0019,0.0021,0.0018,0.0021
M1,Female,53,2035,0.0019,0.0019,0.0020,0.0018,0.0020,0.0018,0.0021
M1,Female,53,2036,0.0019,0.0018,0.0020,0.0018,0.0020,0.0017,0.0021
M1,Female,53,2037,0.0019,0.0018,0.0019,0.0018,0.0020,0.0017,0.0021
M1,Female,53,2038,0.0019,0.0018,0.0019,0.0017,0.0020,0.0017,0.0020
M1,Female,53,2039,0.0018,0.0018,0.0019,0.0017,0.0020,0.0017,0.0020
M1,Female,53,2040,0.0018,0.0018,0.0019,0.0017,0.0019,0.0016,0.0020
M1,Female,54,2021,0.0027,0.0027,0.0027,0.0026,0.0028,0.0026,0.0028
M1,Female,54,2022,0.0027,0.0026,0.0027,0.0026,0.0027,0.0026,0.0028
M1,Female,54,2023,0.0027,0.0026,0.0027,0.0026,0.0027,0.0026,0.0028
M1,Female,54,2024,0.0026,0.0026,0.0026,0.0025,0.0027,0.0025,0.0027
M1,Female,54,2025,0.0026,0.0025,0.0026,0.0025,0.0027,0.0024,0.0027
M1,Female,54,2026,0.0025,0.0025,0.0026,0.0024,0.0026,0.0024,0.0027
M1,Female,54,2027,0.0025,0.0024,0.0026,0.0024,0.0026,0.0023,0.0027
M1,Female,54,2028,0.0025,0.0024,0.0025,0.0024,0.0026,0.0023,0.0027
M1,Female,54,2029,0.0024,0.0024,0.0025,0.0023,0.0025,0.0023,0.0026
M1,Female,54,2030,0.0024,0.0023,0.0025,0.0023,0.0025,0.0022,0.0026
M1,Female,54,2031,0.0024,0.0023,0.0024,0.0023,0.0025,0.0022,0.0026
M1,Female,54,2032,0.0023,0.0023,0.0024,0.0022,0.0025,0.0022,0.0025
M1,Female,54,2033,0.0023,0.0022,0.0024,0.0022,0.0024,0.0021,0.0025
M1,Female,54,2034,0.0023,0.0022,0.0023,0.0022,0.0024,0.0021,0.0025
M1,Female,54,2035,0.0022,0.0022,0.0023,0.0021,0.0024,0.0021,0.0025
M1,Female,54,2036,0.0022,0.0021,0.0023,0.0021,0.0024,0.0020,0.0024
M1,Female,54,2037,0.0022,0.0021,0.0023,0.0021,0.0023,0.0020,0.0024
M1,Female,54,2038,0.0022,0.0021,0.0022,0.0020,0.0023,0.0020,0.0024
M1,Female,54,2039,0.0021,0.0021,0.0022,0.0020,0.0023,0.0019,0.0024
M1,Female,54,2040,0.0021,0.0020,0.0022,0.0020,0.0022,0.0019,0.0023
M1,Female,55,2021,0.0030,0.0029,0.0030,0.0029,0.0030,0.0029,0.0031
M1,Female,55,2022,0.0029,0.0029,0.0030,0.0029,0.0030,0.0028,0.0031
M1,Female,55,2023,0.0029,0.0029,0.0030,0.0028,0.0030,0.0028,0.0030
M1,Female,55,2024,0.0029,0.0028,0.0029,0.0028,0.0029,0.0027,0.0030
M1,Female,55,2025,0.0028,0.0028,0.0029,0.0027,0.0029,0.0027,0.0030
M1,Female,55,2026,0.0028,0.0027,0.0028,0.0027,0.0029,0.0026,0.0030
M1,Female,55,2027,0.0028,0.0027,0.0028,0.0026,0.0029,0.0026,0.0029
M1,Female,55,2028,0.0027,0.0027,0.0028,0.0026,0.0028,0.0026,0.0029
M1,Female,55,2029,0.0027,0.0026,0.0027,0.0026,0.0028,0.0025,0.0029
M1,Female,55,2030,0.0027,0.0026,0.0027,0.0025,0.0028,0.0025,0.0029
M1,Female,55,2031,0.0026,0.0026,0.0027,0.0025,0.0027,0.0024,0.0028
M1,Female,55,2032,0.0026,0.0025,0.0026,0.0025,0.0027,0.0024,0.0028
M1,Female,55,2033,0.0026,0.0025,0.0026,0.0024,0.0027,0.0023,0.0028
M1,Female,55,2034,0.0025,0.0024,0.0026,0.0024,0.0027,0.0023,0.0027
M1,Female,55,2035,0.0025,0.0024,0.0026,0.0024,0.0026,0.0023,0.0027
M1,Female,55,2036,0.0025,0.0024,0.0025,0.0023,0.0026,0.0022,0.0027
M1,Female,55,2037,0.0024,0.0023,0.0025,0.0023,0.0026,0.0022,0.0027
M1,Female,55,2038,0.0024,0.0023,0.0025,0.0022,0.0025,0.0022,0.0026
M1,Female,55,2039,0.0024,0.0023,0.0024,0.0022,0.0025,0.0021,0.0026
M1,Female,55,2040,0.0023,0.0022,0.0024,0.0022,0.0025,0.0021,0.0026
M1,Female,56,2021,0.0031,0.0031,0.0032,0.0030,0.0032,0.0030,0.0032
M1,Female,56,2022,0.0031,0.0030,0.0031,0.0030,0.0032,0.0030,0.0032
M1,Female,56,2023,0.0031,0.0030,0.0031,0.0030,0.0031,0.0029,0.0032
M1,Female,56,2024,0.0030,0.0029,0.0030,0.0029,0.0031,0.0028,0.0031
M1,Female,56,2025,0.0030,0.0029,0.0030,0.0029,0.0031,0.0028,0.0031
M1,Female,56,2026,0.0029,0.0029,0.0030,0.0028,0.0030,0.0028,0.0031
M1,Female,56,2027,0.0029,0.0028,0.0029,0.0028,0.0030,0.0027,0.0031
M1,Female,56,2028,0.0029,0.0028,0.0029,0.0027,0.0030,0.0027,0.0031
M1,Female,56,2029,0.0028,0.0027,0.0029,0.0027,0.0029,0.0026,0.0030
M1,Female,56,2030,0.0028,0.0027,0.0028,0.0027,0.0029,0.0026,0.0030
M1,Female,56,2031,0.0027,0.0027,0.0028,0.0026,0.0029,0.0025,0.0030
M1,Female,56,2032,0.0027,0.0026,0.0028,0.0026,0.0028,0.0025,0.0029
M1,Female,56,2033,0.0027,0.0026,0.0027,0.0025,0.0028,0.0024,0.0029
M1,Female,56,2034,0.0026,0.0026,0.0027,0.0025,0.0028,0.0024,0.0029
M1,Female,56,2035,0.0026,0.0025,0.0027,0.0025,0.0027,0.0024,0.0028
M1,Female,56,2036,0.0026,0.0025,0.0026,0.0024,0.0027,0.0023,0.0028
M1,Female,56,2037,0.0025,0.0024,0.0026,0.0024,0.0027,0.0023,0.0028
M1,Female,56,2038,0.0025,0.0024,0.0026,0.0023,0.0027,0.0023,0.0027
M1,Female,56,2039,0.0025,0.0024,0.0025,0.0023,0.0026,0.0022,0.0027
M1,Female,56,2040,0.0024,0.0023,0.0025,0.0023,0.0026,0.0022,0.0027
M1,Female,57,2021,0.0035,0.0035,0.0036,0.0034,0.0036,0.0034,0.0036
M1,Female,57,2022,0.0035,0.0034,0.0035,0.0034,0.0036,0.0033,0.0036
M1,Female,57,2023,0.0035,0.0034,0.0035,0.0034,0.0035,0.0033,0.0036
M1,Female,57,2024,0.0034,0.0033,0.0034,0.0033,0.0035,0.0032,0.0036
M1,Female,57,2025,0.0034,0.0033,0.0034,0.0032,0.0035,0.0032,0.0035
M1,Female,57,2026,0.0033,0.0032,0.0034,0.0032,0.0034,0.0031,0.0035
M1,Female,57,2027,0.0033,0.0032,0.0033,0.0031,0.0034,0.0031,0.0035
M1,Female,57,2028,0.0032,0.0032,0.0033,0.0031,0.0034,0.0030,0.0035
M1,Female,57,2029,0.0032,0.0031,0.0032,0.0030,0.0033,0.0029,0.0034
M1,Female,57,2030,0.0031,0.0031,0.0032,0.0030,0.0033,0.0029,0.0034
M1,Female,57,2031,0.0031,0.0030,0.0032,0.0029,0.0032,0.0029,0.0033
M1,Female,57,2032,0.0030,0.0030,0.0031,0.0029,0.0032,0.0028,0.0033
M1,Female,57,2033,0.0030,0.0029,0.0031,0.0029,0.0032,0.0027,0.0033
M1,Female,57,2034,0.0030,0.0029,0.0030,0.0028,0.0031,0.0027,0.0032
M1,Female,57,2035,0.0029,0.0028,0.0030,0.0028,0.0031,0.0027,0.0032
M1,Female,57,2036,0.0029,0.0028,0.0030,0.0027,0.0031,0.0026,0.0032
M1,Female,57,2037,0.0029,0.0028,0.0029,0.0027,0.0030,0.0026,0.0031
M1,Female,57,2038,0.0028,0.0027,0.0029,0.0026,0.0030,0.0025,0.0031
M1,Female,57,2039,0.0028,0.0027,0.0029,0.0026,0.0030,0.0025,0.0031
M1,Female,57,2040,0.0027,0.0026,0.0028,0.0026,0.0029,0.0025,0.0030
M1,Female,58,2021,0.0040,0.0040,0.0041,0.0040,0.0041,0.0039,0.0042
M1,Female,58,2022,0.0040,0.0039,0.0040,0.0039,0.0041,0.0038,0.0042
M1,Female,58,2023,0.0040,0.0039,0.0040,0.0039,0.0041,0.0038,0.0041
M1,Female,58,2024,0.0039,0.0038,0.0039,0.0038,0.0040,0.0037,0.0041
M1,Female,58,2025,0.0039,0.0038,0.0039,0.0037,0.0040,0.0036,0.0041
M1,Female,58,2026,0.0038,0.0037,0.0039,0.0037,0.0039,0.0036,0.0040
M1,Female,58,2027,0.0037,0.0037,0.0038,0.0036,0.0039,0.0035,0.0040
M1,Female,58,2028,0.0037,0.0036,0.0038,0.0035,0.0039,0.0035,0.0040
M1,Female,58,2029,0.0036,0.0036,0.0037,0.0035,0.0038,0.0034,0.0039
M1,Female,58,2030,0.0036,0.0035,0.0037,0.0034,0.0038,0.0033,0.0039
M1,Female,58,2031,0.0035,0.0035,0.0036,0.0034,0.0037,0.0033,0.0038
M1,Female,58,2032,0.0035,0.0034,0.0036,0.0033,0.0037,0.0032,0.0038
M1,Female,58,2033,0.0035,0.0034,0.0035,0.0033,0.0036,0.0031,0.0037
M1,Female,58,2034,0.0034,0.0033,0.0035,0.0032,0.0036,0.0031,0.0037
M1,Female,58,2035,0.0034,0.0033,0.0035,0.0032,0.0036,0.0031,0.0037
M1,Female,58,2036,0.0033,0.0032,0.0034,0.0031,0.0035,0.0030,0.0036
M1,Female,58,2037,0.0033,0.0032,0.0034,0.0031,0.0035,0.0030,0.0036
M1,Female,58,2038,0.0032,0.0031,0.0033,0.0030,0.0034,0.0029,0.0035
M1,Female,58,2039,0.0032,0.0031,0.0033,0.0030,0.0034,0.0029,0.0035
M1,Female,58,2040,0.0031,0.0030,0.0033,0.0029,0.0034,0.0028,0.0035
M1,Female,59,2021,0.0045,0.0044,0.0046,0.0044,0.0046,0.0044,0.0047
M1,Female,59,2022,0.0044,0.0044,0.0045,0.0043,0.0046,0.0043,0.0046
M1,Female,59,2023,0.0044,0.0044,0.0045,0.0043,0.0045,0.0042,0.0046
M1,Female,59,2024,0.0043,0.0042,0.0044,0.0042,0.0045,0.0041,0.0045
M1,Female,59,2025,0.0043,0.0042,0.0044,0.0041,0.0044,0.0041,0.0045
M1,Female,59,2026,0.0042,0.0041,0.0043,0.0041,0.0044,0.0040,0.0045
M1,Female,59,2027,0.0042,0.0041,0.0042,0.0040,0.0043,0.0039,0.0044
M1,Female,59,2028,0.0041,0.0040,0.0042,0.0039,0.0043,0.0038,0.0044
M1,Female,59,2029,0.0040,0.0039,0.0041,0.0039,0.0042,0.0038,0.0043
M1,Female,59,2030,0.0040,0.0039,0.0041,0.0038,0.0042,0.0037,0.0043
M1,Female,59,2031,0.0039,0.0038,0.0040,0.0037,0.0041,0.0036,0.0043
M1,Female,59,2032,0.0039,0.0038,0.0040,0.0037,0.0041,0.0036,0.0042
M1,Female,59,2033,0.0038,0.0037,0.0039,0.0036,0.0040,0.0035,0.0042
M1,Female,59,2034,0.0038,0.0037,0.0039,0.0036,0.0040,0.0035,0.0041
M1,Female,59,2035,0.0037,0.0036,0.0038,0.0035,0.0039,0.0034,0.0041
M1,Female,59,2036,0.0037,0.0036,0.0038,0.0035,0.0039,0.0034,0.0040
M1,Female,59,2037,0.0036,0.0035,0.0037,0.0034,0.0038,0.0033,0.0040
M1,Female,59,2038,0.0036,0.0035,0.0037,0.0034,0.0038,0.0032,0.0039
M1,Female,59,2039,0.0035,0.0034,0.0037,0.0033,0.0038,0.0032,0.0039
M1,Female,59,2040,0.0035,0.0034,0.0036,0.0033,0.0037,0.0031,0.0039
M1,Female,60,2021,0.0050,0.0049,0.0051,0.0049,0.0051,0.0048,0.0052
M1,Female,60,2022,0.0049,0.0049,0.0050,0.0048,0.0051,0.0047,0.0051
M1,Female,60,2023,0.0049,0.0048,0.0050,0.0048,0.0050,0.0047,0.0051
M1,Female,60,2024,0.0048,0.0047,0.0049,0.0046,0.0049,0.0045,0.0050
M1,Female,60,2025,0.0048,0.0047,0.0048,0.0046,0.0049,0.0045,0.0050
M1,Female,60,2026,0.0047,0.0046,0.0048,0.0045,0.0049,0.0044,0.0050
M1,Female,60,2027,0.0046,0.0045,0.0047,0.0044,0.0048,0.0043,0.0049
M1,Female,60,2028,0.0046,0.0045,0.0047,0.0044,0.0048,0.0043,0.0049
M1,Female,60,2029,0.0045,0.0044,0.0046,0.0043,0.0047,0.0042,0.0048
M1,Female,60,2030,0.0044,0.0043,0.0045,0.0042,0.0047,0.0041,0.0048
M1,Female,60,2031,0.0044,0.0043,0.0045,0.0042,0.0046,0.0040,0.0047
M1,Female,60,2032,0.0043,0.0042,0.0044,0.0041,0.0045,0.0040,0.0047
M1,Female,60,2033,0.0043,0.0041,0.0044,0.0040,0.0045,0.0039,0.0046
M1,Female,60,2034,0.0042,0.0041,0.0043,0.0040,0.0044,0.0038,0.0046
M1,Female,60,2035,0.0041,0.0040,0.0043,0.0039,0.0044,0.0038,0.0045
M1,Female,60,2036,0.0041,0.0039,0.0042,0.0038,0.0043,0.0037,0.0045
M1,Female,60,2037,0.0040,0.0039,0.0042,0.0038,0.0043,0.0036,0.0044
M1,Female,60,2038,0.0040,0.0038,0.0041,0.0037,0.0042,0.0036,0.0044
M1,Female,60,2039,0.0039,0.0038,0.0041,0.0037,0.0042,0.0035,0.0043
M1,Female,60,2040,0.0039,0.0037,0.0040,0.0036,0.0041,0.0035,0.0043
M1,Female,61,2021,0.0053,0.0052,0.0054,0.0052,0.0054,0.0051,0.0055
M1,Female,61,2022,0.0052,0.0052,0.0053,0.0051,0.0054,0.0050,0.0055
M1,Female,61,2023,0.0052,0.0051,0.0053,0.0051,0.0054,0.0050,0.0055
M1,Female,61,2024,0.0051,0.0050,0.0052,0.0049,0.0053,0.0048,0.0054
M1,Female,61,2025,0.0051,0.0050,0.0052,0.0049,0.0052,0.0048,0.0054
M1,Female,61,2026,0.0050,0.0049,0.0051,0.0048,0.0052,0.0047,0.0053
M1,Female,61,2027,0.0049,0.0048,0.0050,0.0047,0.0051,0.0046,0.0052
M1,Female,61,2028,0.0048,0.0047,0.0050,0.0046,0.0051,0.0045,0.0052
M1,Female,61,2029,0.0048,0.0046,0.0049,0.0045,0.0050,0.0044,0.0051
M1,Female,61,2030,0.0047,0.0046,0.0048,0.0045,0.0049,0.0043,0.0051
M1,Female,61,2031,0.0046,0.0045,0.0048,0.0044,0.0049,0.0043,0.0050
M1,Female,61,2032,0.0046,0.0044,0.0047,0.0043,0.0048,0.0042,0.0050
M1,Female,61,2033,0.0045,0.0044,0.0046,0.0043,0.0048,0.0041,0.0049
M1,Female,61,2034,0.0044,0.0043,0.0046,0.0042,0.0047,0.0041,0.0048
M1,Female,61,2035,0.0044,0.0042,0.0045,0.0041,0.0046,0.0040,0.0048
M1,Female,61,2036,0.0043,0.0042,0.0045,0.0041,0.0046,0.0039,0.0048
M1,Female,61,2037,0.0043,0.0041,0.0044,0.0040,0.0045,0.0038,0.0047
M1,Female,61,2038,0.0042,0.0041,0.0043,0.0039,0.0045,0.0038,0.0046
M1,Female,61,2039,0.0041,0.0040,0.0043,0.0039,0.0044,0.0037,0.0046
M1,Female,61,2040,0.0041,0.0039,0.0042,0.0038,0.0044,0.0037,0.0045
M1,Female,62,2021,0.0058,0.0057,0.0059,0.0057,0.0060,0.0056,0.0061
M1,Female,62,2022,0.0057,0.0056,0.0058,0.0056,0.0059,0.0055,0.0060
M1,Female,62,2023,0.0057,0.0056,0.0058,0.0055,0.0059,0.0055,0.0060
M1,Female,62,2024,0.0056,0.0055,0.0057,0.0054,0.0058,0.0053,0.0059
M1,Female,62,2025,0.0055,0.0054,0.0056,0.0053,0.0057,0.0052,0.0059
M1,Female,62,2026,0.0054,0.0053,0.0055,0.0052,0.0057,0.0051,0.0058
M1,Female,62,2027,0.0053,0.0052,0.0055,0.0051,0.0056,0.0050,0.0057
M1,Female,62,2028,0.0053,0.0052,0.0054,0.0050,0.0055,0.0049,0.0057
M1,Female,62,2029,0.0052,0.0050,0.0053,0.0049,0.0054,0.0048,0.0056
M1,Female,62,2030,0.0051,0.0050,0.0053,0.0049,0.0054,0.0047,0.0055
M1,Female,62,2031,0.0050,0.0049,0.0052,0.0048,0.0053,0.0046,0.0055
M1,Female,62,2032,0.0050,0.0048,0.0051,0.0047,0.0052,0.0045,0.0054
M1,Female,62,2033,0.0049,0.0047,0.0050,0.0046,0.0052,0.0044,0.0053
M1,Female,62,2034,0.0048,0.0047,0.0050,0.0045,0.0051,0.0044,0.0053
M1,Female,62,2035,0.0047,0.0046,0.0049,0.0045,0.0050,0.0043,0.0052
M1,Female,62,2036,0.0047,0.0045,0.0048,0.0044,0.0050,0.0042,0.0052
M1,Female,62,2037,0.0046,0.0044,0.0048,0.0043,0.0049,0.0041,0.0051
M1,Female,62,2038,0.0045,0.0044,0.0047,0.0042,0.0049,0.0041,0.0050
M1,Female,62,2039,0.0045,0.0043,0.0046,0.0042,0.0048,0.0040,0.0050
M1,Female,62,2040,0.0044,0.0042,0.0046,0.0041,0.0047,0.0039,0.0049
M1,Female,63,2021,0.0065,0.0064,0.0066,0.0063,0.0067,0.0063,0.0068
M1,Female,63,2022,0.0064,0.0063,0.0065,0.0062,0.0066,0.0061,0.0067
M1,Female,63,2023,0.0064,0.0063,0.0065,0.0062,0.0066,0.0061,0.0067
M1,Female,63,2024,0.0062,0.0061,0.0063,0.0060,0.0064,0.0059,0.0066
M1,Female,63,2025,0.0062,0.0060,0.0063,0.0059,0.0064,0.0058,0.0066
M1,Female,63,2026,0.0061,0.0059,0.0062,0.0058,0.0063,0.0057,0.0065
M1,Female,63,2027,0.0060,0.0058,0.0061,0.0057,0.0063,0.0055,0.0064
M1,Female,63,2028,0.0059,0.0057,0.0061,0.0056,0.0062,0.0055,0.0064
M1,Female,63,2029,0.0058,0.0056,0.0059,0.0055,0.0061,0.0053,0.0063
M1,Female,63,2030,0.0057,0.0056,0.0059,0.0054,0.0060,0.0052,0.0062
M1,Female,63,2031,0.0056,0.0055,0.0058,0.0053,0.0059,0.0051,0.0061
M1,Female,63,2032,0.0055,0.0053,0.0057,0.0052,0.0059,0.0050,0.0060
M1,Female,63,2033,0.0055,0.0053,0.0056,0.0051,0.0058,0.0049,0.0060
M1,Female,63,2034,0.0054,0.0052,0.0055,0.0050,0.0057,0.0049,0.0059
M1,Female,63,2035,0.0053,0.0051,0.0055,0.0050,0.0056,0.0048,0.0058
M1,Female,63,2036,0.0052,0.0050,0.0054,0.0049,0.0056,0.0047,0.0058
M1,Female,63,2037,0.0051,0.0049,0.0053,0.0048,0.0055,0.0046,0.0057
M1,Female,63,2038,0.0051,0.0049,0.0052,0.0047,0.0054,0.0045,0.0056
M1,Female,63,2039,0.0050,0.0048,0.0052,0.0046,0.0054,0.0044,0.0056
M1,Female,63,2040,0.0049,0.0047,0.0051,0.0045,0.0053,0.0044,0.0055
M1,Female,64,2021,0.0070,0.0069,0.0071,0.0068,0.0072,0.0068,0.0073
M1,Female,64,2022,0.0069,0.0068,0.0070,0.0067,0.0071,0.0066,0.0072
M1,Female,64,2023,0.0069,0.0067,0.0070,0.0066,0.0071,0.0065,0.0072
M1,Female,64,2024,0.0067,0.0066,0.0068,0.0064,0.0069,0.0063,0.0071
M1,Female,64,2025,0.0066,0.0065,0.0068,0.0064,0.0069,0.0062,0.0071
M1,Female,64,2026,0.0065,0.0064,0.0067,0.0062,0.0068,0.0061,0.0070
M1,Female,64,2027,0.0064,0.0062,0.0066,0.0061,0.0067,0.0059,0.0069
M1,Female,64,2028,0.0063,0.0062,0.0065,0.0060,0.0066,0.0058,0.0069
M1,Female,64,2029,0.0062,0.0060,0.0064,0.0059,0.0065,0.0057,0.0067
M1,Female,64,2030,0.0061,0.0059,0.0063,0.0058,0.0065,0.0056,0.0067
M1,Female,64,2031,0.0060,0.0058,0.0062,0.0057,0.0064,0.0055,0.0066
M1,Female,64,2032,0.0059,0.0057,0.0061,0.0056,0.0063,0.0054,0.0065
M1,Female,64,2033,0.0058,0.0057,0.0060,0.0055,0.0062,0.0052,0.0064
M1,Female,64,2034,0.0057,0.0055,0.0059,0.0054,0.0061,0.0052,0.0063
M1,Female,64,2035,0.0057,0.0054,0.0058,0.0053,0.0060,0.0051,0.0063
M1,Female,64,2036,0.0056,0.0053,0.0058,0.0052,0.0060,0.0050,0.0062
M1,Female,64,2037,0.0055,0.0052,0.0057,0.0051,0.0059,0.0049,0.0061
M1,Female,64,2038,0.0054,0.0052,0.0056,0.0050,0.0058,0.0048,0.0060
M1,Female,64,2039,0.0053,0.0051,0.0055,0.0049,0.0057,0.0047,0.0060
M1,Female,64,2040,0.0052,0.0050,0.0054,0.0048,0.0056,0.0046,0.0059
M1,Female,65,2021,0.0078,0.0077,0.0079,0.0076,0.0080,0.0075,0.0081
M1,Female,65,2022,0.0077,0.0075,0.0078,0.0074,0.0079,0.0073,0.0080
M1,Female,65,2023,0.0076,0.0075,0.0078,0.0074,0.0079,0.0073,0.0080
M1,Female,65,2024,0.0074,0.0073,0.0076,0.0071,0.0077,0.0070,0.0079
M1,Female,65,2025,0.0073,0.0072,0.0075,0.0071,0.0077,0.0069,0.0079
M1,Female,65,2026,0.0072,0.0070,0.0074,0.0069,0.0076,0.0067,0.0077
M1,Female,65,2027,0.0071,0.0069,0.0073,0.0067,0.0075,0.0065,0.0076
M1,Female,65,2028,0.0070,0.0068,0.0072,0.0066,0.0074,0.0064,0.0076
M1,Female,65,2029,0.0069,0.0067,0.0071,0.0065,0.0072,0.0063,0.0075
M1,Female,65,2030,0.0068,0.0066,0.0070,0.0064,0.0072,0.0062,0.0074
M1,Female,65,2031,0.0067,0.0065,0.0069,0.0063,0.0071,0.0061,0.0073
M1,Female,65,2032,0.0065,0.0063,0.0067,0.0061,0.0070,0.0059,0.0072
M1,Female,65,2033,0.0064,0.0062,0.0066,0.0060,0.0069,0.0058,0.0071
M1,Female,65,2034,0.0063,0.0061,0.0065,0.0059,0.0068,0.0057,0.0070
M1,Female,65,2035,0.0062,0.0060,0.0065,0.0058,0.0067,0.0056,0.0069
M1,Female,65,2036,0.0061,0.0059,0.0064,0.0057,0.0066,0.0055,0.0068
M1,Female,65,2037,0.0060,0.0058,0.0063,0.0056,0.0065,0.0054,0.0068
M1,Female,65,2038,0.0059,0.0057,0.0062,0.0055,0.0064,0.0052,0.0066
M1,Female,65,2039,0.0058,0.0056,0.0061,0.0054,0.0063,0.0052,0.0066
M1,Female,65,2040,0.0057,0.0055,0.0060,0.0053,0.0062,0.0051,0.0065
M1,Female,66,2021,0.0083,0.0082,0.0084,0.0081,0.0085,0.0080,0.0087
M1,Female,66,2022,0.0082,0.0080,0.0083,0.0079,0.0084,0.0078,0.0086
M1,Female,66,2023,0.0081,0.0080,0.0083,0.0078,0.0084,0.0077,0.0086
M1,Female,66,2024,0.0079,0.0077,0.0081,0.0076,0.0082,0.0074,0.0084
M1,Female,66,2025,0.0078,0.0076,0.0080,0.0075,0.0082,0.0073,0.0084
M1,Female,66,2026,0.0077,0.0075,0.0079,0.0073,0.0081,0.0072,0.0083
M1,Female,66,2027,0.0075,0.0073,0.0077,0.0072,0.0080,0.0070,0.0082
M1,Female,66,2028,0.0074,0.0072,0.0077,0.0071,0.0078,0.0068,0.0082
M1,Female,66,2029,0.0073,0.0071,0.0075,0.0069,0.0077,0.0067,0.0080
M1,Female,66,2030,0.0072,0.0070,0.0074,0.0068,0.0076,0.0065,0.0079
M1,Female,66,2031,0.0071,0.0068,0.0073,0.0066,0.0075,0.0064,0.0078
M1,Female,66,2032,0.0069,0.0067,0.0072,0.0065,0.0074,0.0063,0.0077
M1,Female,66,2033,0.0068,0.0066,0.0071,0.0064,0.0073,0.0061,0.0076
M1,Female,66,2034,0.0067,0.0065,0.0069,0.0063,0.0072,0.0060,0.0074
M1,Female,66,2035,0.0066,0.0063,0.0069,0.0062,0.0071,0.0059,0.0074
M1,Female,66,2036,0.0065,0.0062,0.0067,0.0060,0.0070,0.0058,0.0073
M1,Female,66,2037,0.0064,0.0061,0.0066,0.0059,0.0069,0.0057,0.0072
M1,Female,66,2038,0.0063,0.0060,0.0065,0.0058,0.0068,0.0055,0.0071
M1,Female,66,2039,0.0062,0.0059,0.0065,0.0057,0.0067,0.0055,0.0070
M1,Female,66,2040,0.0061,0.0058,0.0063,0.0056,0.0066,0.0053,0.0069
M1,Female,67,2021,0.0088,0.0087,0.0089,0.0085,0.0091,0.0084,0.0092
M1,Female,67,2022,0.0086,0.0085,0.0088,0.0084,0.0089,0.0082,0.0091
M1,Female,67,2023,0.0086,0.0084,0.0088,0.0083,0.0089,0.0082,0.0091
M1,Female,67,2024,0.0083,0.0082,0.0085,0.0080,0.0087,0.0078,0.0089
M1,Female,67,2025,0.0083,0.0081,0.0085,0.0079,0.0086,0.0077,0.0089
M1,Female,67,2026,0.0081,0.0079,0.0083,0.0077,0.0085,0.0076,0.0087
M1,Female,67,2027,0.0080,0.0077,0.0082,0.0075,0.0084,0.0073,0.0086
M1,Female,67,2028,0.0078,0.0076,0.0081,0.0074,0.0083,0.0072,0.0086
M1,Female,67,2029,0.0077,0.0074,0.0079,0.0073,0.0082,0.0070,0.0084
M1,Female,67,2030,0.0076,0.0073,0.0078,0.0071,0.0080,0.0069,0.0083
M1,Female,67,2031,0.0074,0.0072,0.0077,0.0070,0.0079,0.0067,0.0082
M1,Female,67,2032,0.0073,0.0070,0.0076,0.0068,0.0078,0.0066,0.0081
M1,Female,67,2033,0.0072,0.0069,0.0074,0.0067,0.0077,0.0064,0.0080
M1,Female,67,2034,0.0071,0.0068,0.0073,0.0066,0.0076,0.0063,0.0079
M1,Female,67,2035,0.0069,0.0067,0.0072,0.0065,0.0075,0.0062,0.0078
M1,Female,67,2036,0.0068,0.0065,0.0071,0.0063,0.0074,0.0061,0.0077
M1,Female,67,2037,0.0067,0.0064,0.0070,0.0062,0.0072,0.0059,0.0076
M1,Female,67,2038,0.0066,0.0063,0.0069,0.0061,0.0071,0.0058,0.0074
M1,Female,67,2039,0.0065,0.0062,0.0068,0.0060,0.0071,0.0057,0.0074
M1,Female,67,2040,0.0064,0.0061,0.0067,0.0058,0.0069,0.0056,0.0072
M1,Female,68,2021,0.0099,0.0097,0.0100,0.0096,0.0102,0.0095,0.0103
M1,Female,68,2022,0.0097,0.0095,0.0099,0.0094,0.0100,0.0092,0.0102
M1,Female,68,2023,0.0096,0.0094,0.0098,0.0093,0.0100,0.0091,0.0102
M1,Female,68,2024,0.0093,0.0091,0.0096,0.0089,0.0097,0.0087,0.0100
M1,Female,68,2025,0.0093,0.0090,0.0095,0.0089,0.0097,0.0086,0.0100
M1,Female,68,2026,0.0091,0.0088,0.0093,0.0087,0.0096,0.0084,0.0098
M1,Female,68,2027,0.0089,0.0087,0.0091,0.0084,0.0094,0.0082,0.0097
M1,Female,68,2028,0.0088,0.0085,0.0091,0.0083,0.0093,0.0080,0.0097
M1,Female,68,2029,0.0086,0.0083,0.0089,0.0081,0.0091,0.0078,0.0094
M1,Female,68,2030,0.0085,0.0082,0.0087,0.0080,0.0090,0.0076,0.0093
M1,Female,68,2031,0.0083,0.0080,0.0086,0.0078,0.0089,0.0075,0.0092
M1,Female,68,2032,0.0082,0.0078,0.0084,0.0076,0.0087,0.0073,0.0090
M1,Female,68,2033,0.0080,0.0077,0.0083,0.0075,0.0086,0.0071,0.0089
M1,Female,68,2034,0.0079,0.0076,0.0082,0.0073,0.0085,0.0070,0.0088
M1,Female,68,2035,0.0077,0.0074,0.0080,0.0072,0.0083,0.0069,0.0087
M1,Female,68,2036,0.0076,0.0073,0.0079,0.0070,0.0082,0.0067,0.0086
M1,Female,68,2037,0.0075,0.0071,0.0078,0.0069,0.0081,0.0066,0.0085
M1,Female,68,2038,0.0073,0.0070,0.0076,0.0067,0.0080,0.0064,0.0083
M1,Female,68,2039,0.0072,0.0069,0.0075,0.0066,0.0079,0.0063,0.0082
M1,Female,68,2040,0.0071,0.0068,0.0074,0.0065,0.0077,0.0062,0.0081
M1,Female,69,2021,0.0111,0.0109,0.0113,0.0108,0.0114,0.0106,0.0116
M1,Female,69,2022,0.0109,0.0107,0.0111,0.0106,0.0113,0.0104,0.0115
M1,Female,69,2023,0.0108,0.0106,0.0110,0.0104,0.0112,0.0103,0.0115
M1,Female,69,2024,0.0105,0.0103,0.0107,0.0100,0.0110,0.0098,0.0112
M1,Female,69,2025,0.0104,0.0101,0.0107,0.0099,0.0109,0.0097,0.0112
M1,Female,69,2026,0.0102,0.0099,0.0105,0.0097,0.0108,0.0095,0.0110
M1,Female,69,2027,0.0100,0.0097,0.0103,0.0095,0.0106,0.0092,0.0109
M1,Female,69,2028,0.0098,0.0096,0.0102,0.0093,0.0104,0.0090,0.0109
M1,Female,69,2029,0.0096,0.0093,0.0099,0.0091,0.0102,0.0087,0.0106
M1,Female,69,2030,0.0095,0.0092,0.0098,0.0089,0.0101,0.0086,0.0105
M1,Female,69,2031,0.0093,0.0090,0.0096,0.0087,0.0100,0.0084,0.0103
M1,Female,69,2032,0.0091,0.0088,0.0095,0.0085,0.0098,0.0082,0.0102
M1,Female,69,2033,0.0090,0.0087,0.0093,0.0084,0.0096,0.0079,0.0100
M1,Female,69,2034,0.0088,0.0085,0.0091,0.0082,0.0095,0.0078,0.0099
M1,Female,69,2035,0.0087,0.0083,0.0090,0.0080,0.0093,0.0077,0.0097
M1,Female,69,2036,0.0085,0.0081,0.0089,0.0078,0.0092,0.0075,0.0096
M1,Female,69,2037,0.0084,0.0080,0.0087,0.0077,0.0090,0.0073,0.0095
M1,Female,69,2038,0.0082,0.0078,0.0086,0.0075,0.0089,0.0071,0.0093
M1,Female,69,2039,0.0081,0.0076,0.0084,0.0074,0.0088,0.0070,0.0092
M1,Female,69,2040,0.0079,0.0075,0.0083,0.0072,0.0086,0.0069,0.0090
M1,Female,70,2021,0.0121,0.0119,0.0123,0.0117,0.0125,0.0116,0.0127
M1,Female,70,2022,0.0119,0.0117,0.0121,0.0115,0.0123,0.0113,0.0126
M1,Female,70,2023,0.0118,0.0116,0.0121,0.0114,0.0123,0.0112,0.0125
M1,Female,70,2024,0.0115,0.0112,0.0117,0.0109,0.0120,0.0107,0.0123
M1,Female,70,2025,0.0113,0.0110,0.0116,0.0108,0.0119,0.0105,0.0123
M1,Female,70,2026,0.0111,0.0108,0.0114,0.0106,0.0117,0.0103,0.0120
M1,Female,70,2027,0.0109,0.0106,0.0112,0.0103,0.0115,0.0100,0.0119
M1,Female,70,2028,0.0107,0.0104,0.0111,0.0101,0.0114,0.0098,0.0119
M1,Female,70,2029,0.0105,0.0101,0.0108,0.0099,0.0112,0.0095,0.0116
M1,Female,70,2030,0.0103,0.0100,0.0107,0.0097,0.0110,0.0093,0.0114
M1,Female,70,2031,0.0101,0.0098,0.0105,0.0095,0.0108,0.0091,0.0112
M1,Female,70,2032,0.0099,0.0095,0.0103,0.0092,0.0107,0.0089,0.0111
M1,Female,70,2033,0.0098,0.0094,0.0101,0.0091,0.0105,0.0086,0.0109
M1,Female,70,2034,0.0096,0.0092,0.0099,0.0089,0.0103,0.0085,0.0107
M1,Female,70,2035,0.0094,0.0090,0.0098,0.0087,0.0101,0.0084,0.0106
M1,Female,70,2036,0.0092,0.0088,0.0096,0.0085,0.0100,0.0081,0.0105
M1,Female,70,2037,0.0091,0.0086,0.0095,0.0083,0.0098,0.0079,0.0103
M1,Female,70,2038,0.0089,0.0085,0.0093,0.0081,0.0097,0.0077,0.0101
M1,Female,70,2039,0.0087,0.0083,0.0092,0.0080,0.0096,0.0076,0.0100
M1,Female,70,2040,0.0086,0.0082,0.0090,0.0078,0.0094,0.0074,0.0098
M1,Female,71,2021,0.0132,0.0130,0.0134,0.0128,0.0136,0.0126,0.0139
M1,Female,71,2022,0.0129,0.0127,0.0132,0.0125,0.0134,0.0123,0.0137
M1,Female,71,2023,0.0129,0.0126,0.0131,0.0124,0.0134,0.0121,0.0136
M1,Female,71,2024,0.0124,0.0121,0.0128,0.0119,0.0130,0.0116,0.0134
M1,Female,71,2025,0.0123,0.0120,0.0126,0.0118,0.0129,0.0114,0.0133
M1,Female,71,2026,0.0121,0.0117,0.0124,0.0115,0.0128,0.0111,0.0131
M1,Female,71,2027,0.0118,0.0115,0.0122,0.0111,0.0125,0.0108,0.0129
M1,Female,71,2028,0.0116,0.0113,0.0120,0.0110,0.0123,0.0106,0.0129
M1,Female,71,2029,0.0114,0.0110,0.0118,0.0107,0.0121,0.0103,0.0126
M1,Female,71,2030,0.0112,0.0108,0.0116,0.0105,0.0120,0.0100,0.0124
M1,Female,71,2031,0.0110,0.0106,0.0114,0.0102,0.0118,0.0098,0.0122
M1,Female,71,2032,0.0108,0.0103,0.0112,0.0100,0.0116,0.0096,0.0120
M1,Female,71,2033,0.0106,0.0102,0.0110,0.0098,0.0114,0.0093,0.0118
M1,Female,71,2034,0.0104,0.0099,0.0108,0.0096,0.0112,0.0092,0.0117
M1,Female,71,2035,0.0102,0.0097,0.0106,0.0094,0.0110,0.0090,0.0115
M1,Female,71,2036,0.0100,0.0095,0.0104,0.0092,0.0108,0.0088,0.0113
M1,Female,71,2037,0.0098,0.0093,0.0102,0.0090,0.0106,0.0085,0.0112
M1,Female,71,2038,0.0096,0.0092,0.0100,0.0088,0.0105,0.0083,0.0110
M1,Female,71,2039,0.0094,0.0089,0.0099,0.0086,0.0103,0.0082,0.0109
M1,Female,71,2040,0.0092,0.0088,0.0097,0.0084,0.0101,0.0080,0.0106
M1,Female,72,2021,0.0145,0.0142,0.0148,0.0140,0.0150,0.0138,0.0153
M1,Female,72,2022,0.0142,0.0139,0.0145,0.0137,0.0148,0.0135,0.0151
M1,Female,72,2023,0.0141,0.0138,0.0144,0.0136,0.0147,0.0133,0.0150
M1,Female,72,2024,0.0137,0.0133,0.0140,0.0130,0.0143,0.0127,0.0147
M1,Female,72,2025,0.0135,0.0132,0.0139,0.0129,0.0142,0.0125,0.0147
M1,Female,72,2026,0.0132,0.0129,0.0136,0.0126,0.0140,0.0122,0.0144
M1,Female,72,2027,0.0130,0.0126,0.0134,0.0122,0.0138,0.0118,0.0142
M1,Female,72,2028,0.0128,0.0124,0.0132,0.0120,0.0136,0.0116,0.0142
M1,Female,72,2029,0.0125,0.0120,0.0129,0.0117,0.0133,0.0112,0.0138
M1,Female,72,2030,0.0123,0.0119,0.0127,0.0115,0.0131,0.0110,0.0136
M1,Female,72,2031,0.0120,0.0116,0.0125,0.0112,0.0129,0.0108,0.0134
M1,Female,72,2032,0.0118,0.0113,0.0122,0.0109,0.0127,0.0105,0.0132
M1,Female,72,2033,0.0116,0.0111,0.0120,0.0107,0.0125,0.0101,0.0130
M1,Female,72,2034,0.0113,0.0109,0.0118,0.0105,0.0123,0.0100,0.0128
M1,Female,72,2035,0.0111,0.0106,0.0116,0.0103,0.0121,0.0098,0.0126
M1,Female,72,2036,0.0109,0.0104,0.0114,0.0100,0.0119,0.0096,0.0124
M1,Female,72,2037,0.0107,0.0102,0.0112,0.0098,0.0116,0.0093,0.0123
M1,Female,72,2038,0.0105,0.0100,0.0110,0.0096,0.0115,0.0091,0.0120
M1,Female,72,2039,0.0103,0.0098,0.0108,0.0094,0.0113,0.0089,0.0119
M1,Female,72,2040,0.0101,0.0096,0.0106,0.0092,0.0111,0.0087,0.0117
M1,Female,73,2021,0.0160,0.0157,0.0163,0.0155,0.0165,0.0153,0.0169
M1,Female,73,2022,0.0157,0.0154,0.0160,0.0152,0.0163,0.0149,0.0166
M1,Female,73,2023,0.0156,0.0153,0.0159,0.0150,0.0162,0.0147,0.0166
M1,Female,73,2024,0.0151,0.0147,0.0155,0.0143,0.0158,0.0140,0.0162
M1,Female,73,2025,0.0149,0.0145,0.0153,0.0142,0.0157,0.0138,0.0162
M1,Female,73,2026,0.0146,0.0142,0.0150,0.0138,0.0155,0.0135,0.0159
M1,Female,73,2027,0.0143,0.0139,0.0147,0.0135,0.0152,0.0130,0.0157
M1,Female,73,2028,0.0141,0.0136,0.0146,0.0132,0.0150,0.0128,0.0156
M1,Female,73,2029,0.0137,0.0132,0.0142,0.0129,0.0147,0.0124,0.0152
M1,Female,73,2030,0.0135,0.0130,0.0140,0.0126,0.0145,0.0121,0.0150
M1,Female,73,2031,0.0132,0.0128,0.0138,0.0123,0.0142,0.0118,0.0148
M1,Female,73,2032,0.0130,0.0124,0.0135,0.0120,0.0140,0.0115,0.0145
M1,Female,73,2033,0.0127,0.0122,0.0132,0.0118,0.0137,0.0111,0.0143
M1,Female,73,2034,0.0125,0.0119,0.0130,0.0115,0.0135,0.0110,0.0141
M1,Female,73,2035,0.0122,0.0117,0.0128,0.0113,0.0133,0.0108,0.0139
M1,Female,73,2036,0.0120,0.0114,0.0125,0.0110,0.0131,0.0105,0.0137
M1,Female,73,2037,0.0118,0.0112,0.0123,0.0107,0.0128,0.0102,0.0135
M1,Female,73,2038,0.0115,0.0110,0.0121,0.0105,0.0126,0.0099,0.0132
M1,Female,73,2039,0.0113,0.0107,0.0119,0.0103,0.0125,0.0098,0.0131
M1,Female,73,2040,0.0111,0.0105,0.0117,0.0100,0.0122,0.0096,0.0128
M1,Female,74,2021,0.0173,0.0170,0.0176,0.0167,0.0179,0.0165,0.0182
M1,Female,74,2022,0.0170,0.0166,0.0173,0.0164,0.0176,0.0160,0.0180
M1,Female,74,2023,0.0168,0.0165,0.0172,0.0162,0.0175,0.0159,0.0179
M1,Female,74,2024,0.0163,0.0159,0.0167,0.0155,0.0171,0.0151,0.0175
M1,Female,74,2025,0.0161,0.0157,0.0165,0.0153,0.0169,0.0149,0.0175
M1,Female,74,2026,0.0157,0.0153,0.0162,0.0149,0.0167,0.0145,0.0172
M1,Female,74,2027,0.0154,0.0149,0.0159,0.0145,0.0164,0.0140,0.0169
M1,Female,74,2028,0.0152,0.0147,0.0157,0.0143,0.0161,0.0137,0.0169
M1,Female,74,2029,0.0148,0.0143,0.0153,0.0139,0.0158,0.0133,0.0164
M1,Female,74,2030,0.0145,0.0140,0.0151,0.0136,0.0156,0.0130,0.0162
M1,Female,74,2031,0.0143,0.0137,0.0148,0.0133,0.0154,0.0127,0.0160
M1,Female,74,2032,0.0140,0.0134,0.0145,0.0129,0.0151,0.0124,0.0157
M1,Female,74,2033,0.0137,0.0132,0.0143,0.0127,0.0148,0.0120,0.0154
M1,Female,74,2034,0.0134,0.0129,0.0140,0.0124,0.0146,0.0118,0.0152
M1,Female,74,2035,0.0132,0.0126,0.0138,0.0121,0.0143,0.0116,0.0150
M1,Female,74,2036,0.0129,0.0123,0.0135,0.0118,0.0141,0.0113,0.0148
M1,Female,74,2037,0.0127,0.0120,0.0133,0.0116,0.0138,0.0110,0.0146
M1,Female,74,2038,0.0124,0.0118,0.0130,0.0113,0.0136,0.0107,0.0142
M1,Female,74,2039,0.0122,0.0115,0.0128,0.0111,0.0134,0.0105,0.0141
M1,Female,74,2040,0.0119,0.0113,0.0126,0.0108,0.0131,0.0103,0.0138
M1,Female,75,2021,0.0195,0.0191,0.0198,0.0188,0.0201,0.0186,0.0205
M1,Female,75,2022,0.0191,0.0187,0.0195,0.0184,0.0198,0.0181,0.0203
M1,Female,75,2023,0.0190,0.0186,0.0194,0.0182,0.0198,0.0179,0.0202
M1,Female,75,2024,0.0183,0.0179,0.0188,0.0174,0.0192,0.0170,0.0198
M1,Female,75,2025,0.0181,0.0176,0.0186,0.0173,0.0191,0.0167,0.0197
M1,Female,75,2026,0.0177,0.0172,0.0183,0.0168,0.0188,0.0163,0.0193
M1,Female,75,2027,0.0174,0.0168,0.0179,0.0163,0.0185,0.0158,0.0190
M1,Female,75,2028,0.0171,0.0166,0.0177,0.0161,0.0182,0.0155,0.0190
M1,Female,75,2029,0.0167,0.0161,0.0173,0.0156,0.0178,0.0150,0.0185
M1,Female,75,2030,0.0164,0.0158,0.0170,0.0153,0.0176,0.0146,0.0183
M1,Female,75,2031,0.0161,0.0155,0.0167,0.0149,0.0173,0.0143,0.0180
M1,Female,75,2032,0.0157,0.0151,0.0164,0.0145,0.0170,0.0139,0.0177
M1,Female,75,2033,0.0154,0.0148,0.0161,0.0143,0.0167,0.0135,0.0174
M1,Female,75,2034,0.0151,0.0145,0.0158,0.0139,0.0164,0.0133,0.0171
M1,Female,75,2035,0.0148,0.0142,0.0155,0.0136,0.0161,0.0131,0.0169
M1,Female,75,2036,0.0145,0.0138,0.0152,0.0133,0.0158,0.0127,0.0166
M1,Female,75,2037,0.0143,0.0135,0.0149,0.0130,0.0155,0.0123,0.0164
M1,Female,75,2038,0.0140,0.0133,0.0146,0.0127,0.0153,0.0120,0.0160
M1,Female,75,2039,0.0137,0.0129,0.0144,0.0125,0.0151,0.0118,0.0159
M1,Female,75,2040,0.0134,0.0127,0.0141,0.0122,0.0148,0.0115,0.0156
M1,Female,76,2021,0.0220,0.0216,0.0224,0.0213,0.0227,0.0210,0.0231
M1,Female,76,2022,0.0216,0.0211,0.0220,0.0208,0.0224,0.0204,0.0228
M1,Female,76,2023,0.0214,0.0209,0.0218,0.0205,0.0223,0.0202,0.0227
M1,Female,76,2024,0.0207,0.0202,0.0212,0.0197,0.0217,0.0192,0.0223
M1,Female,76,2025,0.0205,0.0199,0.0210,0.0195,0.0215,0.0189,0.0222
M1,Female,76,2026,0.0200,0.0194,0.0206,0.0190,0.0212,0.0185,0.0218
M1,Female,76,2027,0.0196,0.0190,0.0202,0.0184,0.0208,0.0178,0.0215
M1,Female,76,2028,0.0193,0.0187,0.0200,0.0181,0.0205,0.0175,0.0215
M1,Female,76,2029,0.0188,0.0182,0.0195,0.0176,0.0201,0.0169,0.0209
M1,Female,76,2030,0.0185,0.0179,0.0192,0.0173,0.0199,0.0165,0.0206
M1,Female,76,2031,0.0181,0.0175,0.0189,0.0169,0.0195,0.0162,0.0203
M1,Female,76,2032,0.0178,0.0170,0.0185,0.0164,0.0192,0.0157,0.0200
M1,Female,76,2033,0.0174,0.0168,0.0181,0.0161,0.0188,0.0152,0.0196
M1,Female,76,2034,0.0171,0.0164,0.0178,0.0158,0.0185,0.0150,0.0193
M1,Female,76,2035,0.0168,0.0160,0.0175,0.0154,0.0182,0.0148,0.0190
M1,Female,76,2036,0.0164,0.0156,0.0172,0.0150,0.0179,0.0144,0.0188
M1,Female,76,2037,0.0161,0.0153,0.0169,0.0147,0.0175,0.0140,0.0185
M1,Female,76,2038,0.0158,0.0150,0.0165,0.0144,0.0173,0.0136,0.0181
M1,Female,76,2039,0.0155,0.0146,0.0163,0.0141,0.0171,0.0134,0.0180
M1,Female,76,2040,0.0152,0.0144,0.0160,0.0137,0.0167,0.0131,0.0176
M1,Female,77,2021,0.0233,0.0229,0.0238,0.0226,0.0241,0.0223,0.0246
M1,Female,77,2022,0.0229,0.0224,0.0234,0.0221,0.0238,0.0216,0.0243
M1,Female,77,2023,0.0227,0.0222,0.0232,0.0218,0.0237,0.0214,0.0242
M1,Female,77,2024,0.0220,0.0214,0.0225,0.0209,0.0230,0.0204,0.0237
M1,Female,77,2025,0.0217,0.0211,0.0223,0.0207,0.0229,0.0201,0.0236
M1,Female,77,2026,0.0213,0.0206,0.0219,0.0202,0.0225,0.0196,0.0232
M1,Female,77,2027,0.0208,0.0202,0.0215,0.0196,0.0221,0.0189,0.0228
M1,Female,77,2028,0.0205,0.0198,0.0212,0.0192,0.0218,0.0185,0.0228
M1,Female,77,2029,0.0200,0.0193,0.0207,0.0187,0.0214,0.0180,0.0222
M1,Female,77,2030,0.0196,0.0190,0.0204,0.0184,0.0211,0.0175,0.0219
M1,Female,77,2031,0.0193,0.0186,0.0200,0.0179,0.0207,0.0172,0.0215
M1,Female,77,2032,0.0189,0.0181,0.0196,0.0174,0.0203,0.0167,0.0212
M1,Female,77,2033,0.0185,0.0178,0.0192,0.0171,0.0200,0.0161,0.0208
M1,Female,77,2034,0.0181,0.0174,0.0189,0.0167,0.0197,0.0159,0.0205
M1,Female,77,2035,0.0178,0.0170,0.0186,0.0164,0.0193,0.0157,0.0202
M1,Female,77,2036,0.0174,0.0166,0.0182,0.0159,0.0190,0.0152,0.0199
M1,Female,77,2037,0.0171,0.0162,0.0179,0.0156,0.0186,0.0148,0.0197
M1,Female,77,2038,0.0168,0.0159,0.0175,0.0152,0.0184,0.0144,0.0192
M1,Female,77,2039,0.0164,0.0155,0.0173,0.0150,0.0181,0.0142,0.0191
M1,Female,77,2040,0.0161,0.0153,0.0169,0.0146,0.0177,0.0138,0.0187
M1,Female,78,2021,0.0269,0.0264,0.0274,0.0260,0.0278,0.0257,0.0283
M1,Female,78,2022,0.0264,0.0259,0.0269,0.0255,0.0274,0.0250,0.0279
M1,Female,78,2023,0.0262,0.0256,0.0267,0.0252,0.0273,0.0247,0.0278
M1,Female,78,2024,0.0253,0.0247,0.0260,0.0241,0.0265,0.0236,0.0273
M1,Female,78,2025,0.0251,0.0244,0.0257,0.0239,0.0264,0.0232,0.0272
M1,Female,78,2026,0.0245,0.0238,0.0252,0.0233,0.0260,0.0227,0.0267
M1,Female,78,2027,0.0240,0.0233,0.0248,0.0226,0.0255,0.0219,0.0263
M1,Female,78,2028,0.0237,0.0229,0.0245,0.0223,0.0251,0.0215,0.0263
M1,Female,78,2029,0.0231,0.0223,0.0239,0.0217,0.0247,0.0208,0.0256
M1,Female,78,2030,0.0227,0.0220,0.0235,0.0213,0.0243,0.0204,0.0253
M1,Female,78,2031,0.0223,0.0215,0.0231,0.0208,0.0240,0.0199,0.0249
M1,Female,78,2032,0.0218,0.0209,0.0227,0.0202,0.0235,0.0194,0.0245
M1,Female,78,2033,0.0214,0.0206,0.0223,0.0199,0.0231,0.0188,0.0241
M1,Female,78,2034,0.0210,0.0201,0.0219,0.0194,0.0228,0.0185,0.0237
M1,Female,78,2035,0.0206,0.0197,0.0215,0.0190,0.0223,0.0182,0.0233
M1,Female,78,2036,0.0202,0.0193,0.0211,0.0185,0.0220,0.0177,0.0231
M1,Female,78,2037,0.0198,0.0188,0.0207,0.0181,0.0216,0.0172,0.0228
M1,Female,78,2038,0.0195,0.0185,0.0204,0.0177,0.0213,0.0168,0.0222
M1,Female,78,2039,0.0191,0.0180,0.0201,0.0174,0.0210,0.0165,0.0221
M1,Female,78,2040,0.0187,0.0178,0.0197,0.0170,0.0205,0.0161,0.0216
M1,Female,79,2021,0.0293,0.0288,0.0298,0.0284,0.0302,0.0280,0.0308
M1,Female,79,2022,0.0287,0.0282,0.0293,0.0278,0.0298,0.0272,0.0304
M1,Female,79,2023,0.0285,0.0280,0.0291,0.0274,0.0297,0.0270,0.0303
M1,Female,79,2024,0.0276,0.0270,0.0283,0.0263,0.0289,0.0257,0.0297
M1,Female,79,2025,0.0274,0.0266,0.0280,0.0261,0.0287,0.0253,0.0296
M1,Female,79,2026,0.0268,0.0260,0.0275,0.0255,0.0283,0.0248,0.0291
M1,Female,79,2027,0.0262,0.0255,0.0270,0.0247,0.0278,0.0239,0.0287
M1,Female,79,2028,0.0258,0.0251,0.0267,0.0243,0.0274,0.0235,0.0286
M1,Female,79,2029,0.0253,0.0244,0.0261,0.0237,0.0269,0.0228,0.0279
M1,Female,79,2030,0.0248,0.0240,0.0257,0.0233,0.0266,0.0223,0.0276
M1,Female,79,2031,0.0244,0.0235,0.0253,0.0227,0.0261,0.0218,0.0271
M1,Female,79,2032,0.0239,0.0229,0.0248,0.0222,0.0257,0.0212,0.0267
M1,Female,79,2033,0.0235,0.0226,0.0244,0.0218,0.0253,0.0206,0.0263
M1,Female,79,2034,0.0230,0.0220,0.0239,0.0213,0.0249,0.0203,0.0259
M1,Female,79,2035,0.0226,0.0216,0.0235,0.0208,0.0244,0.0200,0.0255
M1,Female,79,2036,0.0222,0.0211,0.0231,0.0203,0.0240,0.0195,0.0252
M1,Female,79,2037,0.0217,0.0206,0.0227,0.0199,0.0236,0.0189,0.0249
M1,Female,79,2038,0.0213,0.0203,0.0223,0.0195,0.0233,0.0185,0.0243
M1,Female,79,2039,0.0209,0.0198,0.0220,0.0191,0.0230,0.0182,0.0241
M1,Female,79,2040,0.0205,0.0195,0.0216,0.0186,0.0225,0.0178,0.0236
M1,Female,80,2021,0.0344,0.0338,0.0350,0.0334,0.0355,0.0329,0.0361
M1,Female,80,2022,0.0338,0.0332,0.0344,0.0327,0.0350,0.0321,0.0357
M1,Female,80,2023,0.0336,0.0329,0.0342,0.0323,0.0348,0.0318,0.0355
M1,Female,80,2024,0.0325,0.0318,0.0333,0.0311,0.0340,0.0304,0.0348
M1,Female,80,2025,0.0322,0.0314,0.0330,0.0308,0.0338,0.0299,0.0348
M1,Female,80,2026,0.0316,0.0307,0.0324,0.0301,0.0333,0.0293,0.0342
M1,Female,80,2027,0.0309,0.0301,0.0318,0.0293,0.0328,0.0283,0.0337
M1,Female,80,2028,0.0305,0.0296,0.0315,0.0288,0.0323,0.0278,0.0337
M1,Female,80,2029,0.0298,0.0288,0.0308,0.0281,0.0317,0.0270,0.0328
M1,Female,80,2030,0.0293,0.0284,0.0303,0.0276,0.0313,0.0264,0.0324
M1,Female,80,2031,0.0288,0.0278,0.0299,0.0269,0.0308,0.0259,0.0319
M1,Female,80,2032,0.0283,0.0271,0.0293,0.0263,0.0303,0.0252,0.0315
M1,Female,80,2033,0.0278,0.0268,0.0288,0.0258,0.0298,0.0245,0.0310
M1,Female,80,2034,0.0273,0.0262,0.0283,0.0253,0.0294,0.0242,0.0305
M1,Female,80,2035,0.0268,0.0256,0.0279,0.0248,0.0289,0.0238,0.0301
M1,Female,80,2036,0.0263,0.0251,0.0274,0.0242,0.0284,0.0232,0.0298
M1,Female,80,2037,0.0258,0.0246,0.0269,0.0237,0.0279,0.0226,0.0294
M1,Female,80,2038,0.0253,0.0242,0.0264,0.0232,0.0276,0.0220,0.0288
M1,Female,80,2039,0.0249,0.0236,0.0261,0.0228,0.0272,0.0217,0.0286
M1,Female,80,2040,0.0244,0.0233,0.0256,0.0223,0.0267,0.0212,0.0280
M1,Female,81,2021,0.0388,0.0381,0.0394,0.0376,0.0399,0.0372,0.0406
M1,Female,81,2022,0.0381,0.0374,0.0388,0.0369,0.0394,0.0363,0.0402
M1,Female,81,2023,0.0379,0.0371,0.0386,0.0365,0.0393,0.0359,0.0400
M1,Female,81,2024,0.0368,0.0359,0.0376,0.0351,0.0383,0.0344,0.0393
M1,Female,81,2025,0.0364,0.0355,0.0373,0.0348,0.0381,0.0339,0.0392
M1,Female,81,2026,0.0357,0.0347,0.0366,0.0340,0.0376,0.0332,0.0385
M1,Female,81,2027,0.0350,0.0341,0.0360,0.0332,0.0370,0.0321,0.0380
M1,Female,81,2028,0.0345,0.0336,0.0356,0.0327,0.0365,0.0316,0.0380
M1,Female,81,2029,0.0338,0.0327,0.0348,0.0319,0.0359,0.0307,0.0371
M1,Female,81,2030,0.0333,0.0322,0.0344,0.0313,0.0354,0.0301,0.0367
M1,Female,81,2031,0.0327,0.0316,0.0338,0.0306,0.0349,0.0295,0.0361
M1,Female,81,2032,0.0321,0.0308,0.0332,0.0299,0.0343,0.0287,0.0356
M1,Female,81,2033,0.0315,0.0304,0.0327,0.0294,0.0338,0.0279,0.0351
M1,Female,81,2034,0.0310,0.0298,0.0321,0.0288,0.0333,0.0276,0.0346
M1,Female,81,2035,0.0304,0.0292,0.0316,0.0282,0.0327,0.0272,0.0341
M1,Female,81,2036,0.0299,0.0286,0.0311,0.0276,0.0323,0.0265,0.0337
M1,Female,81,2037,0.0294,0.0280,0.0306,0.0271,0.0317,0.0258,0.0333
M1,Female,81,2038,0.0289,0.0276,0.0301,0.0265,0.0313,0.0252,0.0326
M1,Female,81,2039,0.0284,0.0269,0.0297,0.0261,0.0309,0.0248,0.0324
M1,Female,81,2040,0.0279,0.0266,0.0292,0.0255,0.0303,0.0243,0.0318
M1,Female,82,2021,0.0445,0.0438,0.0452,0.0433,0.0458,0.0427,0.0466
M1,Female,82,2022,0.0438,0.0430,0.0445,0.0425,0.0452,0.0417,0.0460
M1,Female,82,2023,0.0435,0.0427,0.0443,0.0420,0.0451,0.0414,0.0459
M1,Female,82,2024,0.0423,0.0414,0.0432,0.0405,0.0440,0.0396,0.0451
M1,Female,82,2025,0.0419,0.0409,0.0428,0.0402,0.0437,0.0391,0.0450
M1,Female,82,2026,0.0411,0.0401,0.0421,0.0393,0.0432,0.0383,0.0443
M1,Female,82,2027,0.0403,0.0393,0.0414,0.0383,0.0426,0.0372,0.0437
M1,Female,82,2028,0.0398,0.0387,0.0410,0.0377,0.0420,0.0366,0.0436
M1,Female,82,2029,0.0390,0.0378,0.0402,0.0368,0.0413,0.0356,0.0426
M1,Female,82,2030,0.0384,0.0373,0.0396,0.0363,0.0408,0.0349,0.0422
M1,Female,82,2031,0.0378,0.0366,0.0390,0.0355,0.0402,0.0342,0.0416
M1,Female,82,2032,0.0371,0.0357,0.0383,0.0347,0.0396,0.0334,0.0410
M1,Female,82,2033,0.0365,0.0353,0.0377,0.0341,0.0390,0.0324,0.0404
M1,Female,82,2034,0.0359,0.0345,0.0371,0.0334,0.0385,0.0321,0.0399
M1,Female,82,2035,0.0353,0.0339,0.0366,0.0328,0.0378,0.0316,0.0393
M1,Female,82,2036,0.0347,0.0332,0.0360,0.0321,0.0373,0.0309,0.0389
M1,Female,82,2037,0.0341,0.0325,0.0354,0.0315,0.0367,0.0301,0.0385
M1,Female,82,2038,0.0335,0.0321,0.0349,0.0309,0.0362,0.0294,0.0377
M1,Female,82,2039,0.0329,0.0313,0.0344,0.0304,0.0358,0.0290,0.0374
M1,Female,82,2040,0.0324,0.0310,0.0338,0.0297,0.0351,0.0284,0.0367
M1,Female,83,2021,0.0527,0.0519,0.0535,0.0513,0.0541,0.0507,0.0550
M1,Female,83,2022,0.0519,0.0510,0.0527,0.0504,0.0535,0.0495,0.0544
M1,Female,83,2023,0.0516,0.0507,0.0525,0.0499,0.0533,0.0491,0.0542
M1,Female,83,2024,0.0502,0.0491,0.0512,0.0481,0.0521,0.0472,0.0533
M1,Female,83,2025,0.0497,0.0486,0.0508,0.0478,0.0518,0.0466,0.0532
M1,Female,83,2026,0.0488,0.0476,0.0500,0.0468,0.0512,0.0457,0.0524
M1,Female,83,2027,0.0480,0.0468,0.0492,0.0456,0.0505,0.0443,0.0517
M1,Female,83,2028,0.0473,0.0461,0.0487,0.0450,0.0498,0.0437,0.0517
M1,Female,83,2029,0.0465,0.0451,0.0478,0.0440,0.0491,0.0425,0.0506
M1,Female,83,2030,0.0458,0.0445,0.0472,0.0433,0.0485,0.0417,0.0500
M1,Female,83,2031,0.0450,0.0437,0.0465,0.0424,0.0478,0.0410,0.0494
M1,Female,83,2032,0.0443,0.0427,0.0457,0.0415,0.0471,0.0400,0.0487
M1,Female,83,2033,0.0436,0.0422,0.0450,0.0409,0.0464,0.0389,0.0480
M1,Female,83,2034,0.0429,0.0413,0.0443,0.0401,0.0458,0.0386,0.0474
M1,Female,83,2035,0.0422,0.0406,0.0437,0.0394,0.0451,0.0380,0.0468
M1,Female,83,2036,0.0415,0.0398,0.0431,0.0386,0.0445,0.0371,0.0463
M1,Female,83,2037,0.0408,0.0391,0.0424,0.0379,0.0438,0.0363,0.0459
M1,Female,83,2038,0.0402,0.0385,0.0417,0.0372,0.0433,0.0355,0.0450
M1,Female,83,2039,0.0395,0.0377,0.0412,0.0366,0.0428,0.0350,0.0447
M1,Female,83,2040,0.0389,0.0372,0.0405,0.0358,0.0420,0.0343,0.0439
M1,Female,84,2021,0.0611,0.0602,0.0620,0.0595,0.0627,0.0589,0.0636
M1,Female,84,2022,0.0602,0.0592,0.0611,0.0585,0.0620,0.0576,0.0630
M1,Female,84,2023,0.0598,0.0588,0.0608,0.0579,0.0617,0.0571,0.0627
M1,Female,84,2024,0.0583,0.0571,0.0594,0.0560,0.0605,0.0550,0.0618
M1,Female,84,2025,0.0578,0.0565,0.0590,0.0556,0.0601,0.0543,0.0616
M1,Female,84,2026,0.0568,0.0555,0.0581,0.0545,0.0594,0.0533,0.0607
M1,Female,84,2027,0.0558,0.0545,0.0572,0.0533,0.0586,0.0518,0.0600
M1,Female,84,2028,0.0551,0.0538,0.0567,0.0526,0.0579,0.0511,0.0600
M1,Female,84,2029,0.0542,0.0526,0.0556,0.0514,0.0571,0.0498,0.0587
M1,Female,84,2030,0.0534,0.0519,0.0549,0.0507,0.0564,0.0489,0.0581
M1,Female,84,2031,0.0526,0.0511,0.0542,0.0496,0.0557,0.0481,0.0574
M1,Female,84,2032,0.0517,0.0500,0.0533,0.0486,0.0549,0.0470,0.0567
M1,Female,84,2033,0.0510,0.0494,0.0526,0.0479,0.0541,0.0458,0.0559
M1,Female,84,2034,0.0502,0.0485,0.0518,0.0470,0.0535,0.0454,0.0552
M1,Female,84,2035,0.0494,0.0476,0.0511,0.0463,0.0527,0.0447,0.0546
M1,Female,84,2036,0.0486,0.0468,0.0504,0.0454,0.0520,0.0437,0.0540
M1,Female,84,2037,0.0479,0.0459,0.0496,0.0446,0.0512,0.0428,0.0535
M1,Female,84,2038,0.0471,0.0453,0.0489,0.0438,0.0506,0.0419,0.0525
M1,Female,84,2039,0.0464,0.0444,0.0483,0.0431,0.0501,0.0413,0.0522
M1,Female,84,2040,0.0457,0.0439,0.0476,0.0422,0.0492,0.0406,0.0513
M1,Female,85,2021,0.0731,0.0721,0.0740,0.0713,0.0748,0.0706,0.0759
M1,Female,85,2022,0.0720,0.0710,0.0731,0.0701,0.0741,0.0691,0.0752
M1,Female,85,2023,0.0716,0.0705,0.0727,0.0695,0.0738,0.0686,0.0749
M1,Female,85,2024,0.0699,0.0686,0.0712,0.0674,0.0724,0.0662,0.0738
M1,Female,85,2025,0.0694,0.0679,0.0707,0.0669,0.0720,0.0654,0.0737
M1,Female,85,2026,0.0682,0.0667,0.0697,0.0656,0.0712,0.0643,0.0727
M1,Female,85,2027,0.0672,0.0657,0.0687,0.0642,0.0703,0.0626,0.0719
M1,Female,85,2028,0.0664,0.0649,0.0681,0.0634,0.0695,0.0617,0.0718
M1,Female,85,2029,0.0653,0.0635,0.0669,0.0621,0.0685,0.0603,0.0704
M1,Female,85,2030,0.0644,0.0628,0.0661,0.0613,0.0678,0.0593,0.0697
M1,Female,85,2031,0.0635,0.0618,0.0653,0.0602,0.0670,0.0584,0.0689
M1,Female,85,2032,0.0625,0.0605,0.0643,0.0590,0.0661,0.0571,0.0681
M1,Female,85,2033,0.0617,0.0599,0.0635,0.0582,0.0652,0.0557,0.0673
M1,Female,85,2034,0.0607,0.0588,0.0625,0.0572,0.0645,0.0553,0.0665
M1,Female,85,2035,0.0599,0.0578,0.0618,0.0563,0.0636,0.0545,0.0657
M1,Female,85,2036,0.0590,0.0569,0.0610,0.0553,0.0628,0.0534,0.0651
M1,Female,85,2037,0.0581,0.0559,0.0601,0.0544,0.0619,0.0523,0.0645
M1,Female,85,2038,0.0573,0.0552,0.0593,0.0534,0.0613,0.0513,0.0634
M1,Female,85,2039,0.0565,0.0541,0.0586,0.0527,0.0607,0.0506,0.0630
M1,Female,85,2040,0.0556,0.0535,0.0578,0.0517,0.0597,0.0498,0.0620
M1,Female,86,2021,0.0820,0.0809,0.0830,0.0801,0.0839,0.0794,0.0850
M1,Female,86,2022,0.0809,0.0798,0.0820,0.0789,0.0830,0.0779,0.0842
M1,Female,86,2023,0.0805,0.0793,0.0817,0.0783,0.0828,0.0773,0.0839
M1,Female,86,2024,0.0787,0.0773,0.0800,0.0760,0.0812,0.0747,0.0828
M1,Female,86,2025,0.0781,0.0766,0.0795,0.0755,0.0808,0.0739,0.0827
M1,Female,86,2026,0.0769,0.0753,0.0785,0.0742,0.0800,0.0727,0.0816
M1,Female,86,2027,0.0758,0.0742,0.0774,0.0727,0.0791,0.0709,0.0807
M1,Female,86,2028,0.0749,0.0734,0.0768,0.0718,0.0782,0.0700,0.0807
M1,Female,86,2029,0.0738,0.0719,0.0755,0.0705,0.0772,0.0685,0.0792
M1,Female,86,2030,0.0728,0.0711,0.0747,0.0696,0.0765,0.0674,0.0785
M1,Female,86,2031,0.0719,0.0700,0.0738,0.0683,0.0756,0.0664,0.0776
M1,Female,86,2032,0.0708,0.0687,0.0727,0.0671,0.0746,0.0651,0.0767
M1,Female,86,2033,0.0699,0.0680,0.0718,0.0662,0.0738,0.0636,0.0759
M1,Female,86,2034,0.0690,0.0669,0.0709,0.0652,0.0729,0.0631,0.0750
M1,Female,86,2035,0.0680,0.0659,0.0701,0.0642,0.0720,0.0623,0.0743
M1,Female,86,2036,0.0671,0.0648,0.0692,0.0631,0.0712,0.0611,0.0736
M1,Female,86,2037,0.0662,0.0638,0.0683,0.0621,0.0702,0.0599,0.0730
M1,Female,86,2038,0.0653,0.0631,0.0674,0.0612,0.0695,0.0588,0.0718
M1,Female,86,2039,0.0644,0.0619,0.0667,0.0604,0.0689,0.0581,0.0714
M1,Female,86,2040,0.0635,0.0613,0.0658,0.0593,0.0678,0.0572,0.0703
M1,Female,87,2021,0.0967,0.0956,0.0978,0.0947,0.0987,0.0938,0.0999
M1,Female,87,2022,0.0955,0.0943,0.0967,0.0933,0.0978,0.0922,0.0991
M1,Female,87,2023,0.0951,0.0938,0.0963,0.0926,0.0975,0.0916,0.0988
M1,Female,87,2024,0.0931,0.0916,0.0946,0.0901,0.0959,0.0887,0.0976
M1,Female,87,2025,0.0924,0.0908,0.0940,0.0896,0.0954,0.0878,0.0974
M1,Female,87,2026,0.0911,0.0894,0.0928,0.0881,0.0946,0.0865,0.0963
M1,Female,87,2027,0.0899,0.0881,0.0917,0.0865,0.0935,0.0846,0.0953
M1,Female,87,2028,0.0890,0.0872,0.0910,0.0856,0.0926,0.0836,0.0953
M1,Female,87,2029,0.0877,0.0856,0.0896,0.0840,0.0915,0.0819,0.0936
M1,Female,87,2030,0.0867,0.0847,0.0887,0.0831,0.0906,0.0807,0.0929
M1,Female,87,2031,0.0856,0.0836,0.0877,0.0817,0.0897,0.0796,0.0919
M1,Female,87,2032,0.0845,0.0821,0.0866,0.0803,0.0886,0.0781,0.0909
M1,Female,87,2033,0.0834,0.0813,0.0856,0.0793,0.0877,0.0764,0.0900
M1,Female,87,2034,0.0824,0.0801,0.0845,0.0782,0.0868,0.0759,0.0891
M1,Female,87,2035,0.0813,0.0789,0.0836,0.0771,0.0857,0.0750,0.0882
M1,Female,87,2036,0.0803,0.0778,0.0827,0.0759,0.0848,0.0736,0.0875
M1,Female,87,2037,0.0793,0.0766,0.0817,0.0748,0.0837,0.0723,0.0868
M1,Female,87,2038,0.0783,0.0758,0.0806,0.0737,0.0830,0.0711,0.0855
M1,Female,87,2039,0.0773,0.0745,0.0799,0.0728,0.0823,0.0703,0.0850
M1,Female,87,2040,0.0763,0.0738,0.0789,0.0716,0.0811,0.0692,0.0839
M1,Female,88,2021,0.1106,0.1094,0.1118,0.1084,0.1128,0.1075,0.1140
M1,Female,88,2022,0.1093,0.1080,0.1106,0.1070,0.1118,0.1058,0.1132
M1,Female,88,2023,0.1089,0.1075,0.1102,0.1063,0.1115,0.1051,0.1128
M1,Female,88,2024,0.1067,0.1051,0.1083,0.1036,0.1097,0.1021,0.1115
M1,Female,88,2025,0.1060,0.1043,0.1077,0.1030,0.1093,0.1011,0.1114
M1,Female,88,2026,0.1047,0.1028,0.1065,0.1014,0.1083,0.0997,0.1101
M1,Female,88,2027,0.1033,0.1015,0.1052,0.0997,0.1072,0.0976,0.1091
M1,Female,88,2028,0.1023,0.1005,0.1045,0.0987,0.1062,0.0965,0.1091
M1,Female,88,2029,0.1010,0.0988,0.1030,0.0971,0.1050,0.0947,0.1073
M1,Female,88,2030,0.0999,0.0978,0.1021,0.0960,0.1041,0.0934,0.1065
M1,Female,88,2031,0.0987,0.0966,0.1010,0.0945,0.1031,0.0922,0.1055
M1,Female,88,2032,0.0975,0.0950,0.0998,0.0931,0.1020,0.0906,0.1045
M1,Female,88,2033,0.0964,0.0941,0.0987,0.0920,0.1009,0.0888,0.1034
M1,Female,88,2034,0.0953,0.0928,0.0976,0.0907,0.1000,0.0882,0.1025
M1,Female,88,2035,0.0942,0.0916,0.0966,0.0896,0.0988,0.0873,0.1015
M1,Female,88,2036,0.0931,0.0903,0.0956,0.0882,0.0979,0.0858,0.1008
M1,Female,88,2037,0.0920,0.0891,0.0945,0.0871,0.0967,0.0844,0.1000
M1,Female,88,2038,0.0909,0.0882,0.0934,0.0859,0.0960,0.0830,0.0986
M1,Female,88,2039,0.0898,0.0868,0.0926,0.0849,0.0952,0.0822,0.0981
M1,Female,88,2040,0.0887,0.0860,0.0915,0.0836,0.0939,0.0811,0.0969
M1,Female,89,2021,0.1262,0.1249,0.1274,0.1240,0.1284,0.1230,0.1297
M1,Female,89,2022,0.1249,0.1235,0.1262,0.1225,0.1274,0.1212,0.1289
M1,Female,89,2023,0.1244,0.1230,0.1258,0.1217,0.1271,0.1205,0.1285
M1,Female,89,2024,0.1222,0.1205,0.1238,0.1189,0.1253,0.1174,0.1271
M1,Female,89,2025,0.1215,0.1197,0.1232,0.1183,0.1248,0.1164,0.1270
M1,Female,89,2026,0.1200,0.1181,0.1219,0.1167,0.1238,0.1149,0.1257
M1,Female,89,2027,0.1186,0.1167,0.1207,0.1149,0.1227,0.1127,0.1247
M1,Female,89,2028,0.1176,0.1157,0.1199,0.1138,0.1216,0.1116,0.1246
M1,Female,89,2029,0.1162,0.1139,0.1183,0.1121,0.1204,0.1097,0.1228
M1,Female,89,2030,0.1151,0.1129,0.1173,0.1110,0.1195,0.1083,0.1220
M1,Female,89,2031,0.1138,0.1116,0.1162,0.1094,0.1184,0.1070,0.1209
M1,Female,89,2032,0.1126,0.1099,0.1149,0.1079,0.1172,0.1053,0.1198
M1,Female,89,2033,0.1114,0.1090,0.1138,0.1068,0.1162,0.1034,0.1188
M1,Female,89,2034,0.1102,0.1076,0.1126,0.1054,0.1152,0.1028,0.1177
M1,Female,89,2035,0.1090,0.1063,0.1116,0.1042,0.1140,0.1018,0.1168
M1,Female,89,2036,0.1079,0.1050,0.1106,0.1028,0.1130,0.1002,0.1160
M1,Female,89,2037,0.1067,0.1037,0.1094,0.1016,0.1117,0.0987,0.1152
M1,Female,89,2038,0.1056,0.1028,0.1083,0.1003,0.1109,0.0973,0.1137
M1,Female,89,2039,0.1045,0.1012,0.1074,0.0993,0.1101,0.0964,0.1132
M1,Female,89,2040,0.1033,0.1004,0.1062,0.0979,0.1088,0.0952,0.1119
M1,Female,90,2021,0.1459,0.1446,0.1472,0.1436,0.1482,0.1426,0.1496
M1,Female,90,2022,0.1445,0.1431,0.1459,0.1420,0.1472,0.1407,0.1487
M1,Female,90,2023,0.1440,0.1425,0.1455,0.1412,0.1469,0.1400,0.1483
M1,Female,90,2024,0.1417,0.1400,0.1434,0.1383,0.1450,0.1366,0.1469
M1,Female,90,2025,0.1410,0.1391,0.1427,0.1377,0.1445,0.1356,0.1467
M1,Female,90,2026,0.1394,0.1374,0.1414,0.1359,0.1434,0.1340,0.1454
M1,Female,90,2027,0.1380,0.1360,0.1401,0.1340,0.1422,0.1317,0.1443
M1,Female,90,2028,0.1369,0.1349,0.1393,0.1329,0.1411,0.1305,0.1443
M1,Female,90,2029,0.1354,0.1330,0.1376,0.1311,0.1399,0.1285,0.1424
M1,Female,90,2030,0.1342,0.1319,0.1366,0.1299,0.1389,0.1270,0.1415
M1,Female,90,2031,0.1329,0.1305,0.1355,0.1283,0.1378,0.1257,0.1403
M1,Female,90,2032,0.1316,0.1288,0.1341,0.1266,0.1365,0.1239,0.1392
M1,Female,90,2033,0.1304,0.1278,0.1329,0.1254,0.1354,0.1219,0.1381
M1,Female,90,2034,0.1291,0.1263,0.1316,0.1240,0.1343,0.1212,0.1370
M1,Female,90,2035,0.1278,0.1249,0.1306,0.1227,0.1330,0.1201,0.1360
M1,Female,90,2036,0.1266,0.1236,0.1295,0.1212,0.1320,0.1185,0.1352
M1,Female,90,2037,0.1254,0.1221,0.1282,0.1199,0.1307,0.1168,0.1344
M1,Female,90,2038,0.1242,0.1212,0.1270,0.1185,0.1298,0.1153,0.1328
M1,Female,90,2039,0.1230,0.1195,0.1261,0.1174,0.1290,0.1143,0.1323
M1,Female,90,2040,0.1218,0.1187,0.1249,0.1159,0.1276,0.1130,0.1309
M1,Female,91,2021,0.1648,0.1635,0.1661,0.1624,0.1672,0.1614,0.1686
M1,Female,91,2022,0.1634,0.1620,0.1649,0.1609,0.1662,0.1595,0.1677
M1,Female,91,2023,0.1629,0.1614,0.1644,0.1600,0.1658,0.1588,0.1673
M1,Female,91,2024,0.1605,0.1588,0.1623,0.1571,0.1639,0.1554,0.1658
M1,Female,91,2025,0.1598,0.1578,0.1616,0.1564,0.1633,0.1543,0.1657
M1,Female,91,2026,0.1582,0.1562,0.1603,0.1546,0.1623,0.1526,0.1643
M1,Female,91,2027,0.1567,0.1546,0.1589,0.1526,0.1611,0.1503,0.1632
M1,Female,91,2028,0.1556,0.1535,0.1581,0.1515,0.1599,0.1490,0.1632
M1,Female,91,2029,0.1541,0.1516,0.1564,0.1496,0.1587,0.1470,0.1612
M1,Female,91,2030,0.1528,0.1505,0.1553,0.1484,0.1576,0.1454,0.1603
M1,Female,91,2031,0.1515,0.1491,0.1541,0.1467,0.1565,0.1441,0.1591
M1,Female,91,2032,0.1502,0.1473,0.1527,0.1450,0.1552,0.1422,0.1580
M1,Female,91,2033,0.1489,0.1463,0.1515,0.1438,0.1541,0.1401,0.1569
M1,Female,91,2034,0.1476,0.1447,0.1502,0.1423,0.1530,0.1394,0.1558
M1,Female,91,2035,0.1463,0.1433,0.1491,0.1410,0.1517,0.1383,0.1547
M1,Female,91,2036,0.1450,0.1419,0.1480,0.1394,0.1506,0.1366,0.1539
M1,Female,91,2037,0.1437,0.1404,0.1467,0.1381,0.1492,0.1348,0.1530
M1,Female,91,2038,0.1425,0.1394,0.1454,0.1366,0.1484,0.1333,0.1514
M1,Female,91,2039,0.1412,0.1377,0.1445,0.1355,0.1475,0.1322,0.1509
M1,Female,91,2040,0.1400,0.1368,0.1432,0.1339,0.1460,0.1309,0.1494
M1,Female,92,2021,0.1855,0.1842,0.1868,0.1831,0.1879,0.1821,0.1892
M1,Female,92,2022,0.1841,0.1827,0.1855,0.1816,0.1868,0.1802,0.1883
M1,Female,92,2023,0.1836,0.1821,0.1851,0.1807,0.1865,0.1794,0.1880
M1,Female,92,2024,0.1812,0.1795,0.1830,0.1777,0.1845,0.1760,0.1865
M1,Female,92,2025,0.1805,0.1785,0.1823,0.1771,0.1840,0.1750,0.1863
M1,Female,92,2026,0.1789,0.1769,0.1809,0.1753,0.1830,0.1733,0.1850
M1,Female,92,2027,0.1774,0.1753,0.1796,0.1733,0.1818,0.1710,0.1839
M1,Female,92,2028,0.1763,0.1742,0.1788,0.1722,0.1806,0.1697,0.1838
M1,Female,92,2029,0.1748,0.1723,0.1771,0.1703,0.1793,0.1676,0.1819
M1,Female,92,2030,0.1735,0.1712,0.1760,0.1691,0.1783,0.1661,0.1810
M1,Female,92,2031,0.1722,0.1697,0.1748,0.1674,0.1772,0.1647,0.1798
M1,Female,92,2032,0.1708,0.1679,0.1734,0.1657,0.1759,0.1628,0.1787
M1,Female,92,2033,0.1696,0.1669,0.1722,0.1644,0.1747,0.1607,0.1776
M1,Female,92,2034,0.1682,0.1654,0.1709,0.1629,0.1736,0.1600,0.1765
M1,Female,92,2035,0.1669,0.1639,0.1698,0.1616,0.1723,0.1588,0.1754
M1,Female,92,2036,0.1657,0.1625,0.1686,0.1600,0.1713,0.1571,0.1746
M1,Female,92,2037,0.1644,0.1610,0.1673,0.1586,0.1699,0.1553,0.1737
M1,Female,92,2038,0.1631,0.1599,0.1661,0.1572,0.1690,0.1537,0.1721
M1,Female,92,2039,0.1618,0.1582,0.1651,0.1560,0.1681,0.1527,0.1716
M1,Female,92,2040,0.1606,0.1573,0.1638,0.1544,0.1667,0.1513,0.1701
M1,Female,93,2021,0.2051,0.2037,0.2063,0.2027,0.2074,0.2017,0.2087
M1,Female,93,2022,0.2037,0.2023,0.2051,0.2012,0.2063,0.1998,0.2078
M1,Female,93,2023,0.2032,0.2017,0.2046,0.2003,0.2060,0.1991,0.2075
M1,Female,93,2024,0.2009,0.1991,0.2026,0.1974,0.2041,0.1958,0.2060
M1,Female,93,2025,0.2001,0.1982,0.2019,0.1968,0.2036,0.1947,0.2059
M1,Female,93,2026,0.1986,0.1966,0.2006,0.1950,0.2026,0.1931,0.2046
M1,Female,93,2027,0.1971,0.1951,0.1992,0.1931,0.2014,0.1907,0.2035
M1,Female,93,2028,0.1960,0.1939,0.1985,0.1919,0.2003,0.1895,0.2034
M1,Female,93,2029,0.1945,0.1920,0.1968,0.1901,0.1990,0.1874,0.2015
M1,Female,93,2030,0.1933,0.1909,0.1957,0.1889,0.1980,0.1859,0.2007
M1,Female,93,2031,0.1920,0.1895,0.1945,0.1872,0.1969,0.1845,0.1995
M1,Female,93,2032,0.1906,0.1877,0.1931,0.1855,0.1956,0.1826,0.1984
M1,Female,93,2033,0.1894,0.1867,0.1919,0.1842,0.1945,0.1805,0.1973
M1,Female,93,2034,0.1880,0.1852,0.1906,0.1827,0.1934,0.1798,0.1962
M1,Female,93,2035,0.1867,0.1837,0.1896,0.1814,0.1921,0.1787,0.1951
M1,Female,93,2036,0.1855,0.1823,0.1884,0.1798,0.1910,0.1769,0.1943
M1,Female,93,2037,0.1842,0.1808,0.1871,0.1784,0.1897,0.1752,0.1934
M1,Female,93,2038,0.1829,0.1798,0.1859,0.1770,0.1888,0.1735,0.1918
M1,Female,93,2039,0.1817,0.1781,0.1849,0.1758,0.1879,0.1725,0.1913
M1,Female,93,2040,0.1804,0.1771,0.1836,0.1742,0.1865,0.1711,0.1899
M1,Female,94,2021,0.2280,0.2267,0.2292,0.2256,0.2303,0.2247,0.2316
M1,Female,94,2022,0.2266,0.2252,0.2280,0.2241,0.2293,0.2227,0.2307
M1,Female,94,2023,0.2261,0.2246,0.2276,0.2233,0.2289,0.2220,0.2304
M1,Female,94,2024,0.2238,0.2220,0.2255,0.2204,0.2270,0.2187,0.2289
M1,Female,94,2025,0.2231,0.2211,0.2248,0.2197,0.2265,0.2176,0.2288
M1,Female,94,2026,0.2215,0.2195,0.2235,0.2179,0.2255,0.2160,0.2275
M1,Female,94,2027,0.2200,0.2180,0.2222,0.2160,0.2243,0.2136,0.2264
M1,Female,94,2028,0.2190,0.2169,0.2214,0.2148,0.2232,0.2124,0.2264
M1,Female,94,2029,0.2174,0.2149,0.2197,0.2130,0.2219,0.2103,0.2245
M1,Female,94,2030,0.2162,0.2138,0.2186,0.2118,0.2209,0.2088,0.2236
M1,Female,94,2031,0.2149,0.2124,0.2175,0.2101,0.2198,0.2074,0.2224
M1,Female,94,2032,0.2135,0.2106,0.2161,0.2084,0.2185,0.2055,0.2213
M1,Female,94,2033,0.2123,0.2096,0.2149,0.2071,0.2174,0.2034,0.2202
M1,Female,94,2034,0.2109,0.2080,0.2136,0.2056,0.2163,0.2026,0.2191
M1,Female,94,2035,0.2096,0.2066,0.2125,0.2042,0.2150,0.2015,0.2181
M1,Female,94,2036,0.2084,0.2051,0.2113,0.2026,0.2140,0.1997,0.2172
M1,Female,94,2037,0.2071,0.2036,0.2100,0.2012,0.2126,0.1979,0.2164
M1,Female,94,2038,0.2058,0.2026,0.2088,0.1998,0.2117,0.1963,0.2147
M1,Female,94,2039,0.2045,0.2009,0.2078,0.1986,0.2108,0.1952,0.2142
M1,Female,94,2040,0.2032,0.1999,0.2065,0.1970,0.2093,0.1938,0.2128
M1,Female,95,2021,0.2490,0.2477,0.2503,0.2467,0.2513,0.2457,0.2526
M1,Female,95,2022,0.2477,0.2463,0.2490,0.2452,0.2503,0.2438,0.2517
M1,Female,95,2023,0.2472,0.2457,0.2486,0.2444,0.2500,0.2431,0.2514
M1,Female,95,2024,0.2449,0.2431,0.2466,0.2415,0.2481,0.2398,0.2500
M1,Female,95,2025,0.2441,0.2422,0.2459,0.2408,0.2476,0.2387,0.2498
M1,Female,95,2026,0.2426,0.2406,0.2446,0.2391,0.2466,0.2371,0.2485
M1,Female,95,2027,0.2412,0.2391,0.2433,0.2371,0.2454,0.2348,0.2475
M1,Female,95,2028,0.2401,0.2380,0.2425,0.2360,0.2443,0.2336,0.2474
M1,Female,95,2029,0.2385,0.2361,0.2408,0.2341,0.2430,0.2315,0.2455
M1,Female,95,2030,0.2373,0.2350,0.2398,0.2329,0.2420,0.2299,0.2447
M1,Female,95,2031,0.2360,0.2336,0.2386,0.2312,0.2409,0.2286,0.2435
M1,Female,95,2032,0.2347,0.2318,0.2372,0.2295,0.2397,0.2267,0.2424
M1,Female,95,2033,0.2334,0.2308,0.2360,0.2283,0.2385,0.2245,0.2413
M1,Female,95,2034,0.2321,0.2292,0.2347,0.2268,0.2374,0.2238,0.2402
M1,Female,95,2035,0.2308,0.2278,0.2336,0.2254,0.2362,0.2227,0.2392
M1,Female,95,2036,0.2295,0.2263,0.2325,0.2238,0.2351,0.2209,0.2384
M1,Female,95,2037,0.2282,0.2248,0.2312,0.2224,0.2338,0.2191,0.2375
M1,Female,95,2038,0.2270,0.2238,0.2299,0.2209,0.2329,0.2175,0.2359
M1,Female,95,2039,0.2257,0.2220,0.2290,0.2198,0.2320,0.2164,0.2354
M1,Female,95,2040,0.2244,0.2211,0.2277,0.2181,0.2305,0.2150,0.2339
M1,Female,96,2021,0.2711,0.2700,0.2723,0.2690,0.2732,0.2682,0.2744
M1,Female,96,2022,0.2699,0.2687,0.2712,0.2677,0.2723,0.2664,0.2736
M1,Female,96,2023,0.2694,0.2681,0.2708,0.2669,0.2720,0.2658,0.2733
M1,Female,96,2024,0.2674,0.2658,0.2689,0.2643,0.2703,0.2628,0.2720
M1,Female,96,2025,0.2667,0.2650,0.2683,0.2637,0.2698,0.2618,0.2719
M1,Female,96,2026,0.2653,0.2635,0.2671,0.2621,0.2689,0.2603,0.2707
M1,Female,96,2027,0.2640,0.2621,0.2659,0.2603,0.2678,0.2582,0.2697
M1,Female,96,2028,0.2630,0.2611,0.2652,0.2593,0.2668,0.2571,0.2697
M1,Female,96,2029,0.2616,0.2594,0.2637,0.2576,0.2657,0.2551,0.2680
M1,Female,96,2030,0.2605,0.2584,0.2627,0.2565,0.2648,0.2538,0.2672
M1,Female,96,2031,0.2593,0.2571,0.2617,0.2549,0.2638,0.2525,0.2661
M1,Female,96,2032,0.2581,0.2554,0.2604,0.2534,0.2626,0.2508,0.2651
M1,Female,96,2033,0.2569,0.2545,0.2593,0.2522,0.2616,0.2488,0.2641
M1,Female,96,2034,0.2557,0.2531,0.2581,0.2508,0.2606,0.2481,0.2631
M1,Female,96,2035,0.2545,0.2517,0.2571,0.2496,0.2594,0.2470,0.2622
M1,Female,96,2036,0.2534,0.2504,0.2561,0.2481,0.2585,0.2454,0.2614
M1,Female,96,2037,0.2522,0.2490,0.2549,0.2468,0.2572,0.2438,0.2607
M1,Female,96,2038,0.2510,0.2481,0.2537,0.2455,0.2564,0.2422,0.2592
M1,Female,96,2039,0.2498,0.2465,0.2529,0.2444,0.2556,0.2412,0.2587
M1,Female,96,2040,0.2487,0.2456,0.2517,0.2429,0.2543,0.2399,0.2574
M1,Female,97,2021,0.2902,0.2891,0.2912,0.2883,0.2920,0.2875,0.2931
M1,Female,97,2022,0.2891,0.2880,0.2902,0.2871,0.2912,0.2860,0.2924
M1,Female,97,2023,0.2887,0.2875,0.2898,0.2864,0.2909,0.2854,0.2921
M1,Female,97,2024,0.2868,0.2854,0.2882,0.2841,0.2894,0.2827,0.2910
M1,Female,97,2025,0.2862,0.2847,0.2877,0.2835,0.2890,0.2818,0.2908
M1,Female,97,2026,0.2850,0.2834,0.2866,0.2821,0.2882,0.2805,0.2898
M1,Female,97,2027,0.2838,0.2821,0.2855,0.2805,0.2873,0.2786,0.2889
M1,Female,97,2028,0.2829,0.2812,0.2849,0.2796,0.2864,0.2776,0.2889
M1,Female,97,2029,0.2817,0.2797,0.2835,0.2781,0.2853,0.2759,0.2874
M1,Female,97,2030,0.2807,0.2788,0.2827,0.2771,0.2845,0.2746,0.2867
M1,Female,97,2031,0.2796,0.2776,0.2817,0.2757,0.2836,0.2735,0.2857
M1,Female,97,2032,0.2785,0.2761,0.2806,0.2743,0.2826,0.2719,0.2848
M1,Female,97,2033,0.2775,0.2753,0.2796,0.2733,0.2817,0.2702,0.2839
M1,Female,97,2034,0.2764,0.2740,0.2785,0.2720,0.2808,0.2696,0.2830
M1,Female,97,2035,0.2753,0.2728,0.2777,0.2709,0.2797,0.2686,0.2822
M1,Female,97,2036,0.2743,0.2716,0.2767,0.2696,0.2789,0.2671,0.2815
M1,Female,97,2037,0.2732,0.2704,0.2757,0.2684,0.2778,0.2656,0.2808
M1,Female,97,2038,0.2722,0.2695,0.2746,0.2672,0.2770,0.2642,0.2795
M1,Female,97,2039,0.2711,0.2681,0.2738,0.2662,0.2763,0.2633,0.2791
M1,Female,97,2040,0.2701,0.2673,0.2728,0.2648,0.2751,0.2622,0.2779
M1,Female,98,2021,0.3179,0.3169,0.3189,0.3161,0.3197,0.3153,0.3207
M1,Female,98,2022,0.3168,0.3157,0.3179,0.3149,0.3189,0.3138,0.3200
M1,Female,98,2023,0.3164,0.3153,0.3176,0.3142,0.3186,0.3133,0.3197
M1,Female,98,2024,0.3146,0.3133,0.3160,0.3120,0.3172,0.3107,0.3186
M1,Female,98,2025,0.3141,0.3126,0.3155,0.3115,0.3168,0.3098,0.3185
M1,Female,98,2026,0.3129,0.3113,0.3144,0.3101,0.3160,0.3085,0.3175
M1,Female,98,2027,0.3117,0.3101,0.3134,0.3085,0.3151,0.3067,0.3167
M1,Female,98,2028,0.3109,0.3092,0.3128,0.3076,0.3142,0.3057,0.3166
M1,Female,98,2029,0.3097,0.3077,0.3115,0.3062,0.3132,0.3040,0.3152
M1,Female,98,2030,0.3087,0.3069,0.3106,0.3052,0.3124,0.3028,0.3145
M1,Female,98,2031,0.3077,0.3057,0.3097,0.3038,0.3115,0.3017,0.3136
M1,Female,98,2032,0.3066,0.3043,0.3086,0.3025,0.3105,0.3002,0.3127
M1,Female,98,2033,0.3056,0.3035,0.3076,0.3015,0.3096,0.2985,0.3118
M1,Female,98,2034,0.3045,0.3022,0.3066,0.3003,0.3088,0.2979,0.3110
M1,Female,98,2035,0.3035,0.3011,0.3058,0.2992,0.3078,0.2969,0.3102
M1,Female,98,2036,0.3025,0.2999,0.3048,0.2979,0.3069,0.2955,0.3095
M1,Female,98,2037,0.3014,0.2987,0.3038,0.2967,0.3059,0.2941,0.3088
M1,Female,98,2038,0.3004,0.2978,0.3028,0.2956,0.3052,0.2927,0.3076
M1,Female,98,2039,0.2994,0.2964,0.3020,0.2946,0.3044,0.2918,0.3071
M1,Female,98,2040,0.2984,0.2957,0.3010,0.2933,0.3033,0.2907,0.3060
M1,Female,99,2021,0.3301,0.3286,0.3315,0.3275,0.3327,0.3264,0.3342
M1,Female,99,2022,0.3286,0.3270,0.3301,0.3257,0.3315,0.3242,0.3332
M1,Female,99,2023,0.3280,0.3263,0.3296,0.3248,0.3312,0.3234,0.3328
M1,Female,99,2024,0.3254,0.3234,0.3273,0.3215,0.3290,0.3196,0.3312
M1,Female,99,2025,0.3245,0.3224,0.3266,0.3208,0.3285,0.3184,0.3310
M1,Female,99,2026,0.3228,0.3205,0.3251,0.3187,0.3273,0.3165,0.3295
M1,Female,99,2027,0.3211,0.3188,0.3235,0.3165,0.3260,0.3138,0.3283
M1,Female,99,2028,0.3199,0.3175,0.3227,0.3152,0.3247,0.3124,0.3283
M1,Female,99,2029,0.3181,0.3153,0.3207,0.3131,0.3233,0.3100,0.3261
M1,Female,99,2030,0.3167,0.3141,0.3195,0.3117,0.3222,0.3082,0.3251
M1,Female,99,2031,0.3152,0.3124,0.3182,0.3097,0.3209,0.3066,0.3238
M1,Female,99,2032,0.3137,0.3103,0.3166,0.3078,0.3194,0.3044,0.3226
M1,Female,99,2033,0.3122,0.3092,0.3152,0.3063,0.3181,0.3020,0.3213
M1,Female,99,2034,0.3107,0.3074,0.3137,0.3046,0.3169,0.3011,0.3200
M1,Female,99,2035,0.3092,0.3057,0.3125,0.3030,0.3154,0.2998,0.3189
M1,Female,99,2036,0.3077,0.3040,0.3112,0.3011,0.3142,0.2977,0.3179
M1,Female,99,2037,0.3062,0.3023,0.3097,0.2995,0.3126,0.2956,0.3169
M1,Female,99,2038,0.3048,0.3011,0.3082,0.2978,0.3116,0.2937,0.3151
M1,Female,99,2039,0.3033,0.2990,0.3071,0.2964,0.3106,0.2924,0.3145
M1,Female,99,2040,0.3018,0.2980,0.3056,0.2945,0.3089,0.2908,0.3128
M1,Female,100,2021,0.3925,0.3909,0.3940,0.3896,0.3953,0.3884,0.3969
M1,Female,100,2022,0.3908,0.3891,0.3925,0.3877,0.3940,0.3860,0.3958
M1,Female,100,2023,0.3902,0.3883,0.3920,0.3867,0.3936,0.3852,0.3954
M1,Female,100,2024,0.3873,0.3852,0.3894,0.3831,0.3913,0.3810,0.3937
M1,Female,100,2025,0.3864,0.3840,0.3886,0.3823,0.3907,0.3797,0.3935
M1,Female,100,2026,0.3845,0.3820,0.3870,0.3801,0.3895,0.3776,0.3919
M1,Female,100,2027,0.3827,0.3801,0.3853,0.3776,0.3880,0.3747,0.3905
M1,Female,100,2028,0.3813,0.3787,0.3844,0.3762,0.3866,0.3731,0.3905
M1,Female,100,2029,0.3794,0.3763,0.3823,0.3739,0.3850,0.3705,0.3882
M1,Female,100,2030,0.3779,0.3750,0.3809,0.3723,0.3838,0.3686,0.3871
M1,Female,100,2031,0.3762,0.3732,0.3795,0.3702,0.3824,0.3668,0.3856
M1,Female,100,2032,0.3745,0.3709,0.3777,0.3680,0.3808,0.3644,0.3843
M1,Female,100,2033,0.3730,0.3696,0.3762,0.3665,0.3794,0.3617,0.3829
M1,Female,100,2034,0.3713,0.3676,0.3746,0.3645,0.3780,0.3607,0.3815
M1,Female,100,2035,0.3696,0.3658,0.3732,0.3628,0.3764,0.3593,0.3802
M1,Female,100,2036,0.3680,0.3639,0.3718,0.3607,0.3751,0.3570,0.3792
M1,Female,100,2037,0.3664,0.3620,0.3701,0.3589,0.3734,0.3547,0.3781
M1,Female,100,2038,0.3648,0.3607,0.3685,0.3571,0.3723,0.3525,0.3761
M1,Female,100,2039,0.3631,0.3585,0.3673,0.3555,0.3711,0.3512,0.3754
M1,Female,100,2040,0.3615,0.3573,0.3657,0.3534,0.3693,0.3493,0.3736
M2,Female,18,2021,0.0001,0.0001,0.0001,0.0001,0.0001,0.0001,0.0001
M2,Female,18,2022,0.0001,0.0001,0.0001,0.0001,0.0001,0.0001,0.0001
M2,Female,18,2023,0.0001,0.0001,0.0001,0.0001,0.0001,0.0001,0.0001
M2,Female,18,2024,0.0001,0.0001,0.0001,0.0001,0.0001,0.0001,0.0001
M2,Female,18,2025,0.0001,0.0001,0.0001,0.0001,0.0001,0.0001,0.0001
M2,Female,18,2026,0.0001,0.0001,0.0001,0.0001,0.0001,0.0001,0.0001
M2,Female,18,2027,0.0001,0.0001,0.0001,0.0001,0.0001,0.0001,0.0001
M2,Female,18,2028,0.0001,0.0001,0.0001,0.0001,0.0001,0.0000,0.0001
M2,Female,18,2029,0.0001,0.0000,0.0001,0.0000,0.0001,0.0000,0.0001
M2,Female,18,2030,0.0001,0.0000,0.0001,0.0000,0.0001,0.0000,0.0001
M2,Female,18,2031,0.0000,0.0000,0.0001,0.0000,0.0001,0.0000,0.0001
M2,Female,18,2032,0.0000,0.0000,0.0001,0.0000,0.0001,0.0000,0.0001
M2,Female,18,2033,0.0000,0.0000,0.0000,0.0000,0.0001,0.0000,0.0001
M2,Female,18,2034,0.0000,0.0000,0.0000,0.0000,0.0001,0.0000,0.0001
M2,Female,18,2035,0.0000,0.0000,0.0000,0.0000,0.0001,0.0000,0.0001
M2,Female,18,2036,0.0000,0.0000,0.0000,0.0000,0.0000,0.0000,0.0001
M2,Female,18,2037,0.0000,0.0000,0.0000,0.0000,0.0000,0.0000,0.0001
M2,Female,18,2038,0.0000,0.0000,0.0000,0.0000,0.0000,0.0000,0.0001
M2,Female,18,2039,0.0000,0.0000,0.0000,0.0000,0.0000,0.0000,0.0001
M2,Female,18,2040,0.0000,0.0000,0.0000,0.0000,0.0000,0.0000,0.0001
M2,Female,19,2021,0.0001,0.0001,0.0001,0.0001,0.0001,0.0001,0.0001
M2,Female,19,2022,0.0001,0.0001,0.0001,0.0001,0.0001,0.0001,0.0001
M2,Female,19,2023,0.0001,0.0001,0.0001,0.0001,0.0001,0.0001,0.0001
M2,Female,19,2024,0.0001,0.0001,0.0001,0.0001,0.0001,0.0001,0.0001
M2,Female,19,2025,0.0001,0.0001,0.0001,0.0001,0.0001,0.0001,0.0001
M2,Female,19,2026,0.0001,0.0001,0.0001,0.0001,0.0001,0.0001,0.0001
M2,Female,19,2027,0.0001,0.0001,0.0001,0.0001,0.0001,0.0001,0.0001
M2,Female,19,2028,0.0001,0.0001,0.0001,0.0001,0.0001,0.0000,0.0001
M2,Female,19,2029,0.0001,0.0001,0.0001,0.0000,0.0001,0.0000,0.0001
M2,Female,19,2030,0.0001,0.0000,0.0001,0.0000,0.0001,0.0000,0.0001
M2,Female,19,2031,0.0000,0.0000,0.0001,0.0000,0.0001,0.0000,0.0001
M2,Female,19,2032,0.0000,0.0000,0.0001,0.0000,0.0001,0.0000,0.0001
M2,Female,19,2033,0.0000,0.0000,0.0000,0.0000,0.0001,0.0000,0.0001
M2,Female,19,2034,0.0000,0.0000,0.0000,0.0000,0.0001,0.0000,0.0001
M2,Female,19,2035,0.0000,0.0000,0.0000,0.0000,0.0000,0.0000,0.0001
M2,Female,19,2036,0.0000,0.0000,0.0000,0.0000,0.0000,0.0000,0.0001
M2,Female,19,2037,0.0000,0.0000,0.0000,0.0000,0.0000,0.0000,0.0001
M2,Female,19,2038,0.0000,0.0000,0.0000,0.0000,0.0000,0.0000,0.0001
M2,Female,19,2039,0.0000,0.0000,0.0000,0.0000,0.0000,0.0000,0.0001
M2,Female,19,2040,0.0000,0.0000,0.0000,0.0000,0.0000,0.0000,0.0001
M2,Female,20,2021,0.0001,0.0001,0.0001,0.0001,0.0001,0.0001,0.0001
M2,Female,20,2022,0.0001,0.0001,0.0001,0.0001,0.0001,0.0001,0.0001
M2,Female,20,2023,0.0001,0.0001,0.0001,0.0001,0.0001,0.0001,0.0001
M2,Female,20,2024,0.0001,0.0001,0.0001,0.0001,0.0001,0.0001,0.0001
M2,Female,20,2025,0.0001,0.0001,0.0001,0.0001,0.0001,0.0001,0.0001
M2,Female,20,2026,0.0001,0.0001,0.0001,0.0001,0.0001,0.0001,0.0001
M2,Female,20,2027,0.0001,0.0001,0.0001,0.0001,0.0001,0.0001,0.0001
M2,Female,20,2028,0.0001,0.0001,0.0001,0.0001,0.0001,0.0001,0.0001
M2,Female,20,2029,0.0001,0.0001,0.0001,0.0000,0.0001,0.0000,0.0001
M2,Female,20,2030,0.0001,0.0000,0.0001,0.0000,0.0001,0.0000,0.0001
M2,Female,20,2031,0.0000,0.0000,0.0001,0.0000,0.0001,0.0000,0.0001
M2,Female,20,2032,0.0000,0.0000,0.0000,0.0000,0.0001,0.0000,0.0001
M2,Female,20,2033,0.0000,0.0000,0.0000,0.0000,0.0001,0.0000,0.0001
M2,Female,20,2034,0.0000,0.0000,0.0000,0.0000,0.0000,0.0000,0.0001
M2,Female,20,2035,0.0000,0.0000,0.0000,0.0000,0.0000,0.0000,0.0001
M2,Female,20,2036,0.0000,0.0000,0.0000,0.0000,0.0000,0.0000,0.0001
M2,Female,20,2037,0.0000,0.0000,0.0000,0.0000,0.0000,0.0000,0.0001
M2,Female,20,2038,0.0000,0.0000,0.0000,0.0000,0.0000,0.0000,0.0001
M2,Female,20,2039,0.0000,0.0000,0.0000,0.0000,0.0000,0.0000,0.0000
M2,Female,20,2040,0.0000,0.0000,0.0000,0.0000,0.0000,0.0000,0.0000
M2,Female,21,2021,0.0002,0.0002,0.0002,0.0002,0.0002,0.0002,0.0002
M2,Female,21,2022,0.0001,0.0001,0.0001,0.0001,0.0001,0.0001,0.0001
M2,Female,21,2023,0.0001,0.0001,0.0001,0.0001,0.0001,0.0001,0.0001
M2,Female,21,2024,0.0001,0.0001,0.0001,0.0001,0.0001,0.0001,0.0001
M2,Female,21,2025,0.0001,0.0001,0.0001,0.0001,0.0001,0.0001,0.0001
M2,Female,21,2026,0.0001,0.0001,0.0001,0.0001,0.0001,0.0001,0.0001
M2,Female,21,2027,0.0001,0.0001,0.0001,0.0001,0.0001,0.0001,0.0001
M2,Female,21,2028,0.0001,0.0001,0.0001,0.0001,0.0001,0.0001,0.0001
M2,Female,21,2029,0.0001,0.0001,0.0001,0.0001,0.0001,0.0000,0.0001
M2,Female,21,2030,0.0001,0.0001,0.0001,0.0000,0.0001,0.0000,0.0001
M2,Female,21,2031,0.0001,0.0000,0.0001,0.0000,0.0001,0.0000,0.0001
M2,Female,21,2032,0.0000,0.0000,0.0001,0.0000,0.0001,0.0000,0.0001
M2,Female,21,2033,0.0000,0.0000,0.0000,0.0000,0.0001,0.0000,0.0001
M2,Female,21,2034,0.0000,0.0000,0.0000,0.0000,0.0001,0.0000,0.0001
M2,Female,21,2035,0.0000,0.0000,0.0000,0.0000,0.0000,0.0000,0.0001
M2,Female,21,2036,0.0000,0.0000,0.0000,0.0000,0.0000,0.0000,0.0001
M2,Female,21,2037,0.0000,0.0000,0.0000,0.0000,0.0000,0.0000,0.0001
M2,Female,21,2038,0.0000,0.0000,0.0000,0.0000,0.0000,0.0000,0.0001
M2,Female,21,2039,0.0000,0.0000,0.0000,0.0000,0.0000,0.0000,0.0000
M2,Female,21,2040,0.0000,0.0000,0.0000,0.0000,0.0000,0.0000,0.0000
M2,Female,22,2021,0.0002,0.0002,0.0002,0.0002,0.0002,0.0001,0.0002
M2,Female,22,2022,0.0001,0.0001,0.0001,0.0001,0.0002,0.0001,0.0002
M2,Female,22,2023,0.0001,0.0001,0.0001,0.0001,0.0001,0.0001,0.0001
M2,Female,22,2024,0.0001,0.0001,0.0001,0.0001,0.0001,0.0001,0.0001
M2,Female,22,2025,0.0001,0.0001,0.0001,0.0001,0.0001,0.0001,0.0001
M2,Female,22,2026,0.0001,0.0001,0.0001,0.0001,0.0001,0.0001,0.0001
M2,Female,22,2027,0.0001,0.0001,0.0001,0.0001,0.0001,0.0001,0.0001
M2,Female,22,2028,0.0001,0.0001,0.0001,0.0001,0.0001,0.0001,0.0001
M2,Female,22,2029,0.0001,0.0001,0.0001,0.0001,0.0001,0.0001,0.0001
M2,Female,22,2030,0.0001,0.0001,0.0001,0.0000,0.0001,0.0000,0.0001
M2,Female,22,2031,0.0001,0.0000,0.0001,0.0000,0.0001,0.0000,0.0001
M2,Female,22,2032,0.0000,0.0000,0.0001,0.0000,0.0001,0.0000,0.0001
M2,Female,22,2033,0.0000,0.0000,0.0000,0.0000,0.0001,0.0000,0.0001
M2,Female,22,2034,0.0000,0.0000,0.0000,0.0000,0.0000,0.0000,0.0001
M2,Female,22,2035,0.0000,0.0000,0.0000,0.0000,0.0000,0.0000,0.0001
M2,Female,22,2036,0.0000,0.0000,0.0000,0.0000,0.0000,0.0000,0.0001
M2,Female,22,2037,0.0000,0.0000,0.0000,0.0000,0.0000,0.0000,0.0001
M2,Female,22,2038,0.0000,0.0000,0.0000,0.0000,0.0000,0.0000,0.0000
M2,Female,22,2039,0.0000,0.0000,0.0000,0.0000,0.0000,0.0000,0.0000
M2,Female,22,2040,0.0000,0.0000,0.0000,0.0000,0.0000,0.0000,0.0000
M2,Female,23,2021,0.0002,0.0002,0.0002,0.0002,0.0002,0.0002,0.0002
M2,Female,23,2022,0.0001,0.0001,0.0001,0.0001,0.0001,0.0001,0.0002
M2,Female,23,2023,0.0001,0.0001,0.0001,0.0001,0.0001,0.0001,0.0002
M2,Female,23,2024,0.0001,0.0001,0.0001,0.0001,0.0001,0.0001,0.0001
M2,Female,23,2025,0.0001,0.0001,0.0001,0.0001,0.0001,0.0001,0.0001
M2,Female,23,2026,0.0001,0.0001,0.0001,0.0001,0.0001,0.0001,0.0001
M2,Female,23,2027,0.0001,0.0001,0.0001,0.0001,0.0001,0.0001,0.0001
M2,Female,23,2028,0.0001,0.0001,0.0001,0.0001,0.0001,0.0001,0.0001
M2,Female,23,2029,0.0001,0.0001,0.0001,0.0001,0.0001,0.0001,0.0001
M2,Female,23,2030,0.0001,0.0001,0.0001,0.0001,0.0001,0.0000,0.0001
M2,Female,23,2031,0.0001,0.0000,0.0001,0.0000,0.0001,0.0000,0.0001
M2,Female,23,2032,0.0000,0.0000,0.0001,0.0000,0.0001,0.0000,0.0001
M2,Female,23,2033,0.0000,0.0000,0.0000,0.0000,0.0001,0.0000,0.0001
M2,Female,23,2034,0.0000,0.0000,0.0000,0.0000,0.0000,0.0000,0.0001
M2,Female,23,2035,0.0000,0.0000,0.0000,0.0000,0.0000,0.0000,0.0001
M2,Female,23,2036,0.0000,0.0000,0.0000,0.0000,0.0000,0.0000,0.0001
M2,Female,23,2037,0.0000,0.0000,0.0000,0.0000,0.0000,0.0000,0.0000
M2,Female,23,2038,0.0000,0.0000,0.0000,0.0000,0.0000,0.0000,0.0000
M2,Female,23,2039,0.0000,0.0000,0.0000,0.0000,0.0000,0.0000,0.0000
M2,Female,23,2040,0.0000,0.0000,0.0000,0.0000,0.0000,0.0000,0.0000
M2,Female,24,2021,0.0001,0.0001,0.0001,0.0001,0.0001,0.0001,0.0001
M2,Female,24,2022,0.0001,0.0001,0.0001,0.0001,0.0001,0.0001,0.0001
M2,Female,24,2023,0.0001,0.0001,0.0001,0.0001,0.0001,0.0001,0.0001
M2,Female,24,2024,0.0001,0.0001,0.0001,0.0001,0.0001,0.0001,0.0001
M2,Female,24,2025,0.0001,0.0001,0.0001,0.0001,0.0001,0.0001,0.0001
M2,Female,24,2026,0.0001,0.0001,0.0001,0.0001,0.0001,0.0001,0.0001
M2,Female,24,2027,0.0001,0.0001,0.0001,0.0001,0.0001,0.0001,0.0001
M2,Female,24,2028,0.0001,0.0001,0.0001,0.0001,0.0001,0.0001,0.0001
M2,Female,24,2029,0.0001,0.0001,0.0001,0.0001,0.0001,0.0001,0.0001
M2,Female,24,2030,0.0001,0.0001,0.0001,0.0000,0.0001,0.0000,0.0001
M2,Female,24,2031,0.0000,0.0000,0.0001,0.0000,0.0001,0.0000,0.0001
M2,Female,24,2032,0.0000,0.0000,0.0000,0.0000,0.0001,0.0000,0.0001
M2,Female,24,2033,0.0000,0.0000,0.0000,0.0000,0.0000,0.0000,0.0001
M2,Female,24,2034,0.0000,0.0000,0.0000,0.0000,0.0000,0.0000,0.0000
M2,Female,24,2035,0.0000,0.0000,0.0000,0.0000,0.0000,0.0000,0.0000
M2,Female,24,2036,0.0000,0.0000,0.0000,0.0000,0.0000,0.0000,0.0000
M2,Female,24,2037,0.0000,0.0000,0.0000,0.0000,0.0000,0.0000,0.0000
M2,Female,24,2038,0.0000,0.0000,0.0000,0.0000,0.0000,0.0000,0.0000
M2,Female,24,2039,0.0000,0.0000,0.0000,0.0000,0.0000,0.0000,0.0000
M2,Female,24,2040,0.0000,0.0000,0.0000,0.0000,0.0000,0.0000,0.0000
M2,Female,25,2021,0.0002,0.0002,0.0002,0.0002,0.0002,0.0002,0.0002
M2,Female,25,2022,0.0002,0.0002,0.0002,0.0002,0.0002,0.0002,0.0002
M2,Female,25,2023,0.0002,0.0002,0.0002,0.0002,0.0002,0.0002,0.0002
M2,Female,25,2024,0.0001,0.0001,0.0002,0.0001,0.0002,0.0001,0.0002
M2,Female,25,2025,0.0001,0.0001,0.0002,0.0001,0.0002,0.0001,0.0002
M2,Female,25,2026,0.0001,0.0001,0.0001,0.0001,0.0001,0.0001,0.0001
M2,Female,25,2027,0.0001,0.0001,0.0001,0.0001,0.0001,0.0001,0.0001
M2,Female,25,2028,0.0001,0.0001,0.0001,0.0001,0.0001,0.0001,0.0001
M2,Female,25,2029,0.0001,0.0001,0.0001,0.0001,0.0001,0.0001,0.0001
M2,Female,25,2030,0.0001,0.0001,0.0001,0.0001,0.0001,0.0001,0.0001
M2,Female,25,2031,0.0001,0.0001,0.0001,0.0001,0.0001,0.0001,0.0001
M2,Female,25,2032,0.0001,0.0001,0.0001,0.0001,0.0001,0.0000,0.0001
M2,Female,25,2033,0.0001,0.0000,0.0001,0.0000,0.0001,0.0000,0.0001
M2,Female,25,2034,0.0000,0.0000,0.0001,0.0000,0.0001,0.0000,0.0001
M2,Female,25,2035,0.0000,0.0000,0.0000,0.0000,0.0001,0.0000,0.0001
M2,Female,25,2036,0.0000,0.0000,0.0000,0.0000,0.0001,0.0000,0.0001
M2,Female,25,2037,0.0000,0.0000,0.0000,0.0000,0.0000,0.0000,0.0001
M2,Female,25,2038,0.0000,0.0000,0.0000,0.0000,0.0000,0.0000,0.0001
M2,Female,25,2039,0.0000,0.0000,0.0000,0.0000,0.0000,0.0000,0.0000
M2,Female,25,2040,0.0000,0.0000,0.0000,0.0000,0.0000,0.0000,0.0000
M2,Female,26,2021,0.0002,0.0002,0.0002,0.0002,0.0002,0.0002,0.0002
M2,Female,26,2022,0.0002,0.0002,0.0002,0.0001,0.0002,0.0001,0.0002
M2,Female,26,2023,0.0002,0.0002,0.0002,0.0002,0.0002,0.0002,0.0002
M2,Female,26,2024,0.0001,0.0001,0.0002,0.0001,0.0002,0.0001,0.0002
M2,Female,26,2025,0.0001,0.0001,0.0001,0.0001,0.0001,0.0001,0.0002
M2,Female,26,2026,0.0001,0.0001,0.0001,0.0001,0.0001,0.0001,0.0001
M2,Female,26,2027,0.0001,0.0001,0.0001,0.0001,0.0001,0.0001,0.0001
M2,Female,26,2028,0.0001,0.0001,0.0001,0.0001,0.0001,0.0001,0.0001
M2,Female,26,2029,0.0001,0.0001,0.0001,0.0001,0.0001,0.0001,0.0001
M2,Female,26,2030,0.0001,0.0001,0.0001,0.0001,0.0001,0.0001,0.0001
M2,Female,26,2031,0.0001,0.0001,0.0001,0.0001,0.0001,0.0001,0.0001
M2,Female,26,2032,0.0001,0.0001,0.0001,0.0001,0.0001,0.0001,0.0001
M2,Female,26,2033,0.0001,0.0001,0.0001,0.0000,0.0001,0.0000,0.0001
M2,Female,26,2034,0.0000,0.0000,0.0001,0.0000,0.0001,0.0000,0.0001
M2,Female,26,2035,0.0000,0.0000,0.0001,0.0000,0.0001,0.0000,0.0001
M2,Female,26,2036,0.0000,0.0000,0.0000,0.0000,0.0001,0.0000,0.0001
M2,Female,26,2037,0.0000,0.0000,0.0000,0.0000,0.0000,0.0000,0.0001
M2,Female,26,2038,0.0000,0.0000,0.0000,0.0000,0.0000,0.0000,0.0001
M2,Female,26,2039,0.0000,0.0000,0.0000,0.0000,0.0000,0.0000,0.0000
M2,Female,26,2040,0.0000,0.0000,0.0000,0.0000,0.0000,0.0000,0.0000
M2,Female,27,2021,0.0002,0.0002,0.0002,0.0002,0.0002,0.0002,0.0002
M2,Female,27,2022,0.0002,0.0002,0.0002,0.0002,0.0002,0.0002,0.0002
M2,Female,27,2023,0.0002,0.0002,0.0002,0.0002,0.0002,0.0002,0.0002
M2,Female,27,2024,0.0002,0.0002,0.0002,0.0002,0.0002,0.0002,0.0002
M2,Female,27,2025,0.0002,0.0002,0.0002,0.0002,0.0002,0.0001,0.0002
M2,Female,27,2026,0.0001,0.0001,0.0001,0.0001,0.0002,0.0001,0.0002
M2,Female,27,2027,0.0001,0.0001,0.0001,0.0001,0.0001,0.0001,0.0002
M2,Female,27,2028,0.0001,0.0001,0.0001,0.0001,0.0001,0.0001,0.0001
M2,Female,27,2029,0.0001,0.0001,0.0001,0.0001,0.0001,0.0001,0.0001
M2,Female,27,2030,0.0001,0.0001,0.0001,0.0001,0.0001,0.0001,0.0001
M2,Female,27,2031,0.0001,0.0001,0.0001,0.0001,0.0001,0.0001,0.0001
M2,Female,27,2032,0.0001,0.0001,0.0001,0.0001,0.0001,0.0001,0.0001
M2,Female,27,2033,0.0001,0.0001,0.0001,0.0001,0.0001,0.0001,0.0001
M2,Female,27,2034,0.0001,0.0001,0.0001,0.0000,0.0001,0.0000,0.0001
M2,Female,27,2035,0.0001,0.0000,0.0001,0.0000,0.0001,0.0000,0.0001
M2,Female,27,2036,0.0000,0.0000,0.0001,0.0000,0.0001,0.0000,0.0001
M2,Female,27,2037,0.0000,0.0000,0.0000,0.0000,0.0001,0.0000,0.0001
M2,Female,27,2038,0.0000,0.0000,0.0000,0.0000,0.0000,0.0000,0.0001
M2,Female,27,2039,0.0000,0.0000,0.0000,0.0000,0.0000,0.0000,0.0001
M2,Female,27,2040,0.0000,0.0000,0.0000,0.0000,0.0000,0.0000,0.0001
M2,Female,28,2021,0.0002,0.0002,0.0002,0.0002,0.0002,0.0002,0.0002
M2,Female,28,2022,0.0002,0.0002,0.0002,0.0002,0.0002,0.0002,0.0003
M2,Female,28,2023,0.0002,0.0002,0.0002,0.0002,0.0002,0.0002,0.0002
M2,Female,28,2024,0.0002,0.0002,0.0002,0.0002,0.0002,0.0002,0.0002
M2,Female,28,2025,0.0002,0.0002,0.0002,0.0002,0.0002,0.0002,0.0002
M2,Female,28,2026,0.0002,0.0002,0.0002,0.0002,0.0002,0.0002,0.0002
M2,Female,28,2027,0.0002,0.0002,0.0002,0.0002,0.0002,0.0002,0.0002
M2,Female,28,2028,0.0002,0.0002,0.0002,0.0002,0.0002,0.0002,0.0002
M2,Female,28,2029,0.0001,0.0001,0.0001,0.0001,0.0001,0.0001,0.0002
M2,Female,28,2030,0.0001,0.0001,0.0001,0.0001,0.0001,0.0001,0.0001
M2,Female,28,2031,0.0001,0.0001,0.0001,0.0001,0.0001,0.0001,0.0001
M2,Female,28,2032,0.0001,0.0001,0.0001,0.0001,0.0001,0.0001,0.0001
M2,Female,28,2033,0.0001,0.0001,0.0001,0.0001,0.0001,0.0001,0.0001
M2,Female,28,2034,0.0001,0.0001,0.0001,0.0001,0.0001,0.0001,0.0001
M2,Female,28,2035,0.0001,0.0001,0.0001,0.0001,0.0001,0.0001,0.0001
M2,Female,28,2036,0.0001,0.0001,0.0001,0.0001,0.0001,0.0000,0.0001
M2,Female,28,2037,0.0001,0.0000,0.0001,0.0000,0.0001,0.0000,0.0001
M2,Female,28,2038,0.0000,0.0000,0.0001,0.0000,0.0001,0.0000,0.0001
M2,Female,28,2039,0.0000,0.0000,0.0000,0.0000,0.0001,0.0000,0.0001
M2,Female,28,2040,0.0000,0.0000,0.0000,0.0000,0.0001,0.0000,0.0001
M2,Female,29,2021,0.0002,0.0002,0.0002,0.0002,0.0002,0.0002,0.0002
M2,Female,29,2022,0.0002,0.0002,0.0002,0.0002,0.0002,0.0002,0.0002
M2,Female,29,2023,0.0002,0.0002,0.0002,0.0002,0.0002,0.0002,0.0002
M2,Female,29,2024,0.0002,0.0002,0.0002,0.0002,0.0002,0.0002,0.0002
M2,Female,29,2025,0.0002,0.0002,0.0002,0.0002,0.0002,0.0002,0.0002
M2,Female,29,2026,0.0002,0.0002,0.0002,0.0002,0.0002,0.0002,0.0002
M2,Female,29,2027,0.0002,0.0002,0.0002,0.0001,0.0002,0.0001,0.0002
M2,Female,29,2028,0.0001,0.0001,0.0002,0.0001,0.0002,0.0001,0.0002
M2,Female,29,2029,0.0001,0.0001,0.0001,0.0001,0.0001,0.0001,0.0002
M2,Female,29,2030,0.0001,0.0001,0.0001,0.0001,0.0001,0.0001,0.0001
M2,Female,29,2031,0.0001,0.0001,0.0001,0.0001,0.0001,0.0001,0.0001
M2,Female,29,2032,0.0001,0.0001,0.0001,0.0001,0.0001,0.0001,0.0001
M2,Female,29,2033,0.0001,0.0001,0.0001,0.0001,0.0001,0.0001,0.0001
M2,Female,29,2034,0.0001,0.0001,0.0001,0.0001,0.0001,0.0001,0.0001
M2,Female,29,2035,0.0001,0.0001,0.0001,0.0001,0.0001,0.0001,0.0001
M2,Female,29,2036,0.0001,0.0001,0.0001,0.0000,0.0001,0.0000,0.0001
M2,Female,29,2037,0.0001,0.0000,0.0001,0.0000,0.0001,0.0000,0.0001
M2,Female,29,2038,0.0000,0.0000,0.0001,0.0000,0.0001,0.0000,0.0001
M2,Female,29,2039,0.0000,0.0000,0.0000,0.0000,0.0001,0.0000,0.0001
M2,Female,29,2040,0.0000,0.0000,0.0000,0.0000,0.0000,0.0000,0.0001
M2,Female,30,2021,0.0002,0.0002,0.0002,0.0002,0.0002,0.0002,0.0002
M2,Female,30,2022,0.0002,0.0002,0.0002,0.0002,0.0002,0.0002,0.0002
M2,Female,30,2023,0.0002,0.0002,0.0002,0.0002,0.0002,0.0002,0.0002
M2,Female,30,2024,0.0002,0.0002,0.0002,0.0002,0.0002,0.0002,0.0002
M2,Female,30,2025,0.0002,0.0002,0.0002,0.0002,0.0002,0.0002,0.0002
M2,Female,30,2026,0.0002,0.0002,0.0002,0.0002,0.0002,0.0002,0.0002
M2,Female,30,2027,0.0002,0.0002,0.0002,0.0002,0.0002,0.0002,0.0002
M2,Female,30,2028,0.0002,0.0002,0.0002,0.0002,0.0002,0.0002,0.0002
M2,Female,30,2029,0.0001,0.0001,0.0002,0.0001,0.0002,0.0001,0.0002
M2,Female,30,2030,0.0001,0.0001,0.0002,0.0001,0.0002,0.0001,0.0002
M2,Female,30,2031,0.0001,0.0001,0.0001,0.0001,0.0001,0.0001,0.0001
M2,Female,30,2032,0.0001,0.0001,0.0001,0.0001,0.0001,0.0001,0.0001
M2,Female,30,2033,0.0001,0.0001,0.0001,0.0001,0.0001,0.0001,0.0001
M2,Female,30,2034,0.0001,0.0001,0.0001,0.0001,0.0001,0.0001,0.0001
M2,Female,30,2035,0.0001,0.0001,0.0001,0.0001,0.0001,0.0001,0.0001
M2,Female,30,2036,0.0001,0.0001,0.0001,0.0001,0.0001,0.0001,0.0001
M2,Female,30,2037,0.0001,0.0001,0.0001,0.0001,0.0001,0.0000,0.0001
M2,Female,30,2038,0.0001,0.0000,0.0001,0.0000,0.0001,0.0000,0.0001
M2,Female,30,2039,0.0000,0.0000,0.0001,0.0000,0.0001,0.0000,0.0001
M2,Female,30,2040,0.0000,0.0000,0.0000,0.0000,0.0001,0.0000,0.0001
M2,Female,31,2021,0.0003,0.0003,0.0003,0.0003,0.0003,0.0003,0.0003
M2,Female,31,2022,0.0003,0.0003,0.0003,0.0003,0.0003,0.0003,0.0003
M2,Female,31,2023,0.0003,0.0002,0.0003,0.0002,0.0003,0.0002,0.0003
M2,Female,31,2024,0.0002,0.0002,0.0002,0.0002,0.0002,0.0002,0.0003
M2,Female,31,2025,0.0002,0.0002,0.0003,0.0002,0.0003,0.0002,0.0003
M2,Female,31,2026,0.0002,0.0002,0.0002,0.0002,0.0002,0.0002,0.0002
M2,Female,31,2027,0.0002,0.0002,0.0002,0.0002,0.0002,0.0002,0.0002
M2,Female,31,2028,0.0002,0.0002,0.0002,0.0002,0.0002,0.0002,0.0002
M2,Female,31,2029,0.0002,0.0002,0.0002,0.0002,0.0002,0.0002,0.0002
M2,Female,31,2030,0.0002,0.0002,0.0002,0.0002,0.0002,0.0002,0.0002
M2,Female,31,2031,0.0002,0.0002,0.0002,0.0002,0.0002,0.0002,0.0002
M2,Female,31,2032,0.0001,0.0001,0.0001,0.0001,0.0002,0.0001,0.0002
M2,Female,31,2033,0.0001,0.0001,0.0001,0.0001,0.0001,0.0001,0.0001
M2,Female,31,2034,0.0001,0.0001,0.0001,0.0001,0.0001,0.0001,0.0001
M2,Female,31,2035,0.0001,0.0001,0.0001,0.0001,0.0001,0.0001,0.0001
M2,Female,31,2036,0.0001,0.0001,0.0001,0.0001,0.0001,0.0001,0.0001
M2,Female,31,2037,0.0001,0.0001,0.0001,0.0001,0.0001,0.0001,0.0001
M2,Female,31,2038,0.0001,0.0001,0.0001,0.0001,0.0001,0.0001,0.0001
M2,Female,31,2039,0.0001,0.0001,0.0001,0.0001,0.0001,0.0000,0.0001
M2,Female,31,2040,0.0001,0.0001,0.0001,0.0000,0.0001,0.0000,0.0001
M2,Female,32,2021,0.0003,0.0003,0.0003,0.0003,0.0003,0.0003,0.0003
M2,Female,32,2022,0.0003,0.0003,0.0003,0.0003,0.0003,0.0003,0.0003
M2,Female,32,2023,0.0003,0.0003,0.0003,0.0002,0.0003,0.0002,0.0003
M2,Female,32,2024,0.0002,0.0002,0.0002,0.0002,0.0002,0.0002,0.0002
M2,Female,32,2025,0.0002,0.0002,0.0002,0.0002,0.0002,0.0002,0.0002
M2,Female,32,2026,0.0002,0.0002,0.0002,0.0002,0.0002,0.0002,0.0002
M2,Female,32,2027,0.0002,0.0002,0.0002,0.0002,0.0002,0.0002,0.0002
M2,Female,32,2028,0.0002,0.0002,0.0002,0.0002,0.0002,0.0002,0.0002
M2,Female,32,2029,0.0002,0.0002,0.0002,0.0002,0.0002,0.0002,0.0002
M2,Female,32,2030,0.0002,0.0002,0.0002,0.0002,0.0002,0.0002,0.0002
M2,Female,32,2031,0.0002,0.0002,0.0002,0.0002,0.0002,0.0001,0.0002
M2,Female,32,2032,0.0002,0.0002,0.0002,0.0001,0.0002,0.0001,0.0002
M2,Female,32,2033,0.0001,0.0001,0.0001,0.0001,0.0001,0.0001,0.0002
M2,Female,32,2034,0.0001,0.0001,0.0001,0.0001,0.0001,0.0001,0.0001
M2,Female,32,2035,0.0001,0.0001,0.0001,0.0001,0.0001,0.0001,0.0001
M2,Female,32,2036,0.0001,0.0001,0.0001,0.0001,0.0001,0.0001,0.0001
M2,Female,32,2037,0.0001,0.0001,0.0001,0.0001,0.0001,0.0001,0.0001
M2,Female,32,2038,0.0001,0.0001,0.0001,0.0001,0.0001,0.0001,0.0001
M2,Female,32,2039,0.0001,0.0001,0.0001,0.0001,0.0001,0.0001,0.0001
M2,Female,32,2040,0.0001,0.0001,0.0001,0.0000,0.0001,0.0000,0.0001
M2,Female,33,2021,0.0003,0.0003,0.0003,0.0003,0.0003,0.0003,0.0003
M2,Female,33,2022,0.0003,0.0003,0.0003,0.0003,0.0003,0.0003,0.0003
M2,Female,33,2023,0.0003,0.0003,0.0003,0.0003,0.0003,0.0003,0.0003
M2,Female,33,2024,0.0003,0.0003,0.0003,0.0003,0.0003,0.0002,0.0003
M2,Female,33,2025,0.0003,0.0002,0.0003,0.0002,0.0003,0.0002,0.0003
M2,Female,33,2026,0.0002,0.0002,0.0002,0.0002,0.0003,0.0002,0.0003
M2,Female,33,2027,0.0002,0.0002,0.0003,0.0002,0.0003,0.0002,0.0003
M2,Female,33,2028,0.0002,0.0002,0.0002,0.0002,0.0002,0.0002,0.0002
M2,Female,33,2029,0.0002,0.0002,0.0002,0.0002,0.0002,0.0002,0.0002
M2,Female,33,2030,0.0002,0.0002,0.0002,0.0002,0.0002,0.0002,0.0002
M2,Female,33,2031,0.0002,0.0002,0.0002,0.0002,0.0002,0.0002,0.0002
M2,Female,33,2032,0.0002,0.0002,0.0002,0.0002,0.0002,0.0002,0.0002
M2,Female,33,2033,0.0002,0.0002,0.0002,0.0002,0.0002,0.0002,0.0002
M2,Female,33,2034,0.0001,0.0001,0.0001,0.0001,0.0002,0.0001,0.0002
M2,Female,33,2035,0.0001,0.0001,0.0001,0.0001,0.0001,0.0001,0.0001
M2,Female,33,2036,0.0001,0.0001,0.0001,0.0001,0.0001,0.0001,0.0001
M2,Female,33,2037,0.0001,0.0001,0.0001,0.0001,0.0001,0.0001,0.0001
M2,Female,33,2038,0.0001,0.0001,0.0001,0.0001,0.0001,0.0001,0.0001
M2,Female,33,2039,0.0001,0.0001,0.0001,0.0001,0.0001,0.0001,0.0001
M2,Female,33,2040,0.0001,0.0001,0.0001,0.0001,0.0001,0.0001,0.0001
M2,Female,34,2021,0.0004,0.0004,0.0004,0.0004,0.0004,0.0004,0.0004
M2,Female,34,2022,0.0003,0.0003,0.0004,0.0003,0.0004,0.0003,0.0004
M2,Female,34,2023,0.0003,0.0003,0.0003,0.0003,0.0004,0.0003,0.0004
M2,Female,34,2024,0.0003,0.0003,0.0003,0.0003,0.0003,0.0003,0.0003
M2,Female,34,2025,0.0003,0.0003,0.0003,0.0003,0.0003,0.0003,0.0003
M2,Female,34,2026,0.0003,0.0003,0.0003,0.0003,0.0003,0.0003,0.0003
M2,Female,34,2027,0.0003,0.0003,0.0003,0.0002,0.0003,0.0002,0.0003
M2,Female,34,2028,0.0003,0.0003,0.0003,0.0003,0.0003,0.0003,0.0003
M2,Female,34,2029,0.0002,0.0002,0.0002,0.0002,0.0002,0.0002,0.0003
M2,Female,34,2030,0.0002,0.0002,0.0002,0.0002,0.0002,0.0002,0.0002
M2,Female,34,2031,0.0002,0.0002,0.0002,0.0002,0.0002,0.0002,0.0003
M2,Female,34,2032,0.0002,0.0002,0.0002,0.0002,0.0002,0.0002,0.0002
M2,Female,34,2033,0.0002,0.0002,0.0002,0.0002,0.0002,0.0002,0.0002
M2,Female,34,2034,0.0002,0.0002,0.0002,0.0002,0.0002,0.0002,0.0002
M2,Female,34,2035,0.0002,0.0002,0.0002,0.0002,0.0002,0.0001,0.0002
M2,Female,34,2036,0.0001,0.0001,0.0001,0.0001,0.0001,0.0001,0.0001
M2,Female,34,2037,0.0001,0.0001,0.0001,0.0001,0.0001,0.0001,0.0001
M2,Female,34,2038,0.0001,0.0001,0.0001,0.0001,0.0001,0.0001,0.0001
M2,Female,34,2039,0.0001,0.0001,0.0001,0.0001,0.0001,0.0001,0.0001
M2,Female,34,2040,0.0001,0.0001,0.0001,0.0001,0.0001,0.0001,0.0001
M2,Female,35,2021,0.0005,0.0005,0.0005,0.0005,0.0005,0.0004,0.0005
M2,Female,35,2022,0.0005,0.0005,0.0005,0.0004,0.0005,0.0004,0.0005
M2,Female,35,2023,0.0004,0.0004,0.0005,0.0004,0.0005,0.0004,0.0005
M2,Female,35,2024,0.0004,0.0004,0.0004,0.0004,0.0004,0.0004,0.0004
M2,Female,35,2025,0.0004,0.0004,0.0004,0.0004,0.0004,0.0004,0.0004
M2,Female,35,2026,0.0004,0.0004,0.0004,0.0003,0.0004,0.0003,0.0004
M2,Female,35,2027,0.0003,0.0003,0.0003,0.0003,0.0004,0.0003,0.0004
M2,Female,35,2028,0.0003,0.0003,0.0003,0.0003,0.0004,0.0003,0.0004
M2,Female,35,2029,0.0003,0.0003,0.0003,0.0003,0.0004,0.0003,0.0004
M2,Female,35,2030,0.0003,0.0003,0.0003,0.0003,0.0003,0.0003,0.0003
M2,Female,35,2031,0.0003,0.0003,0.0003,0.0003,0.0003,0.0002,0.0003
M2,Female,35,2032,0.0003,0.0003,0.0003,0.0003,0.0003,0.0003,0.0003
M2,Female,35,2033,0.0003,0.0003,0.0003,0.0002,0.0003,0.0002,0.0003
M2,Female,35,2034,0.0002,0.0002,0.0002,0.0002,0.0003,0.0002,0.0003
M2,Female,35,2035,0.0002,0.0002,0.0002,0.0002,0.0003,0.0002,0.0003
M2,Female,35,2036,0.0002,0.0002,0.0002,0.0002,0.0002,0.0002,0.0002
M2,Female,35,2037,0.0002,0.0002,0.0002,0.0001,0.0002,0.0001,0.0002
M2,Female,35,2038,0.0002,0.0001,0.0002,0.0001,0.0002,0.0001,0.0002
M2,Female,35,2039,0.0001,0.0001,0.0001,0.0001,0.0002,0.0001,0.0002
M2,Female,35,2040,0.0001,0.0001,0.0001,0.0001,0.0001,0.0001,0.0001
M2,Female,36,2021,0.0004,0.0004,0.0004,0.0004,0.0004,0.0004,0.0004
M2,Female,36,2022,0.0004,0.0004,0.0004,0.0004,0.0004,0.0004,0.0004
M2,Female,36,2023,0.0004,0.0004,0.0004,0.0004,0.0004,0.0004,0.0004
M2,Female,36,2024,0.0004,0.0003,0.0004,0.0003,0.0004,0.0003,0.0004
M2,Female,36,2025,0.0004,0.0003,0.0004,0.0003,0.0004,0.0003,0.0004
M2,Female,36,2026,0.0003,0.0003,0.0003,0.0003,0.0003,0.0003,0.0004
M2,Female,36,2027,0.0003,0.0003,0.0003,0.0003,0.0003,0.0003,0.0003
M2,Female,36,2028,0.0003,0.0003,0.0003,0.0003,0.0003,0.0003,0.0003
M2,Female,36,2029,0.0003,0.0003,0.0003,0.0003,0.0003,0.0002,0.0003
M2,Female,36,2030,0.0003,0.0003,0.0003,0.0003,0.0003,0.0003,0.0003
M2,Female,36,2031,0.0002,0.0002,0.0003,0.0002,0.0003,0.0002,0.0003
M2,Female,36,2032,0.0002,0.0002,0.0002,0.0002,0.0002,0.0002,0.0002
M2,Female,36,2033,0.0002,0.0002,0.0003,0.0002,0.0003,0.0002,0.0003
M2,Female,36,2034,0.0002,0.0002,0.0002,0.0002,0.0002,0.0002,0.0002
M2,Female,36,2035,0.0002,0.0002,0.0002,0.0002,0.0002,0.0002,0.0002
M2,Female,36,2036,0.0002,0.0002,0.0002,0.0002,0.0002,0.0002,0.0002
M2,Female,36,2037,0.0002,0.0002,0.0002,0.0002,0.0002,0.0001,0.0002
M2,Female,36,2038,0.0001,0.0001,0.0001,0.0001,0.0001,0.0001,0.0002
M2,Female,36,2039,0.0001,0.0001,0.0001,0.0001,0.0001,0.0001,0.0001
M2,Female,36,2040,0.0001,0.0001,0.0001,0.0001,0.0001,0.0001,0.0001
M2,Female,37,2021,0.0005,0.0005,0.0005,0.0005,0.0005,0.0005,0.0005
M2,Female,37,2022,0.0004,0.0004,0.0004,0.0004,0.0005,0.0004,0.0005
M2,Female,37,2023,0.0004,0.0004,0.0004,0.0004,0.0004,0.0004,0.0005
M2,Female,37,2024,0.0004,0.0004,0.0004,0.0004,0.0004,0.0004,0.0004
M2,Female,37,2025,0.0004,0.0004,0.0004,0.0004,0.0004,0.0004,0.0004
M2,Female,37,2026,0.0004,0.0004,0.0004,0.0004,0.0004,0.0004,0.0004
M2,Female,37,2027,0.0004,0.0003,0.0004,0.0003,0.0004,0.0003,0.0004
M2,Female,37,2028,0.0003,0.0003,0.0004,0.0003,0.0004,0.0003,0.0004
M2,Female,37,2029,0.0003,0.0003,0.0003,0.0003,0.0003,0.0003,0.0003
M2,Female,37,2030,0.0003,0.0003,0.0003,0.0003,0.0003,0.0003,0.0003
M2,Female,37,2031,0.0003,0.0003,0.0003,0.0003,0.0003,0.0003,0.0003
M2,Female,37,2032,0.0003,0.0003,0.0003,0.0003,0.0003,0.0002,0.0003
M2,Female,37,2033,0.0003,0.0002,0.0003,0.0002,0.0003,0.0002,0.0003
M2,Female,37,2034,0.0003,0.0003,0.0003,0.0002,0.0003,0.0002,0.0003
M2,Female,37,2035,0.0002,0.0002,0.0003,0.0002,0.0003,0.0002,0.0003
M2,Female,37,2036,0.0002,0.0002,0.0002,0.0002,0.0002,0.0002,0.0003
M2,Female,37,2037,0.0002,0.0002,0.0002,0.0002,0.0002,0.0002,0.0002
M2,Female,37,2038,0.0002,0.0002,0.0002,0.0002,0.0002,0.0002,0.0002
M2,Female,37,2039,0.0001,0.0001,0.0001,0.0001,0.0002,0.0001,0.0002
M2,Female,37,2040,0.0001,0.0001,0.0002,0.0001,0.0002,0.0001,0.0002
M2,Female,38,2021,0.0005,0.0005,0.0005,0.0005,0.0005,0.0005,0.0005
M2,Female,38,2022,0.0005,0.0005,0.0005,0.0005,0.0005,0.0005,0.0005
M2,Female,38,2023,0.0005,0.0005,0.0005,0.0005,0.0005,0.0004,0.0005
M2,Female,38,2024,0.0004,0.0004,0.0004,0.0004,0.0005,0.0004,0.0005
M2,Female,38,2025,0.0005,0.0004,0.0005,0.0004,0.0005,0.0004,0.0005
M2,Female,38,2026,0.0004,0.0004,0.0004,0.0004,0.0004,0.0004,0.0005
M2,Female,38,2027,0.0004,0.0004,0.0004,0.0004,0.0004,0.0004,0.0004
M2,Female,38,2028,0.0004,0.0004,0.0004,0.0004,0.0004,0.0004,0.0004
M2,Female,38,2029,0.0003,0.0003,0.0004,0.0003,0.0004,0.0003,0.0004
M2,Female,38,2030,0.0003,0.0003,0.0003,0.0003,0.0004,0.0003,0.0004
M2,Female,38,2031,0.0003,0.0003,0.0003,0.0003,0.0003,0.0003,0.0004
M2,Female,38,2032,0.0003,0.0003,0.0003,0.0003,0.0003,0.0003,0.0004
M2,Female,38,2033,0.0003,0.0003,0.0003,0.0003,0.0003,0.0003,0.0003
M2,Female,38,2034,0.0003,0.0002,0.0003,0.0002,0.0003,0.0002,0.0003
M2,Female,38,2035,0.0003,0.0003,0.0003,0.0003,0.0003,0.0003,0.0003
M2,Female,38,2036,0.0003,0.0002,0.0003,0.0002,0.0003,0.0002,0.0003
M2,Female,38,2037,0.0002,0.0002,0.0002,0.0002,0.0003,0.0002,0.0003
M2,Female,38,2038,0.0002,0.0002,0.0002,0.0002,0.0002,0.0002,0.0003
M2,Female,38,2039,0.0002,0.0002,0.0002,0.0002,0.0002,0.0002,0.0002
M2,Female,38,2040,0.0002,0.0001,0.0002,0.0001,0.0002,0.0001,0.0002
M2,Female,39,2021,0.0006,0.0006,0.0006,0.0006,0.0007,0.0006,0.0007
M2,Female,39,2022,0.0006,0.0006,0.0006,0.0006,0.0006,0.0006,0.0007
M2,Female,39,2023,0.0006,0.0006,0.0007,0.0006,0.0007,0.0006,0.0007
M2,Female,39,2024,0.0006,0.0006,0.0006,0.0005,0.0006,0.0005,0.0006
M2,Female,39,2025,0.0006,0.0006,0.0006,0.0005,0.0006,0.0005,0.0006
M2,Female,39,2026,0.0006,0.0005,0.0006,0.0005,0.0006,0.0005,0.0006
M2,Female,39,2027,0.0005,0.0005,0.0005,0.0005,0.0006,0.0005,0.0006
M2,Female,39,2028,0.0005,0.0005,0.0005,0.0005,0.0005,0.0005,0.0006
M2,Female,39,2029,0.0005,0.0005,0.0005,0.0004,0.0005,0.0004,0.0005
M2,Female,39,2030,0.0005,0.0004,0.0005,0.0004,0.0005,0.0004,0.0005
M2,Female,39,2031,0.0004,0.0004,0.0004,0.0004,0.0004,0.0004,0.0005
M2,Female,39,2032,0.0004,0.0004,0.0004,0.0004,0.0004,0.0004,0.0004
M2,Female,39,2033,0.0004,0.0004,0.0004,0.0004,0.0004,0.0004,0.0005
M2,Female,39,2034,0.0004,0.0003,0.0004,0.0003,0.0004,0.0003,0.0004
M2,Female,39,2035,0.0003,0.0003,0.0003,0.0003,0.0004,0.0003,0.0004
M2,Female,39,2036,0.0004,0.0003,0.0004,0.0003,0.0004,0.0003,0.0004
M2,Female,39,2037,0.0003,0.0003,0.0003,0.0003,0.0003,0.0003,0.0004
M2,Female,39,2038,0.0003,0.0003,0.0003,0.0003,0.0003,0.0003,0.0003
M2,Female,39,2039,0.0003,0.0003,0.0003,0.0003,0.0003,0.0003,0.0003
M2,Female,39,2040,0.0002,0.0002,0.0003,0.0002,0.0003,0.0002,0.0003
M2,Female,40,2021,0.0006,0.0006,0.0006,0.0006,0.0006,0.0006,0.0006
M2,Female,40,2022,0.0006,0.0006,0.0006,0.0006,0.0006,0.0006,0.0006
M2,Female,40,2023,0.0006,0.0006,0.0006,0.0006,0.0006,0.0006,0.0006
M2,Female,40,2024,0.0006,0.0006,0.0006,0.0006,0.0006,0.0005,0.0006
M2,Female,40,2025,0.0005,0.0005,0.0006,0.0005,0.0006,0.0005,0.0006
M2,Female,40,2026,0.0005,0.0005,0.0005,0.0005,0.0005,0.0005,0.0006
M2,Female,40,2027,0.0005,0.0005,0.0005,0.0005,0.0005,0.0005,0.0006
M2,Female,40,2028,0.0005,0.0005,0.0005,0.0005,0.0005,0.0005,0.0005
M2,Female,40,2029,0.0005,0.0005,0.0005,0.0004,0.0005,0.0004,0.0005
M2,Female,40,2030,0.0004,0.0004,0.0005,0.0004,0.0005,0.0004,0.0005
M2,Female,40,2031,0.0004,0.0004,0.0004,0.0004,0.0004,0.0004,0.0005
M2,Female,40,2032,0.0004,0.0004,0.0004,0.0004,0.0004,0.0003,0.0004
M2,Female,40,2033,0.0004,0.0004,0.0004,0.0004,0.0004,0.0003,0.0004
M2,Female,40,2034,0.0004,0.0004,0.0004,0.0004,0.0004,0.0003,0.0004
M2,Female,40,2035,0.0003,0.0003,0.0004,0.0003,0.0004,0.0003,0.0004
M2,Female,40,2036,0.0003,0.0003,0.0003,0.0003,0.0003,0.0003,0.0003
M2,Female,40,2037,0.0003,0.0003,0.0003,0.0003,0.0004,0.0003,0.0004
M2,Female,40,2038,0.0003,0.0003,0.0003,0.0003,0.0003,0.0003,0.0003
M2,Female,40,2039,0.0003,0.0003,0.0003,0.0003,0.0003,0.0002,0.0003
M2,Female,40,2040,0.0003,0.0003,0.0003,0.0002,0.0003,0.0002,0.0003
M2,Female,41,2021,0.0007,0.0007,0.0008,0.0007,0.0008,0.0007,0.0008
M2,Female,41,2022,0.0007,0.0007,0.0007,0.0007,0.0007,0.0007,0.0008
M2,Female,41,2023,0.0007,0.0007,0.0007,0.0007,0.0008,0.0007,0.0008
M2,Female,41,2024,0.0007,0.0007,0.0007,0.0007,0.0007,0.0007,0.0007
M2,Female,41,2025,0.0007,0.0007,0.0007,0.0007,0.0008,0.0007,0.0008
M2,Female,41,2026,0.0007,0.0006,0.0007,0.0006,0.0007,0.0006,0.0007
M2,Female,41,2027,0.0006,0.0006,0.0006,0.0006,0.0007,0.0006,0.0007
M2,Female,41,2028,0.0006,0.0006,0.0007,0.0006,0.0007,0.0006,0.0007
M2,Female,41,2029,0.0006,0.0006,0.0006,0.0006,0.0006,0.0005,0.0006
M2,Female,41,2030,0.0006,0.0006,0.0006,0.0005,0.0006,0.0005,0.0006
M2,Female,41,2031,0.0005,0.0005,0.0006,0.0005,0.0006,0.0005,0.0006
M2,Female,41,2032,0.0005,0.0005,0.0005,0.0005,0.0005,0.0005,0.0006
M2,Female,41,2033,0.0005,0.0005,0.0005,0.0004,0.0005,0.0004,0.0005
M2,Female,41,2034,0.0004,0.0004,0.0005,0.0004,0.0005,0.0004,0.0005
M2,Female,41,2035,0.0005,0.0005,0.0005,0.0004,0.0005,0.0004,0.0005
M2,Female,41,2036,0.0004,0.0004,0.0004,0.0004,0.0004,0.0004,0.0005
M2,Female,41,2037,0.0004,0.0004,0.0004,0.0003,0.0004,0.0003,0.0004
M2,Female,41,2038,0.0004,0.0004,0.0004,0.0004,0.0004,0.0004,0.0005
M2,Female,41,2039,0.0004,0.0003,0.0004,0.0003,0.0004,0.0003,0.0004
M2,Female,41,2040,0.0003,0.0003,0.0004,0.0003,0.0004,0.0003,0.0004
M2,Female,42,2021,0.0008,0.0008,0.0008,0.0007,0.0008,0.0007,0.0008
M2,Female,42,2022,0.0008,0.0008,0.0008,0.0007,0.0008,0.0007,0.0008
M2,Female,42,2023,0.0008,0.0007,0.0008,0.0007,0.0008,0.0007,0.0008
M2,Female,42,2024,0.0007,0.0007,0.0007,0.0007,0.0008,0.0007,0.0008
M2,Female,42,2025,0.0007,0.0007,0.0008,0.0007,0.0008,0.0007,0.0008
M2,Female,42,2026,0.0007,0.0007,0.0008,0.0007,0.0008,0.0007,0.0008
M2,Female,42,2027,0.0007,0.0007,0.0007,0.0006,0.0007,0.0006,0.0007
M2,Female,42,2028,0.0007,0.0006,0.0007,0.0006,0.0007,0.0006,0.0007
M2,Female,42,2029,0.0006,0.0006,0.0007,0.0006,0.0007,0.0006,0.0007
M2,Female,42,2030,0.0006,0.0006,0.0006,0.0006,0.0007,0.0006,0.0007
M2,Female,42,2031,0.0006,0.0006,0.0006,0.0006,0.0006,0.0005,0.0007
M2,Female,42,2032,0.0006,0.0005,0.0006,0.0005,0.0006,0.0005,0.0006
M2,Female,42,2033,0.0005,0.0005,0.0006,0.0005,0.0006,0.0005,0.0006
M2,Female,42,2034,0.0005,0.0005,0.0005,0.0005,0.0005,0.0004,0.0005
M2,Female,42,2035,0.0005,0.0005,0.0005,0.0004,0.0005,0.0004,0.0005
M2,Female,42,2036,0.0005,0.0005,0.0005,0.0004,0.0005,0.0004,0.0005
M2,Female,42,2037,0.0004,0.0004,0.0004,0.0004,0.0005,0.0004,0.0005
M2,Female,42,2038,0.0004,0.0004,0.0004,0.0004,0.0004,0.0003,0.0004
M2,Female,42,2039,0.0004,0.0004,0.0004,0.0004,0.0005,0.0004,0.0005
M2,Female,42,2040,0.0004,0.0004,0.0004,0.0004,0.0004,0.0003,0.0004
M2,Female,43,2021,0.0009,0.0009,0.0009,0.0009,0.0009,0.0009,0.0009
M2,Female,43,2022,0.0009,0.0008,0.0009,0.0008,0.0009,0.0008,0.0009
M2,Female,43,2023,0.0009,0.0009,0.0009,0.0009,0.0009,0.0008,0.0009
M2,Female,43,2024,0.0008,0.0008,0.0008,0.0008,0.0009,0.0008,0.0009
M2,Female,43,2025,0.0008,0.0008,0.0009,0.0008,0.0009,0.0008,0.0009
M2,Female,43,2026,0.0008,0.0008,0.0008,0.0008,0.0009,0.0008,0.0009
M2,Female,43,2027,0.0008,0.0008,0.0008,0.0008,0.0009,0.0008,0.0009
M2,Female,43,2028,0.0008,0.0008,0.0008,0.0007,0.0008,0.0007,0.0008
M2,Female,43,2029,0.0007,0.0007,0.0007,0.0007,0.0008,0.0007,0.0008
M2,Female,43,2030,0.0007,0.0007,0.0008,0.0007,0.0008,0.0007,0.0008
M2,Female,43,2031,0.0007,0.0007,0.0007,0.0007,0.0007,0.0006,0.0008
M2,Female,43,2032,0.0007,0.0006,0.0007,0.0006,0.0007,0.0006,0.0007
M2,Female,43,2033,0.0006,0.0006,0.0007,0.0006,0.0007,0.0006,0.0007
M2,Female,43,2034,0.0006,0.0006,0.0006,0.0005,0.0006,0.0005,0.0007
M2,Female,43,2035,0.0006,0.0005,0.0006,0.0005,0.0006,0.0005,0.0006
M2,Female,43,2036,0.0005,0.0005,0.0005,0.0005,0.0006,0.0005,0.0006
M2,Female,43,2037,0.0005,0.0005,0.0006,0.0005,0.0006,0.0005,0.0006
M2,Female,43,2038,0.0005,0.0005,0.0005,0.0004,0.0005,0.0004,0.0005
M2,Female,43,2039,0.0004,0.0004,0.0004,0.0004,0.0005,0.0004,0.0005
M2,Female,43,2040,0.0005,0.0005,0.0005,0.0004,0.0005,0.0004,0.0005
M2,Female,44,2021,0.0010,0.0010,0.0010,0.0009,0.0010,0.0009,0.0010
M2,Female,44,2022,0.0009,0.0009,0.0010,0.0009,0.0010,0.0009,0.0010
M2,Female,44,2023,0.0009,0.0009,0.0010,0.0009,0.0010,0.0009,0.0010
M2,Female,44,2024,0.0009,0.0009,0.0009,0.0009,0.0009,0.0009,0.0010
M2,Female,44,2025,0.0009,0.0009,0.0009,0.0009,0.0010,0.0009,0.0010
M2,Female,44,2026,0.0009,0.0009,0.0009,0.0009,0.0009,0.0008,0.0010
M2,Female,44,2027,0.0009,0.0009,0.0009,0.0008,0.0009,0.0008,0.0010
M2,Female,44,2028,0.0009,0.0009,0.0009,0.0009,0.0010,0.0008,0.0010
M2,Female,44,2029,0.0008,0.0008,0.0008,0.0008,0.0009,0.0007,0.0009
M2,Female,44,2030,0.0008,0.0008,0.0008,0.0008,0.0008,0.0007,0.0009
M2,Female,44,2031,0.0008,0.0008,0.0008,0.0007,0.0008,0.0007,0.0009
M2,Female,44,2032,0.0007,0.0007,0.0008,0.0007,0.0008,0.0007,0.0008
M2,Female,44,2033,0.0007,0.0007,0.0007,0.0007,0.0008,0.0007,0.0008
M2,Female,44,2034,0.0007,0.0006,0.0007,0.0006,0.0007,0.0006,0.0007
M2,Female,44,2035,0.0006,0.0006,0.0007,0.0006,0.0007,0.0006,0.0007
M2,Female,44,2036,0.0006,0.0006,0.0006,0.0005,0.0006,0.0005,0.0007
M2,Female,44,2037,0.0006,0.0006,0.0006,0.0005,0.0006,0.0005,0.0006
M2,Female,44,2038,0.0006,0.0006,0.0006,0.0005,0.0006,0.0005,0.0007
M2,Female,44,2039,0.0005,0.0005,0.0005,0.0005,0.0006,0.0005,0.0006
M2,Female,44,2040,0.0005,0.0005,0.0005,0.0004,0.0005,0.0004,0.0005
M2,Female,45,2021,0.0010,0.0010,0.0011,0.0010,0.0011,0.0010,0.0011
M2,Female,45,2022,0.0010,0.0010,0.0011,0.0010,0.0011,0.0010,0.0011
M2,Female,45,2023,0.0011,0.0010,0.0011,0.0010,0.0011,0.0010,0.0011
M2,Female,45,2024,0.0010,0.0010,0.0010,0.0009,0.0010,0.0009,0.0010
M2,Female,45,2025,0.0010,0.0010,0.0011,0.0010,0.0011,0.0010,0.0011
M2,Female,45,2026,0.0010,0.0010,0.0010,0.0009,0.0010,0.0009,0.0011
M2,Female,45,2027,0.0010,0.0010,0.0010,0.0009,0.0010,0.0009,0.0011
M2,Female,45,2028,0.0010,0.0010,0.0010,0.0009,0.0010,0.0009,0.0011
M2,Female,45,2029,0.0010,0.0009,0.0010,0.0009,0.0010,0.0009,0.0011
M2,Female,45,2030,0.0009,0.0009,0.0009,0.0009,0.0010,0.0008,0.0010
M2,Female,45,2031,0.0009,0.0008,0.0009,0.0008,0.0009,0.0008,0.0009
M2,Female,45,2032,0.0009,0.0008,0.0009,0.0008,0.0009,0.0008,0.0010
M2,Female,45,2033,0.0008,0.0008,0.0009,0.0008,0.0009,0.0007,0.0009
M2,Female,45,2034,0.0008,0.0007,0.0008,0.0007,0.0008,0.0007,0.0009
M2,Female,45,2035,0.0007,0.0007,0.0008,0.0007,0.0008,0.0007,0.0008
M2,Female,45,2036,0.0007,0.0007,0.0007,0.0006,0.0007,0.0006,0.0008
M2,Female,45,2037,0.0006,0.0006,0.0007,0.0006,0.0007,0.0006,0.0007
M2,Female,45,2038,0.0006,0.0006,0.0007,0.0006,0.0007,0.0006,0.0007
M2,Female,45,2039,0.0006,0.0006,0.0007,0.0006,0.0007,0.0006,0.0007
M2,Female,45,2040,0.0006,0.0005,0.0006,0.0005,0.0006,0.0005,0.0006
M2,Female,46,2021,0.0012,0.0011,0.0012,0.0011,0.0012,0.0011,0.0012
M2,Female,46,2022,0.0011,0.0011,0.0011,0.0011,0.0012,0.0011,0.0012
M2,Female,46,2023,0.0012,0.0011,0.0012,0.0011,0.0012,0.0011,0.0012
M2,Female,46,2024,0.0011,0.0011,0.0011,0.0011,0.0011,0.0010,0.0012
M2,Female,46,2025,0.0011,0.0011,0.0011,0.0011,0.0011,0.0010,0.0012
M2,Female,46,2026,0.0011,0.0011,0.0011,0.0010,0.0011,0.0010,0.0012
M2,Female,46,2027,0.0011,0.0010,0.0011,0.0010,0.0011,0.0010,0.0011
M2,Female,46,2028,0.0011,0.0010,0.0011,0.0010,0.0011,0.0010,0.0012
M2,Female,46,2029,0.0010,0.0010,0.0011,0.0010,0.0011,0.0010,0.0011
M2,Female,46,2030,0.0011,0.0010,0.0011,0.0010,0.0011,0.0010,0.0012
M2,Female,46,2031,0.0010,0.0009,0.0010,0.0009,0.0010,0.0009,0.0011
M2,Female,46,2032,0.0009,0.0009,0.0010,0.0009,0.0010,0.0008,0.0010
M2,Female,46,2033,0.0010,0.0009,0.0010,0.0009,0.0010,0.0009,0.0011
M2,Female,46,2034,0.0009,0.0008,0.0009,0.0008,0.0009,0.0008,0.0010
M2,Female,46,2035,0.0009,0.0008,0.0009,0.0008,0.0009,0.0008,0.0010
M2,Female,46,2036,0.0008,0.0008,0.0008,0.0007,0.0009,0.0007,0.0009
M2,Female,46,2037,0.0008,0.0007,0.0008,0.0007,0.0008,0.0007,0.0008
M2,Female,46,2038,0.0007,0.0007,0.0007,0.0007,0.0008,0.0006,0.0008
M2,Female,46,2039,0.0007,0.0006,0.0007,0.0006,0.0007,0.0006,0.0008
M2,Female,46,2040,0.0007,0.0007,0.0007,0.0006,0.0008,0.0006,0.0008
M2,Female,47,2021,0.0012,0.0012,0.0012,0.0011,0.0012,0.0011,0.0012
M2,Female,47,2022,0.0012,0.0011,0.0012,0.0011,0.0012,0.0011,0.0012
M2,Female,47,2023,0.0012,0.0011,0.0012,0.0011,0.0012,0.0011,0.0012
M2,Female,47,2024,0.0011,0.0011,0.0011,0.0011,0.0012,0.0011,0.0012
M2,Female,47,2025,0.0011,0.0011,0.0012,0.0011,0.0012,0.0011,0.0012
M2,Female,47,2026,0.0011,0.0011,0.0011,0.0010,0.0011,0.0010,0.0012
M2,Female,47,2027,0.0011,0.0011,0.0011,0.0010,0.0011,0.0010,0.0012
M2,Female,47,2028,0.0011,0.0011,0.0011,0.0010,0.0011,0.0010,0.0012
M2,Female,47,2029,0.0010,0.0010,0.0011,0.0010,0.0011,0.0010,0.0011
M2,Female,47,2030,0.0011,0.0010,0.0011,0.0010,0.0011,0.0010,0.0012
M2,Female,47,2031,0.0011,0.0010,0.0011,0.0010,0.0011,0.0010,0.0012
M2,Female,47,2032,0.0010,0.0009,0.0010,0.0009,0.0010,0.0009,0.0011
M2,Female,47,2033,0.0009,0.0009,0.0010,0.0009,0.0010,0.0009,0.0010
M2,Female,47,2034,0.0009,0.0009,0.0010,0.0009,0.0010,0.0008,0.0010
M2,Female,47,2035,0.0009,0.0009,0.0009,0.0008,0.0010,0.0008,0.0010
M2,Female,47,2036,0.0008,0.0008,0.0009,0.0008,0.0009,0.0008,0.0010
M2,Female,47,2037,0.0008,0.0008,0.0008,0.0007,0.0009,0.0007,0.0009
M2,Female,47,2038,0.0008,0.0007,0.0008,0.0007,0.0008,0.0007,0.0009
M2,Female,47,2039,0.0007,0.0007,0.0007,0.0006,0.0008,0.0006,0.0008
M2,Female,47,2040,0.0007,0.0007,0.0007,0.0006,0.0007,0.0006,0.0008
M2,Female,48,2021,0.0015,0.0015,0.0015,0.0015,0.0016,0.0015,0.0016
M2,Female,48,2022,0.0015,0.0015,0.0015,0.0014,0.0015,0.0014,0.0015
M2,Female,48,2023,0.0015,0.0015,0.0015,0.0014,0.0015,0.0014,0.0016
M2,Female,48,2024,0.0014,0.0014,0.0014,0.0014,0.0015,0.0013,0.0015
M2,Female,48,2025,0.0015,0.0014,0.0015,0.0014,0.0015,0.0014,0.0016
M2,Female,48,2026,0.0014,0.0014,0.0015,0.0014,0.0015,0.0013,0.0015
M2,Female,48,2027,0.0014,0.0013,0.0014,0.0013,0.0014,0.0013,0.0015
M2,Female,48,2028,0.0014,0.0014,0.0015,0.0013,0.0015,0.0013,0.0015
M2,Female,48,2029,0.0013,0.0013,0.0014,0.0013,0.0014,0.0012,0.0015
M2,Female,48,2030,0.0014,0.0013,0.0014,0.0013,0.0014,0.0013,0.0015
M2,Female,48,2031,0.0013,0.0013,0.0014,0.0012,0.0014,0.0012,0.0015
M2,Female,48,2032,0.0013,0.0013,0.0014,0.0013,0.0014,0.0012,0.0015
M2,Female,48,2033,0.0012,0.0012,0.0013,0.0012,0.0013,0.0011,0.0014
M2,Female,48,2034,0.0012,0.0011,0.0012,0.0011,0.0012,0.0011,0.0013
M2,Female,48,2035,0.0012,0.0012,0.0013,0.0011,0.0013,0.0011,0.0013
M2,Female,48,2036,0.0011,0.0011,0.0012,0.0010,0.0012,0.0010,0.0013
M2,Female,48,2037,0.0011,0.0010,0.0011,0.0010,0.0012,0.0010,0.0012
M2,Female,48,2038,0.0010,0.0010,0.0011,0.0010,0.0011,0.0009,0.0012
M2,Female,48,2039,0.0009,0.0009,0.0010,0.0009,0.0010,0.0008,0.0011
M2,Female,48,2040,0.0009,0.0009,0.0009,0.0008,0.0010,0.0008,0.0010
M2,Female,49,2021,0.0016,0.0016,0.0016,0.0016,0.0017,0.0016,0.0017
M2,Female,49,2022,0.0016,0.0016,0.0016,0.0016,0.0017,0.0015,0.0017
M2,Female,49,2023,0.0016,0.0016,0.0016,0.0015,0.0016,0.0015,0.0017
M2,Female,49,2024,0.0015,0.0015,0.0016,0.0015,0.0016,0.0014,0.0016
M2,Female,49,2025,0.0015,0.0015,0.0016,0.0015,0.0016,0.0015,0.0016
M2,Female,49,2026,0.0015,0.0015,0.0016,0.0015,0.0016,0.0014,0.0016
M2,Female,49,2027,0.0015,0.0015,0.0015,0.0014,0.0016,0.0014,0.0016
M2,Female,49,2028,0.0015,0.0014,0.0015,0.0014,0.0016,0.0014,0.0016
M2,Female,49,2029,0.0015,0.0014,0.0015,0.0014,0.0015,0.0013,0.0016
M2,Female,49,2030,0.0015,0.0014,0.0015,0.0014,0.0015,0.0013,0.0016
M2,Female,49,2031,0.0014,0.0014,0.0015,0.0013,0.0015,0.0013,0.0016
M2,Female,49,2032,0.0014,0.0014,0.0015,0.0013,0.0015,0.0013,0.0016
M2,Female,49,2033,0.0014,0.0014,0.0015,0.0014,0.0015,0.0013,0.0016
M2,Female,49,2034,0.0013,0.0012,0.0013,0.0012,0.0014,0.0012,0.0014
M2,Female,49,2035,0.0013,0.0012,0.0013,0.0012,0.0014,0.0011,0.0014
M2,Female,49,2036,0.0013,0.0012,0.0013,0.0012,0.0014,0.0011,0.0014
M2,Female,49,2037,0.0012,0.0012,0.0012,0.0011,0.0013,0.0011,0.0013
M2,Female,49,2038,0.0012,0.0011,0.0012,0.0011,0.0013,0.0010,0.0013
M2,Female,49,2039,0.0011,0.0010,0.0011,0.0010,0.0012,0.0010,0.0012
M2,Female,49,2040,0.0010,0.0010,0.0011,0.0010,0.0011,0.0009,0.0012
M2,Female,50,2021,0.0017,0.0017,0.0017,0.0017,0.0017,0.0016,0.0017
M2,Female,50,2022,0.0016,0.0016,0.0017,0.0016,0.0017,0.0016,0.0017
M2,Female,50,2023,0.0017,0.0016,0.0017,0.0016,0.0017,0.0016,0.0018
M2,Female,50,2024,0.0016,0.0015,0.0016,0.0015,0.0016,0.0015,0.0017
M2,Female,50,2025,0.0016,0.0016,0.0016,0.0015,0.0017,0.0015,0.0017
M2,Female,50,2026,0.0015,0.0015,0.0016,0.0015,0.0016,0.0014,0.0017
M2,Female,50,2027,0.0015,0.0015,0.0016,0.0015,0.0016,0.0014,0.0017
M2,Female,50,2028,0.0016,0.0015,0.0016,0.0015,0.0016,0.0014,0.0017
M2,Female,50,2029,0.0015,0.0014,0.0015,0.0014,0.0015,0.0014,0.0016
M2,Female,50,2030,0.0015,0.0015,0.0016,0.0014,0.0016,0.0014,0.0017
M2,Female,50,2031,0.0014,0.0014,0.0015,0.0014,0.0015,0.0013,0.0016
M2,Female,50,2032,0.0014,0.0014,0.0015,0.0014,0.0015,0.0013,0.0016
M2,Female,50,2033,0.0014,0.0014,0.0015,0.0014,0.0015,0.0013,0.0016
M2,Female,50,2034,0.0014,0.0014,0.0015,0.0013,0.0015,0.0013,0.0016
M2,Female,50,2035,0.0013,0.0013,0.0014,0.0013,0.0014,0.0012,0.0015
M2,Female,50,2036,0.0013,0.0012,0.0013,0.0012,0.0014,0.0011,0.0014
M2,Female,50,2037,0.0013,0.0012,0.0013,0.0012,0.0014,0.0011,0.0014
M2,Female,50,2038,0.0012,0.0012,0.0013,0.0011,0.0013,0.0011,0.0014
M2,Female,50,2039,0.0012,0.0011,0.0012,0.0011,0.0012,0.0010,0.0013
M2,Female,50,2040,0.0011,0.0011,0.0011,0.0010,0.0012,0.0010,0.0012
M2,Female,51,2021,0.0019,0.0019,0.0019,0.0018,0.0019,0.0018,0.0019
M2,Female,51,2022,0.0018,0.0018,0.0018,0.0018,0.0019,0.0017,0.0019
M2,Female,51,2023,0.0018,0.0018,0.0019,0.0018,0.0019,0.0017,0.0019
M2,Female,51,2024,0.0018,0.0017,0.0018,0.0017,0.0018,0.0017,0.0019
M2,Female,51,2025,0.0017,0.0017,0.0018,0.0017,0.0018,0.0016,0.0019
M2,Female,51,2026,0.0017,0.0017,0.0017,0.0016,0.0018,0.0016,0.0018
M2,Female,51,2027,0.0017,0.0016,0.0017,0.0016,0.0018,0.0016,0.0018
M2,Female,51,2028,0.0017,0.0017,0.0018,0.0016,0.0018,0.0016,0.0019
M2,Female,51,2029,0.0016,0.0016,0.0017,0.0015,0.0017,0.0015,0.0018
M2,Female,51,2030,0.0016,0.0016,0.0017,0.0015,0.0017,0.0015,0.0018
M2,Female,51,2031,0.0016,0.0016,0.0017,0.0015,0.0017,0.0015,0.0018
M2,Female,51,2032,0.0016,0.0015,0.0016,0.0015,0.0017,0.0014,0.0017
M2,Female,51,2033,0.0016,0.0015,0.0016,0.0015,0.0017,0.0014,0.0018
M2,Female,51,2034,0.0015,0.0015,0.0016,0.0014,0.0016,0.0014,0.0017
M2,Female,51,2035,0.0016,0.0015,0.0016,0.0015,0.0017,0.0014,0.0018
M2,Female,51,2036,0.0014,0.0014,0.0015,0.0013,0.0015,0.0013,0.0016
M2,Female,51,2037,0.0014,0.0013,0.0014,0.0013,0.0015,0.0012,0.0016
M2,Female,51,2038,0.0014,0.0014,0.0015,0.0013,0.0015,0.0013,0.0016
M2,Female,51,2039,0.0013,0.0013,0.0014,0.0012,0.0014,0.0012,0.0015
M2,Female,51,2040,0.0013,0.0012,0.0013,0.0012,0.0014,0.0011,0.0014
M2,Female,52,2021,0.0020,0.0020,0.0020,0.0019,0.0020,0.0019,0.0020
M2,Female,52,2022,0.0019,0.0019,0.0019,0.0019,0.0020,0.0018,0.0020
M2,Female,52,2023,0.0019,0.0019,0.0020,0.0019,0.0020,0.0018,0.0020
M2,Female,52,2024,0.0018,0.0018,0.0018,0.0017,0.0019,0.0017,0.0019
M2,Female,52,2025,0.0019,0.0018,0.0019,0.0018,0.0019,0.0017,0.0020
M2,Female,52,2026,0.0018,0.0017,0.0018,0.0017,0.0019,0.0017,0.0019
M2,Female,52,2027,0.0018,0.0017,0.0018,0.0017,0.0018,0.0016,0.0019
M2,Female,52,2028,0.0018,0.0017,0.0018,0.0017,0.0018,0.0016,0.0019
M2,Female,52,2029,0.0017,0.0017,0.0018,0.0016,0.0018,0.0016,0.0019
M2,Female,52,2030,0.0017,0.0017,0.0018,0.0016,0.0018,0.0016,0.0019
M2,Female,52,2031,0.0016,0.0016,0.0017,0.0016,0.0018,0.0015,0.0018
M2,Female,52,2032,0.0017,0.0016,0.0017,0.0016,0.0018,0.0015,0.0018
M2,Female,52,2033,0.0016,0.0016,0.0017,0.0015,0.0017,0.0015,0.0018
M2,Female,52,2034,0.0016,0.0015,0.0016,0.0015,0.0017,0.0014,0.0018
M2,Female,52,2035,0.0016,0.0016,0.0017,0.0015,0.0017,0.0015,0.0018
M2,Female,52,2036,0.0016,0.0015,0.0017,0.0015,0.0017,0.0014,0.0018
M2,Female,52,2037,0.0015,0.0014,0.0015,0.0014,0.0016,0.0013,0.0017
M2,Female,52,2038,0.0014,0.0014,0.0015,0.0013,0.0016,0.0013,0.0016
M2,Female,52,2039,0.0014,0.0014,0.0015,0.0013,0.0015,0.0013,0.0016
M2,Female,52,2040,0.0014,0.0013,0.0014,0.0013,0.0015,0.0012,0.0015
M2,Female,53,2021,0.0024,0.0023,0.0024,0.0023,0.0024,0.0023,0.0024
M2,Female,53,2022,0.0023,0.0022,0.0023,0.0022,0.0023,0.0022,0.0024
M2,Female,53,2023,0.0022,0.0022,0.0023,0.0022,0.0023,0.0021,0.0024
M2,Female,53,2024,0.0021,0.0021,0.0022,0.0020,0.0022,0.0020,0.0022
M2,Female,53,2025,0.0021,0.0021,0.0022,0.0020,0.0022,0.0020,0.0023
M2,Female,53,2026,0.0021,0.0020,0.0021,0.0020,0.0022,0.0020,0.0022
M2,Female,53,2027,0.0020,0.0020,0.0021,0.0019,0.0021,0.0019,0.0022
M2,Female,53,2028,0.0020,0.0020,0.0021,0.0019,0.0022,0.0019,0.0022
M2,Female,53,2029,0.0019,0.0019,0.0020,0.0018,0.0021,0.0018,0.0021
M2,Female,53,2030,0.0020,0.0019,0.0021,0.0019,0.0021,0.0018,0.0022
M2,Female,53,2031,0.0019,0.0019,0.0020,0.0018,0.0021,0.0018,0.0021
M2,Female,53,2032,0.0019,0.0018,0.0019,0.0018,0.0020,0.0017,0.0021
M2,Female,53,2033,0.0019,0.0019,0.0020,0.0018,0.0021,0.0017,0.0021
M2,Female,53,2034,0.0018,0.0018,0.0019,0.0017,0.0020,0.0017,0.0020
M2,Female,53,2035,0.0019,0.0018,0.0019,0.0018,0.0020,0.0017,0.0021
M2,Female,53,2036,0.0018,0.0018,0.0019,0.0017,0.0020,0.0016,0.0020
M2,Female,53,2037,0.0018,0.0018,0.0019,0.0017,0.0020,0.0016,0.0021
M2,Female,53,2038,0.0017,0.0016,0.0018,0.0016,0.0018,0.0015,0.0019
M2,Female,53,2039,0.0016,0.0016,0.0017,0.0015,0.0017,0.0014,0.0018
M2,Female,53,2040,0.0017,0.0016,0.0017,0.0015,0.0018,0.0015,0.0019
M2,Female,54,2021,0.0026,0.0026,0.0026,0.0025,0.0026,0.0025,0.0027
M2,Female,54,2022,0.0026,0.0025,0.0026,0.0025,0.0026,0.0025,0.0027
M2,Female,54,2023,0.0025,0.0025,0.0026,0.0025,0.0026,0.0024,0.0027
M2,Female,54,2024,0.0024,0.0023,0.0024,0.0023,0.0025,0.0023,0.0025
M2,Female,54,2025,0.0024,0.0024,0.0025,0.0023,0.0025,0.0023,0.0026
M2,Female,54,2026,0.0023,0.0023,0.0024,0.0022,0.0024,0.0022,0.0025
M2,Female,54,2027,0.0023,0.0022,0.0023,0.0022,0.0024,0.0021,0.0025
M2,Female,54,2028,0.0023,0.0022,0.0023,0.0022,0.0024,0.0021,0.0025
M2,Female,54,2029,0.0022,0.0021,0.0022,0.0021,0.0023,0.0020,0.0024
M2,Female,54,2030,0.0022,0.0021,0.0023,0.0021,0.0023,0.0020,0.0024
M2,Female,54,2031,0.0022,0.0021,0.0022,0.0020,0.0023,0.0020,0.0024
M2,Female,54,2032,0.0021,0.0021,0.0022,0.0020,0.0023,0.0019,0.0024
M2,Female,54,2033,0.0021,0.0020,0.0022,0.0020,0.0022,0.0019,0.0023
M2,Female,54,2034,0.0021,0.0020,0.0021,0.0019,0.0022,0.0019,0.0023
M2,Female,54,2035,0.0021,0.0020,0.0021,0.0019,0.0022,0.0018,0.0023
M2,Female,54,2036,0.0020,0.0019,0.0021,0.0019,0.0022,0.0018,0.0023
M2,Female,54,2037,0.0020,0.0019,0.0021,0.0019,0.0022,0.0018,0.0023
M2,Female,54,2038,0.0020,0.0020,0.0021,0.0019,0.0022,0.0018,0.0023
M2,Female,54,2039,0.0018,0.0018,0.0019,0.0017,0.0020,0.0016,0.0021
M2,Female,54,2040,0.0018,0.0017,0.0019,0.0017,0.0020,0.0016,0.0020
M2,Female,55,2021,0.0029,0.0029,0.0029,0.0028,0.0030,0.0028,0.0030
M2,Female,55,2022,0.0027,0.0027,0.0028,0.0027,0.0028,0.0026,0.0029
M2,Female,55,2023,0.0028,0.0028,0.0029,0.0027,0.0029,0.0027,0.0030
M2,Female,55,2024,0.0026,0.0026,0.0027,0.0025,0.0027,0.0025,0.0028
M2,Female,55,2025,0.0026,0.0026,0.0027,0.0025,0.0027,0.0025,0.0028
M2,Female,55,2026,0.0025,0.0025,0.0026,0.0024,0.0026,0.0024,0.0027
M2,Female,55,2027,0.0024,0.0024,0.0025,0.0023,0.0026,0.0023,0.0026
M2,Female,55,2028,0.0025,0.0024,0.0026,0.0024,0.0026,0.0023,0.0027
M2,Female,55,2029,0.0023,0.0023,0.0024,0.0022,0.0025,0.0022,0.0026
M2,Female,55,2030,0.0024,0.0023,0.0025,0.0023,0.0025,0.0022,0.0026
M2,Female,55,2031,0.0023,0.0022,0.0024,0.0022,0.0024,0.0021,0.0025
M2,Female,55,2032,0.0023,0.0022,0.0024,0.0022,0.0024,0.0021,0.0025
M2,Female,55,2033,0.0023,0.0022,0.0024,0.0022,0.0025,0.0021,0.0025
M2,Female,55,2034,0.0022,0.0021,0.0023,0.0021,0.0023,0.0020,0.0024
M2,Female,55,2035,0.0023,0.0022,0.0023,0.0021,0.0024,0.0020,0.0025
M2,Female,55,2036,0.0022,0.0021,0.0022,0.0020,0.0023,0.0019,0.0024
M2,Female,55,2037,0.0022,0.0021,0.0022,0.0020,0.0023,0.0019,0.0024
M2,Female,55,2038,0.0022,0.0021,0.0022,0.0020,0.0023,0.0019,0.0024
M2,Female,55,2039,0.0021,0.0020,0.0022,0.0020,0.0023,0.0019,0.0024
M2,Female,55,2040,0.0020,0.0019,0.0021,0.0018,0.0022,0.0018,0.0022
M2,Female,56,2021,0.0031,0.0030,0.0031,0.0030,0.0031,0.0030,0.0032
M2,Female,56,2022,0.0029,0.0029,0.0030,0.0029,0.0030,0.0028,0.0031
M2,Female,56,2023,0.0029,0.0028,0.0029,0.0028,0.0030,0.0027,0.0030
M2,Female,56,2024,0.0028,0.0027,0.0028,0.0027,0.0029,0.0026,0.0029
M2,Female,56,2025,0.0027,0.0027,0.0028,0.0026,0.0029,0.0026,0.0029
M2,Female,56,2026,0.0026,0.0026,0.0027,0.0025,0.0027,0.0024,0.0028
M2,Female,56,2027,0.0026,0.0025,0.0026,0.0024,0.0027,0.0024,0.0028
M2,Female,56,2028,0.0025,0.0025,0.0026,0.0024,0.0027,0.0023,0.0028
M2,Female,56,2029,0.0025,0.0024,0.0025,0.0023,0.0026,0.0023,0.0027
M2,Female,56,2030,0.0024,0.0024,0.0025,0.0023,0.0026,0.0022,0.0027
M2,Female,56,2031,0.0024,0.0023,0.0025,0.0022,0.0025,0.0022,0.0026
M2,Female,56,2032,0.0023,0.0023,0.0024,0.0022,0.0025,0.0021,0.0026
M2,Female,56,2033,0.0024,0.0023,0.0025,0.0022,0.0025,0.0021,0.0026
M2,Female,56,2034,0.0023,0.0022,0.0024,0.0021,0.0024,0.0021,0.0025
M2,Female,56,2035,0.0023,0.0022,0.0023,0.0021,0.0024,0.0020,0.0025
M2,Female,56,2036,0.0023,0.0022,0.0023,0.0021,0.0024,0.0020,0.0025
M2,Female,56,2037,0.0022,0.0021,0.0023,0.0020,0.0024,0.0019,0.0025
M2,Female,56,2038,0.0022,0.0021,0.0023,0.0020,0.0024,0.0020,0.0025
M2,Female,56,2039,0.0021,0.0021,0.0022,0.0020,0.0023,0.0019,0.0024
M2,Female,56,2040,0.0022,0.0021,0.0023,0.0020,0.0024,0.0019,0.0025
M2,Female,57,2021,0.0034,0.0034,0.0035,0.0033,0.0035,0.0033,0.0035
M2,Female,57,2022,0.0033,0.0033,0.0034,0.0032,0.0034,0.0032,0.0035
M2,Female,57,2023,0.0033,0.0032,0.0033,0.0032,0.0034,0.0031,0.0035
M2,Female,57,2024,0.0030,0.0029,0.0031,0.0029,0.0031,0.0028,0.0032
M2,Female,57,2025,0.0031,0.0030,0.0032,0.0030,0.0032,0.0029,0.0033
M2,Female,57,2026,0.0029,0.0029,0.0030,0.0028,0.0031,0.0027,0.0031
M2,Female,57,2027,0.0028,0.0028,0.0029,0.0027,0.0030,0.0026,0.0031
M2,Female,57,2028,0.0028,0.0028,0.0029,0.0027,0.0030,0.0026,0.0031
M2,Female,57,2029,0.0027,0.0026,0.0028,0.0025,0.0028,0.0025,0.0029
M2,Female,57,2030,0.0027,0.0027,0.0028,0.0026,0.0029,0.0025,0.0030
M2,Female,57,2031,0.0026,0.0025,0.0027,0.0024,0.0028,0.0024,0.0029
M2,Female,57,2032,0.0026,0.0025,0.0027,0.0024,0.0027,0.0024,0.0029
M2,Female,57,2033,0.0026,0.0025,0.0027,0.0024,0.0027,0.0023,0.0028
M2,Female,57,2034,0.0025,0.0024,0.0026,0.0024,0.0027,0.0023,0.0028
M2,Female,57,2035,0.0025,0.0024,0.0026,0.0024,0.0027,0.0023,0.0028
M2,Female,57,2036,0.0024,0.0023,0.0025,0.0023,0.0026,0.0022,0.0027
M2,Female,57,2037,0.0024,0.0024,0.0025,0.0023,0.0026,0.0022,0.0028
M2,Female,57,2038,0.0024,0.0023,0.0025,0.0022,0.0026,0.0021,0.0027
M2,Female,57,2039,0.0023,0.0022,0.0024,0.0022,0.0025,0.0021,0.0027
M2,Female,57,2040,0.0024,0.0023,0.0024,0.0022,0.0026,0.0021,0.0027
M2,Female,58,2021,0.0039,0.0038,0.0039,0.0038,0.0040,0.0038,0.0040
M2,Female,58,2022,0.0037,0.0037,0.0038,0.0036,0.0038,0.0036,0.0039
M2,Female,58,2023,0.0037,0.0036,0.0038,0.0036,0.0038,0.0035,0.0039
M2,Female,58,2024,0.0035,0.0034,0.0035,0.0033,0.0036,0.0033,0.0037
M2,Female,58,2025,0.0034,0.0033,0.0035,0.0032,0.0035,0.0032,0.0036
M2,Female,58,2026,0.0033,0.0032,0.0034,0.0032,0.0035,0.0031,0.0036
M2,Female,58,2027,0.0032,0.0031,0.0033,0.0030,0.0033,0.0030,0.0035
M2,Female,58,2028,0.0032,0.0031,0.0032,0.0030,0.0033,0.0029,0.0034
M2,Female,58,2029,0.0030,0.0029,0.0031,0.0028,0.0032,0.0028,0.0033
M2,Female,58,2030,0.0030,0.0029,0.0031,0.0028,0.0032,0.0027,0.0033
M2,Female,58,2031,0.0029,0.0028,0.0030,0.0028,0.0031,0.0027,0.0032
M2,Female,58,2032,0.0028,0.0027,0.0029,0.0027,0.0030,0.0026,0.0031
M2,Female,58,2033,0.0029,0.0028,0.0030,0.0027,0.0030,0.0026,0.0032
M2,Female,58,2034,0.0027,0.0026,0.0028,0.0026,0.0029,0.0025,0.0030
M2,Female,58,2035,0.0028,0.0027,0.0029,0.0026,0.0030,0.0025,0.0031
M2,Female,58,2036,0.0027,0.0026,0.0028,0.0025,0.0029,0.0024,0.0031
M2,Female,58,2037,0.0026,0.0025,0.0027,0.0024,0.0028,0.0023,0.0030
M2,Female,58,2038,0.0027,0.0026,0.0028,0.0025,0.0029,0.0024,0.0031
M2,Female,58,2039,0.0025,0.0025,0.0027,0.0024,0.0028,0.0023,0.0029
M2,Female,58,2040,0.0026,0.0025,0.0027,0.0024,0.0028,0.0023,0.0029
M2,Female,59,2021,0.0044,0.0043,0.0044,0.0043,0.0045,0.0042,0.0045
M2,Female,59,2022,0.0041,0.0041,0.0042,0.0040,0.0043,0.0040,0.0043
M2,Female,59,2023,0.0041,0.0040,0.0042,0.0039,0.0042,0.0039,0.0043
M2,Female,59,2024,0.0038,0.0037,0.0039,0.0037,0.0040,0.0036,0.0041
M2,Female,59,2025,0.0038,0.0037,0.0039,0.0037,0.0040,0.0036,0.0041
M2,Female,59,2026,0.0036,0.0035,0.0036,0.0034,0.0037,0.0033,0.0038
M2,Female,59,2027,0.0035,0.0035,0.0036,0.0034,0.0037,0.0033,0.0038
M2,Female,59,2028,0.0035,0.0034,0.0036,0.0033,0.0037,0.0032,0.0038
M2,Female,59,2029,0.0033,0.0032,0.0034,0.0031,0.0035,0.0030,0.0036
M2,Female,59,2030,0.0033,0.0032,0.0034,0.0031,0.0035,0.0030,0.0036
M2,Female,59,2031,0.0031,0.0030,0.0033,0.0030,0.0034,0.0029,0.0035
M2,Female,59,2032,0.0031,0.0030,0.0032,0.0029,0.0033,0.0028,0.0035
M2,Female,59,2033,0.0031,0.0030,0.0032,0.0029,0.0033,0.0028,0.0034
M2,Female,59,2034,0.0030,0.0029,0.0031,0.0028,0.0032,0.0027,0.0033
M2,Female,59,2035,0.0030,0.0029,0.0031,0.0028,0.0032,0.0027,0.0033
M2,Female,59,2036,0.0029,0.0028,0.0030,0.0027,0.0032,0.0026,0.0033
M2,Female,59,2037,0.0029,0.0028,0.0030,0.0027,0.0031,0.0026,0.0033
M2,Female,59,2038,0.0028,0.0027,0.0029,0.0026,0.0031,0.0025,0.0032
M2,Female,59,2039,0.0028,0.0027,0.0029,0.0026,0.0030,0.0025,0.0032
M2,Female,59,2040,0.0028,0.0027,0.0029,0.0025,0.0030,0.0024,0.0031
M2,Female,60,2021,0.0049,0.0048,0.0050,0.0048,0.0050,0.0047,0.0051
M2,Female,60,2022,0.0047,0.0046,0.0048,0.0046,0.0048,0.0045,0.0049
M2,Female,60,2023,0.0046,0.0045,0.0047,0.0044,0.0047,0.0043,0.0048
M2,Female,60,2024,0.0042,0.0041,0.0043,0.0041,0.0044,0.0040,0.0045
M2,Female,60,2025,0.0043,0.0042,0.0044,0.0041,0.0044,0.0040,0.0046
M2,Female,60,2026,0.0040,0.0039,0.0041,0.0039,0.0042,0.0038,0.0044
M2,Female,60,2027,0.0038,0.0037,0.0039,0.0036,0.0040,0.0035,0.0041
M2,Female,60,2028,0.0039,0.0038,0.0040,0.0037,0.0041,0.0036,0.0042
M2,Female,60,2029,0.0036,0.0035,0.0037,0.0034,0.0038,0.0033,0.0040
M2,Female,60,2030,0.0036,0.0035,0.0037,0.0034,0.0038,0.0033,0.0040
M2,Female,60,2031,0.0035,0.0034,0.0036,0.0033,0.0037,0.0032,0.0038
M2,Female,60,2032,0.0034,0.0033,0.0035,0.0032,0.0036,0.0031,0.0037
M2,Female,60,2033,0.0034,0.0033,0.0035,0.0032,0.0036,0.0031,0.0038
M2,Female,60,2034,0.0032,0.0031,0.0033,0.0030,0.0034,0.0029,0.0036
M2,Female,60,2035,0.0033,0.0032,0.0034,0.0031,0.0035,0.0029,0.0037
M2,Female,60,2036,0.0031,0.0030,0.0033,0.0029,0.0034,0.0028,0.0035
M2,Female,60,2037,0.0032,0.0030,0.0033,0.0029,0.0034,0.0028,0.0036
M2,Female,60,2038,0.0031,0.0030,0.0033,0.0029,0.0034,0.0028,0.0036
M2,Female,60,2039,0.0030,0.0029,0.0031,0.0027,0.0032,0.0026,0.0034
M2,Female,60,2040,0.0031,0.0029,0.0032,0.0028,0.0033,0.0027,0.0035
M2,Female,61,2021,0.0053,0.0052,0.0053,0.0052,0.0054,0.0051,0.0055
M2,Female,61,2022,0.0051,0.0050,0.0052,0.0049,0.0052,0.0049,0.0053
M2,Female,61,2023,0.0050,0.0049,0.0051,0.0049,0.0052,0.0048,0.0053
M2,Female,61,2024,0.0046,0.0045,0.0047,0.0044,0.0048,0.0043,0.0049
M2,Female,61,2025,0.0046,0.0045,0.0047,0.0044,0.0048,0.0043,0.0049
M2,Female,61,2026,0.0044,0.0043,0.0045,0.0042,0.0046,0.0041,0.0047
M2,Female,61,2027,0.0042,0.0041,0.0043,0.0040,0.0044,0.0039,0.0046
M2,Female,61,2028,0.0041,0.0040,0.0042,0.0039,0.0043,0.0037,0.0044
M2,Female,61,2029,0.0039,0.0038,0.0041,0.0037,0.0042,0.0036,0.0043
M2,Female,61,2030,0.0039,0.0038,0.0040,0.0037,0.0041,0.0035,0.0043
M2,Female,61,2031,0.0037,0.0036,0.0038,0.0035,0.0040,0.0034,0.0041
M2,Female,61,2032,0.0036,0.0035,0.0037,0.0034,0.0039,0.0033,0.0040
M2,Female,61,2033,0.0036,0.0034,0.0037,0.0033,0.0038,0.0032,0.0040
M2,Female,61,2034,0.0035,0.0033,0.0036,0.0032,0.0037,0.0031,0.0039
M2,Female,61,2035,0.0034,0.0033,0.0036,0.0032,0.0037,0.0030,0.0038
M2,Female,61,2036,0.0033,0.0032,0.0035,0.0031,0.0036,0.0030,0.0038
M2,Female,61,2037,0.0033,0.0032,0.0034,0.0030,0.0035,0.0029,0.0037
M2,Female,61,2038,0.0033,0.0032,0.0034,0.0031,0.0036,0.0029,0.0038
M2,Female,61,2039,0.0032,0.0031,0.0033,0.0029,0.0035,0.0028,0.0036
M2,Female,61,2040,0.0032,0.0030,0.0033,0.0029,0.0034,0.0028,0.0036
M2,Female,62,2021,0.0057,0.0056,0.0057,0.0056,0.0058,0.0055,0.0059
M2,Female,62,2022,0.0055,0.0054,0.0056,0.0054,0.0057,0.0053,0.0058
M2,Female,62,2023,0.0055,0.0054,0.0056,0.0053,0.0057,0.0052,0.0058
M2,Female,62,2024,0.0051,0.0050,0.0052,0.0049,0.0053,0.0048,0.0054
M2,Female,62,2025,0.0050,0.0049,0.0051,0.0048,0.0052,0.0047,0.0054
M2,Female,62,2026,0.0047,0.0046,0.0048,0.0045,0.0050,0.0044,0.0051
M2,Female,62,2027,0.0046,0.0045,0.0047,0.0043,0.0048,0.0042,0.0050
M2,Female,62,2028,0.0045,0.0044,0.0046,0.0043,0.0048,0.0041,0.0049
M2,Female,62,2029,0.0041,0.0040,0.0043,0.0039,0.0044,0.0038,0.0046
M2,Female,62,2030,0.0042,0.0041,0.0044,0.0040,0.0045,0.0039,0.0047
M2,Female,62,2031,0.0040,0.0039,0.0041,0.0037,0.0043,0.0036,0.0044
M2,Female,62,2032,0.0039,0.0037,0.0040,0.0036,0.0041,0.0035,0.0043
M2,Female,62,2033,0.0038,0.0037,0.0040,0.0036,0.0041,0.0034,0.0043
M2,Female,62,2034,0.0036,0.0035,0.0038,0.0034,0.0039,0.0033,0.0041
M2,Female,62,2035,0.0037,0.0036,0.0039,0.0035,0.0040,0.0033,0.0042
M2,Female,62,2036,0.0035,0.0034,0.0037,0.0033,0.0038,0.0031,0.0040
M2,Female,62,2037,0.0035,0.0034,0.0036,0.0032,0.0038,0.0031,0.0040
M2,Female,62,2038,0.0034,0.0033,0.0036,0.0032,0.0038,0.0030,0.0039
M2,Female,62,2039,0.0034,0.0032,0.0035,0.0031,0.0037,0.0030,0.0039
M2,Female,62,2040,0.0034,0.0032,0.0035,0.0031,0.0037,0.0030,0.0039
M2,Female,63,2021,0.0064,0.0063,0.0065,0.0062,0.0065,0.0062,0.0066
M2,Female,63,2022,0.0061,0.0060,0.0062,0.0059,0.0063,0.0058,0.0064
M2,Female,63,2023,0.0062,0.0060,0.0063,0.0059,0.0064,0.0058,0.0065
M2,Female,63,2024,0.0057,0.0056,0.0059,0.0055,0.0060,0.0054,0.0061
M2,Female,63,2025,0.0057,0.0056,0.0059,0.0055,0.0060,0.0053,0.0061
M2,Female,63,2026,0.0053,0.0052,0.0055,0.0051,0.0056,0.0049,0.0058
M2,Female,63,2027,0.0051,0.0050,0.0052,0.0048,0.0054,0.0047,0.0056
M2,Female,63,2028,0.0051,0.0049,0.0052,0.0048,0.0054,0.0046,0.0055
M2,Female,63,2029,0.0047,0.0046,0.0049,0.0044,0.0050,0.0043,0.0052
M2,Female,63,2030,0.0046,0.0045,0.0048,0.0043,0.0049,0.0042,0.0051
M2,Female,63,2031,0.0045,0.0044,0.0047,0.0042,0.0048,0.0041,0.0050
M2,Female,63,2032,0.0043,0.0042,0.0045,0.0040,0.0046,0.0039,0.0048
M2,Female,63,2033,0.0043,0.0041,0.0044,0.0040,0.0046,0.0038,0.0048
M2,Female,63,2034,0.0040,0.0039,0.0042,0.0038,0.0043,0.0036,0.0045
M2,Female,63,2035,0.0040,0.0039,0.0042,0.0037,0.0043,0.0036,0.0045
M2,Female,63,2036,0.0039,0.0038,0.0041,0.0036,0.0042,0.0035,0.0045
M2,Female,63,2037,0.0038,0.0036,0.0039,0.0035,0.0041,0.0033,0.0043
M2,Female,63,2038,0.0038,0.0036,0.0040,0.0035,0.0041,0.0033,0.0044
M2,Female,63,2039,0.0036,0.0035,0.0038,0.0033,0.0040,0.0032,0.0042
M2,Female,63,2040,0.0037,0.0035,0.0039,0.0034,0.0041,0.0032,0.0042
M2,Female,64,2021,0.0069,0.0068,0.0070,0.0068,0.0071,0.0067,0.0072
M2,Female,64,2022,0.0067,0.0066,0.0068,0.0065,0.0069,0.0064,0.0070
M2,Female,64,2023,0.0066,0.0065,0.0067,0.0064,0.0069,0.0063,0.0070
M2,Female,64,2024,0.0062,0.0061,0.0064,0.0060,0.0065,0.0058,0.0066
M2,Female,64,2025,0.0063,0.0061,0.0064,0.0060,0.0065,0.0058,0.0067
M2,Female,64,2026,0.0059,0.0057,0.0060,0.0056,0.0062,0.0055,0.0064
M2,Female,64,2027,0.0056,0.0054,0.0057,0.0053,0.0059,0.0051,0.0061
M2,Female,64,2028,0.0055,0.0053,0.0056,0.0052,0.0058,0.0050,0.0060
M2,Female,64,2029,0.0051,0.0050,0.0053,0.0048,0.0054,0.0047,0.0057
M2,Female,64,2030,0.0051,0.0049,0.0053,0.0048,0.0054,0.0046,0.0056
M2,Female,64,2031,0.0047,0.0046,0.0049,0.0044,0.0051,0.0043,0.0053
M2,Female,64,2032,0.0047,0.0045,0.0049,0.0044,0.0050,0.0042,0.0053
M2,Female,64,2033,0.0046,0.0044,0.0048,0.0043,0.0049,0.0041,0.0051
M2,Female,64,2034,0.0043,0.0042,0.0045,0.0040,0.0046,0.0039,0.0049
M2,Female,64,2035,0.0043,0.0042,0.0045,0.0040,0.0046,0.0038,0.0049
M2,Female,64,2036,0.0041,0.0040,0.0043,0.0038,0.0045,0.0036,0.0047
M2,Female,64,2037,0.0041,0.0039,0.0043,0.0038,0.0045,0.0036,0.0047
M2,Female,64,2038,0.0040,0.0038,0.0042,0.0037,0.0044,0.0035,0.0046
M2,Female,64,2039,0.0039,0.0037,0.0040,0.0035,0.0042,0.0034,0.0045
M2,Female,64,2040,0.0039,0.0037,0.0040,0.0035,0.0042,0.0033,0.0044
M2,Female,65,2021,0.0077,0.0076,0.0078,0.0075,0.0079,0.0074,0.0080
M2,Female,65,2022,0.0075,0.0074,0.0076,0.0073,0.0077,0.0071,0.0079
M2,Female,65,2023,0.0075,0.0073,0.0076,0.0072,0.0077,0.0071,0.0079
M2,Female,65,2024,0.0069,0.0067,0.0071,0.0066,0.0072,0.0065,0.0074
M2,Female,65,2025,0.0070,0.0068,0.0072,0.0067,0.0073,0.0065,0.0075
M2,Female,65,2026,0.0066,0.0065,0.0068,0.0063,0.0070,0.0061,0.0072
M2,Female,65,2027,0.0064,0.0062,0.0066,0.0060,0.0067,0.0059,0.0070
M2,Female,65,2028,0.0062,0.0060,0.0064,0.0058,0.0065,0.0056,0.0068
M2,Female,65,2029,0.0057,0.0055,0.0059,0.0054,0.0061,0.0052,0.0063
M2,Female,65,2030,0.0057,0.0055,0.0059,0.0054,0.0061,0.0052,0.0063
M2,Female,65,2031,0.0054,0.0052,0.0056,0.0050,0.0058,0.0049,0.0060
M2,Female,65,2032,0.0051,0.0049,0.0053,0.0047,0.0055,0.0046,0.0057
M2,Female,65,2033,0.0052,0.0050,0.0054,0.0048,0.0056,0.0046,0.0058
M2,Female,65,2034,0.0048,0.0046,0.0050,0.0045,0.0052,0.0043,0.0054
M2,Female,65,2035,0.0048,0.0046,0.0050,0.0044,0.0052,0.0042,0.0054
M2,Female,65,2036,0.0046,0.0044,0.0048,0.0042,0.0050,0.0040,0.0052
M2,Female,65,2037,0.0044,0.0043,0.0046,0.0041,0.0048,0.0039,0.0051
M2,Female,65,2038,0.0045,0.0043,0.0047,0.0041,0.0049,0.0039,0.0051
M2,Female,65,2039,0.0042,0.0040,0.0044,0.0038,0.0046,0.0037,0.0049
M2,Female,65,2040,0.0042,0.0041,0.0044,0.0039,0.0047,0.0037,0.0049
M2,Female,66,2021,0.0083,0.0082,0.0084,0.0081,0.0085,0.0080,0.0086
M2,Female,66,2022,0.0080,0.0079,0.0082,0.0078,0.0083,0.0076,0.0085
M2,Female,66,2023,0.0081,0.0079,0.0082,0.0078,0.0084,0.0076,0.0086
M2,Female,66,2024,0.0075,0.0073,0.0077,0.0071,0.0078,0.0070,0.0080
M2,Female,66,2025,0.0075,0.0073,0.0077,0.0071,0.0079,0.0069,0.0081
M2,Female,66,2026,0.0072,0.0070,0.0074,0.0068,0.0076,0.0066,0.0078
M2,Female,66,2027,0.0069,0.0067,0.0071,0.0065,0.0073,0.0064,0.0076
M2,Female,66,2028,0.0068,0.0066,0.0070,0.0064,0.0072,0.0062,0.0075
M2,Female,66,2029,0.0062,0.0060,0.0064,0.0058,0.0066,0.0057,0.0069
M2,Female,66,2030,0.0061,0.0059,0.0064,0.0058,0.0066,0.0056,0.0068
M2,Female,66,2031,0.0058,0.0056,0.0061,0.0054,0.0063,0.0052,0.0065
M2,Female,66,2032,0.0056,0.0054,0.0058,0.0052,0.0060,0.0050,0.0063
M2,Female,66,2033,0.0054,0.0052,0.0056,0.0050,0.0058,0.0048,0.0061
M2,Female,66,2034,0.0052,0.0050,0.0054,0.0049,0.0056,0.0046,0.0059
M2,Female,66,2035,0.0051,0.0049,0.0054,0.0048,0.0055,0.0045,0.0058
M2,Female,66,2036,0.0049,0.0047,0.0051,0.0045,0.0053,0.0043,0.0056
M2,Female,66,2037,0.0047,0.0046,0.0050,0.0044,0.0052,0.0041,0.0055
M2,Female,66,2038,0.0047,0.0045,0.0049,0.0043,0.0051,0.0041,0.0054
M2,Female,66,2039,0.0045,0.0043,0.0047,0.0041,0.0050,0.0039,0.0052
M2,Female,66,2040,0.0045,0.0043,0.0047,0.0040,0.0049,0.0038,0.0051
M2,Female,67,2021,0.0088,0.0087,0.0089,0.0086,0.0091,0.0085,0.0092
M2,Female,67,2022,0.0086,0.0085,0.0088,0.0083,0.0089,0.0082,0.0091
M2,Female,67,2023,0.0087,0.0085,0.0089,0.0083,0.0090,0.0082,0.0092
M2,Female,67,2024,0.0081,0.0079,0.0083,0.0077,0.0085,0.0076,0.0087
M2,Female,67,2025,0.0081,0.0079,0.0083,0.0077,0.0085,0.0075,0.0088
M2,Female,67,2026,0.0077,0.0075,0.0079,0.0073,0.0081,0.0071,0.0084
M2,Female,67,2027,0.0075,0.0073,0.0077,0.0071,0.0079,0.0069,0.0082
M2,Female,67,2028,0.0074,0.0072,0.0076,0.0070,0.0079,0.0067,0.0082
M2,Female,67,2029,0.0069,0.0066,0.0071,0.0064,0.0073,0.0062,0.0076
M2,Female,67,2030,0.0067,0.0065,0.0069,0.0063,0.0072,0.0060,0.0075
M2,Female,67,2031,0.0063,0.0061,0.0065,0.0058,0.0068,0.0056,0.0070
M2,Female,67,2032,0.0061,0.0058,0.0063,0.0056,0.0066,0.0054,0.0068
M2,Female,67,2033,0.0060,0.0057,0.0062,0.0055,0.0064,0.0053,0.0067
M2,Female,67,2034,0.0055,0.0052,0.0057,0.0051,0.0059,0.0048,0.0062
M2,Female,67,2035,0.0056,0.0054,0.0058,0.0052,0.0060,0.0049,0.0063
M2,Female,67,2036,0.0052,0.0050,0.0055,0.0048,0.0057,0.0046,0.0060
M2,Female,67,2037,0.0051,0.0049,0.0053,0.0047,0.0056,0.0044,0.0059
M2,Female,67,2038,0.0050,0.0048,0.0052,0.0046,0.0055,0.0043,0.0058
M2,Female,67,2039,0.0047,0.0045,0.0050,0.0043,0.0052,0.0041,0.0055
M2,Female,67,2040,0.0048,0.0046,0.0050,0.0044,0.0053,0.0041,0.0056
M2,Female,68,2021,0.0098,0.0096,0.0099,0.0095,0.0100,0.0094,0.0102
M2,Female,68,2022,0.0096,0.0094,0.0098,0.0093,0.0099,0.0091,0.0102
M2,Female,68,2023,0.0097,0.0095,0.0099,0.0093,0.0101,0.0091,0.0103
M2,Female,68,2024,0.0091,0.0088,0.0093,0.0086,0.0095,0.0085,0.0097
M2,Female,68,2025,0.0092,0.0090,0.0094,0.0087,0.0097,0.0085,0.0099
M2,Female,68,2026,0.0087,0.0085,0.0090,0.0082,0.0092,0.0080,0.0095
M2,Female,68,2027,0.0083,0.0081,0.0086,0.0079,0.0088,0.0076,0.0092
M2,Female,68,2028,0.0083,0.0081,0.0086,0.0079,0.0089,0.0076,0.0092
M2,Female,68,2029,0.0078,0.0075,0.0081,0.0073,0.0083,0.0071,0.0087
M2,Female,68,2030,0.0077,0.0074,0.0080,0.0072,0.0083,0.0069,0.0086
M2,Female,68,2031,0.0071,0.0069,0.0074,0.0066,0.0077,0.0064,0.0080
M2,Female,68,2032,0.0068,0.0066,0.0071,0.0063,0.0074,0.0061,0.0077
M2,Female,68,2033,0.0067,0.0065,0.0070,0.0062,0.0073,0.0059,0.0076
M2,Female,68,2034,0.0063,0.0061,0.0065,0.0058,0.0068,0.0056,0.0072
M2,Female,68,2035,0.0061,0.0059,0.0064,0.0056,0.0066,0.0053,0.0069
M2,Female,68,2036,0.0060,0.0057,0.0062,0.0055,0.0065,0.0052,0.0069
M2,Female,68,2037,0.0057,0.0055,0.0059,0.0052,0.0062,0.0049,0.0066
M2,Female,68,2038,0.0056,0.0053,0.0058,0.0051,0.0061,0.0048,0.0065
M2,Female,68,2039,0.0053,0.0050,0.0055,0.0048,0.0058,0.0046,0.0062
M2,Female,68,2040,0.0053,0.0050,0.0055,0.0048,0.0058,0.0045,0.0061
M2,Female,69,2021,0.0111,0.0109,0.0112,0.0108,0.0114,0.0106,0.0116
M2,Female,69,2022,0.0107,0.0106,0.0109,0.0104,0.0111,0.0102,0.0114
M2,Female,69,2023,0.0109,0.0107,0.0112,0.0105,0.0114,0.0103,0.0117
M2,Female,69,2024,0.0103,0.0100,0.0106,0.0098,0.0108,0.0096,0.0110
M2,Female,69,2025,0.0104,0.0101,0.0107,0.0099,0.0110,0.0096,0.0113
M2,Female,69,2026,0.0099,0.0097,0.0102,0.0094,0.0105,0.0091,0.0109
M2,Female,69,2027,0.0096,0.0093,0.0099,0.0090,0.0102,0.0088,0.0106
M2,Female,69,2028,0.0094,0.0091,0.0098,0.0089,0.0101,0.0086,0.0105
M2,Female,69,2029,0.0089,0.0086,0.0092,0.0083,0.0095,0.0081,0.0099
M2,Female,69,2030,0.0089,0.0086,0.0092,0.0083,0.0095,0.0080,0.0099
M2,Female,69,2031,0.0083,0.0080,0.0087,0.0077,0.0090,0.0074,0.0094
M2,Female,69,2032,0.0079,0.0075,0.0082,0.0073,0.0085,0.0070,0.0089
M2,Female,69,2033,0.0077,0.0074,0.0080,0.0071,0.0083,0.0067,0.0087
M2,Female,69,2034,0.0072,0.0069,0.0075,0.0066,0.0078,0.0063,0.0082
M2,Female,69,2035,0.0071,0.0068,0.0074,0.0066,0.0077,0.0062,0.0081
M2,Female,69,2036,0.0066,0.0063,0.0069,0.0060,0.0072,0.0057,0.0076
M2,Female,69,2037,0.0065,0.0063,0.0068,0.0060,0.0072,0.0056,0.0076
M2,Female,69,2038,0.0063,0.0060,0.0066,0.0058,0.0070,0.0055,0.0074
M2,Female,69,2039,0.0060,0.0057,0.0063,0.0054,0.0066,0.0051,0.0070
M2,Female,69,2040,0.0059,0.0057,0.0062,0.0054,0.0066,0.0051,0.0069
M2,Female,70,2021,0.0120,0.0118,0.0121,0.0117,0.0123,0.0115,0.0125
M2,Female,70,2022,0.0117,0.0115,0.0119,0.0113,0.0121,0.0111,0.0124
M2,Female,70,2023,0.0117,0.0115,0.0120,0.0113,0.0122,0.0111,0.0125
M2,Female,70,2024,0.0111,0.0108,0.0114,0.0106,0.0117,0.0103,0.0120
M2,Female,70,2025,0.0113,0.0110,0.0116,0.0107,0.0119,0.0104,0.0123
M2,Female,70,2026,0.0108,0.0105,0.0111,0.0102,0.0115,0.0099,0.0118
M2,Female,70,2027,0.0105,0.0102,0.0108,0.0099,0.0111,0.0096,0.0116
M2,Female,70,2028,0.0104,0.0101,0.0107,0.0098,0.0111,0.0094,0.0115
M2,Female,70,2029,0.0096,0.0093,0.0100,0.0090,0.0103,0.0087,0.0108
M2,Female,70,2030,0.0097,0.0094,0.0101,0.0091,0.0104,0.0087,0.0109
M2,Female,70,2031,0.0092,0.0088,0.0096,0.0085,0.0099,0.0082,0.0103
M2,Female,70,2032,0.0088,0.0084,0.0092,0.0081,0.0095,0.0078,0.0099
M2,Female,70,2033,0.0085,0.0081,0.0088,0.0078,0.0092,0.0074,0.0096
M2,Female,70,2034,0.0078,0.0075,0.0082,0.0072,0.0085,0.0069,0.0090
M2,Female,70,2035,0.0078,0.0075,0.0082,0.0072,0.0085,0.0068,0.0089
M2,Female,70,2036,0.0074,0.0070,0.0077,0.0067,0.0080,0.0064,0.0085
M2,Female,70,2037,0.0069,0.0066,0.0073,0.0063,0.0076,0.0060,0.0081
M2,Female,70,2038,0.0070,0.0067,0.0073,0.0064,0.0077,0.0060,0.0082
M2,Female,70,2039,0.0065,0.0062,0.0068,0.0059,0.0072,0.0056,0.0076
M2,Female,70,2040,0.0064,0.0061,0.0067,0.0058,0.0071,0.0055,0.0075
M2,Female,71,2021,0.0131,0.0129,0.0133,0.0128,0.0135,0.0126,0.0137
M2,Female,71,2022,0.0126,0.0124,0.0129,0.0122,0.0131,0.0120,0.0134
M2,Female,71,2023,0.0128,0.0125,0.0131,0.0123,0.0134,0.0121,0.0137
M2,Female,71,2024,0.0120,0.0116,0.0123,0.0114,0.0126,0.0111,0.0129
M2,Female,71,2025,0.0123,0.0119,0.0126,0.0116,0.0130,0.0113,0.0133
M2,Female,71,2026,0.0118,0.0114,0.0121,0.0111,0.0125,0.0108,0.0129
M2,Female,71,2027,0.0114,0.0111,0.0118,0.0108,0.0122,0.0104,0.0127
M2,Female,71,2028,0.0114,0.0110,0.0118,0.0107,0.0122,0.0103,0.0127
M2,Female,71,2029,0.0106,0.0102,0.0110,0.0099,0.0114,0.0096,0.0119
M2,Female,71,2030,0.0105,0.0102,0.0110,0.0098,0.0113,0.0094,0.0118
M2,Female,71,2031,0.0101,0.0097,0.0105,0.0093,0.0109,0.0089,0.0114
M2,Female,71,2032,0.0097,0.0093,0.0101,0.0090,0.0105,0.0086,0.0110
M2,Female,71,2033,0.0095,0.0091,0.0099,0.0087,0.0103,0.0083,0.0108
M2,Female,71,2034,0.0087,0.0083,0.0090,0.0080,0.0094,0.0076,0.0100
M2,Female,71,2035,0.0085,0.0082,0.0089,0.0079,0.0093,0.0074,0.0098
M2,Female,71,2036,0.0081,0.0077,0.0085,0.0074,0.0088,0.0070,0.0094
M2,Female,71,2037,0.0078,0.0074,0.0081,0.0071,0.0086,0.0067,0.0091
M2,Female,71,2038,0.0074,0.0071,0.0078,0.0068,0.0082,0.0064,0.0087
M2,Female,71,2039,0.0072,0.0068,0.0075,0.0065,0.0079,0.0062,0.0084
M2,Female,71,2040,0.0070,0.0067,0.0074,0.0063,0.0078,0.0060,0.0082
M2,Female,72,2021,0.0145,0.0142,0.0147,0.0141,0.0149,0.0139,0.0151
M2,Female,72,2022,0.0140,0.0138,0.0143,0.0136,0.0145,0.0133,0.0149
M2,Female,72,2023,0.0141,0.0138,0.0144,0.0135,0.0147,0.0132,0.0150
M2,Female,72,2024,0.0132,0.0129,0.0136,0.0125,0.0139,0.0123,0.0142
M2,Female,72,2025,0.0134,0.0130,0.0138,0.0127,0.0141,0.0123,0.0146
M2,Female,72,2026,0.0130,0.0126,0.0134,0.0122,0.0138,0.0119,0.0142
M2,Female,72,2027,0.0126,0.0122,0.0131,0.0119,0.0134,0.0115,0.0140
M2,Female,72,2028,0.0126,0.0122,0.0131,0.0119,0.0135,0.0114,0.0141
M2,Female,72,2029,0.0118,0.0114,0.0123,0.0110,0.0127,0.0107,0.0133
M2,Female,72,2030,0.0118,0.0114,0.0123,0.0110,0.0127,0.0106,0.0133
M2,Female,72,2031,0.0111,0.0107,0.0116,0.0103,0.0120,0.0098,0.0125
M2,Female,72,2032,0.0108,0.0104,0.0113,0.0100,0.0117,0.0096,0.0123
M2,Female,72,2033,0.0106,0.0102,0.0111,0.0098,0.0115,0.0093,0.0121
M2,Female,72,2034,0.0099,0.0094,0.0103,0.0091,0.0107,0.0086,0.0113
M2,Female,72,2035,0.0096,0.0092,0.0100,0.0088,0.0104,0.0083,0.0110
M2,Female,72,2036,0.0090,0.0086,0.0094,0.0082,0.0098,0.0078,0.0104
M2,Female,72,2037,0.0087,0.0083,0.0091,0.0079,0.0096,0.0074,0.0101
M2,Female,72,2038,0.0084,0.0081,0.0089,0.0077,0.0093,0.0072,0.0099
M2,Female,72,2039,0.0077,0.0074,0.0081,0.0070,0.0086,0.0066,0.0091
M2,Female,72,2040,0.0079,0.0075,0.0083,0.0071,0.0088,0.0067,0.0092
M2,Female,73,2021,0.0160,0.0158,0.0162,0.0156,0.0165,0.0153,0.0167
M2,Female,73,2022,0.0156,0.0153,0.0159,0.0151,0.0162,0.0148,0.0166
M2,Female,73,2023,0.0157,0.0154,0.0161,0.0151,0.0164,0.0148,0.0168
M2,Female,73,2024,0.0146,0.0142,0.0150,0.0139,0.0154,0.0135,0.0158
M2,Female,73,2025,0.0149,0.0145,0.0154,0.0141,0.0158,0.0137,0.0163
M2,Female,73,2026,0.0142,0.0138,0.0147,0.0134,0.0151,0.0130,0.0156
M2,Female,73,2027,0.0140,0.0135,0.0145,0.0131,0.0149,0.0127,0.0155
M2,Female,73,2028,0.0140,0.0136,0.0145,0.0132,0.0150,0.0127,0.0157
M2,Female,73,2029,0.0132,0.0127,0.0137,0.0122,0.0141,0.0119,0.0148
M2,Female,73,2030,0.0133,0.0128,0.0138,0.0123,0.0143,0.0118,0.0149
M2,Female,73,2031,0.0125,0.0120,0.0131,0.0115,0.0136,0.0111,0.0142
M2,Female,73,2032,0.0120,0.0115,0.0125,0.0110,0.0130,0.0106,0.0136
M2,Female,73,2033,0.0119,0.0114,0.0125,0.0109,0.0130,0.0104,0.0136
M2,Female,73,2034,0.0111,0.0107,0.0116,0.0102,0.0121,0.0097,0.0128
M2,Female,73,2035,0.0110,0.0105,0.0115,0.0101,0.0119,0.0095,0.0126
M2,Female,73,2036,0.0101,0.0097,0.0106,0.0093,0.0111,0.0088,0.0118
M2,Female,73,2037,0.0097,0.0093,0.0102,0.0088,0.0107,0.0083,0.0113
M2,Female,73,2038,0.0095,0.0090,0.0100,0.0086,0.0105,0.0081,0.0112
M2,Female,73,2039,0.0089,0.0084,0.0093,0.0080,0.0098,0.0076,0.0105
M2,Female,73,2040,0.0086,0.0081,0.0090,0.0077,0.0095,0.0072,0.0101
M2,Female,74,2021,0.0177,0.0174,0.0179,0.0172,0.0182,0.0169,0.0185
M2,Female,74,2022,0.0172,0.0169,0.0176,0.0166,0.0179,0.0163,0.0183
M2,Female,74,2023,0.0175,0.0171,0.0179,0.0167,0.0182,0.0164,0.0187
M2,Female,74,2024,0.0163,0.0158,0.0168,0.0155,0.0171,0.0151,0.0176
M2,Female,74,2025,0.0165,0.0160,0.0170,0.0156,0.0174,0.0151,0.0180
M2,Female,74,2026,0.0158,0.0153,0.0163,0.0149,0.0168,0.0145,0.0174
M2,Female,74,2027,0.0153,0.0148,0.0159,0.0144,0.0163,0.0140,0.0170
M2,Female,74,2028,0.0155,0.0150,0.0161,0.0146,0.0166,0.0140,0.0173
M2,Female,74,2029,0.0146,0.0141,0.0152,0.0136,0.0157,0.0132,0.0164
M2,Female,74,2030,0.0147,0.0142,0.0153,0.0137,0.0159,0.0132,0.0166
M2,Female,74,2031,0.0140,0.0135,0.0146,0.0129,0.0152,0.0124,0.0159
M2,Female,74,2032,0.0135,0.0129,0.0141,0.0124,0.0147,0.0119,0.0154
M2,Female,74,2033,0.0132,0.0126,0.0138,0.0121,0.0144,0.0115,0.0151
M2,Female,74,2034,0.0125,0.0119,0.0130,0.0115,0.0136,0.0109,0.0144
M2,Female,74,2035,0.0124,0.0118,0.0130,0.0114,0.0135,0.0107,0.0142
M2,Female,74,2036,0.0116,0.0110,0.0122,0.0106,0.0127,0.0100,0.0135
M2,Female,74,2037,0.0110,0.0105,0.0115,0.0100,0.0121,0.0094,0.0128
M2,Female,74,2038,0.0106,0.0101,0.0112,0.0096,0.0118,0.0090,0.0125
M2,Female,74,2039,0.0100,0.0095,0.0105,0.0090,0.0111,0.0085,0.0118
M2,Female,74,2040,0.0098,0.0093,0.0103,0.0088,0.0109,0.0083,0.0115
M2,Female,75,2021,0.0187,0.0185,0.0190,0.0182,0.0193,0.0180,0.0196
M2,Female,75,2022,0.0187,0.0184,0.0191,0.0180,0.0194,0.0177,0.0199
M2,Female,75,2023,0.0190,0.0186,0.0194,0.0182,0.0198,0.0178,0.0203
M2,Female,75,2024,0.0178,0.0173,0.0183,0.0169,0.0187,0.0165,0.0192
M2,Female,75,2025,0.0181,0.0176,0.0186,0.0171,0.0191,0.0166,0.0197
M2,Female,75,2026,0.0172,0.0166,0.0177,0.0162,0.0183,0.0157,0.0189
M2,Female,75,2027,0.0168,0.0162,0.0174,0.0157,0.0179,0.0153,0.0186
M2,Female,75,2028,0.0168,0.0162,0.0174,0.0157,0.0180,0.0151,0.0187
M2,Female,75,2029,0.0159,0.0153,0.0165,0.0148,0.0171,0.0143,0.0179
M2,Female,75,2030,0.0161,0.0155,0.0168,0.0150,0.0174,0.0144,0.0182
M2,Female,75,2031,0.0154,0.0147,0.0160,0.0142,0.0167,0.0136,0.0174
M2,Female,75,2032,0.0149,0.0142,0.0156,0.0137,0.0162,0.0132,0.0170
M2,Female,75,2033,0.0146,0.0140,0.0153,0.0134,0.0160,0.0128,0.0168
M2,Female,75,2034,0.0136,0.0130,0.0142,0.0125,0.0148,0.0119,0.0157
M2,Female,75,2035,0.0137,0.0131,0.0143,0.0125,0.0149,0.0118,0.0157
M2,Female,75,2036,0.0129,0.0123,0.0135,0.0118,0.0142,0.0112,0.0150
M2,Female,75,2037,0.0123,0.0118,0.0129,0.0112,0.0136,0.0105,0.0145
M2,Female,75,2038,0.0118,0.0112,0.0124,0.0107,0.0131,0.0101,0.0139
M2,Female,75,2039,0.0110,0.0104,0.0116,0.0099,0.0122,0.0093,0.0130
M2,Female,75,2040,0.0109,0.0103,0.0114,0.0097,0.0121,0.0092,0.0128
M2,Female,76,2021,0.0222,0.0219,0.0225,0.0216,0.0229,0.0213,0.0232
M2,Female,76,2022,0.0209,0.0205,0.0213,0.0201,0.0216,0.0197,0.0222
M2,Female,76,2023,0.0216,0.0212,0.0222,0.0207,0.0226,0.0203,0.0232
M2,Female,76,2024,0.0203,0.0197,0.0209,0.0193,0.0214,0.0188,0.0219
M2,Female,76,2025,0.0208,0.0202,0.0214,0.0196,0.0219,0.0190,0.0226
M2,Female,76,2026,0.0198,0.0192,0.0205,0.0187,0.0211,0.0181,0.0218
M2,Female,76,2027,0.0192,0.0186,0.0199,0.0180,0.0204,0.0174,0.0213
M2,Female,76,2028,0.0193,0.0187,0.0200,0.0181,0.0207,0.0174,0.0216
M2,Female,76,2029,0.0181,0.0174,0.0188,0.0168,0.0194,0.0163,0.0203
M2,Female,76,2030,0.0185,0.0178,0.0192,0.0172,0.0199,0.0165,0.0208
M2,Female,76,2031,0.0177,0.0170,0.0185,0.0163,0.0192,0.0156,0.0201
M2,Female,76,2032,0.0172,0.0164,0.0180,0.0158,0.0187,0.0152,0.0196
M2,Female,76,2033,0.0170,0.0163,0.0178,0.0156,0.0186,0.0149,0.0195
M2,Female,76,2034,0.0159,0.0152,0.0166,0.0146,0.0173,0.0139,0.0184
M2,Female,76,2035,0.0157,0.0150,0.0165,0.0144,0.0171,0.0136,0.0181
M2,Female,76,2036,0.0150,0.0143,0.0158,0.0137,0.0165,0.0130,0.0175
M2,Female,76,2037,0.0145,0.0138,0.0152,0.0131,0.0160,0.0123,0.0170
M2,Female,76,2038,0.0140,0.0134,0.0148,0.0127,0.0156,0.0119,0.0166
M2,Female,76,2039,0.0129,0.0122,0.0136,0.0116,0.0143,0.0110,0.0152
M2,Female,76,2040,0.0126,0.0120,0.0133,0.0113,0.0141,0.0106,0.0149
M2,Female,77,2021,0.0244,0.0241,0.0248,0.0238,0.0252,0.0234,0.0256
M2,Female,77,2022,0.0241,0.0237,0.0246,0.0233,0.0250,0.0228,0.0257
M2,Female,77,2023,0.0236,0.0231,0.0242,0.0226,0.0246,0.0221,0.0253
M2,Female,77,2024,0.0226,0.0220,0.0233,0.0214,0.0238,0.0209,0.0244
M2,Female,77,2025,0.0232,0.0225,0.0238,0.0219,0.0245,0.0212,0.0253
M2,Female,77,2026,0.0222,0.0215,0.0229,0.0209,0.0237,0.0203,0.0244
M2,Female,77,2027,0.0216,0.0209,0.0224,0.0202,0.0230,0.0196,0.0240
M2,Female,77,2028,0.0215,0.0208,0.0223,0.0202,0.0231,0.0194,0.0241
M2,Female,77,2029,0.0203,0.0195,0.0211,0.0188,0.0218,0.0183,0.0229
M2,Female,77,2030,0.0205,0.0197,0.0213,0.0190,0.0221,0.0182,0.0231
M2,Female,77,2031,0.0197,0.0190,0.0206,0.0182,0.0215,0.0174,0.0224
M2,Female,77,2032,0.0193,0.0184,0.0201,0.0177,0.0210,0.0170,0.0220
M2,Female,77,2033,0.0191,0.0183,0.0200,0.0176,0.0209,0.0167,0.0219
M2,Female,77,2034,0.0180,0.0172,0.0188,0.0165,0.0196,0.0157,0.0208
M2,Female,77,2035,0.0179,0.0171,0.0188,0.0164,0.0195,0.0154,0.0206
M2,Female,77,2036,0.0168,0.0160,0.0177,0.0153,0.0185,0.0145,0.0196
M2,Female,77,2037,0.0164,0.0156,0.0172,0.0149,0.0181,0.0140,0.0192
M2,Female,77,2038,0.0160,0.0152,0.0169,0.0145,0.0178,0.0136,0.0189
M2,Female,77,2039,0.0149,0.0141,0.0157,0.0134,0.0166,0.0127,0.0176
M2,Female,77,2040,0.0144,0.0137,0.0152,0.0129,0.0161,0.0121,0.0170
M2,Female,78,2021,0.0263,0.0259,0.0267,0.0256,0.0271,0.0252,0.0275
M2,Female,78,2022,0.0269,0.0265,0.0275,0.0260,0.0279,0.0255,0.0287
M2,Female,78,2023,0.0277,0.0270,0.0283,0.0265,0.0289,0.0260,0.0296
M2,Female,78,2024,0.0250,0.0243,0.0257,0.0237,0.0263,0.0232,0.0270
M2,Female,78,2025,0.0262,0.0254,0.0269,0.0248,0.0276,0.0240,0.0285
M2,Female,78,2026,0.0252,0.0244,0.0260,0.0237,0.0268,0.0230,0.0277
M2,Female,78,2027,0.0246,0.0238,0.0255,0.0231,0.0262,0.0224,0.0273
M2,Female,78,2028,0.0246,0.0238,0.0255,0.0231,0.0264,0.0222,0.0275
M2,Female,78,2029,0.0230,0.0222,0.0239,0.0213,0.0247,0.0207,0.0259
M2,Female,78,2030,0.0234,0.0225,0.0243,0.0217,0.0252,0.0208,0.0264
M2,Female,78,2031,0.0223,0.0214,0.0232,0.0205,0.0242,0.0197,0.0253
M2,Female,78,2032,0.0220,0.0210,0.0229,0.0202,0.0238,0.0194,0.0250
M2,Female,78,2033,0.0219,0.0209,0.0229,0.0201,0.0238,0.0191,0.0250
M2,Female,78,2034,0.0206,0.0198,0.0215,0.0190,0.0225,0.0180,0.0239
M2,Female,78,2035,0.0207,0.0198,0.0217,0.0190,0.0225,0.0179,0.0238
M2,Female,78,2036,0.0195,0.0186,0.0205,0.0178,0.0214,0.0169,0.0227
M2,Female,78,2037,0.0187,0.0179,0.0197,0.0170,0.0207,0.0160,0.0220
M2,Female,78,2038,0.0185,0.0176,0.0195,0.0168,0.0206,0.0158,0.0219
M2,Female,78,2039,0.0174,0.0165,0.0183,0.0157,0.0193,0.0148,0.0205
M2,Female,78,2040,0.0170,0.0162,0.0179,0.0153,0.0190,0.0144,0.0201
M2,Female,79,2021,0.0310,0.0305,0.0314,0.0302,0.0319,0.0297,0.0324
M2,Female,79,2022,0.0296,0.0291,0.0302,0.0286,0.0307,0.0280,0.0315
M2,Female,79,2023,0.0316,0.0309,0.0323,0.0303,0.0329,0.0296,0.0338
M2,Female,79,2024,0.0300,0.0291,0.0308,0.0284,0.0315,0.0278,0.0324
M2,Female,79,2025,0.0296,0.0287,0.0304,0.0280,0.0313,0.0271,0.0322
M2,Female,79,2026,0.0291,0.0281,0.0300,0.0273,0.0309,0.0266,0.0319
M2,Female,79,2027,0.0285,0.0276,0.0295,0.0267,0.0303,0.0259,0.0316
M2,Female,79,2028,0.0286,0.0277,0.0297,0.0269,0.0307,0.0258,0.0320
M2,Female,79,2029,0.0269,0.0259,0.0280,0.0250,0.0289,0.0243,0.0303
M2,Female,79,2030,0.0271,0.0261,0.0282,0.0252,0.0292,0.0242,0.0305
M2,Female,79,2031,0.0260,0.0250,0.0271,0.0240,0.0282,0.0230,0.0295
M2,Female,79,2032,0.0253,0.0242,0.0264,0.0233,0.0275,0.0224,0.0288
M2,Female,79,2033,0.0254,0.0243,0.0266,0.0234,0.0277,0.0222,0.0291
M2,Female,79,2034,0.0241,0.0231,0.0251,0.0222,0.0263,0.0211,0.0278
M2,Female,79,2035,0.0242,0.0231,0.0254,0.0222,0.0264,0.0209,0.0278
M2,Female,79,2036,0.0230,0.0219,0.0242,0.0210,0.0253,0.0200,0.0268
M2,Female,79,2037,0.0222,0.0212,0.0233,0.0202,0.0246,0.0190,0.0261
M2,Female,79,2038,0.0216,0.0206,0.0228,0.0196,0.0240,0.0184,0.0255
M2,Female,79,2039,0.0205,0.0195,0.0216,0.0185,0.0228,0.0175,0.0242
M2,Female,79,2040,0.0203,0.0193,0.0214,0.0182,0.0226,0.0172,0.0239
M2,Female,80,2021,0.0329,0.0324,0.0333,0.0320,0.0338,0.0315,0.0344
M2,Female,80,2022,0.0340,0.0334,0.0347,0.0328,0.0353,0.0322,0.0362
M2,Female,80,2023,0.0339,0.0331,0.0347,0.0325,0.0354,0.0318,0.0362
M2,Female,80,2024,0.0334,0.0325,0.0343,0.0317,0.0351,0.0310,0.0360
M2,Female,80,2025,0.0346,0.0336,0.0356,0.0328,0.0365,0.0318,0.0377
M2,Female,80,2026,0.0321,0.0311,0.0331,0.0302,0.0341,0.0294,0.0352
M2,Female,80,2027,0.0321,0.0311,0.0332,0.0301,0.0342,0.0292,0.0356
M2,Female,80,2028,0.0324,0.0314,0.0336,0.0304,0.0347,0.0292,0.0361
M2,Female,80,2029,0.0306,0.0295,0.0318,0.0284,0.0329,0.0276,0.0344
M2,Female,80,2030,0.0310,0.0298,0.0322,0.0288,0.0334,0.0277,0.0349
M2,Female,80,2031,0.0295,0.0283,0.0307,0.0272,0.0319,0.0261,0.0333
M2,Female,80,2032,0.0289,0.0276,0.0301,0.0266,0.0313,0.0256,0.0328
M2,Female,80,2033,0.0287,0.0274,0.0300,0.0263,0.0312,0.0251,0.0327
M2,Female,80,2034,0.0274,0.0263,0.0286,0.0252,0.0298,0.0240,0.0316
M2,Female,80,2035,0.0276,0.0265,0.0290,0.0254,0.0301,0.0239,0.0318
M2,Female,80,2036,0.0264,0.0251,0.0277,0.0241,0.0290,0.0229,0.0307
M2,Female,80,2037,0.0257,0.0246,0.0269,0.0234,0.0284,0.0220,0.0301
M2,Female,80,2038,0.0251,0.0240,0.0264,0.0228,0.0278,0.0215,0.0296
M2,Female,80,2039,0.0235,0.0223,0.0247,0.0212,0.0261,0.0201,0.0277
M2,Female,80,2040,0.0235,0.0223,0.0247,0.0211,0.0261,0.0199,0.0276
M2,Female,81,2021,0.0389,0.0384,0.0395,0.0379,0.0400,0.0373,0.0407
M2,Female,81,2022,0.0365,0.0358,0.0372,0.0352,0.0378,0.0345,0.0388
M2,Female,81,2023,0.0393,0.0384,0.0402,0.0377,0.0409,0.0369,0.0419
M2,Female,81,2024,0.0362,0.0352,0.0372,0.0344,0.0381,0.0336,0.0390
M2,Female,81,2025,0.0389,0.0378,0.0400,0.0368,0.0410,0.0358,0.0423
M2,Female,81,2026,0.0379,0.0367,0.0390,0.0357,0.0402,0.0347,0.0415
M2,Female,81,2027,0.0358,0.0347,0.0370,0.0336,0.0380,0.0326,0.0396
M2,Female,81,2028,0.0369,0.0357,0.0382,0.0346,0.0394,0.0333,0.0410
M2,Female,81,2029,0.0350,0.0337,0.0363,0.0325,0.0375,0.0316,0.0392
M2,Female,81,2030,0.0355,0.0342,0.0369,0.0331,0.0382,0.0318,0.0399
M2,Female,81,2031,0.0340,0.0327,0.0354,0.0314,0.0368,0.0301,0.0384
M2,Female,81,2032,0.0330,0.0316,0.0344,0.0304,0.0358,0.0293,0.0375
M2,Female,81,2033,0.0330,0.0316,0.0345,0.0304,0.0359,0.0289,0.0376
M2,Female,81,2034,0.0312,0.0299,0.0325,0.0287,0.0339,0.0273,0.0359
M2,Female,81,2035,0.0317,0.0304,0.0332,0.0292,0.0345,0.0275,0.0364
M2,Female,81,2036,0.0304,0.0290,0.0319,0.0278,0.0333,0.0264,0.0353
M2,Female,81,2037,0.0297,0.0284,0.0311,0.0270,0.0327,0.0255,0.0347
M2,Female,81,2038,0.0293,0.0279,0.0308,0.0266,0.0324,0.0251,0.0344
M2,Female,81,2039,0.0275,0.0262,0.0290,0.0249,0.0305,0.0236,0.0324
M2,Female,81,2040,0.0271,0.0258,0.0285,0.0244,0.0301,0.0230,0.0318
M2,Female,82,2021,0.0441,0.0435,0.0447,0.0430,0.0453,0.0423,0.0460
M2,Female,82,2022,0.0434,0.0427,0.0442,0.0419,0.0450,0.0411,0.0461
M2,Female,82,2023,0.0423,0.0414,0.0433,0.0406,0.0441,0.0398,0.0451
M2,Female,82,2024,0.0422,0.0411,0.0434,0.0401,0.0443,0.0392,0.0454
M2,Female,82,2025,0.0424,0.0412,0.0436,0.0402,0.0447,0.0390,0.0460
M2,Female,82,2026,0.0428,0.0415,0.0441,0.0404,0.0455,0.0393,0.0469
M2,Female,82,2027,0.0425,0.0412,0.0439,0.0399,0.0451,0.0388,0.0470
M2,Female,82,2028,0.0413,0.0400,0.0427,0.0388,0.0441,0.0373,0.0459
M2,Female,82,2029,0.0400,0.0386,0.0415,0.0372,0.0428,0.0361,0.0448
M2,Female,82,2030,0.0407,0.0393,0.0423,0.0380,0.0438,0.0365,0.0457
M2,Female,82,2031,0.0392,0.0377,0.0408,0.0362,0.0424,0.0348,0.0442
M2,Female,82,2032,0.0383,0.0367,0.0399,0.0353,0.0414,0.0340,0.0434
M2,Female,82,2033,0.0379,0.0363,0.0396,0.0349,0.0412,0.0332,0.0431
M2,Female,82,2034,0.0361,0.0346,0.0376,0.0333,0.0392,0.0317,0.0415
M2,Female,82,2035,0.0363,0.0347,0.0380,0.0334,0.0394,0.0315,0.0415
M2,Female,82,2036,0.0351,0.0335,0.0368,0.0322,0.0384,0.0306,0.0407
M2,Female,82,2037,0.0344,0.0329,0.0360,0.0314,0.0379,0.0296,0.0401
M2,Female,82,2038,0.0340,0.0325,0.0357,0.0310,0.0376,0.0292,0.0399
M2,Female,82,2039,0.0323,0.0307,0.0339,0.0292,0.0358,0.0277,0.0379
M2,Female,82,2040,0.0319,0.0304,0.0335,0.0288,0.0355,0.0271,0.0374
M2,Female,83,2021,0.0511,0.0504,0.0518,0.0499,0.0525,0.0491,0.0533
M2,Female,83,2022,0.0497,0.0489,0.0507,0.0481,0.0515,0.0472,0.0528
M2,Female,83,2023,0.0509,0.0498,0.0521,0.0489,0.0530,0.0479,0.0543
M2,Female,83,2024,0.0461,0.0448,0.0473,0.0438,0.0483,0.0428,0.0495
M2,Female,83,2025,0.0499,0.0486,0.0513,0.0474,0.0526,0.0460,0.0542
M2,Female,83,2026,0.0472,0.0458,0.0486,0.0446,0.0501,0.0434,0.0517
M2,Female,83,2027,0.0486,0.0471,0.0502,0.0457,0.0516,0.0444,0.0536
M2,Female,83,2028,0.0496,0.0480,0.0513,0.0466,0.0529,0.0449,0.0550
M2,Female,83,2029,0.0454,0.0438,0.0470,0.0423,0.0486,0.0411,0.0507
M2,Female,83,2030,0.0472,0.0455,0.0490,0.0440,0.0507,0.0423,0.0528
M2,Female,83,2031,0.0455,0.0438,0.0474,0.0422,0.0492,0.0405,0.0513
M2,Female,83,2032,0.0447,0.0428,0.0466,0.0413,0.0483,0.0398,0.0506
M2,Female,83,2033,0.0446,0.0427,0.0465,0.0411,0.0483,0.0391,0.0505
M2,Female,83,2034,0.0421,0.0404,0.0438,0.0388,0.0456,0.0370,0.0482
M2,Female,83,2035,0.0425,0.0408,0.0445,0.0392,0.0461,0.0370,0.0486
M2,Female,83,2036,0.0407,0.0388,0.0426,0.0373,0.0445,0.0355,0.0470
M2,Female,83,2037,0.0403,0.0385,0.0421,0.0368,0.0442,0.0346,0.0468
M2,Female,83,2038,0.0400,0.0382,0.0419,0.0364,0.0441,0.0343,0.0468
M2,Female,83,2039,0.0380,0.0362,0.0399,0.0345,0.0420,0.0327,0.0445
M2,Female,83,2040,0.0379,0.0361,0.0398,0.0343,0.0420,0.0323,0.0443
M2,Female,84,2021,0.0595,0.0587,0.0603,0.0580,0.0611,0.0572,0.0620
M2,Female,84,2022,0.0568,0.0559,0.0578,0.0549,0.0588,0.0539,0.0602
M2,Female,84,2023,0.0574,0.0562,0.0587,0.0552,0.0597,0.0541,0.0611
M2,Female,84,2024,0.0546,0.0531,0.0560,0.0519,0.0572,0.0508,0.0586
M2,Female,84,2025,0.0536,0.0522,0.0551,0.0509,0.0564,0.0495,0.0581
M2,Female,84,2026,0.0548,0.0532,0.0564,0.0518,0.0581,0.0504,0.0598
M2,Female,84,2027,0.0528,0.0512,0.0545,0.0497,0.0560,0.0483,0.0582
M2,Female,84,2028,0.0558,0.0541,0.0577,0.0525,0.0595,0.0506,0.0618
M2,Female,84,2029,0.0536,0.0518,0.0556,0.0500,0.0573,0.0486,0.0598
M2,Female,84,2030,0.0527,0.0508,0.0547,0.0492,0.0565,0.0473,0.0589
M2,Female,84,2031,0.0519,0.0500,0.0540,0.0481,0.0560,0.0462,0.0583
M2,Female,84,2032,0.0511,0.0490,0.0532,0.0473,0.0552,0.0456,0.0577
M2,Female,84,2033,0.0512,0.0491,0.0534,0.0472,0.0554,0.0450,0.0579
M2,Female,84,2034,0.0486,0.0467,0.0506,0.0450,0.0527,0.0429,0.0556
M2,Female,84,2035,0.0487,0.0467,0.0509,0.0450,0.0527,0.0425,0.0555
M2,Female,84,2036,0.0470,0.0448,0.0492,0.0431,0.0513,0.0410,0.0541
M2,Female,84,2037,0.0459,0.0440,0.0480,0.0419,0.0503,0.0396,0.0532
M2,Female,84,2038,0.0460,0.0439,0.0482,0.0420,0.0506,0.0396,0.0536
M2,Female,84,2039,0.0439,0.0419,0.0461,0.0399,0.0485,0.0379,0.0513
M2,Female,84,2040,0.0440,0.0419,0.0461,0.0398,0.0486,0.0375,0.0512
M2,Female,85,2021,0.0694,0.0685,0.0703,0.0677,0.0712,0.0667,0.0723
M2,Female,85,2022,0.0666,0.0656,0.0678,0.0645,0.0688,0.0633,0.0705
M2,Female,85,2023,0.0660,0.0646,0.0674,0.0635,0.0686,0.0623,0.0702
M2,Female,85,2024,0.0621,0.0605,0.0637,0.0592,0.0650,0.0579,0.0666
M2,Female,85,2025,0.0640,0.0624,0.0657,0.0609,0.0673,0.0592,0.0692
M2,Female,85,2026,0.0594,0.0577,0.0611,0.0562,0.0629,0.0547,0.0647
M2,Female,85,2027,0.0618,0.0600,0.0638,0.0583,0.0654,0.0567,0.0679
M2,Female,85,2028,0.0612,0.0593,0.0632,0.0577,0.0651,0.0556,0.0676
M2,Female,85,2029,0.0610,0.0590,0.0631,0.0570,0.0651,0.0554,0.0679
M2,Female,85,2030,0.0628,0.0606,0.0651,0.0588,0.0673,0.0566,0.0700
M2,Female,85,2031,0.0585,0.0564,0.0609,0.0544,0.0631,0.0523,0.0656
M2,Female,85,2032,0.0589,0.0565,0.0612,0.0546,0.0634,0.0526,0.0662
M2,Female,85,2033,0.0591,0.0568,0.0616,0.0547,0.0638,0.0522,0.0667
M2,Female,85,2034,0.0565,0.0543,0.0587,0.0523,0.0611,0.0499,0.0644
M2,Female,85,2035,0.0569,0.0546,0.0594,0.0526,0.0615,0.0498,0.0646
M2,Female,85,2036,0.0544,0.0520,0.0569,0.0501,0.0592,0.0477,0.0625
M2,Female,85,2037,0.0536,0.0514,0.0560,0.0491,0.0587,0.0464,0.0619
M2,Female,85,2038,0.0530,0.0507,0.0555,0.0485,0.0583,0.0458,0.0616
M2,Female,85,2039,0.0512,0.0488,0.0537,0.0466,0.0564,0.0443,0.0596
M2,Female,85,2040,0.0514,0.0490,0.0538,0.0466,0.0567,0.0441,0.0597
M2,Female,86,2021,0.0828,0.0818,0.0839,0.0809,0.0850,0.0798,0.0862
M2,Female,86,2022,0.0777,0.0765,0.0791,0.0753,0.0802,0.0740,0.0821
M2,Female,86,2023,0.0774,0.0758,0.0790,0.0745,0.0803,0.0731,0.0821
M2,Female,86,2024,0.0716,0.0697,0.0733,0.0682,0.0748,0.0669,0.0765
M2,Female,86,2025,0.0728,0.0710,0.0747,0.0693,0.0764,0.0675,0.0785
M2,Female,86,2026,0.0710,0.0690,0.0729,0.0672,0.0750,0.0655,0.0771
M2,Female,86,2027,0.0670,0.0651,0.0691,0.0633,0.0709,0.0616,0.0735
M2,Female,86,2028,0.0716,0.0695,0.0739,0.0676,0.0761,0.0653,0.0789
M2,Female,86,2029,0.0670,0.0648,0.0693,0.0627,0.0714,0.0610,0.0743
M2,Female,86,2030,0.0714,0.0690,0.0739,0.0670,0.0763,0.0645,0.0793
M2,Female,86,2031,0.0699,0.0674,0.0726,0.0650,0.0751,0.0626,0.0780
M2,Female,86,2032,0.0665,0.0639,0.0691,0.0618,0.0715,0.0596,0.0746
M2,Female,86,2033,0.0681,0.0655,0.0708,0.0631,0.0734,0.0603,0.0766
M2,Female,86,2034,0.0653,0.0629,0.0678,0.0607,0.0705,0.0580,0.0742
M2,Female,86,2035,0.0661,0.0635,0.0690,0.0613,0.0713,0.0581,0.0748
M2,Female,86,2036,0.0636,0.0609,0.0665,0.0587,0.0691,0.0560,0.0728
M2,Female,86,2037,0.0621,0.0597,0.0648,0.0570,0.0679,0.0540,0.0715
M2,Female,86,2038,0.0619,0.0593,0.0648,0.0568,0.0679,0.0538,0.0717
M2,Female,86,2039,0.0591,0.0565,0.0619,0.0539,0.0649,0.0513,0.0685
M2,Female,86,2040,0.0599,0.0572,0.0626,0.0544,0.0659,0.0515,0.0692
M2,Female,87,2021,0.0936,0.0924,0.0947,0.0915,0.0959,0.0902,0.0972
M2,Female,87,2022,0.0934,0.0920,0.0950,0.0906,0.0964,0.0891,0.0985
M2,Female,87,2023,0.0908,0.0890,0.0926,0.0876,0.0942,0.0860,0.0962
M2,Female,87,2024,0.0846,0.0825,0.0866,0.0807,0.0883,0.0792,0.0902
M2,Female,87,2025,0.0844,0.0823,0.0865,0.0805,0.0884,0.0784,0.0908
M2,Female,87,2026,0.0813,0.0792,0.0836,0.0772,0.0858,0.0753,0.0882
M2,Female,87,2027,0.0807,0.0784,0.0831,0.0763,0.0852,0.0743,0.0883
M2,Female,87,2028,0.0782,0.0760,0.0807,0.0740,0.0831,0.0715,0.0860
M2,Female,87,2029,0.0790,0.0765,0.0817,0.0741,0.0841,0.0722,0.0874
M2,Female,87,2030,0.0790,0.0764,0.0817,0.0742,0.0843,0.0715,0.0875
M2,Female,87,2031,0.0801,0.0774,0.0831,0.0747,0.0859,0.0720,0.0892
M2,Female,87,2032,0.0799,0.0769,0.0829,0.0744,0.0857,0.0719,0.0893
M2,Female,87,2033,0.0774,0.0746,0.0805,0.0719,0.0833,0.0688,0.0868
M2,Female,87,2034,0.0759,0.0731,0.0787,0.0706,0.0817,0.0676,0.0859
M2,Female,87,2035,0.0770,0.0741,0.0802,0.0715,0.0829,0.0679,0.0868
M2,Female,87,2036,0.0745,0.0714,0.0777,0.0689,0.0808,0.0658,0.0849
M2,Female,87,2037,0.0732,0.0704,0.0763,0.0674,0.0798,0.0639,0.0839
M2,Female,87,2038,0.0723,0.0694,0.0756,0.0665,0.0791,0.0630,0.0834
M2,Female,87,2039,0.0697,0.0666,0.0728,0.0637,0.0763,0.0607,0.0804
M2,Female,87,2040,0.0697,0.0666,0.0728,0.0635,0.0765,0.0602,0.0802
M2,Female,88,2021,0.1081,0.1068,0.1093,0.1057,0.1107,0.1043,0.1121
M2,Female,88,2022,0.1036,0.1021,0.1053,0.1005,0.1067,0.0989,0.1090
M2,Female,88,2023,0.1070,0.1050,0.1091,0.1033,0.1108,0.1015,0.1131
M2,Female,88,2024,0.0975,0.0952,0.0997,0.0932,0.1016,0.0915,0.1038
M2,Female,88,2025,0.0977,0.0954,0.1000,0.0933,0.1022,0.0910,0.1049
M2,Female,88,2026,0.0926,0.0902,0.0950,0.0880,0.0975,0.0859,0.1002
M2,Female,88,2027,0.0908,0.0883,0.0934,0.0860,0.0956,0.0838,0.0990
M2,Female,88,2028,0.0923,0.0897,0.0951,0.0874,0.0978,0.0846,0.1011
M2,Female,88,2029,0.0849,0.0823,0.0876,0.0797,0.0901,0.0777,0.0937
M2,Female,88,2030,0.0913,0.0884,0.0944,0.0859,0.0973,0.0830,0.1009
M2,Female,88,2031,0.0870,0.0841,0.0901,0.0813,0.0931,0.0784,0.0966
M2,Female,88,2032,0.0899,0.0865,0.0931,0.0838,0.0962,0.0810,0.1001
M2,Female,88,2033,0.0912,0.0879,0.0947,0.0849,0.0979,0.0814,0.1019
M2,Female,88,2034,0.0847,0.0817,0.0878,0.0790,0.0910,0.0757,0.0956
M2,Female,88,2035,0.0876,0.0844,0.0912,0.0816,0.0941,0.0776,0.0984
M2,Female,88,2036,0.0852,0.0817,0.0887,0.0789,0.0921,0.0755,0.0967
M2,Female,88,2037,0.0841,0.0809,0.0875,0.0776,0.0914,0.0736,0.0960
M2,Female,88,2038,0.0835,0.0802,0.0872,0.0770,0.0911,0.0731,0.0959
M2,Female,88,2039,0.0798,0.0764,0.0833,0.0732,0.0872,0.0698,0.0917
M2,Female,88,2040,0.0804,0.0770,0.0839,0.0735,0.0880,0.0698,0.0922
M2,Female,89,2021,0.1233,0.1219,0.1247,0.1208,0.1262,0.1192,0.1278
M2,Female,89,2022,0.1195,0.1179,0.1214,0.1162,0.1231,0.1144,0.1256
M2,Female,89,2023,0.1184,0.1163,0.1206,0.1145,0.1225,0.1126,0.1249
M2,Female,89,2024,0.1149,0.1123,0.1175,0.1101,0.1196,0.1081,0.1220
M2,Female,89,2025,0.1125,0.1099,0.1151,0.1076,0.1175,0.1050,0.1204
M2,Female,89,2026,0.1072,0.1045,0.1099,0.1021,0.1127,0.0998,0.1156
M2,Female,89,2027,0.1033,0.1006,0.1062,0.0981,0.1087,0.0957,0.1123
M2,Female,89,2028,0.1038,0.1010,0.1068,0.0985,0.1097,0.0954,0.1134
M2,Female,89,2029,0.1003,0.0973,0.1034,0.0944,0.1062,0.0921,0.1102
M2,Female,89,2030,0.0981,0.0951,0.1013,0.0925,0.1043,0.0894,0.1080
M2,Female,89,2031,0.1007,0.0975,0.1042,0.0943,0.1075,0.0911,0.1113
M2,Female,89,2032,0.0978,0.0943,0.1012,0.0914,0.1044,0.0884,0.1085
M2,Female,89,2033,0.1027,0.0991,0.1064,0.0958,0.1098,0.0919,0.1142
M2,Female,89,2034,0.1000,0.0966,0.1035,0.0935,0.1071,0.0897,0.1122
M2,Female,89,2035,0.0979,0.0945,0.1018,0.0914,0.1049,0.0871,0.1096
M2,Female,89,2036,0.0972,0.0934,0.1011,0.0903,0.1048,0.0865,0.1098
M2,Female,89,2037,0.0963,0.0928,0.1000,0.0891,0.1043,0.0847,0.1093
M2,Female,89,2038,0.0961,0.0924,0.1001,0.0889,0.1045,0.0845,0.1098
M2,Female,89,2039,0.0925,0.0887,0.0964,0.0851,0.1007,0.0813,0.1057
M2,Female,89,2040,0.0923,0.0885,0.0962,0.0847,0.1007,0.0805,0.1053
M2,Female,90,2021,0.1434,0.1418,0.1450,0.1406,0.1466,0.1389,0.1484
M2,Female,90,2022,0.1393,0.1374,0.1414,0.1355,0.1432,0.1335,0.1460
M2,Female,90,2023,0.1394,0.1370,0.1419,0.1350,0.1439,0.1328,0.1466
M2,Female,90,2024,0.1301,0.1272,0.1329,0.1249,0.1352,0.1227,0.1378
M2,Female,90,2025,0.1351,0.1322,0.1380,0.1295,0.1408,0.1265,0.1442
M2,Female,90,2026,0.1261,0.1231,0.1291,0.1203,0.1323,0.1177,0.1355
M2,Female,90,2027,0.1222,0.1191,0.1255,0.1163,0.1282,0.1135,0.1324
M2,Female,90,2028,0.1205,0.1174,0.1239,0.1147,0.1271,0.1112,0.1312
M2,Female,90,2029,0.1153,0.1120,0.1187,0.1088,0.1219,0.1063,0.1262
M2,Female,90,2030,0.1181,0.1147,0.1218,0.1117,0.1253,0.1081,0.1295
M2,Female,90,2031,0.1106,0.1072,0.1144,0.1039,0.1179,0.1005,0.1219
M2,Female,90,2032,0.1155,0.1116,0.1194,0.1083,0.1231,0.1050,0.1277
M2,Female,90,2033,0.1140,0.1102,0.1181,0.1067,0.1217,0.1025,0.1264
M2,Female,90,2034,0.1151,0.1113,0.1189,0.1078,0.1229,0.1036,0.1285
M2,Female,90,2035,0.1178,0.1138,0.1223,0.1103,0.1259,0.1053,0.1312
M2,Female,90,2036,0.1110,0.1068,0.1153,0.1034,0.1193,0.0992,0.1248
M2,Female,90,2037,0.1122,0.1082,0.1163,0.1041,0.1211,0.0992,0.1267
M2,Female,90,2038,0.1123,0.1081,0.1168,0.1042,0.1216,0.0992,0.1276
M2,Female,90,2039,0.1087,0.1044,0.1131,0.1003,0.1180,0.0960,0.1236
M2,Female,90,2040,0.1091,0.1048,0.1135,0.1004,0.1186,0.0957,0.1238
M2,Female,91,2021,0.1620,0.1603,0.1637,0.1589,0.1654,0.1571,0.1673
M2,Female,91,2022,0.1585,0.1565,0.1607,0.1544,0.1627,0.1522,0.1658
M2,Female,91,2023,0.1586,0.1560,0.1613,0.1538,0.1636,0.1514,0.1665
M2,Female,91,2024,0.1499,0.1468,0.1530,0.1442,0.1555,0.1418,0.1584
M2,Female,91,2025,0.1495,0.1463,0.1526,0.1435,0.1555,0.1403,0.1591
M2,Female,91,2026,0.1481,0.1447,0.1515,0.1416,0.1550,0.1387,0.1587
M2,Female,91,2027,0.1405,0.1371,0.1441,0.1339,0.1471,0.1309,0.1517
M2,Female,91,2028,0.1392,0.1358,0.1430,0.1327,0.1465,0.1289,0.1509
M2,Female,91,2029,0.1310,0.1274,0.1348,0.1239,0.1382,0.1212,0.1430
M2,Female,91,2030,0.1327,0.1289,0.1367,0.1257,0.1404,0.1218,0.1450
M2,Female,91,2031,0.1302,0.1264,0.1345,0.1226,0.1384,0.1188,0.1429
M2,Female,91,2032,0.1242,0.1200,0.1283,0.1167,0.1320,0.1131,0.1368
M2,Female,91,2033,0.1316,0.1273,0.1360,0.1235,0.1401,0.1188,0.1452
M2,Female,91,2034,0.1251,0.1211,0.1291,0.1175,0.1333,0.1130,0.1392
M2,Female,91,2035,0.1323,0.1280,0.1372,0.1242,0.1410,0.1187,0.1468
M2,Female,91,2036,0.1305,0.1258,0.1353,0.1220,0.1399,0.1172,0.1460
M2,Female,91,2037,0.1252,0.1210,0.1297,0.1165,0.1348,0.1112,0.1408
M2,Female,91,2038,0.1277,0.1232,0.1327,0.1188,0.1379,0.1134,0.1444
M2,Female,91,2039,0.1241,0.1195,0.1290,0.1149,0.1343,0.1102,0.1404
M2,Female,91,2040,0.1251,0.1204,0.1299,0.1155,0.1356,0.1103,0.1413
M2,Female,92,2021,0.1832,0.1813,0.1850,0.1799,0.1868,0.1779,0.1889
M2,Female,92,2022,0.1794,0.1773,0.1819,0.1750,0.1840,0.1726,0.1873
M2,Female,92,2023,0.1806,0.1778,0.1836,0.1754,0.1860,0.1729,0.1892
M2,Female,92,2024,0.1713,0.1679,0.1746,0.1650,0.1774,0.1624,0.1805
M2,Female,92,2025,0.1724,0.1689,0.1758,0.1659,0.1790,0.1623,0.1829
M2,Female,92,2026,0.1645,0.1609,0.1681,0.1576,0.1718,0.1544,0.1757
M2,Female,92,2027,0.1654,0.1616,0.1694,0.1581,0.1728,0.1547,0.1778
M2,Female,92,2028,0.1603,0.1566,0.1644,0.1532,0.1683,0.1490,0.1731
M2,Female,92,2029,0.1520,0.1480,0.1561,0.1441,0.1599,0.1411,0.1651
M2,Female,92,2030,0.1511,0.1471,0.1555,0.1435,0.1595,0.1393,0.1645
M2,Female,92,2031,0.1469,0.1428,0.1515,0.1387,0.1557,0.1345,0.1605
M2,Female,92,2032,0.1467,0.1420,0.1512,0.1382,0.1554,0.1342,0.1607
M2,Female,92,2033,0.1420,0.1376,0.1467,0.1336,0.1509,0.1287,0.1562
M2,Female,92,2034,0.1450,0.1406,0.1494,0.1366,0.1541,0.1316,0.1606
M2,Female,92,2035,0.1444,0.1399,0.1495,0.1359,0.1535,0.1301,0.1595
M2,Female,92,2036,0.1473,0.1422,0.1525,0.1380,0.1573,0.1329,0.1639
M2,Female,92,2037,0.1477,0.1430,0.1527,0.1379,0.1584,0.1319,0.1651
M2,Female,92,2038,0.1432,0.1383,0.1484,0.1336,0.1541,0.1277,0.1609
M2,Female,92,2039,0.1419,0.1368,0.1473,0.1319,0.1530,0.1266,0.1596
M2,Female,92,2040,0.1434,0.1383,0.1487,0.1329,0.1548,0.1271,0.1610
M2,Female,93,2021,0.2014,0.1995,0.2033,0.1980,0.2053,0.1959,0.2074
M2,Female,93,2022,0.1985,0.1962,0.2011,0.1939,0.2033,0.1913,0.2067
M2,Female,93,2023,0.1998,0.1968,0.2029,0.1943,0.2055,0.1916,0.2088
M2,Female,93,2024,0.1911,0.1874,0.1946,0.1844,0.1975,0.1816,0.2008
M2,Female,93,2025,0.1923,0.1886,0.1959,0.1853,0.1993,0.1816,0.2034
M2,Female,93,2026,0.1855,0.1817,0.1894,0.1781,0.1934,0.1748,0.1975
M2,Female,93,2027,0.1796,0.1757,0.1838,0.1720,0.1873,0.1685,0.1926
M2,Female,93,2028,0.1842,0.1801,0.1887,0.1764,0.1929,0.1718,0.1981
M2,Female,93,2029,0.1713,0.1670,0.1757,0.1628,0.1797,0.1595,0.1853
M2,Female,93,2030,0.1710,0.1666,0.1757,0.1628,0.1800,0.1582,0.1853
M2,Female,93,2031,0.1636,0.1592,0.1685,0.1548,0.1730,0.1504,0.1781
M2,Female,93,2032,0.1616,0.1567,0.1664,0.1527,0.1708,0.1485,0.1765
M2,Female,93,2033,0.1636,0.1587,0.1687,0.1543,0.1733,0.1490,0.1790
M2,Female,93,2034,0.1532,0.1486,0.1577,0.1445,0.1624,0.1395,0.1690
M2,Female,93,2035,0.1633,0.1584,0.1688,0.1541,0.1731,0.1478,0.1795
M2,Female,93,2036,0.1572,0.1519,0.1625,0.1476,0.1675,0.1423,0.1743
M2,Female,93,2037,0.1627,0.1578,0.1681,0.1524,0.1741,0.1460,0.1811
M2,Female,93,2038,0.1647,0.1593,0.1705,0.1542,0.1766,0.1477,0.1841
M2,Female,93,2039,0.1555,0.1501,0.1610,0.1448,0.1671,0.1393,0.1740
M2,Female,93,2040,0.1599,0.1544,0.1655,0.1486,0.1721,0.1425,0.1786
M2,Female,94,2021,0.2244,0.2223,0.2264,0.2207,0.2285,0.2185,0.2308
M2,Female,94,2022,0.2202,0.2178,0.2230,0.2153,0.2253,0.2126,0.2290
M2,Female,94,2023,0.2227,0.2195,0.2260,0.2168,0.2287,0.2139,0.2323
M2,Female,94,2024,0.2133,0.2094,0.2171,0.2062,0.2202,0.2032,0.2238
M2,Female,94,2025,0.2159,0.2119,0.2197,0.2084,0.2234,0.2043,0.2278
M2,Female,94,2026,0.2086,0.2045,0.2128,0.2007,0.2171,0.1970,0.2216
M2,Female,94,2027,0.2041,0.1998,0.2087,0.1958,0.2124,0.1920,0.2181
M2,Female,94,2028,0.2015,0.1972,0.2062,0.1933,0.2107,0.1884,0.2162
M2,Female,94,2029,0.1983,0.1936,0.2032,0.1889,0.2076,0.1853,0.2138
M2,Female,94,2030,0.1938,0.1890,0.1989,0.1848,0.2035,0.1798,0.2093
M2,Female,94,2031,0.1865,0.1816,0.1917,0.1768,0.1966,0.1719,0.2022
M2,Female,94,2032,0.1812,0.1759,0.1864,0.1715,0.1911,0.1669,0.1972
M2,Female,94,2033,0.1814,0.1762,0.1868,0.1714,0.1917,0.1657,0.1979
M2,Female,94,2034,0.1776,0.1725,0.1825,0.1680,0.1878,0.1623,0.1951
M2,Female,94,2035,0.1736,0.1685,0.1792,0.1640,0.1836,0.1575,0.1903
M2,Female,94,2036,0.1787,0.1730,0.1846,0.1683,0.1901,0.1625,0.1974
M2,Female,94,2037,0.1747,0.1695,0.1803,0.1640,0.1865,0.1573,0.1939
M2,Female,94,2038,0.1824,0.1767,0.1886,0.1711,0.1951,0.1642,0.2031
M2,Female,94,2039,0.1798,0.1738,0.1859,0.1680,0.1926,0.1618,0.2002
M2,Female,94,2040,0.1759,0.1700,0.1819,0.1639,0.1888,0.1573,0.1957
M2,Female,95,2021,0.2444,0.2422,0.2465,0.2405,0.2487,0.2382,0.2511
M2,Female,95,2022,0.2405,0.2380,0.2434,0.2354,0.2459,0.2325,0.2497
M2,Female,95,2023,0.2420,0.2386,0.2454,0.2359,0.2482,0.2328,0.2519
M2,Female,95,2024,0.2333,0.2292,0.2372,0.2258,0.2405,0.2227,0.2442
M2,Female,95,2025,0.2360,0.2319,0.2400,0.2281,0.2439,0.2239,0.2485
M2,Female,95,2026,0.2297,0.2253,0.2341,0.2213,0.2386,0.2174,0.2433
M2,Female,95,2027,0.2249,0.2205,0.2297,0.2162,0.2337,0.2121,0.2397
M2,Female,95,2028,0.2242,0.2196,0.2292,0.2154,0.2339,0.2102,0.2397
M2,Female,95,2029,0.2129,0.2080,0.2179,0.2031,0.2225,0.1993,0.2289
M2,Female,95,2030,0.2195,0.2143,0.2250,0.2098,0.2300,0.2044,0.2362
M2,Female,95,2031,0.2072,0.2020,0.2128,0.1969,0.2180,0.1916,0.2239
M2,Female,95,2032,0.2023,0.1966,0.2078,0.1919,0.2129,0.1870,0.2193
M2,Female,95,2033,0.1992,0.1937,0.2049,0.1887,0.2101,0.1826,0.2166
M2,Female,95,2034,0.1931,0.1879,0.1984,0.1830,0.2039,0.1771,0.2115
M2,Female,95,2035,0.1969,0.1914,0.2030,0.1865,0.2078,0.1794,0.2150
M2,Female,95,2036,0.1864,0.1806,0.1924,0.1758,0.1979,0.1699,0.2053
M2,Female,95,2037,0.1947,0.1892,0.2007,0.1832,0.2073,0.1760,0.2151
M2,Female,95,2038,0.1921,0.1862,0.1984,0.1805,0.2050,0.1734,0.2131
M2,Female,95,2039,0.1952,0.1890,0.2017,0.1829,0.2087,0.1764,0.2166
M2,Female,95,2040,0.1991,0.1927,0.2055,0.1860,0.2130,0.1789,0.2204
M2,Female,96,2021,0.2689,0.2666,0.2711,0.2649,0.2733,0.2625,0.2758
M2,Female,96,2022,0.2641,0.2615,0.2671,0.2588,0.2696,0.2559,0.2736
M2,Female,96,2023,0.2662,0.2628,0.2698,0.2599,0.2727,0.2568,0.2765
M2,Female,96,2024,0.2562,0.2519,0.2602,0.2484,0.2636,0.2451,0.2674
M2,Female,96,2025,0.2601,0.2558,0.2643,0.2520,0.2683,0.2475,0.2730
M2,Female,96,2026,0.2536,0.2491,0.2582,0.2449,0.2629,0.2409,0.2677
M2,Female,96,2027,0.2501,0.2454,0.2551,0.2409,0.2592,0.2366,0.2655
M2,Female,96,2028,0.2493,0.2445,0.2545,0.2402,0.2594,0.2347,0.2655
M2,Female,96,2029,0.2395,0.2343,0.2449,0.2292,0.2497,0.2252,0.2564
M2,Female,96,2030,0.2381,0.2328,0.2437,0.2281,0.2489,0.2225,0.2552
M2,Female,96,2031,0.2373,0.2317,0.2433,0.2262,0.2488,0.2206,0.2551
M2,Female,96,2032,0.2273,0.2213,0.2331,0.2163,0.2385,0.2111,0.2453
M2,Female,96,2033,0.2249,0.2190,0.2309,0.2136,0.2364,0.2071,0.2432
M2,Female,96,2034,0.2150,0.2094,0.2204,0.2043,0.2262,0.1980,0.2342
M2,Female,96,2035,0.2168,0.2110,0.2231,0.2059,0.2281,0.1985,0.2356
M2,Female,96,2036,0.2143,0.2080,0.2207,0.2028,0.2266,0.1964,0.2346
M2,Female,96,2037,0.2061,0.2004,0.2121,0.1944,0.2188,0.1871,0.2267
M2,Female,96,2038,0.2168,0.2105,0.2235,0.2045,0.2305,0.1969,0.2391
M2,Female,96,2039,0.2088,0.2024,0.2154,0.1962,0.2225,0.1895,0.2306
M2,Female,96,2040,0.2192,0.2126,0.2259,0.2056,0.2337,0.1981,0.2414
M2,Female,97,2021,0.2854,0.2831,0.2875,0.2813,0.2898,0.2789,0.2923
M2,Female,97,2022,0.2835,0.2808,0.2865,0.2781,0.2891,0.2751,0.2931
M2,Female,97,2023,0.2848,0.2813,0.2884,0.2784,0.2913,0.2753,0.2952
M2,Female,97,2024,0.2752,0.2709,0.2794,0.2673,0.2828,0.2640,0.2867
M2,Female,97,2025,0.2781,0.2737,0.2823,0.2698,0.2863,0.2653,0.2910
M2,Female,97,2026,0.2727,0.2681,0.2774,0.2638,0.2821,0.2597,0.2870
M2,Female,97,2027,0.2692,0.2644,0.2743,0.2599,0.2785,0.2555,0.2848
M2,Female,97,2028,0.2698,0.2649,0.2751,0.2605,0.2801,0.2548,0.2863
M2,Female,97,2029,0.2599,0.2545,0.2653,0.2493,0.2703,0.2452,0.2770
M2,Female,97,2030,0.2605,0.2551,0.2663,0.2503,0.2716,0.2445,0.2781
M2,Female,97,2031,0.2510,0.2454,0.2570,0.2399,0.2626,0.2342,0.2689
M2,Female,97,2032,0.2533,0.2470,0.2594,0.2418,0.2650,0.2364,0.2720
M2,Female,97,2033,0.2458,0.2398,0.2520,0.2342,0.2577,0.2275,0.2647
M2,Female,97,2034,0.2364,0.2306,0.2421,0.2254,0.2481,0.2188,0.2563
M2,Female,97,2035,0.2346,0.2287,0.2411,0.2235,0.2463,0.2158,0.2539
M2,Female,97,2036,0.2298,0.2234,0.2363,0.2181,0.2424,0.2115,0.2505
M2,Female,97,2037,0.2303,0.2244,0.2366,0.2180,0.2437,0.2103,0.2519
M2,Female,97,2038,0.2235,0.2173,0.2301,0.2113,0.2371,0.2037,0.2455
M2,Female,97,2039,0.2295,0.2228,0.2363,0.2163,0.2437,0.2094,0.2520
M2,Female,97,2040,0.2282,0.2215,0.2349,0.2146,0.2426,0.2070,0.2503
M2,Female,98,2021,0.3094,0.3070,0.3116,0.3052,0.3140,0.3027,0.3165
M2,Female,98,2022,0.3050,0.3023,0.3081,0.2995,0.3108,0.2964,0.3149
M2,Female,98,2023,0.3095,0.3059,0.3132,0.3028,0.3162,0.2995,0.3202
M2,Female,98,2024,0.2987,0.2942,0.3029,0.2904,0.3065,0.2870,0.3105
M2,Female,98,2025,0.3022,0.2977,0.3066,0.2936,0.3107,0.2890,0.3157
M2,Female,98,2026,0.2954,0.2906,0.3002,0.2862,0.3051,0.2819,0.3101
M2,Female,98,2027,0.2929,0.2880,0.2982,0.2832,0.3026,0.2787,0.3091
M2,Female,98,2028,0.2936,0.2886,0.2992,0.2839,0.3044,0.2780,0.3107
M2,Female,98,2029,0.2847,0.2792,0.2904,0.2736,0.2956,0.2693,0.3027
M2,Female,98,2030,0.2855,0.2798,0.2915,0.2747,0.2970,0.2687,0.3038
M2,Female,98,2031,0.2777,0.2718,0.2841,0.2660,0.2900,0.2599,0.2966
M2,Female,98,2032,0.2710,0.2645,0.2772,0.2591,0.2830,0.2534,0.2902
M2,Female,98,2033,0.2764,0.2700,0.2830,0.2640,0.2890,0.2568,0.2964
M2,Female,98,2034,0.2612,0.2551,0.2672,0.2495,0.2735,0.2425,0.2821
M2,Female,98,2035,0.2602,0.2539,0.2671,0.2484,0.2725,0.2402,0.2805
M2,Female,98,2036,0.2512,0.2445,0.2581,0.2389,0.2644,0.2320,0.2728
M2,Female,98,2037,0.2493,0.2431,0.2559,0.2364,0.2632,0.2283,0.2717
M2,Female,98,2038,0.2517,0.2450,0.2587,0.2385,0.2662,0.2304,0.2752
M2,Female,98,2039,0.2390,0.2322,0.2459,0.2256,0.2534,0.2185,0.2618
M2,Female,98,2040,0.2526,0.2455,0.2596,0.2381,0.2678,0.2301,0.2758
M2,Female,99,2021,0.3284,0.3258,0.3309,0.3237,0.3336,0.3209,0.3364
M2,Female,99,2022,0.3198,0.3168,0.3233,0.3136,0.3263,0.3102,0.3309
M2,Female,99,2023,0.3218,0.3177,0.3259,0.3144,0.3293,0.3107,0.3337
M2,Female,99,2024,0.3125,0.3075,0.3173,0.3033,0.3213,0.2995,0.3258
M2,Female,99,2025,0.3153,0.3102,0.3202,0.3057,0.3248,0.3005,0.3303
M2,Female,99,2026,0.3080,0.3026,0.3134,0.2977,0.3188,0.2929,0.3245
M2,Female,99,2027,0.3035,0.2980,0.3094,0.2928,0.3143,0.2877,0.3216
M2,Female,99,2028,0.3053,0.2996,0.3115,0.2944,0.3172,0.2879,0.3243
M2,Female,99,2029,0.2951,0.2889,0.3015,0.2828,0.3072,0.2779,0.3151
M2,Female,99,2030,0.2973,0.2909,0.3040,0.2853,0.3102,0.2785,0.3178
M2,Female,99,2031,0.2886,0.2820,0.2957,0.2754,0.3022,0.2687,0.3096
M2,Female,99,2032,0.2834,0.2761,0.2904,0.2701,0.2969,0.2637,0.3050
M2,Female,99,2033,0.2792,0.2721,0.2865,0.2656,0.2931,0.2577,0.3012
M2,Female,99,2034,0.2762,0.2693,0.2830,0.2630,0.2901,0.2552,0.2999
M2,Female,99,2035,0.2698,0.2628,0.2775,0.2566,0.2836,0.2475,0.2925
M2,Female,99,2036,0.2608,0.2533,0.2684,0.2471,0.2755,0.2393,0.2850
M2,Female,99,2037,0.2544,0.2476,0.2617,0.2402,0.2698,0.2312,0.2793
M2,Female,99,2038,0.2539,0.2466,0.2617,0.2395,0.2700,0.2306,0.2799
M2,Female,99,2039,0.2498,0.2423,0.2577,0.2348,0.2660,0.2268,0.2756
M2,Female,99,2040,0.2441,0.2365,0.2516,0.2287,0.2603,0.2202,0.2690
M2,Female,100,2021,0.3650,0.3623,0.3677,0.3601,0.3704,0.3571,0.3734
M2,Female,100,2022,0.3634,0.3602,0.3671,0.3568,0.3702,0.3532,0.3751
M2,Female,100,2023,0.3619,0.3576,0.3662,0.3541,0.3698,0.3502,0.3744
M2,Female,100,2024,0.3495,0.3443,0.3546,0.3398,0.3587,0.3358,0.3635
M2,Female,100,2025,0.3557,0.3504,0.3609,0.3456,0.3658,0.3401,0.3716
M2,Female,100,2026,0.3471,0.3414,0.3528,0.3362,0.3585,0.3311,0.3645
M2,Female,100,2027,0.3430,0.3372,0.3493,0.3316,0.3544,0.3262,0.3621
M2,Female,100,2028,0.3435,0.3375,0.3501,0.3320,0.3561,0.3250,0.3636
M2,Female,100,2029,0.3341,0.3275,0.3408,0.3209,0.3469,0.3158,0.3553
M2,Female,100,2030,0.3365,0.3296,0.3436,0.3237,0.3502,0.3164,0.3582
M2,Female,100,2031,0.3287,0.3217,0.3363,0.3147,0.3433,0.3075,0.3512
M2,Female,100,2032,0.3233,0.3155,0.3308,0.3090,0.3377,0.3021,0.3463
M2,Female,100,2033,0.3212,0.3136,0.3291,0.3066,0.3361,0.2980,0.3449
M2,Female,100,2034,0.3080,0.3007,0.3152,0.2940,0.3227,0.2856,0.3330
M2,Female,100,2035,0.3156,0.3080,0.3240,0.3012,0.3305,0.2912,0.3402
M2,Female,100,2036,0.3001,0.2919,0.3083,0.2852,0.3160,0.2767,0.3261
M2,Female,100,2037,0.2942,0.2867,0.3020,0.2786,0.3108,0.2689,0.3210
M2,Female,100,2038,0.2894,0.2815,0.2977,0.2738,0.3066,0.2641,0.3172
M2,Female,100,2039,0.2823,0.2742,0.2907,0.2661,0.2997,0.2576,0.3098
M2,Female,100,2040,0.2865,0.2782,0.2948,0.2695,0.3043,0.2601,0.3138
M5,Female,18,2021,0.0001,0.0001,0.0001,0.0001,0.0001,0.0001,0.0001
M5,Female,18,2022,0.0001,0.0001,0.0001,0.0001,0.0001,0.0001,0.0001
M5,Female,18,2023,0.0001,0.0001,0.0001,0.0001,0.0001,0.0001,0.0001
M5,Female,18,2024,0.0001,0.0001,0.0001,0.0001,0.0001,0.0001,0.0001
M5,Female,18,2025,0.0001,0.0001,0.0001,0.0001,0.0001,0.0001,0.0001
M5,Female,18,2026,0.0001,0.0001,0.0001,0.0001,0.0001,0.0001,0.0001
M5,Female,18,2027,0.0001,0.0001,0.0001,0.0001,0.0001,0.0001,0.0001
M5,Female,18,2028,0.0001,0.0001,0.0001,0.0001,0.0001,0.0001,0.0001
M5,Female,18,2029,0.0001,0.0001,0.0001,0.0001,0.0001,0.0001,0.0001
M5,Female,18,2030,0.0001,0.0001,0.0001,0.0001,0.0001,0.0001,0.0001
M5,Female,18,2031,0.0001,0.0001,0.0001,0.0001,0.0001,0.0001,0.0001
M5,Female,18,2032,0.0001,0.0001,0.0001,0.0001,0.0001,0.0001,0.0001
M5,Female,18,2033,0.0001,0.0001,0.0001,0.0001,0.0001,0.0001,0.0001
M5,Female,18,2034,0.0001,0.0001,0.0001,0.0001,0.0001,0.0001,0.0001
M5,Female,18,2035,0.0001,0.0001,0.0001,0.0001,0.0001,0.0001,0.0001
M5,Female,18,2036,0.0001,0.0001,0.0001,0.0001,0.0001,0.0001,0.0001
M5,Female,18,2037,0.0001,0.0001,0.0001,0.0001,0.0001,0.0001,0.0001
M5,Female,18,2038,0.0001,0.0001,0.0001,0.0001,0.0001,0.0001,0.0001
M5,Female,18,2039,0.0001,0.0001,0.0001,0.0001,0.0001,0.0001,0.0001
M5,Female,18,2040,0.0001,0.0001,0.0001,0.0001,0.0001,0.0001,0.0001
M5,Female,19,2021,0.0002,0.0002,0.0002,0.0002,0.0002,0.0001,0.0002
M5,Female,19,2022,0.0002,0.0001,0.0002,0.0001,0.0002,0.0001,0.0002
M5,Female,19,2023,0.0001,0.0001,0.0002,0.0001,0.0002,0.0001,0.0002
M5,Female,19,2024,0.0001,0.0001,0.0002,0.0001,0.0002,0.0001,0.0002
M5,Female,19,2025,0.0001,0.0001,0.0001,0.0001,0.0002,0.0001,0.0002
M5,Female,19,2026,0.0001,0.0001,0.0001,0.0001,0.0001,0.0001,0.0002
M5,Female,19,2027,0.0001,0.0001,0.0001,0.0001,0.0001,0.0001,0.0002
M5,Female,19,2028,0.0001,0.0001,0.0001,0.0001,0.0001,0.0001,0.0001
M5,Female,19,2029,0.0001,0.0001,0.0001,0.0001,0.0001,0.0001,0.0001
M5,Female,19,2030,0.0001,0.0001,0.0001,0.0001,0.0001,0.0001,0.0001
M5,Female,19,2031,0.0001,0.0001,0.0001,0.0001,0.0001,0.0001,0.0001
M5,Female,19,2032,0.0001,0.0001,0.0001,0.0001,0.0001,0.0001,0.0001
M5,Female,19,2033,0.0001,0.0001,0.0001,0.0001,0.0001,0.0001,0.0001
M5,Female,19,2034,0.0001,0.0001,0.0001,0.0001,0.0001,0.0001,0.0001
M5,Female,19,2035,0.0001,0.0001,0.0001,0.0001,0.0001,0.0001,0.0001
M5,Female,19,2036,0.0001,0.0001,0.0001,0.0001,0.0001,0.0001,0.0001
M5,Female,19,2037,0.0001,0.0001,0.0001,0.0001,0.0001,0.0001,0.0001
M5,Female,19,2038,0.0001,0.0001,0.0001,0.0001,0.0001,0.0001,0.0001
M5,Female,19,2039,0.0001,0.0001,0.0001,0.0001,0.0001,0.0001,0.0001
M5,Female,19,2040,0.0001,0.0001,0.0001,0.0001,0.0001,0.0001,0.0001
M5,Female,20,2021,0.0002,0.0002,0.0002,0.0002,0.0002,0.0002,0.0002
M5,Female,20,2022,0.0002,0.0002,0.0002,0.0002,0.0002,0.0001,0.0002
M5,Female,20,2023,0.0002,0.0002,0.0002,0.0001,0.0002,0.0001,0.0002
M5,Female,20,2024,0.0002,0.0001,0.0002,0.0001,0.0002,0.0001,0.0002
M5,Female,20,2025,0.0001,0.0001,0.0002,0.0001,0.0002,0.0001,0.0002
M5,Female,20,2026,0.0001,0.0001,0.0002,0.0001,0.0002,0.0001,0.0002
M5,Female,20,2027,0.0001,0.0001,0.0001,0.0001,0.0002,0.0001,0.0002
M5,Female,20,2028,0.0001,0.0001,0.0001,0.0001,0.0001,0.0001,0.0002
M5,Female,20,2029,0.0001,0.0001,0.0001,0.0001,0.0001,0.0001,0.0002
M5,Female,20,2030,0.0001,0.0001,0.0001,0.0001,0.0001,0.0001,0.0002
M5,Female,20,2031,0.0001,0.0001,0.0001,0.0001,0.0001,0.0001,0.0001
M5,Female,20,2032,0.0001,0.0001,0.0001,0.0001,0.0001,0.0001,0.0001
M5,Female,20,2033,0.0001,0.0001,0.0001,0.0001,0.0001,0.0001,0.0001
M5,Female,20,2034,0.0001,0.0001,0.0001,0.0001,0.0001,0.0001,0.0001
M5,Female,20,2035,0.0001,0.0001,0.0001,0.0001,0.0001,0.0001,0.0001
M5,Female,20,2036,0.0001,0.0001,0.0001,0.0001,0.0001,0.0001,0.0001
M5,Female,20,2037,0.0001,0.0001,0.0001,0.0001,0.0001,0.0001,0.0001
M5,Female,20,2038,0.0001,0.0001,0.0001,0.0001,0.0001,0.0001,0.0001
M5,Female,20,2039,0.0001,0.0001,0.0001,0.0001,0.0001,0.0001,0.0001
M5,Female,20,2040,0.0001,0.0001,0.0001,0.0001,0.0001,0.0001,0.0001
M5,Female,21,2021,0.0002,0.0002,0.0002,0.0002,0.0002,0.0002,0.0002
M5,Female,21,2022,0.0002,0.0002,0.0002,0.0002,0.0002,0.0002,0.0002
M5,Female,21,2023,0.0002,0.0002,0.0002,0.0002,0.0002,0.0002,0.0002
M5,Female,21,2024,0.0002,0.0002,0.0002,0.0002,0.0002,0.0001,0.0002
M5,Female,21,2025,0.0002,0.0001,0.0002,0.0001,0.0002,0.0001,0.0002
M5,Female,21,2026,0.0002,0.0001,0.0002,0.0001,0.0002,0.0001,0.0002
M5,Female,21,2027,0.0001,0.0001,0.0002,0.0001,0.0002,0.0001,0.0002
M5,Female,21,2028,0.0001,0.0001,0.0002,0.0001,0.0002,0.0001,0.0002
M5,Female,21,2029,0.0001,0.0001,0.0001,0.0001,0.0002,0.0001,0.0002
M5,Female,21,2030,0.0001,0.0001,0.0001,0.0001,0.0002,0.0001,0.0002
M5,Female,21,2031,0.0001,0.0001,0.0001,0.0001,0.0001,0.0001,0.0002
M5,Female,21,2032,0.0001,0.0001,0.0001,0.0001,0.0001,0.0001,0.0002
M5,Female,21,2033,0.0001,0.0001,0.0001,0.0001,0.0001,0.0001,0.0002
M5,Female,21,2034,0.0001,0.0001,0.0001,0.0001,0.0001,0.0001,0.0001
M5,Female,21,2035,0.0001,0.0001,0.0001,0.0001,0.0001,0.0001,0.0001
M5,Female,21,2036,0.0001,0.0001,0.0001,0.0001,0.0001,0.0001,0.0001
M5,Female,21,2037,0.0001,0.0001,0.0001,0.0001,0.0001,0.0001,0.0001
M5,Female,21,2038,0.0001,0.0001,0.0001,0.0001,0.0001,0.0001,0.0001
M5,Female,21,2039,0.0001,0.0001,0.0001,0.0001,0.0001,0.0001,0.0001
M5,Female,21,2040,0.0001,0.0001,0.0001,0.0001,0.0001,0.0001,0.0001
M5,Female,22,2021,0.0002,0.0002,0.0002,0.0002,0.0002,0.0002,0.0002
M5,Female,22,2022,0.0002,0.0002,0.0002,0.0002,0.0002,0.0002,0.0002
M5,Female,22,2023,0.0002,0.0002,0.0002,0.0001,0.0002,0.0001,0.0002
M5,Female,22,2024,0.0002,0.0001,0.0002,0.0001,0.0002,0.0001,0.0002
M5,Female,22,2025,0.0001,0.0001,0.0002,0.0001,0.0002,0.0001,0.0002
M5,Female,22,2026,0.0001,0.0001,0.0002,0.0001,0.0002,0.0001,0.0002
M5,Female,22,2027,0.0001,0.0001,0.0001,0.0001,0.0002,0.0001,0.0002
M5,Female,22,2028,0.0001,0.0001,0.0001,0.0001,0.0002,0.0001,0.0002
M5,Female,22,2029,0.0001,0.0001,0.0001,0.0001,0.0001,0.0001,0.0002
M5,Female,22,2030,0.0001,0.0001,0.0001,0.0001,0.0001,0.0001,0.0002
M5,Female,22,2031,0.0001,0.0001,0.0001,0.0001,0.0001,0.0001,0.0001
M5,Female,22,2032,0.0001,0.0001,0.0001,0.0001,0.0001,0.0001,0.0001
M5,Female,22,2033,0.0001,0.0001,0.0001,0.0001,0.0001,0.0001,0.0001
M5,Female,22,2034,0.0001,0.0001,0.0001,0.0001,0.0001,0.0001,0.0001
M5,Female,22,2035,0.0001,0.0001,0.0001,0.0001,0.0001,0.0001,0.0001
M5,Female,22,2036,0.0001,0.0001,0.0001,0.0001,0.0001,0.0001,0.0001
M5,Female,22,2037,0.0001,0.0001,0.0001,0.0001,0.0001,0.0001,0.0001
M5,Female,22,2038,0.0001,0.0001,0.0001,0.0001,0.0001,0.0001,0.0001
M5,Female,22,2039,0.0001,0.0001,0.0001,0.0001,0.0001,0.0001,0.0001
M5,Female,22,2040,0.0001,0.0001,0.0001,0.0001,0.0001,0.0001,0.0001
M5,Female,23,2021,0.0002,0.0002,0.0002,0.0002,0.0002,0.0002,0.0002
M5,Female,23,2022,0.0002,0.0002,0.0002,0.0002,0.0002,0.0002,0.0002
M5,Female,23,2023,0.0002,0.0002,0.0002,0.0002,0.0002,0.0002,0.0002
M5,Female,23,2024,0.0002,0.0002,0.0002,0.0002,0.0002,0.0001,0.0002
M5,Female,23,2025,0.0002,0.0002,0.0002,0.0001,0.0002,0.0001,0.0002
M5,Female,23,2026,0.0002,0.0001,0.0002,0.0001,0.0002,0.0001,0.0002
M5,Female,23,2027,0.0001,0.0001,0.0002,0.0001,0.0002,0.0001,0.0002
M5,Female,23,2028,0.0001,0.0001,0.0002,0.0001,0.0002,0.0001,0.0002
M5,Female,23,2029,0.0001,0.0001,0.0001,0.0001,0.0002,0.0001,0.0002
M5,Female,23,2030,0.0001,0.0001,0.0001,0.0001,0.0002,0.0001,0.0002
M5,Female,23,2031,0.0001,0.0001,0.0001,0.0001,0.0001,0.0001,0.0002
M5,Female,23,2032,0.0001,0.0001,0.0001,0.0001,0.0001,0.0001,0.0002
M5,Female,23,2033,0.0001,0.0001,0.0001,0.0001,0.0001,0.0001,0.0002
M5,Female,23,2034,0.0001,0.0001,0.0001,0.0001,0.0001,0.0001,0.0001
M5,Female,23,2035,0.0001,0.0001,0.0001,0.0001,0.0001,0.0001,0.0001
M5,Female,23,2036,0.0001,0.0001,0.0001,0.0001,0.0001,0.0001,0.0001
M5,Female,23,2037,0.0001,0.0001,0.0001,0.0001,0.0001,0.0001,0.0001
M5,Female,23,2038,0.0001,0.0001,0.0001,0.0001,0.0001,0.0001,0.0001
M5,Female,23,2039,0.0001,0.0001,0.0001,0.0001,0.0001,0.0001,0.0001
M5,Female,23,2040,0.0001,0.0001,0.0001,0.0001,0.0001,0.0001,0.0001
M5,Female,24,2021,0.0001,0.0001,0.0001,0.0001,0.0001,0.0001,0.0001
M5,Female,24,2022,0.0001,0.0001,0.0001,0.0001,0.0001,0.0001,0.0001
M5,Female,24,2023,0.0001,0.0001,0.0001,0.0001,0.0001,0.0001,0.0001
M5,Female,24,2024,0.0001,0.0001,0.0001,0.0001,0.0001,0.0001,0.0001
M5,Female,24,2025,0.0001,0.0001,0.0001,0.0001,0.0001,0.0001,0.0001
M5,Female,24,2026,0.0001,0.0001,0.0001,0.0001,0.0001,0.0001,0.0001
M5,Female,24,2027,0.0001,0.0001,0.0001,0.0001,0.0001,0.0001,0.0001
M5,Female,24,2028,0.0001,0.0001,0.0001,0.0001,0.0001,0.0001,0.0001
M5,Female,24,2029,0.0001,0.0001,0.0001,0.0001,0.0001,0.0001,0.0001
M5,Female,24,2030,0.0001,0.0001,0.0001,0.0001,0.0001,0.0001,0.0001
M5,Female,24,2031,0.0001,0.0001,0.0001,0.0001,0.0001,0.0001,0.0001
M5,Female,24,2032,0.0001,0.0001,0.0001,0.0001,0.0001,0.0001,0.0001
M5,Female,24,2033,0.0001,0.0001,0.0001,0.0001,0.0001,0.0001,0.0001
M5,Female,24,2034,0.0001,0.0001,0.0001,0.0001,0.0001,0.0001,0.0001
M5,Female,24,2035,0.0001,0.0001,0.0001,0.0001,0.0001,0.0001,0.0001
M5,Female,24,2036,0.0001,0.0001,0.0001,0.0001,0.0001,0.0001,0.0001
M5,Female,24,2037,0.0001,0.0001,0.0001,0.0001,0.0001,0.0001,0.0001
M5,Female,24,2038,0.0001,0.0001,0.0001,0.0001,0.0001,0.0001,0.0001
M5,Female,24,2039,0.0001,0.0001,0.0001,0.0001,0.0001,0.0001,0.0001
M5,Female,24,2040,0.0001,0.0001,0.0001,0.0001,0.0001,0.0001,0.0001
M5,Female,25,2021,0.0002,0.0002,0.0002,0.0002,0.0002,0.0002,0.0002
M5,Female,25,2022,0.0002,0.0002,0.0002,0.0002,0.0002,0.0002,0.0002
M5,Female,25,2023,0.0002,0.0002,0.0002,0.0002,0.0002,0.0002,0.0002
M5,Female,25,2024,0.0002,0.0002,0.0002,0.0002,0.0002,0.0002,0.0002
M5,Female,25,2025,0.0002,0.0002,0.0002,0.0002,0.0002,0.0002,0.0002
M5,Female,25,2026,0.0002,0.0002,0.0002,0.0002,0.0002,0.0001,0.0002
M5,Female,25,2027,0.0002,0.0002,0.0002,0.0001,0.0002,0.0001,0.0002
M5,Female,25,2028,0.0002,0.0001,0.0002,0.0001,0.0002,0.0001,0.0002
M5,Female,25,2029,0.0001,0.0001,0.0002,0.0001,0.0002,0.0001,0.0002
M5,Female,25,2030,0.0001,0.0001,0.0002,0.0001,0.0002,0.0001,0.0002
M5,Female,25,2031,0.0001,0.0001,0.0001,0.0001,0.0002,0.0001,0.0002
M5,Female,25,2032,0.0001,0.0001,0.0001,0.0001,0.0002,0.0001,0.0002
M5,Female,25,2033,0.0001,0.0001,0.0001,0.0001,0.0002,0.0001,0.0002
M5,Female,25,2034,0.0001,0.0001,0.0001,0.0001,0.0001,0.0001,0.0002
M5,Female,25,2035,0.0001,0.0001,0.0001,0.0001,0.0001,0.0001,0.0002
M5,Female,25,2036,0.0001,0.0001,0.0001,0.0001,0.0001,0.0001,0.0002
M5,Female,25,2037,0.0001,0.0001,0.0001,0.0001,0.0001,0.0001,0.0001
M5,Female,25,2038,0.0001,0.0001,0.0001,0.0001,0.0001,0.0001,0.0001
M5,Female,25,2039,0.0001,0.0001,0.0001,0.0001,0.0001,0.0001,0.0001
M5,Female,25,2040,0.0001,0.0001,0.0001,0.0001,0.0001,0.0001,0.0001
M5,Female,26,2021,0.0002,0.0002,0.0002,0.0002,0.0002,0.0002,0.0002
M5,Female,26,2022,0.0002,0.0002,0.0002,0.0002,0.0002,0.0002,0.0002
M5,Female,26,2023,0.0002,0.0002,0.0002,0.0002,0.0002,0.0002,0.0002
M5,Female,26,2024,0.0002,0.0002,0.0002,0.0002,0.0002,0.0002,0.0002
M5,Female,26,2025,0.0002,0.0002,0.0002,0.0002,0.0002,0.0002,0.0002
M5,Female,26,2026,0.0002,0.0002,0.0002,0.0002,0.0002,0.0002,0.0002
M5,Female,26,2027,0.0002,0.0002,0.0002,0.0002,0.0002,0.0001,0.0002
M5,Female,26,2028,0.0002,0.0002,0.0002,0.0002,0.0002,0.0001,0.0002
M5,Female,26,2029,0.0002,0.0002,0.0002,0.0001,0.0002,0.0001,0.0002
M5,Female,26,2030,0.0002,0.0001,0.0002,0.0001,0.0002,0.0001,0.0002
M5,Female,26,2031,0.0002,0.0001,0.0002,0.0001,0.0002,0.0001,0.0002
M5,Female,26,2032,0.0001,0.0001,0.0002,0.0001,0.0002,0.0001,0.0002
M5,Female,26,2033,0.0001,0.0001,0.0002,0.0001,0.0002,0.0001,0.0002
M5,Female,26,2034,0.0001,0.0001,0.0001,0.0001,0.0002,0.0001,0.0002
M5,Female,26,2035,0.0001,0.0001,0.0001,0.0001,0.0002,0.0001,0.0002
M5,Female,26,2036,0.0001,0.0001,0.0001,0.0001,0.0001,0.0001,0.0002
M5,Female,26,2037,0.0001,0.0001,0.0001,0.0001,0.0001,0.0001,0.0002
M5,Female,26,2038,0.0001,0.0001,0.0001,0.0001,0.0001,0.0001,0.0002
M5,Female,26,2039,0.0001,0.0001,0.0001,0.0001,0.0001,0.0001,0.0001
M5,Female,26,2040,0.0001,0.0001,0.0001,0.0001,0.0001,0.0001,0.0001
M5,Female,27,2021,0.0002,0.0002,0.0002,0.0002,0.0002,0.0002,0.0002
M5,Female,27,2022,0.0002,0.0002,0.0002,0.0002,0.0002,0.0002,0.0002
M5,Female,27,2023,0.0002,0.0002,0.0002,0.0002,0.0002,0.0002,0.0002
M5,Female,27,2024,0.0002,0.0002,0.0002,0.0002,0.0002,0.0002,0.0002
M5,Female,27,2025,0.0002,0.0002,0.0002,0.0002,0.0002,0.0002,0.0002
M5,Female,27,2026,0.0002,0.0002,0.0002,0.0002,0.0002,0.0002,0.0002
M5,Female,27,2027,0.0002,0.0002,0.0002,0.0002,0.0002,0.0002,0.0002
M5,Female,27,2028,0.0002,0.0002,0.0002,0.0002,0.0002,0.0001,0.0002
M5,Female,27,2029,0.0002,0.0002,0.0002,0.0001,0.0002,0.0001,0.0002
M5,Female,27,2030,0.0002,0.0002,0.0002,0.0001,0.0002,0.0001,0.0002
M5,Female,27,2031,0.0002,0.0001,0.0002,0.0001,0.0002,0.0001,0.0002
M5,Female,27,2032,0.0002,0.0001,0.0002,0.0001,0.0002,0.0001,0.0002
M5,Female,27,2033,0.0001,0.0001,0.0002,0.0001,0.0002,0.0001,0.0002
M5,Female,27,2034,0.0001,0.0001,0.0002,0.0001,0.0002,0.0001,0.0002
M5,Female,27,2035,0.0001,0.0001,0.0001,0.0001,0.0002,0.0001,0.0002
M5,Female,27,2036,0.0001,0.0001,0.0001,0.0001,0.0002,0.0001,0.0002
M5,Female,27,2037,0.0001,0.0001,0.0001,0.0001,0.0001,0.0001,0.0002
M5,Female,27,2038,0.0001,0.0001,0.0001,0.0001,0.0001,0.0001,0.0002
M5,Female,27,2039,0.0001,0.0001,0.0001,0.0001,0.0001,0.0001,0.0002
M5,Female,27,2040,0.0001,0.0001,0.0001,0.0001,0.0001,0.0001,0.0001
M5,Female,28,2021,0.0002,0.0002,0.0003,0.0002,0.0003,0.0002,0.0003
M5,Female,28,2022,0.0002,0.0002,0.0002,0.0002,0.0003,0.0002,0.0003
M5,Female,28,2023,0.0002,0.0002,0.0002,0.0002,0.0002,0.0002,0.0003
M5,Female,28,2024,0.0002,0.0002,0.0002,0.0002,0.0002,0.0002,0.0003
M5,Female,28,2025,0.0002,0.0002,0.0002,0.0002,0.0002,0.0002,0.0002
M5,Female,28,2026,0.0002,0.0002,0.0002,0.0002,0.0002,0.0002,0.0002
M5,Female,28,2027,0.0002,0.0002,0.0002,0.0002,0.0002,0.0002,0.0002
M5,Female,28,2028,0.0002,0.0002,0.0002,0.0002,0.0002,0.0002,0.0002
M5,Female,28,2029,0.0002,0.0002,0.0002,0.0002,0.0002,0.0002,0.0002
M5,Female,28,2030,0.0002,0.0002,0.0002,0.0002,0.0002,0.0002,0.0002
M5,Female,28,2031,0.0002,0.0002,0.0002,0.0002,0.0002,0.0002,0.0002
M5,Female,28,2032,0.0002,0.0002,0.0002,0.0002,0.0002,0.0002,0.0002
M5,Female,28,2033,0.0002,0.0002,0.0002,0.0002,0.0002,0.0002,0.0002
M5,Female,28,2034,0.0002,0.0002,0.0002,0.0002,0.0002,0.0001,0.0002
M5,Female,28,2035,0.0002,0.0002,0.0002,0.0002,0.0002,0.0001,0.0002
M5,Female,28,2036,0.0002,0.0002,0.0002,0.0001,0.0002,0.0001,0.0002
M5,Female,28,2037,0.0002,0.0002,0.0002,0.0001,0.0002,0.0001,0.0002
M5,Female,28,2038,0.0002,0.0001,0.0002,0.0001,0.0002,0.0001,0.0002
M5,Female,28,2039,0.0002,0.0001,0.0002,0.0001,0.0002,0.0001,0.0002
M5,Female,28,2040,0.0001,0.0001,0.0002,0.0001,0.0002,0.0001,0.0002
M5,Female,29,2021,0.0002,0.0002,0.0002,0.0002,0.0002,0.0002,0.0002
M5,Female,29,2022,0.0002,0.0002,0.0002,0.0002,0.0002,0.0002,0.0002
M5,Female,29,2023,0.0002,0.0002,0.0002,0.0002,0.0002,0.0002,0.0002
M5,Female,29,2024,0.0002,0.0002,0.0002,0.0002,0.0002,0.0002,0.0002
M5,Female,29,2025,0.0002,0.0002,0.0002,0.0002,0.0002,0.0002,0.0002
M5,Female,29,2026,0.0002,0.0002,0.0002,0.0002,0.0002,0.0002,0.0002
M5,Female,29,2027,0.0002,0.0002,0.0002,0.0002,0.0002,0.0002,0.0002
M5,Female,29,2028,0.0002,0.0002,0.0002,0.0002,0.0002,0.0002,0.0002
M5,Female,29,2029,0.0002,0.0002,0.0002,0.0002,0.0002,0.0002,0.0002
M5,Female,29,2030,0.0002,0.0002,0.0002,0.0002,0.0002,0.0002,0.0002
M5,Female,29,2031,0.0002,0.0002,0.0002,0.0002,0.0002,0.0002,0.0002
M5,Female,29,2032,0.0002,0.0002,0.0002,0.0002,0.0002,0.0001,0.0002
M5,Female,29,2033,0.0002,0.0002,0.0002,0.0001,0.0002,0.0001,0.0002
M5,Female,29,2034,0.0002,0.0002,0.0002,0.0001,0.0002,0.0001,0.0002
M5,Female,29,2035,0.0002,0.0001,0.0002,0.0001,0.0002,0.0001,0.0002
M5,Female,29,2036,0.0002,0.0001,0.0002,0.0001,0.0002,0.0001,0.0002
M5,Female,29,2037,0.0001,0.0001,0.0002,0.0001,0.0002,0.0001,0.0002
M5,Female,29,2038,0.0001,0.0001,0.0002,0.0001,0.0002,0.0001,0.0002
M5,Female,29,2039,0.0001,0.0001,0.0002,0.0001,0.0002,0.0001,0.0002
M5,Female,29,2040,0.0001,0.0001,0.0001,0.0001,0.0002,0.0001,0.0002
M5,Female,30,2021,0.0003,0.0002,0.0003,0.0002,0.0003,0.0002,0.0003
M5,Female,30,2022,0.0002,0.0002,0.0002,0.0002,0.0003,0.0002,0.0003
M5,Female,30,2023,0.0002,0.0002,0.0002,0.0002,0.0002,0.0002,0.0003
M5,Female,30,2024,0.0002,0.0002,0.0002,0.0002,0.0002,0.0002,0.0003
M5,Female,30,2025,0.0002,0.0002,0.0002,0.0002,0.0002,0.0002,0.0002
M5,Female,30,2026,0.0002,0.0002,0.0002,0.0002,0.0002,0.0002,0.0002
M5,Female,30,2027,0.0002,0.0002,0.0002,0.0002,0.0002,0.0002,0.0002
M5,Female,30,2028,0.0002,0.0002,0.0002,0.0002,0.0002,0.0002,0.0002
M5,Female,30,2029,0.0002,0.0002,0.0002,0.0002,0.0002,0.0002,0.0002
M5,Female,30,2030,0.0002,0.0002,0.0002,0.0002,0.0002,0.0002,0.0002
M5,Female,30,2031,0.0002,0.0002,0.0002,0.0002,0.0002,0.0002,0.0002
M5,Female,30,2032,0.0002,0.0002,0.0002,0.0002,0.0002,0.0002,0.0002
M5,Female,30,2033,0.0002,0.0002,0.0002,0.0002,0.0002,0.0002,0.0002
M5,Female,30,2034,0.0002,0.0002,0.0002,0.0002,0.0002,0.0002,0.0002
M5,Female,30,2035,0.0002,0.0002,0.0002,0.0002,0.0002,0.0001,0.0002
M5,Female,30,2036,0.0002,0.0002,0.0002,0.0002,0.0002,0.0001,0.0002
M5,Female,30,2037,0.0002,0.0002,0.0002,0.0001,0.0002,0.0001,0.0002
M5,Female,30,2038,0.0002,0.0002,0.0002,0.0001,0.0002,0.0001,0.0002
M5,Female,30,2039,0.0002,0.0001,0.0002,0.0001,0.0002,0.0001,0.0002
M5,Female,30,2040,0.0002,0.0001,0.0002,0.0001,0.0002,0.0001,0.0002
M5,Female,31,2021,0.0003,0.0003,0.0003,0.0003,0.0003,0.0003,0.0003
M5,Female,31,2022,0.0003,0.0003,0.0003,0.0003,0.0003,0.0003,0.0003
M5,Female,31,2023,0.0003,0.0003,0.0003,0.0003,0.0003,0.0003,0.0003
M5,Female,31,2024,0.0003,0.0003,0.0003,0.0003,0.0003,0.0003,0.0003
M5,Female,31,2025,0.0003,0.0003,0.0003,0.0003,0.0003,0.0003,0.0003
M5,Female,31,2026,0.0003,0.0003,0.0003,0.0003,0.0003,0.0002,0.0003
M5,Female,31,2027,0.0003,0.0003,0.0003,0.0002,0.0003,0.0002,0.0003
M5,Female,31,2028,0.0003,0.0002,0.0003,0.0002,0.0003,0.0002,0.0003
M5,Female,31,2029,0.0003,0.0002,0.0003,0.0002,0.0003,0.0002,0.0003
M5,Female,31,2030,0.0002,0.0002,0.0003,0.0002,0.0003,0.0002,0.0003
M5,Female,31,2031,0.0002,0.0002,0.0003,0.0002,0.0003,0.0002,0.0003
M5,Female,31,2032,0.0002,0.0002,0.0002,0.0002,0.0003,0.0002,0.0003
M5,Female,31,2033,0.0002,0.0002,0.0002,0.0002,0.0003,0.0002,0.0003
M5,Female,31,2034,0.0002,0.0002,0.0002,0.0002,0.0002,0.0002,0.0003
M5,Female,31,2035,0.0002,0.0002,0.0002,0.0002,0.0002,0.0002,0.0003
M5,Female,31,2036,0.0002,0.0002,0.0002,0.0002,0.0002,0.0002,0.0002
M5,Female,31,2037,0.0002,0.0002,0.0002,0.0002,0.0002,0.0002,0.0002
M5,Female,31,2038,0.0002,0.0002,0.0002,0.0002,0.0002,0.0002,0.0002
M5,Female,31,2039,0.0002,0.0002,0.0002,0.0002,0.0002,0.0002,0.0002
M5,Female,31,2040,0.0002,0.0002,0.0002,0.0002,0.0002,0.0002,0.0002
M5,Female,32,2021,0.0003,0.0003,0.0003,0.0003,0.0003,0.0003,0.0003
M5,Female,32,2022,0.0003,0.0003,0.0003,0.0003,0.0003,0.0003,0.0003
M5,Female,32,2023,0.0003,0.0003,0.0003,0.0003,0.0003,0.0003,0.0003
M5,Female,32,2024,0.0003,0.0003,0.0003,0.0003,0.0003,0.0003,0.0003
M5,Female,32,2025,0.0003,0.0003,0.0003,0.0003,0.0003,0.0002,0.0003
M5,Female,32,2026,0.0003,0.0003,0.0003,0.0003,0.0003,0.0002,0.0003
M5,Female,32,2027,0.0003,0.0003,0.0003,0.0002,0.0003,0.0002,0.0003
M5,Female,32,2028,0.0003,0.0002,0.0003,0.0002,0.0003,0.0002,0.0003
M5,Female,32,2029,0.0002,0.0002,0.0003,0.0002,0.0003,0.0002,0.0003
M5,Female,32,2030,0.0002,0.0002,0.0003,0.0002,0.0003,0.0002,0.0003
M5,Female,32,2031,0.0002,0.0002,0.0002,0.0002,0.0003,0.0002,0.0003
M5,Female,32,2032,0.0002,0.0002,0.0002,0.0002,0.0003,0.0002,0.0003
M5,Female,32,2033,0.0002,0.0002,0.0002,0.0002,0.0002,0.0002,0.0003
M5,Female,32,2034,0.0002,0.0002,0.0002,0.0002,0.0002,0.0002,0.0003
M5,Female,32,2035,0.0002,0.0002,0.0002,0.0002,0.0002,0.0002,0.0003
M5,Female,32,2036,0.0002,0.0002,0.0002,0.0002,0.0002,0.0002,0.0002
M5,Female,32,2037,0.0002,0.0002,0.0002,0.0002,0.0002,0.0002,0.0002
M5,Female,32,2038,0.0002,0.0002,0.0002,0.0002,0.0002,0.0002,0.0002
M5,Female,32,2039,0.0002,0.0002,0.0002,0.0002,0.0002,0.0002,0.0002
M5,Female,32,2040,0.0002,0.0002,0.0002,0.0002,0.0002,0.0002,0.0002
M5,Female,33,2021,0.0003,0.0003,0.0004,0.0003,0.0004,0.0003,0.0004
M5,Female,33,2022,0.0003,0.0003,0.0003,0.0003,0.0003,0.0003,0.0004
M5,Female,33,2023,0.0003,0.0003,0.0003,0.0003,0.0003,0.0003,0.0003
M5,Female,33,2024,0.0003,0.0003,0.0003,0.0003,0.0003,0.0003,0.0003
M5,Female,33,2025,0.0003,0.0003,0.0003,0.0003,0.0003,0.0003,0.0003
M5,Female,33,2026,0.0003,0.0003,0.0003,0.0003,0.0003,0.0003,0.0003
M5,Female,33,2027,0.0003,0.0003,0.0003,0.0003,0.0003,0.0003,0.0003
M5,Female,33,2028,0.0003,0.0003,0.0003,0.0003,0.0003,0.0003,0.0003
M5,Female,33,2029,0.0003,0.0003,0.0003,0.0003,0.0003,0.0002,0.0003
M5,Female,33,2030,0.0003,0.0003,0.0003,0.0003,0.0003,0.0002,0.0003
M5,Female,33,2031,0.0003,0.0003,0.0003,0.0002,0.0003,0.0002,0.0003
M5,Female,33,2032,0.0003,0.0002,0.0003,0.0002,0.0003,0.0002,0.0003
M5,Female,33,2033,0.0003,0.0002,0.0003,0.0002,0.0003,0.0002,0.0003
M5,Female,33,2034,0.0002,0.0002,0.0003,0.0002,0.0003,0.0002,0.0003
M5,Female,33,2035,0.0002,0.0002,0.0003,0.0002,0.0003,0.0002,0.0003
M5,Female,33,2036,0.0002,0.0002,0.0002,0.0002,0.0003,0.0002,0.0003
M5,Female,33,2037,0.0002,0.0002,0.0002,0.0002,0.0003,0.0002,0.0003
M5,Female,33,2038,0.0002,0.0002,0.0002,0.0002,0.0002,0.0002,0.0003
M5,Female,33,2039,0.0002,0.0002,0.0002,0.0002,0.0002,0.0002,0.0003
M5,Female,33,2040,0.0002,0.0002,0.0002,0.0002,0.0002,0.0002,0.0003
M5,Female,34,2021,0.0004,0.0004,0.0004,0.0004,0.0004,0.0004,0.0004
M5,Female,34,2022,0.0004,0.0004,0.0004,0.0004,0.0004,0.0003,0.0004
M5,Female,34,2023,0.0004,0.0003,0.0004,0.0003,0.0004,0.0003,0.0004
M5,Female,34,2024,0.0003,0.0003,0.0004,0.0003,0.0004,0.0003,0.0004
M5,Female,34,2025,0.0003,0.0003,0.0003,0.0003,0.0004,0.0003,0.0004
M5,Female,34,2026,0.0003,0.0003,0.0003,0.0003,0.0004,0.0003,0.0004
M5,Female,34,2027,0.0003,0.0003,0.0003,0.0003,0.0003,0.0003,0.0004
M5,Female,34,2028,0.0003,0.0003,0.0003,0.0003,0.0003,0.0003,0.0004
M5,Female,34,2029,0.0003,0.0003,0.0003,0.0003,0.0003,0.0003,0.0003
M5,Female,34,2030,0.0003,0.0003,0.0003,0.0003,0.0003,0.0003,0.0003
M5,Female,34,2031,0.0003,0.0003,0.0003,0.0003,0.0003,0.0003,0.0003
M5,Female,34,2032,0.0003,0.0003,0.0003,0.0003,0.0003,0.0002,0.0003
M5,Female,34,2033,0.0003,0.0003,0.0003,0.0003,0.0003,0.0002,0.0003
M5,Female,34,2034,0.0003,0.0003,0.0003,0.0002,0.0003,0.0002,0.0003
M5,Female,34,2035,0.0003,0.0002,0.0003,0.0002,0.0003,0.0002,0.0003
M5,Female,34,2036,0.0003,0.0002,0.0003,0.0002,0.0003,0.0002,0.0003
M5,Female,34,2037,0.0003,0.0002,0.0003,0.0002,0.0003,0.0002,0.0003
M5,Female,34,2038,0.0002,0.0002,0.0003,0.0002,0.0003,0.0002,0.0003
M5,Female,34,2039,0.0002,0.0002,0.0003,0.0002,0.0003,0.0002,0.0003
M5,Female,34,2040,0.0002,0.0002,0.0002,0.0002,0.0003,0.0002,0.0003
M5,Female,35,2021,0.0005,0.0005,0.0005,0.0005,0.0005,0.0005,0.0005
M5,Female,35,2022,0.0005,0.0005,0.0005,0.0005,0.0005,0.0004,0.0005
M5,Female,35,2023,0.0005,0.0004,0.0005,0.0004,0.0005,0.0004,0.0005
M5,Female,35,2024,0.0005,0.0004,0.0005,0.0004,0.0005,0.0004,0.0005
M5,Female,35,2025,0.0004,0.0004,0.0005,0.0004,0.0005,0.0004,0.0005
M5,Female,35,2026,0.0004,0.0004,0.0004,0.0004,0.0005,0.0004,0.0005
M5,Female,35,2027,0.0004,0.0004,0.0004,0.0004,0.0004,0.0004,0.0005
M5,Female,35,2028,0.0004,0.0004,0.0004,0.0004,0.0004,0.0004,0.0005
M5,Female,35,2029,0.0004,0.0004,0.0004,0.0004,0.0004,0.0004,0.0004
M5,Female,35,2030,0.0004,0.0004,0.0004,0.0004,0.0004,0.0003,0.0004
M5,Female,35,2031,0.0004,0.0004,0.0004,0.0003,0.0004,0.0003,0.0004
M5,Female,35,2032,0.0004,0.0004,0.0004,0.0003,0.0004,0.0003,0.0004
M5,Female,35,2033,0.0004,0.0003,0.0004,0.0003,0.0004,0.0003,0.0004
M5,Female,35,2034,0.0004,0.0003,0.0004,0.0003,0.0004,0.0003,0.0004
M5,Female,35,2035,0.0003,0.0003,0.0004,0.0003,0.0004,0.0003,0.0004
M5,Female,35,2036,0.0003,0.0003,0.0004,0.0003,0.0004,0.0003,0.0004
M5,Female,35,2037,0.0003,0.0003,0.0003,0.0003,0.0004,0.0003,0.0004
M5,Female,35,2038,0.0003,0.0003,0.0003,0.0003,0.0004,0.0003,0.0004
M5,Female,35,2039,0.0003,0.0003,0.0003,0.0003,0.0003,0.0003,0.0004
M5,Female,35,2040,0.0003,0.0003,0.0003,0.0003,0.0003,0.0003,0.0004
M5,Female,36,2021,0.0004,0.0004,0.0004,0.0004,0.0005,0.0004,0.0005
M5,Female,36,2022,0.0004,0.0004,0.0004,0.0004,0.0004,0.0004,0.0005
M5,Female,36,2023,0.0004,0.0004,0.0004,0.0004,0.0004,0.0004,0.0004
M5,Female,36,2024,0.0004,0.0004,0.0004,0.0004,0.0004,0.0004,0.0004
M5,Female,36,2025,0.0004,0.0004,0.0004,0.0004,0.0004,0.0004,0.0004
M5,Female,36,2026,0.0004,0.0004,0.0004,0.0004,0.0004,0.0004,0.0004
M5,Female,36,2027,0.0004,0.0004,0.0004,0.0004,0.0004,0.0003,0.0004
M5,Female,36,2028,0.0004,0.0004,0.0004,0.0003,0.0004,0.0003,0.0004
M5,Female,36,2029,0.0004,0.0003,0.0004,0.0003,0.0004,0.0003,0.0004
M5,Female,36,2030,0.0004,0.0003,0.0004,0.0003,0.0004,0.0003,0.0004
M5,Female,36,2031,0.0003,0.0003,0.0004,0.0003,0.0004,0.0003,0.0004
M5,Female,36,2032,0.0003,0.0003,0.0004,0.0003,0.0004,0.0003,0.0004
M5,Female,36,2033,0.0003,0.0003,0.0003,0.0003,0.0004,0.0003,0.0004
M5,Female,36,2034,0.0003,0.0003,0.0003,0.0003,0.0004,0.0003,0.0004
M5,Female,36,2035,0.0003,0.0003,0.0003,0.0003,0.0003,0.0003,0.0004
M5,Female,36,2036,0.0003,0.0003,0.0003,0.0003,0.0003,0.0003,0.0004
M5,Female,36,2037,0.0003,0.0003,0.0003,0.0003,0.0003,0.0003,0.0004
M5,Female,36,2038,0.0003,0.0003,0.0003,0.0003,0.0003,0.0002,0.0003
M5,Female,36,2039,0.0003,0.0003,0.0003,0.0003,0.0003,0.0002,0.0003
M5,Female,36,2040,0.0003,0.0003,0.0003,0.0002,0.0003,0.0002,0.0003
M5,Female,37,2021,0.0005,0.0005,0.0005,0.0005,0.0005,0.0005,0.0005
M5,Female,37,2022,0.0005,0.0005,0.0005,0.0005,0.0005,0.0004,0.0005
M5,Female,37,2023,0.0005,0.0004,0.0005,0.0004,0.0005,0.0004,0.0005
M5,Female,37,2024,0.0005,0.0004,0.0005,0.0004,0.0005,0.0004,0.0005
M5,Female,37,2025,0.0004,0.0004,0.0005,0.0004,0.0005,0.0004,0.0005
M5,Female,37,2026,0.0004,0.0004,0.0004,0.0004,0.0005,0.0004,0.0005
M5,Female,37,2027,0.0004,0.0004,0.0004,0.0004,0.0004,0.0004,0.0005
M5,Female,37,2028,0.0004,0.0004,0.0004,0.0004,0.0004,0.0004,0.0005
M5,Female,37,2029,0.0004,0.0004,0.0004,0.0004,0.0004,0.0004,0.0004
M5,Female,37,2030,0.0004,0.0004,0.0004,0.0004,0.0004,0.0003,0.0004
M5,Female,37,2031,0.0004,0.0004,0.0004,0.0003,0.0004,0.0003,0.0004
M5,Female,37,2032,0.0004,0.0004,0.0004,0.0003,0.0004,0.0003,0.0004
M5,Female,37,2033,0.0004,0.0003,0.0004,0.0003,0.0004,0.0003,0.0004
M5,Female,37,2034,0.0004,0.0003,0.0004,0.0003,0.0004,0.0003,0.0004
M5,Female,37,2035,0.0003,0.0003,0.0004,0.0003,0.0004,0.0003,0.0004
M5,Female,37,2036,0.0003,0.0003,0.0004,0.0003,0.0004,0.0003,0.0004
M5,Female,37,2037,0.0003,0.0003,0.0003,0.0003,0.0004,0.0003,0.0004
M5,Female,37,2038,0.0003,0.0003,0.0003,0.0003,0.0004,0.0003,0.0004
M5,Female,37,2039,0.0003,0.0003,0.0003,0.0003,0.0003,0.0003,0.0004
M5,Female,37,2040,0.0003,0.0003,0.0003,0.0003,0.0003,0.0003,0.0004
M5,Female,38,2021,0.0005,0.0005,0.0005,0.0005,0.0005,0.0005,0.0005
M5,Female,38,2022,0.0005,0.0005,0.0005,0.0005,0.0005,0.0005,0.0005
M5,Female,38,2023,0.0005,0.0005,0.0005,0.0005,0.0005,0.0005,0.0005
M5,Female,38,2024,0.0005,0.0005,0.0005,0.0005,0.0005,0.0004,0.0005
M5,Female,38,2025,0.0005,0.0005,0.0005,0.0004,0.0005,0.0004,0.0005
M5,Female,38,2026,0.0005,0.0004,0.0005,0.0004,0.0005,0.0004,0.0005
M5,Female,38,2027,0.0004,0.0004,0.0005,0.0004,0.0005,0.0004,0.0005
M5,Female,38,2028,0.0004,0.0004,0.0005,0.0004,0.0005,0.0004,0.0005
M5,Female,38,2029,0.0004,0.0004,0.0004,0.0004,0.0005,0.0004,0.0005
M5,Female,38,2030,0.0004,0.0004,0.0004,0.0004,0.0004,0.0004,0.0005
M5,Female,38,2031,0.0004,0.0004,0.0004,0.0004,0.0004,0.0004,0.0005
M5,Female,38,2032,0.0004,0.0004,0.0004,0.0004,0.0004,0.0003,0.0005
M5,Female,38,2033,0.0004,0.0004,0.0004,0.0004,0.0004,0.0003,0.0004
M5,Female,38,2034,0.0004,0.0004,0.0004,0.0003,0.0004,0.0003,0.0004
M5,Female,38,2035,0.0004,0.0003,0.0004,0.0003,0.0004,0.0003,0.0004
M5,Female,38,2036,0.0004,0.0003,0.0004,0.0003,0.0004,0.0003,0.0004
M5,Female,38,2037,0.0003,0.0003,0.0004,0.0003,0.0004,0.0003,0.0004
M5,Female,38,2038,0.0003,0.0003,0.0004,0.0003,0.0004,0.0003,0.0004
M5,Female,38,2039,0.0003,0.0003,0.0004,0.0003,0.0004,0.0003,0.0004
M5,Female,38,2040,0.0003,0.0003,0.0003,0.0003,0.0004,0.0003,0.0004
M5,Female,39,2021,0.0007,0.0006,0.0007,0.0006,0.0007,0.0006,0.0007
M5,Female,39,2022,0.0006,0.0006,0.0006,0.0006,0.0007,0.0006,0.0007
M5,Female,39,2023,0.0006,0.0006,0.0006,0.0006,0.0006,0.0006,0.0007
M5,Female,39,2024,0.0006,0.0006,0.0006,0.0006,0.0006,0.0006,0.0007
M5,Female,39,2025,0.0006,0.0006,0.0006,0.0006,0.0006,0.0005,0.0006
M5,Female,39,2026,0.0006,0.0006,0.0006,0.0005,0.0006,0.0005,0.0006
M5,Female,39,2027,0.0006,0.0005,0.0006,0.0005,0.0006,0.0005,0.0006
M5,Female,39,2028,0.0005,0.0005,0.0006,0.0005,0.0006,0.0005,0.0006
M5,Female,39,2029,0.0005,0.0005,0.0006,0.0005,0.0006,0.0005,0.0006
M5,Female,39,2030,0.0005,0.0005,0.0005,0.0005,0.0006,0.0005,0.0006
M5,Female,39,2031,0.0005,0.0005,0.0005,0.0005,0.0006,0.0004,0.0006
M5,Female,39,2032,0.0005,0.0005,0.0005,0.0005,0.0005,0.0004,0.0006
M5,Female,39,2033,0.0005,0.0005,0.0005,0.0004,0.0005,0.0004,0.0006
M5,Female,39,2034,0.0005,0.0005,0.0005,0.0004,0.0005,0.0004,0.0006
M5,Female,39,2035,0.0005,0.0004,0.0005,0.0004,0.0005,0.0004,0.0005
M5,Female,39,2036,0.0005,0.0004,0.0005,0.0004,0.0005,0.0004,0.0005
M5,Female,39,2037,0.0004,0.0004,0.0005,0.0004,0.0005,0.0004,0.0005
M5,Female,39,2038,0.0004,0.0004,0.0005,0.0004,0.0005,0.0004,0.0005
M5,Female,39,2039,0.0004,0.0004,0.0004,0.0004,0.0005,0.0004,0.0005
M5,Female,39,2040,0.0004,0.0004,0.0004,0.0004,0.0005,0.0003,0.0005
M5,Female,40,2021,0.0006,0.0006,0.0006,0.0006,0.0006,0.0006,0.0007
M5,Female,40,2022,0.0006,0.0006,0.0006,0.0006,0.0006,0.0006,0.0006
M5,Female,40,2023,0.0006,0.0006,0.0006,0.0006,0.0006,0.0006,0.0006
M5,Female,40,2024,0.0006,0.0006,0.0006,0.0006,0.0006,0.0005,0.0006
M5,Female,40,2025,0.0006,0.0005,0.0006,0.0005,0.0006,0.0005,0.0006
M5,Female,40,2026,0.0006,0.0005,0.0006,0.0005,0.0006,0.0005,0.0006
M5,Female,40,2027,0.0005,0.0005,0.0006,0.0005,0.0006,0.0005,0.0006
M5,Female,40,2028,0.0005,0.0005,0.0005,0.0005,0.0006,0.0005,0.0006
M5,Female,40,2029,0.0005,0.0005,0.0005,0.0005,0.0006,0.0005,0.0006
M5,Female,40,2030,0.0005,0.0005,0.0005,0.0005,0.0005,0.0004,0.0006
M5,Female,40,2031,0.0005,0.0005,0.0005,0.0005,0.0005,0.0004,0.0006
M5,Female,40,2032,0.0005,0.0005,0.0005,0.0004,0.0005,0.0004,0.0005
M5,Female,40,2033,0.0005,0.0004,0.0005,0.0004,0.0005,0.0004,0.0005
M5,Female,40,2034,0.0005,0.0004,0.0005,0.0004,0.0005,0.0004,0.0005
M5,Female,40,2035,0.0004,0.0004,0.0005,0.0004,0.0005,0.0004,0.0005
M5,Female,40,2036,0.0004,0.0004,0.0005,0.0004,0.0005,0.0004,0.0005
M5,Female,40,2037,0.0004,0.0004,0.0004,0.0004,0.0005,0.0004,0.0005
M5,Female,40,2038,0.0004,0.0004,0.0004,0.0004,0.0005,0.0004,0.0005
M5,Female,40,2039,0.0004,0.0004,0.0004,0.0004,0.0005,0.0003,0.0005
M5,Female,40,2040,0.0004,0.0004,0.0004,0.0004,0.0004,0.0003,0.0005
M5,Female,41,2021,0.0007,0.0007,0.0008,0.0007,0.0008,0.0007,0.0008
M5,Female,41,2022,0.0007,0.0007,0.0007,0.0007,0.0008,0.0007,0.0008
M5,Female,41,2023,0.0007,0.0007,0.0007,0.0007,0.0007,0.0007,0.0008
M5,Female,41,2024,0.0007,0.0007,0.0007,0.0007,0.0007,0.0006,0.0008
M5,Female,41,2025,0.0007,0.0007,0.0007,0.0006,0.0007,0.0006,0.0007
M5,Female,41,2026,0.0007,0.0006,0.0007,0.0006,0.0007,0.0006,0.0007
M5,Female,41,2027,0.0006,0.0006,0.0007,0.0006,0.0007,0.0006,0.0007
M5,Female,41,2028,0.0006,0.0006,0.0007,0.0006,0.0007,0.0006,0.0007
M5,Female,41,2029,0.0006,0.0006,0.0006,0.0006,0.0007,0.0005,0.0007
M5,Female,41,2030,0.0006,0.0006,0.0006,0.0006,0.0007,0.0005,0.0007
M5,Female,41,2031,0.0006,0.0006,0.0006,0.0005,0.0006,0.0005,0.0007
M5,Female,41,2032,0.0006,0.0005,0.0006,0.0005,0.0006,0.0005,0.0007
M5,Female,41,2033,0.0006,0.0005,0.0006,0.0005,0.0006,0.0005,0.0006
M5,Female,41,2034,0.0005,0.0005,0.0006,0.0005,0.0006,0.0005,0.0006
M5,Female,41,2035,0.0005,0.0005,0.0006,0.0005,0.0006,0.0005,0.0006
M5,Female,41,2036,0.0005,0.0005,0.0006,0.0005,0.0006,0.0005,0.0006
M5,Female,41,2037,0.0005,0.0005,0.0005,0.0005,0.0006,0.0004,0.0006
M5,Female,41,2038,0.0005,0.0005,0.0005,0.0005,0.0006,0.0004,0.0006
M5,Female,41,2039,0.0005,0.0005,0.0005,0.0004,0.0005,0.0004,0.0006
M5,Female,41,2040,0.0005,0.0004,0.0005,0.0004,0.0005,0.0004,0.0006
M5,Female,42,2021,0.0008,0.0008,0.0008,0.0008,0.0008,0.0008,0.0008
M5,Female,42,2022,0.0008,0.0008,0.0008,0.0007,0.0008,0.0007,0.0008
M5,Female,42,2023,0.0008,0.0007,0.0008,0.0007,0.0008,0.0007,0.0008
M5,Female,42,2024,0.0007,0.0007,0.0008,0.0007,0.0008,0.0007,0.0008
M5,Female,42,2025,0.0007,0.0007,0.0007,0.0007,0.0008,0.0007,0.0008
M5,Female,42,2026,0.0007,0.0007,0.0007,0.0007,0.0008,0.0007,0.0008
M5,Female,42,2027,0.0007,0.0007,0.0007,0.0006,0.0007,0.0006,0.0008
M5,Female,42,2028,0.0007,0.0007,0.0007,0.0006,0.0007,0.0006,0.0008
M5,Female,42,2029,0.0007,0.0006,0.0007,0.0006,0.0007,0.0006,0.0007
M5,Female,42,2030,0.0006,0.0006,0.0007,0.0006,0.0007,0.0006,0.0007
M5,Female,42,2031,0.0006,0.0006,0.0007,0.0006,0.0007,0.0006,0.0007
M5,Female,42,2032,0.0006,0.0006,0.0006,0.0006,0.0007,0.0005,0.0007
M5,Female,42,2033,0.0006,0.0006,0.0006,0.0006,0.0007,0.0005,0.0007
M5,Female,42,2034,0.0006,0.0006,0.0006,0.0005,0.0006,0.0005,0.0007
M5,Female,42,2035,0.0006,0.0005,0.0006,0.0005,0.0006,0.0005,0.0007
M5,Female,42,2036,0.0006,0.0005,0.0006,0.0005,0.0006,0.0005,0.0007
M5,Female,42,2037,0.0005,0.0005,0.0006,0.0005,0.0006,0.0005,0.0006
M5,Female,42,2038,0.0005,0.0005,0.0006,0.0005,0.0006,0.0005,0.0006
M5,Female,42,2039,0.0005,0.0005,0.0006,0.0005,0.0006,0.0004,0.0006
M5,Female,42,2040,0.0005,0.0005,0.0005,0.0005,0.0006,0.0004,0.0006
M5,Female,43,2021,0.0009,0.0009,0.0009,0.0009,0.0009,0.0009,0.0009
M5,Female,43,2022,0.0009,0.0009,0.0009,0.0009,0.0009,0.0008,0.0009
M5,Female,43,2023,0.0009,0.0008,0.0009,0.0008,0.0009,0.0008,0.0009
M5,Female,43,2024,0.0008,0.0008,0.0009,0.0008,0.0009,0.0008,0.0009
M5,Female,43,2025,0.0008,0.0008,0.0008,0.0008,0.0009,0.0008,0.0009
M5,Female,43,2026,0.0008,0.0008,0.0008,0.0008,0.0009,0.0007,0.0009
M5,Female,43,2027,0.0008,0.0008,0.0008,0.0007,0.0008,0.0007,0.0009
M5,Female,43,2028,0.0008,0.0007,0.0008,0.0007,0.0008,0.0007,0.0009
M5,Female,43,2029,0.0008,0.0007,0.0008,0.0007,0.0008,0.0007,0.0008
M5,Female,43,2030,0.0007,0.0007,0.0008,0.0007,0.0008,0.0007,0.0008
M5,Female,43,2031,0.0007,0.0007,0.0007,0.0007,0.0008,0.0006,0.0008
M5,Female,43,2032,0.0007,0.0007,0.0007,0.0006,0.0008,0.0006,0.0008
M5,Female,43,2033,0.0007,0.0007,0.0007,0.0006,0.0007,0.0006,0.0008
M5,Female,43,2034,0.0007,0.0006,0.0007,0.0006,0.0007,0.0006,0.0008
M5,Female,43,2035,0.0007,0.0006,0.0007,0.0006,0.0007,0.0006,0.0008
M5,Female,43,2036,0.0006,0.0006,0.0007,0.0006,0.0007,0.0006,0.0007
M5,Female,43,2037,0.0006,0.0006,0.0007,0.0006,0.0007,0.0005,0.0007
M5,Female,43,2038,0.0006,0.0006,0.0006,0.0006,0.0007,0.0005,0.0007
M5,Female,43,2039,0.0006,0.0006,0.0006,0.0005,0.0007,0.0005,0.0007
M5,Female,43,2040,0.0006,0.0005,0.0006,0.0005,0.0006,0.0005,0.0007
M5,Female,44,2021,0.0010,0.0010,0.0010,0.0009,0.0010,0.0009,0.0010
M5,Female,44,2022,0.0009,0.0009,0.0010,0.0009,0.0010,0.0009,0.0010
M5,Female,44,2023,0.0009,0.0009,0.0009,0.0009,0.0010,0.0009,0.0010
M5,Female,44,2024,0.0009,0.0009,0.0009,0.0009,0.0010,0.0008,0.0010
M5,Female,44,2025,0.0009,0.0009,0.0009,0.0008,0.0009,0.0008,0.0010
M5,Female,44,2026,0.0009,0.0008,0.0009,0.0008,0.0009,0.0008,0.0009
M5,Female,44,2027,0.0008,0.0008,0.0009,0.0008,0.0009,0.0008,0.0009
M5,Female,44,2028,0.0008,0.0008,0.0009,0.0008,0.0009,0.0007,0.0009
M5,Female,44,2029,0.0008,0.0008,0.0008,0.0008,0.0009,0.0007,0.0009
M5,Female,44,2030,0.0008,0.0008,0.0008,0.0007,0.0008,0.0007,0.0009
M5,Female,44,2031,0.0008,0.0007,0.0008,0.0007,0.0008,0.0007,0.0009
M5,Female,44,2032,0.0008,0.0007,0.0008,0.0007,0.0008,0.0007,0.0009
M5,Female,44,2033,0.0007,0.0007,0.0008,0.0007,0.0008,0.0006,0.0008
M5,Female,44,2034,0.0007,0.0007,0.0008,0.0007,0.0008,0.0006,0.0008
M5,Female,44,2035,0.0007,0.0007,0.0007,0.0006,0.0008,0.0006,0.0008
M5,Female,44,2036,0.0007,0.0007,0.0007,0.0006,0.0008,0.0006,0.0008
M5,Female,44,2037,0.0007,0.0006,0.0007,0.0006,0.0007,0.0006,0.0008
M5,Female,44,2038,0.0007,0.0006,0.0007,0.0006,0.0007,0.0006,0.0008
M5,Female,44,2039,0.0006,0.0006,0.0007,0.0006,0.0007,0.0005,0.0007
M5,Female,44,2040,0.0006,0.0006,0.0007,0.0006,0.0007,0.0005,0.0007
M5,Female,45,2021,0.0011,0.0011,0.0011,0.0011,0.0011,0.0010,0.0011
M5,Female,45,2022,0.0011,0.0010,0.0011,0.0010,0.0011,0.0010,0.0011
M5,Female,45,2023,0.0010,0.0010,0.0011,0.0010,0.0011,0.0010,0.0011
M5,Female,45,2024,0.0010,0.0010,0.0010,0.0010,0.0011,0.0009,0.0011
M5,Female,45,2025,0.0010,0.0010,0.0010,0.0009,0.0010,0.0009,0.0011
M5,Female,45,2026,0.0010,0.0009,0.0010,0.0009,0.0010,0.0009,0.0011
M5,Female,45,2027,0.0009,0.0009,0.0010,0.0009,0.0010,0.0009,0.0010
M5,Female,45,2028,0.0009,0.0009,0.0010,0.0009,0.0010,0.0008,0.0010
M5,Female,45,2029,0.0009,0.0009,0.0009,0.0008,0.0010,0.0008,0.0010
M5,Female,45,2030,0.0009,0.0008,0.0009,0.0008,0.0009,0.0008,0.0010
M5,Female,45,2031,0.0009,0.0008,0.0009,0.0008,0.0009,0.0008,0.0010
M5,Female,45,2032,0.0008,0.0008,0.0009,0.0008,0.0009,0.0008,0.0010
M5,Female,45,2033,0.0008,0.0008,0.0009,0.0008,0.0009,0.0007,0.0009
M5,Female,45,2034,0.0008,0.0008,0.0008,0.0007,0.0009,0.0007,0.0009
M5,Female,45,2035,0.0008,0.0007,0.0008,0.0007,0.0009,0.0007,0.0009
M5,Female,45,2036,0.0008,0.0007,0.0008,0.0007,0.0008,0.0007,0.0009
M5,Female,45,2037,0.0008,0.0007,0.0008,0.0007,0.0008,0.0007,0.0009
M5,Female,45,2038,0.0007,0.0007,0.0008,0.0007,0.0008,0.0006,0.0009
M5,Female,45,2039,0.0007,0.0007,0.0008,0.0006,0.0008,0.0006,0.0008
M5,Female,45,2040,0.0007,0.0007,0.0007,0.0006,0.0008,0.0006,0.0008
M5,Female,46,2021,0.0012,0.0012,0.0012,0.0011,0.0012,0.0011,0.0012
M5,Female,46,2022,0.0011,0.0011,0.0012,0.0011,0.0012,0.0011,0.0012
M5,Female,46,2023,0.0011,0.0011,0.0011,0.0011,0.0012,0.0011,0.0012
M5,Female,46,2024,0.0011,0.0011,0.0011,0.0010,0.0012,0.0010,0.0012
M5,Female,46,2025,0.0011,0.0010,0.0011,0.0010,0.0011,0.0010,0.0012
M5,Female,46,2026,0.0010,0.0010,0.0011,0.0010,0.0011,0.0010,0.0011
M5,Female,46,2027,0.0010,0.0010,0.0011,0.0010,0.0011,0.0009,0.0011
M5,Female,46,2028,0.0010,0.0010,0.0010,0.0009,0.0011,0.0009,0.0011
M5,Female,46,2029,0.0010,0.0009,0.0010,0.0009,0.0011,0.0009,0.0011
M5,Female,46,2030,0.0010,0.0009,0.0010,0.0009,0.0010,0.0009,0.0011
M5,Female,46,2031,0.0009,0.0009,0.0010,0.0009,0.0010,0.0008,0.0011
M5,Female,46,2032,0.0009,0.0009,0.0010,0.0008,0.0010,0.0008,0.0010
M5,Female,46,2033,0.0009,0.0009,0.0009,0.0008,0.0010,0.0008,0.0010
M5,Female,46,2034,0.0009,0.0008,0.0009,0.0008,0.0010,0.0008,0.0010
M5,Female,46,2035,0.0009,0.0008,0.0009,0.0008,0.0009,0.0007,0.0010
M5,Female,46,2036,0.0008,0.0008,0.0009,0.0008,0.0009,0.0007,0.0010
M5,Female,46,2037,0.0008,0.0008,0.0009,0.0007,0.0009,0.0007,0.0010
M5,Female,46,2038,0.0008,0.0008,0.0008,0.0007,0.0009,0.0007,0.0009
M5,Female,46,2039,0.0008,0.0007,0.0008,0.0007,0.0009,0.0007,0.0009
M5,Female,46,2040,0.0008,0.0007,0.0008,0.0007,0.0008,0.0007,0.0009
M5,Female,47,2021,0.0012,0.0012,0.0012,0.0012,0.0012,0.0012,0.0013
M5,Female,47,2022,0.0012,0.0012,0.0012,0.0011,0.0012,0.0011,0.0012
M5,Female,47,2023,0.0012,0.0011,0.0012,0.0011,0.0012,0.0011,0.0012
M5,Female,47,2024,0.0011,0.0011,0.0012,0.0011,0.0012,0.0011,0.0012
M5,Female,47,2025,0.0011,0.0011,0.0011,0.0011,0.0012,0.0010,0.0012
M5,Female,47,2026,0.0011,0.0011,0.0011,0.0010,0.0011,0.0010,0.0012
M5,Female,47,2027,0.0011,0.0010,0.0011,0.0010,0.0011,0.0010,0.0012
M5,Female,47,2028,0.0010,0.0010,0.0011,0.0010,0.0011,0.0009,0.0011
M5,Female,47,2029,0.0010,0.0010,0.0011,0.0010,0.0011,0.0009,0.0011
M5,Female,47,2030,0.0010,0.0010,0.0010,0.0009,0.0011,0.0009,0.0011
M5,Female,47,2031,0.0010,0.0009,0.0010,0.0009,0.0011,0.0009,0.0011
M5,Female,47,2032,0.0009,0.0009,0.0010,0.0009,0.0010,0.0008,0.0011
M5,Female,47,2033,0.0009,0.0009,0.0010,0.0009,0.0010,0.0008,0.0011
M5,Female,47,2034,0.0009,0.0009,0.0010,0.0008,0.0010,0.0008,0.0010
M5,Female,47,2035,0.0009,0.0008,0.0009,0.0008,0.0010,0.0008,0.0010
M5,Female,47,2036,0.0009,0.0008,0.0009,0.0008,0.0009,0.0008,0.0010
M5,Female,47,2037,0.0008,0.0008,0.0009,0.0008,0.0009,0.0007,0.0010
M5,Female,47,2038,0.0008,0.0008,0.0009,0.0008,0.0009,0.0007,0.0010
M5,Female,47,2039,0.0008,0.0008,0.0009,0.0007,0.0009,0.0007,0.0009
M5,Female,47,2040,0.0008,0.0008,0.0008,0.0007,0.0009,0.0007,0.0009
M5,Female,48,2021,0.0015,0.0015,0.0016,0.0015,0.0016,0.0015,0.0016
M5,Female,48,2022,0.0015,0.0015,0.0015,0.0015,0.0016,0.0014,0.0016
M5,Female,48,2023,0.0015,0.0014,0.0015,0.0014,0.0015,0.0014,0.0016
M5,Female,48,2024,0.0014,0.0014,0.0015,0.0014,0.0015,0.0014,0.0016
M5,Female,48,2025,0.0014,0.0014,0.0015,0.0013,0.0015,0.0013,0.0015
M5,Female,48,2026,0.0014,0.0013,0.0014,0.0013,0.0015,0.0013,0.0015
M5,Female,48,2027,0.0014,0.0013,0.0014,0.0013,0.0014,0.0012,0.0015
M5,Female,48,2028,0.0013,0.0013,0.0014,0.0012,0.0014,0.0012,0.0015
M5,Female,48,2029,0.0013,0.0012,0.0013,0.0012,0.0014,0.0012,0.0014
M5,Female,48,2030,0.0013,0.0012,0.0013,0.0012,0.0014,0.0011,0.0014
M5,Female,48,2031,0.0012,0.0012,0.0013,0.0012,0.0013,0.0011,0.0014
M5,Female,48,2032,0.0012,0.0012,0.0013,0.0011,0.0013,0.0011,0.0014
M5,Female,48,2033,0.0012,0.0011,0.0012,0.0011,0.0013,0.0010,0.0014
M5,Female,48,2034,0.0012,0.0011,0.0012,0.0011,0.0013,0.0010,0.0013
M5,Female,48,2035,0.0011,0.0011,0.0012,0.0010,0.0012,0.0010,0.0013
M5,Female,48,2036,0.0011,0.0011,0.0012,0.0010,0.0012,0.0010,0.0013
M5,Female,48,2037,0.0011,0.0010,0.0011,0.0010,0.0012,0.0009,0.0013
M5,Female,48,2038,0.0011,0.0010,0.0011,0.0010,0.0012,0.0009,0.0012
M5,Female,48,2039,0.0010,0.0010,0.0011,0.0009,0.0011,0.0009,0.0012
M5,Female,48,2040,0.0010,0.0010,0.0011,0.0009,0.0011,0.0009,0.0012
M5,Female,49,2021,0.0017,0.0017,0.0017,0.0016,0.0017,0.0016,0.0017
M5,Female,49,2022,0.0016,0.0016,0.0017,0.0016,0.0017,0.0016,0.0017
M5,Female,49,2023,0.0016,0.0016,0.0016,0.0015,0.0017,0.0015,0.0017
M5,Female,49,2024,0.0016,0.0015,0.0016,0.0015,0.0017,0.0015,0.0017
M5,Female,49,2025,0.0015,0.0015,0.0016,0.0015,0.0016,0.0014,0.0017
M5,Female,49,2026,0.0015,0.0015,0.0015,0.0014,0.0016,0.0014,0.0016
M5,Female,49,2027,0.0015,0.0014,0.0015,0.0014,0.0016,0.0013,0.0016
M5,Female,49,2028,0.0014,0.0014,0.0015,0.0013,0.0015,0.0013,0.0016
M5,Female,49,2029,0.0014,0.0014,0.0015,0.0013,0.0015,0.0013,0.0016
M5,Female,49,2030,0.0014,0.0013,0.0014,0.0013,0.0015,0.0012,0.0015
M5,Female,49,2031,0.0013,0.0013,0.0014,0.0013,0.0015,0.0012,0.0015
M5,Female,49,2032,0.0013,0.0013,0.0014,0.0012,0.0014,0.0012,0.0015
M5,Female,49,2033,0.0013,0.0012,0.0013,0.0012,0.0014,0.0011,0.0015
M5,Female,49,2034,0.0013,0.0012,0.0013,0.0012,0.0014,0.0011,0.0014
M5,Female,49,2035,0.0012,0.0012,0.0013,0.0011,0.0013,0.0011,0.0014
M5,Female,49,2036,0.0012,0.0012,0.0013,0.0011,0.0013,0.0011,0.0014
M5,Female,49,2037,0.0012,0.0011,0.0012,0.0011,0.0013,0.0010,0.0014
M5,Female,49,2038,0.0012,0.0011,0.0012,0.0011,0.0013,0.0010,0.0013
M5,Female,49,2039,0.0011,0.0011,0.0012,0.0010,0.0013,0.0010,0.0013
M5,Female,49,2040,0.0011,0.0010,0.0012,0.0010,0.0012,0.0009,0.0013
M5,Female,50,2021,0.0017,0.0017,0.0018,0.0017,0.0018,0.0017,0.0018
M5,Female,50,2022,0.0017,0.0017,0.0017,0.0016,0.0018,0.0016,0.0018
M5,Female,50,2023,0.0017,0.0016,0.0017,0.0016,0.0017,0.0016,0.0018
M5,Female,50,2024,0.0016,0.0016,0.0017,0.0016,0.0017,0.0015,0.0017
M5,Female,50,2025,0.0016,0.0016,0.0016,0.0015,0.0017,0.0015,0.0017
M5,Female,50,2026,0.0016,0.0015,0.0016,0.0015,0.0017,0.0014,0.0017
M5,Female,50,2027,0.0015,0.0015,0.0016,0.0014,0.0016,0.0014,0.0017
M5,Female,50,2028,0.0015,0.0014,0.0015,0.0014,0.0016,0.0014,0.0016
M5,Female,50,2029,0.0015,0.0014,0.0015,0.0014,0.0016,0.0013,0.0016
M5,Female,50,2030,0.0014,0.0014,0.0015,0.0013,0.0015,0.0013,0.0016
M5,Female,50,2031,0.0014,0.0014,0.0015,0.0013,0.0015,0.0012,0.0016
M5,Female,50,2032,0.0014,0.0013,0.0014,0.0013,0.0015,0.0012,0.0015
M5,Female,50,2033,0.0013,0.0013,0.0014,0.0012,0.0015,0.0012,0.0015
M5,Female,50,2034,0.0013,0.0013,0.0014,0.0012,0.0014,0.0011,0.0015
M5,Female,50,2035,0.0013,0.0012,0.0014,0.0012,0.0014,0.0011,0.0015
M5,Female,50,2036,0.0013,0.0012,0.0013,0.0012,0.0014,0.0011,0.0014
M5,Female,50,2037,0.0012,0.0012,0.0013,0.0011,0.0013,0.0011,0.0014
M5,Female,50,2038,0.0012,0.0011,0.0013,0.0011,0.0013,0.0010,0.0014
M5,Female,50,2039,0.0012,0.0011,0.0012,0.0011,0.0013,0.0010,0.0014
M5,Female,50,2040,0.0012,0.0011,0.0012,0.0010,0.0013,0.0010,0.0013
M5,Female,51,2021,0.0019,0.0019,0.0020,0.0019,0.0020,0.0019,0.0020
M5,Female,51,2022,0.0019,0.0019,0.0019,0.0018,0.0020,0.0018,0.0020
M5,Female,51,2023,0.0018,0.0018,0.0019,0.0018,0.0019,0.0017,0.0020
M5,Female,51,2024,0.0018,0.0018,0.0019,0.0017,0.0019,0.0017,0.0019
M5,Female,51,2025,0.0018,0.0017,0.0018,0.0017,0.0019,0.0016,0.0019
M5,Female,51,2026,0.0017,0.0017,0.0018,0.0016,0.0018,0.0016,0.0019
M5,Female,51,2027,0.0017,0.0016,0.0018,0.0016,0.0018,0.0016,0.0019
M5,Female,51,2028,0.0017,0.0016,0.0017,0.0016,0.0018,0.0015,0.0018
M5,Female,51,2029,0.0016,0.0016,0.0017,0.0015,0.0017,0.0015,0.0018
M5,Female,51,2030,0.0016,0.0015,0.0017,0.0015,0.0017,0.0014,0.0018
M5,Female,51,2031,0.0016,0.0015,0.0016,0.0015,0.0017,0.0014,0.0018
M5,Female,51,2032,0.0015,0.0015,0.0016,0.0014,0.0017,0.0014,0.0017
M5,Female,51,2033,0.0015,0.0014,0.0016,0.0014,0.0016,0.0013,0.0017
M5,Female,51,2034,0.0015,0.0014,0.0015,0.0014,0.0016,0.0013,0.0017
M5,Female,51,2035,0.0014,0.0014,0.0015,0.0013,0.0016,0.0013,0.0016
M5,Female,51,2036,0.0014,0.0013,0.0015,0.0013,0.0015,0.0012,0.0016
M5,Female,51,2037,0.0014,0.0013,0.0014,0.0013,0.0015,0.0012,0.0016
M5,Female,51,2038,0.0013,0.0013,0.0014,0.0012,0.0015,0.0012,0.0016
M5,Female,51,2039,0.0013,0.0013,0.0014,0.0012,0.0015,0.0011,0.0015
M5,Female,51,2040,0.0013,0.0012,0.0014,0.0012,0.0014,0.0011,0.0015
M5,Female,52,2021,0.0021,0.0020,0.0021,0.0020,0.0021,0.0020,0.0021
M5,Female,52,2022,0.0020,0.0020,0.0021,0.0020,0.0021,0.0019,0.0021
M5,Female,52,2023,0.0020,0.0019,0.0020,0.0019,0.0021,0.0019,0.0021
M5,Female,52,2024,0.0019,0.0019,0.0020,0.0019,0.0020,0.0018,0.0021
M5,Female,52,2025,0.0019,0.0019,0.0020,0.0018,0.0020,0.0018,0.0021
M5,Female,52,2026,0.0019,0.0018,0.0019,0.0018,0.0020,0.0017,0.0020
M5,Female,52,2027,0.0018,0.0018,0.0019,0.0017,0.0019,0.0017,0.0020
M5,Female,52,2028,0.0018,0.0017,0.0018,0.0017,0.0019,0.0016,0.0020
M5,Female,52,2029,0.0017,0.0017,0.0018,0.0016,0.0019,0.0016,0.0019
M5,Female,52,2030,0.0017,0.0017,0.0018,0.0016,0.0018,0.0015,0.0019
M5,Female,52,2031,0.0017,0.0016,0.0017,0.0016,0.0018,0.0015,0.0019
M5,Female,52,2032,0.0016,0.0016,0.0017,0.0015,0.0018,0.0015,0.0018
M5,Female,52,2033,0.0016,0.0015,0.0017,0.0015,0.0017,0.0014,0.0018
M5,Female,52,2034,0.0016,0.0015,0.0016,0.0015,0.0017,0.0014,0.0018
M5,Female,52,2035,0.0015,0.0015,0.0016,0.0014,0.0017,0.0014,0.0018
M5,Female,52,2036,0.0015,0.0014,0.0016,0.0014,0.0016,0.0013,0.0017
M5,Female,52,2037,0.0015,0.0014,0.0016,0.0014,0.0016,0.0013,0.0017
M5,Female,52,2038,0.0014,0.0014,0.0015,0.0013,0.0016,0.0013,0.0017
M5,Female,52,2039,0.0014,0.0013,0.0015,0.0013,0.0016,0.0012,0.0016
M5,Female,52,2040,0.0014,0.0013,0.0015,0.0013,0.0015,0.0012,0.0016
M5,Female,53,2021,0.0024,0.0023,0.0024,0.0023,0.0024,0.0023,0.0024
M5,Female,53,2022,0.0023,0.0023,0.0024,0.0022,0.0024,0.0022,0.0024
M5,Female,53,2023,0.0023,0.0022,0.0023,0.0022,0.0024,0.0021,0.0024
M5,Female,53,2024,0.0022,0.0022,0.0023,0.0021,0.0023,0.0021,0.0024
M5,Female,53,2025,0.0022,0.0021,0.0022,0.0021,0.0023,0.0020,0.0023
M5,Female,53,2026,0.0021,0.0021,0.0022,0.0020,0.0023,0.0020,0.0023
M5,Female,53,2027,0.0021,0.0020,0.0022,0.0020,0.0022,0.0019,0.0023
M5,Female,53,2028,0.0020,0.0020,0.0021,0.0019,0.0022,0.0019,0.0022
M5,Female,53,2029,0.0020,0.0019,0.0021,0.0019,0.0021,0.0018,0.0022
M5,Female,53,2030,0.0020,0.0019,0.0020,0.0018,0.0021,0.0018,0.0022
M5,Female,53,2031,0.0019,0.0019,0.0020,0.0018,0.0021,0.0017,0.0022
M5,Female,53,2032,0.0019,0.0018,0.0020,0.0017,0.0020,0.0017,0.0021
M5,Female,53,2033,0.0018,0.0018,0.0019,0.0017,0.0020,0.0016,0.0021
M5,Female,53,2034,0.0018,0.0017,0.0019,0.0017,0.0020,0.0016,0.0020
M5,Female,53,2035,0.0018,0.0017,0.0019,0.0016,0.0019,0.0015,0.0020
M5,Female,53,2036,0.0017,0.0017,0.0018,0.0016,0.0019,0.0015,0.0020
M5,Female,53,2037,0.0017,0.0016,0.0018,0.0016,0.0019,0.0015,0.0019
M5,Female,53,2038,0.0017,0.0016,0.0017,0.0015,0.0018,0.0014,0.0019
M5,Female,53,2039,0.0016,0.0015,0.0017,0.0015,0.0018,0.0014,0.0019
M5,Female,53,2040,0.0016,0.0015,0.0017,0.0014,0.0018,0.0014,0.0018
M5,Female,54,2021,0.0027,0.0027,0.0028,0.0027,0.0028,0.0026,0.0028
M5,Female,54,2022,0.0027,0.0026,0.0027,0.0026,0.0028,0.0026,0.0028
M5,Female,54,2023,0.0026,0.0026,0.0027,0.0025,0.0027,0.0025,0.0028
M5,Female,54,2024,0.0026,0.0025,0.0026,0.0025,0.0027,0.0024,0.0028
M5,Female,54,2025,0.0025,0.0025,0.0026,0.0024,0.0027,0.0023,0.0027
M5,Female,54,2026,0.0025,0.0024,0.0025,0.0023,0.0026,0.0023,0.0027
M5,Female,54,2027,0.0024,0.0023,0.0025,0.0023,0.0026,0.0022,0.0026
M5,Female,54,2028,0.0024,0.0023,0.0025,0.0022,0.0025,0.0022,0.0026
M5,Female,54,2029,0.0023,0.0022,0.0024,0.0022,0.0025,0.0021,0.0026
M5,Female,54,2030,0.0023,0.0022,0.0024,0.0021,0.0024,0.0021,0.0025
M5,Female,54,2031,0.0022,0.0022,0.0023,0.0021,0.0024,0.0020,0.0025
M5,Female,54,2032,0.0022,0.0021,0.0023,0.0020,0.0024,0.0020,0.0025
M5,Female,54,2033,0.0021,0.0021,0.0022,0.0020,0.0023,0.0019,0.0024
M5,Female,54,2034,0.0021,0.0020,0.0022,0.0019,0.0023,0.0018,0.0024
M5,Female,54,2035,0.0021,0.0020,0.0022,0.0019,0.0022,0.0018,0.0023
M5,Female,54,2036,0.0020,0.0019,0.0021,0.0018,0.0022,0.0018,0.0023
M5,Female,54,2037,0.0020,0.0019,0.0021,0.0018,0.0022,0.0017,0.0023
M5,Female,54,2038,0.0019,0.0018,0.0020,0.0018,0.0021,0.0017,0.0022
M5,Female,54,2039,0.0019,0.0018,0.0020,0.0017,0.0021,0.0016,0.0022
M5,Female,54,2040,0.0019,0.0018,0.0020,0.0017,0.0020,0.0016,0.0021
M5,Female,55,2021,0.0030,0.0030,0.0030,0.0029,0.0031,0.0029,0.0031
M5,Female,55,2022,0.0029,0.0029,0.0030,0.0029,0.0030,0.0028,0.0031
M5,Female,55,2023,0.0029,0.0028,0.0029,0.0028,0.0030,0.0027,0.0031
M5,Female,55,2024,0.0028,0.0028,0.0029,0.0027,0.0030,0.0027,0.0030
M5,Female,55,2025,0.0028,0.0027,0.0028,0.0026,0.0029,0.0026,0.0030
M5,Female,55,2026,0.0027,0.0026,0.0028,0.0026,0.0029,0.0025,0.0030
M5,Female,55,2027,0.0027,0.0026,0.0028,0.0025,0.0028,0.0024,0.0029
M5,Female,55,2028,0.0026,0.0025,0.0027,0.0025,0.0028,0.0024,0.0029
M5,Female,55,2029,0.0026,0.0025,0.0027,0.0024,0.0027,0.0023,0.0028
M5,Female,55,2030,0.0025,0.0024,0.0026,0.0024,0.0027,0.0023,0.0028
M5,Female,55,2031,0.0025,0.0024,0.0026,0.0023,0.0027,0.0022,0.0028
M5,Female,55,2032,0.0024,0.0023,0.0025,0.0022,0.0026,0.0022,0.0027
M5,Female,55,2033,0.0024,0.0023,0.0025,0.0022,0.0026,0.0021,0.0027
M5,Female,55,2034,0.0023,0.0022,0.0024,0.0021,0.0025,0.0020,0.0026
M5,Female,55,2035,0.0023,0.0022,0.0024,0.0021,0.0025,0.0020,0.0026
M5,Female,55,2036,0.0022,0.0021,0.0023,0.0020,0.0024,0.0019,0.0025
M5,Female,55,2037,0.0022,0.0021,0.0023,0.0020,0.0024,0.0019,0.0025
M5,Female,55,2038,0.0021,0.0020,0.0022,0.0020,0.0023,0.0019,0.0025
M5,Female,55,2039,0.0021,0.0020,0.0022,0.0019,0.0023,0.0018,0.0024
M5,Female,55,2040,0.0020,0.0019,0.0022,0.0019,0.0023,0.0018,0.0024
M5,Female,56,2021,0.0031,0.0031,0.0032,0.0031,0.0032,0.0030,0.0033
M5,Female,56,2022,0.0031,0.0030,0.0031,0.0030,0.0032,0.0029,0.0032
M5,Female,56,2023,0.0030,0.0030,0.0031,0.0029,0.0031,0.0029,0.0032
M5,Female,56,2024,0.0030,0.0029,0.0030,0.0028,0.0031,0.0028,0.0032
M5,Female,56,2025,0.0029,0.0028,0.0030,0.0028,0.0031,0.0027,0.0031
M5,Female,56,2026,0.0028,0.0028,0.0029,0.0027,0.0030,0.0026,0.0031
M5,Female,56,2027,0.0028,0.0027,0.0029,0.0026,0.0030,0.0026,0.0030
M5,Female,56,2028,0.0027,0.0026,0.0028,0.0026,0.0029,0.0025,0.0030
M5,Female,56,2029,0.0027,0.0026,0.0028,0.0025,0.0029,0.0024,0.0030
M5,Female,56,2030,0.0026,0.0025,0.0027,0.0025,0.0028,0.0024,0.0029
M5,Female,56,2031,0.0026,0.0025,0.0027,0.0024,0.0028,0.0023,0.0029
M5,Female,56,2032,0.0025,0.0024,0.0026,0.0023,0.0027,0.0023,0.0028
M5,Female,56,2033,0.0025,0.0024,0.0026,0.0023,0.0027,0.0022,0.0028
M5,Female,56,2034,0.0024,0.0023,0.0025,0.0022,0.0026,0.0021,0.0027
M5,Female,56,2035,0.0024,0.0023,0.0025,0.0022,0.0026,0.0021,0.0027
M5,Female,56,2036,0.0023,0.0022,0.0024,0.0021,0.0025,0.0020,0.0027
M5,Female,56,2037,0.0023,0.0022,0.0024,0.0021,0.0025,0.0020,0.0026
M5,Female,56,2038,0.0022,0.0021,0.0024,0.0021,0.0025,0.0020,0.0026
M5,Female,56,2039,0.0022,0.0021,0.0023,0.0020,0.0024,0.0019,0.0025
M5,Female,56,2040,0.0022,0.0020,0.0023,0.0020,0.0024,0.0019,0.0025
M5,Female,57,2021,0.0036,0.0035,0.0036,0.0035,0.0036,0.0034,0.0037
M5,Female,57,2022,0.0035,0.0034,0.0035,0.0034,0.0036,0.0033,0.0037
M5,Female,57,2023,0.0034,0.0033,0.0035,0.0033,0.0036,0.0032,0.0036
M5,Female,57,2024,0.0033,0.0033,0.0034,0.0032,0.0035,0.0031,0.0036
M5,Female,57,2025,0.0033,0.0032,0.0034,0.0031,0.0035,0.0031,0.0035
M5,Female,57,2026,0.0032,0.0031,0.0033,0.0031,0.0034,0.0030,0.0035
M5,Female,57,2027,0.0032,0.0031,0.0033,0.0030,0.0034,0.0029,0.0034
M5,Female,57,2028,0.0031,0.0030,0.0032,0.0029,0.0033,0.0028,0.0034
M5,Female,57,2029,0.0030,0.0029,0.0032,0.0029,0.0032,0.0028,0.0034
M5,Female,57,2030,0.0030,0.0029,0.0031,0.0028,0.0032,0.0027,0.0033
M5,Female,57,2031,0.0029,0.0028,0.0030,0.0027,0.0031,0.0026,0.0033
M5,Female,57,2032,0.0029,0.0028,0.0030,0.0027,0.0031,0.0026,0.0032
M5,Female,57,2033,0.0028,0.0027,0.0029,0.0026,0.0030,0.0025,0.0032
M5,Female,57,2034,0.0028,0.0026,0.0029,0.0025,0.0030,0.0024,0.0031
M5,Female,57,2035,0.0027,0.0026,0.0028,0.0025,0.0029,0.0024,0.0031
M5,Female,57,2036,0.0026,0.0025,0.0028,0.0024,0.0029,0.0023,0.0030
M5,Female,57,2037,0.0026,0.0025,0.0027,0.0024,0.0028,0.0023,0.0030
M5,Female,57,2038,0.0025,0.0024,0.0027,0.0023,0.0028,0.0022,0.0029
M5,Female,57,2039,0.0025,0.0024,0.0026,0.0023,0.0027,0.0022,0.0029
M5,Female,57,2040,0.0024,0.0023,0.0026,0.0022,0.0027,0.0021,0.0028
M5,Female,58,2021,0.0041,0.0040,0.0041,0.0040,0.0042,0.0040,0.0042
M5,Female,58,2022,0.0040,0.0039,0.0041,0.0039,0.0041,0.0038,0.0042
M5,Female,58,2023,0.0039,0.0038,0.0040,0.0038,0.0041,0.0037,0.0042
M5,Female,58,2024,0.0039,0.0038,0.0040,0.0037,0.0040,0.0036,0.0041
M5,Female,58,2025,0.0038,0.0037,0.0039,0.0036,0.0040,0.0035,0.0041
M5,Female,58,2026,0.0037,0.0036,0.0038,0.0035,0.0039,0.0034,0.0040
M5,Female,58,2027,0.0036,0.0035,0.0038,0.0034,0.0039,0.0033,0.0040
M5,Female,58,2028,0.0036,0.0035,0.0037,0.0034,0.0038,0.0032,0.0039
M5,Female,58,2029,0.0035,0.0034,0.0036,0.0033,0.0037,0.0032,0.0039
M5,Female,58,2030,0.0034,0.0033,0.0036,0.0032,0.0037,0.0031,0.0038
M5,Female,58,2031,0.0034,0.0033,0.0035,0.0032,0.0036,0.0030,0.0038
M5,Female,58,2032,0.0033,0.0032,0.0034,0.0031,0.0036,0.0029,0.0037
M5,Female,58,2033,0.0032,0.0031,0.0034,0.0030,0.0035,0.0029,0.0037
M5,Female,58,2034,0.0032,0.0030,0.0033,0.0029,0.0035,0.0028,0.0036
M5,Female,58,2035,0.0031,0.0030,0.0033,0.0029,0.0034,0.0027,0.0035
M5,Female,58,2036,0.0031,0.0029,0.0032,0.0028,0.0033,0.0027,0.0035
M5,Female,58,2037,0.0030,0.0029,0.0031,0.0028,0.0033,0.0026,0.0034
M5,Female,58,2038,0.0029,0.0028,0.0031,0.0027,0.0032,0.0026,0.0034
M5,Female,58,2039,0.0029,0.0027,0.0030,0.0026,0.0032,0.0025,0.0033
M5,Female,58,2040,0.0028,0.0027,0.0030,0.0026,0.0031,0.0024,0.0032
M5,Female,59,2021,0.0045,0.0045,0.0046,0.0045,0.0046,0.0044,0.0047
M5,Female,59,2022,0.0045,0.0044,0.0045,0.0043,0.0046,0.0043,0.0047
M5,Female,59,2023,0.0044,0.0043,0.0045,0.0042,0.0046,0.0041,0.0047
M5,Female,59,2024,0.0043,0.0042,0.0044,0.0041,0.0045,0.0040,0.0046
M5,Female,59,2025,0.0042,0.0041,0.0043,0.0040,0.0044,0.0039,0.0045
M5,Female,59,2026,0.0041,0.0040,0.0042,0.0039,0.0044,0.0038,0.0045
M5,Female,59,2027,0.0041,0.0039,0.0042,0.0038,0.0043,0.0037,0.0044
M5,Female,59,2028,0.0040,0.0038,0.0041,0.0037,0.0042,0.0036,0.0044
M5,Female,59,2029,0.0039,0.0038,0.0040,0.0037,0.0042,0.0035,0.0043
M5,Female,59,2030,0.0038,0.0037,0.0040,0.0036,0.0041,0.0034,0.0042
M5,Female,59,2031,0.0038,0.0036,0.0039,0.0035,0.0040,0.0034,0.0042
M5,Female,59,2032,0.0037,0.0035,0.0038,0.0034,0.0040,0.0033,0.0041
M5,Female,59,2033,0.0036,0.0035,0.0038,0.0034,0.0039,0.0032,0.0041
M5,Female,59,2034,0.0035,0.0034,0.0037,0.0033,0.0039,0.0031,0.0040
M5,Female,59,2035,0.0035,0.0033,0.0036,0.0032,0.0038,0.0031,0.0040
M5,Female,59,2036,0.0034,0.0032,0.0036,0.0031,0.0037,0.0030,0.0039
M5,Female,59,2037,0.0033,0.0032,0.0035,0.0031,0.0037,0.0029,0.0038
M5,Female,59,2038,0.0033,0.0031,0.0035,0.0030,0.0036,0.0029,0.0038
M5,Female,59,2039,0.0032,0.0031,0.0034,0.0029,0.0035,0.0028,0.0037
M5,Female,59,2040,0.0032,0.0030,0.0033,0.0029,0.0035,0.0027,0.0036
M5,Female,60,2021,0.0050,0.0050,0.0051,0.0049,0.0052,0.0049,0.0052
M5,Female,60,2022,0.0050,0.0049,0.0050,0.0048,0.0051,0.0047,0.0052
M5,Female,60,2023,0.0049,0.0048,0.0050,0.0047,0.0051,0.0046,0.0052
M5,Female,60,2024,0.0048,0.0047,0.0049,0.0046,0.0050,0.0045,0.0051
M5,Female,60,2025,0.0047,0.0046,0.0048,0.0045,0.0049,0.0044,0.0051
M5,Female,60,2026,0.0046,0.0045,0.0047,0.0044,0.0049,0.0043,0.0050
M5,Female,60,2027,0.0045,0.0044,0.0047,0.0043,0.0048,0.0041,0.0049
M5,Female,60,2028,0.0044,0.0043,0.0046,0.0042,0.0047,0.0040,0.0048
M5,Female,60,2029,0.0043,0.0042,0.0045,0.0041,0.0046,0.0039,0.0048
M5,Female,60,2030,0.0043,0.0041,0.0044,0.0040,0.0046,0.0038,0.0047
M5,Female,60,2031,0.0042,0.0040,0.0043,0.0039,0.0045,0.0038,0.0047
M5,Female,60,2032,0.0041,0.0039,0.0043,0.0038,0.0044,0.0037,0.0046
M5,Female,60,2033,0.0040,0.0039,0.0042,0.0037,0.0044,0.0036,0.0045
M5,Female,60,2034,0.0039,0.0038,0.0041,0.0036,0.0043,0.0035,0.0045
M5,Female,60,2035,0.0039,0.0037,0.0041,0.0036,0.0042,0.0034,0.0044
M5,Female,60,2036,0.0038,0.0036,0.0040,0.0035,0.0042,0.0033,0.0043
M5,Female,60,2037,0.0037,0.0035,0.0039,0.0034,0.0041,0.0033,0.0043
M5,Female,60,2038,0.0037,0.0035,0.0039,0.0033,0.0040,0.0032,0.0042
M5,Female,60,2039,0.0036,0.0034,0.0038,0.0033,0.0039,0.0031,0.0041
M5,Female,60,2040,0.0035,0.0033,0.0037,0.0032,0.0039,0.0030,0.0040
M5,Female,61,2021,0.0054,0.0053,0.0054,0.0053,0.0055,0.0052,0.0056
M5,Female,61,2022,0.0053,0.0052,0.0054,0.0051,0.0054,0.0050,0.0055
M5,Female,61,2023,0.0052,0.0051,0.0053,0.0050,0.0054,0.0049,0.0055
M5,Female,61,2024,0.0051,0.0050,0.0052,0.0049,0.0053,0.0048,0.0054
M5,Female,61,2025,0.0050,0.0049,0.0051,0.0048,0.0053,0.0046,0.0054
M5,Female,61,2026,0.0049,0.0048,0.0050,0.0046,0.0052,0.0045,0.0053
M5,Female,61,2027,0.0048,0.0047,0.0050,0.0046,0.0051,0.0044,0.0052
M5,Female,61,2028,0.0047,0.0046,0.0049,0.0044,0.0050,0.0043,0.0052
M5,Female,61,2029,0.0046,0.0045,0.0048,0.0043,0.0050,0.0042,0.0051
M5,Female,61,2030,0.0045,0.0044,0.0047,0.0043,0.0049,0.0041,0.0051
M5,Female,61,2031,0.0045,0.0043,0.0046,0.0042,0.0048,0.0040,0.0050
M5,Female,61,2032,0.0044,0.0042,0.0046,0.0041,0.0047,0.0039,0.0049
M5,Female,61,2033,0.0043,0.0041,0.0045,0.0040,0.0047,0.0038,0.0049
M5,Female,61,2034,0.0042,0.0040,0.0044,0.0039,0.0046,0.0037,0.0048
M5,Female,61,2035,0.0041,0.0040,0.0043,0.0038,0.0045,0.0036,0.0047
M5,Female,61,2036,0.0041,0.0039,0.0043,0.0037,0.0044,0.0036,0.0046
M5,Female,61,2037,0.0040,0.0038,0.0042,0.0037,0.0044,0.0035,0.0045
M5,Female,61,2038,0.0039,0.0037,0.0041,0.0036,0.0043,0.0034,0.0045
M5,Female,61,2039,0.0038,0.0036,0.0040,0.0035,0.0042,0.0033,0.0044
M5,Female,61,2040,0.0038,0.0036,0.0040,0.0034,0.0042,0.0032,0.0043
M5,Female,62,2021,0.0059,0.0058,0.0060,0.0058,0.0060,0.0057,0.0061
M5,Female,62,2022,0.0058,0.0057,0.0059,0.0056,0.0060,0.0055,0.0061
M5,Female,62,2023,0.0057,0.0056,0.0058,0.0055,0.0059,0.0054,0.0060
M5,Female,62,2024,0.0056,0.0055,0.0057,0.0053,0.0058,0.0052,0.0060
M5,Female,62,2025,0.0055,0.0053,0.0056,0.0052,0.0058,0.0051,0.0059
M5,Female,62,2026,0.0054,0.0052,0.0055,0.0051,0.0057,0.0050,0.0058
M5,Female,62,2027,0.0053,0.0051,0.0054,0.0050,0.0056,0.0048,0.0057
M5,Female,62,2028,0.0052,0.0050,0.0053,0.0049,0.0055,0.0047,0.0057
M5,Female,62,2029,0.0051,0.0049,0.0053,0.0048,0.0054,0.0046,0.0056
M5,Female,62,2030,0.0050,0.0048,0.0052,0.0047,0.0053,0.0045,0.0055
M5,Female,62,2031,0.0049,0.0047,0.0051,0.0046,0.0053,0.0044,0.0055
M5,Female,62,2032,0.0048,0.0046,0.0050,0.0045,0.0052,0.0043,0.0054
M5,Female,62,2033,0.0047,0.0045,0.0049,0.0044,0.0051,0.0042,0.0053
M5,Female,62,2034,0.0046,0.0044,0.0048,0.0043,0.0051,0.0041,0.0052
M5,Female,62,2035,0.0045,0.0043,0.0048,0.0042,0.0050,0.0040,0.0052
M5,Female,62,2036,0.0045,0.0043,0.0047,0.0041,0.0049,0.0039,0.0051
M5,Female,62,2037,0.0044,0.0042,0.0046,0.0040,0.0048,0.0038,0.0050
M5,Female,62,2038,0.0043,0.0041,0.0045,0.0039,0.0047,0.0037,0.0049
M5,Female,62,2039,0.0042,0.0040,0.0045,0.0038,0.0046,0.0037,0.0048
M5,Female,62,2040,0.0041,0.0039,0.0044,0.0038,0.0046,0.0036,0.0048
M5,Female,63,2021,0.0066,0.0065,0.0067,0.0064,0.0067,0.0064,0.0068
M5,Female,63,2022,0.0065,0.0064,0.0066,0.0063,0.0067,0.0062,0.0068
M5,Female,63,2023,0.0064,0.0062,0.0065,0.0061,0.0066,0.0060,0.0068
M5,Female,63,2024,0.0062,0.0061,0.0064,0.0060,0.0065,0.0059,0.0067
M5,Female,63,2025,0.0061,0.0060,0.0063,0.0058,0.0065,0.0057,0.0066
M5,Female,63,2026,0.0060,0.0058,0.0062,0.0057,0.0064,0.0056,0.0065
M5,Female,63,2027,0.0059,0.0057,0.0061,0.0056,0.0063,0.0054,0.0064
M5,Female,63,2028,0.0058,0.0056,0.0060,0.0055,0.0062,0.0053,0.0064
M5,Female,63,2029,0.0057,0.0055,0.0059,0.0054,0.0061,0.0052,0.0063
M5,Female,63,2030,0.0056,0.0054,0.0058,0.0052,0.0060,0.0050,0.0062
M5,Female,63,2031,0.0055,0.0053,0.0057,0.0051,0.0059,0.0049,0.0062
M5,Female,63,2032,0.0054,0.0052,0.0056,0.0050,0.0058,0.0048,0.0060
M5,Female,63,2033,0.0053,0.0051,0.0055,0.0049,0.0057,0.0047,0.0060
M5,Female,63,2034,0.0052,0.0050,0.0054,0.0048,0.0057,0.0046,0.0059
M5,Female,63,2035,0.0051,0.0049,0.0054,0.0047,0.0056,0.0045,0.0058
M5,Female,63,2036,0.0050,0.0048,0.0053,0.0046,0.0055,0.0044,0.0057
M5,Female,63,2037,0.0049,0.0047,0.0052,0.0045,0.0054,0.0043,0.0056
M5,Female,63,2038,0.0048,0.0046,0.0051,0.0044,0.0053,0.0042,0.0055
M5,Female,63,2039,0.0047,0.0045,0.0050,0.0043,0.0052,0.0041,0.0055
M5,Female,63,2040,0.0047,0.0044,0.0049,0.0042,0.0051,0.0040,0.0054
M5,Female,64,2021,0.0071,0.0070,0.0072,0.0069,0.0073,0.0069,0.0073
M5,Female,64,2022,0.0070,0.0069,0.0071,0.0068,0.0072,0.0067,0.0073
M5,Female,64,2023,0.0069,0.0067,0.0070,0.0066,0.0071,0.0065,0.0073
M5,Female,64,2024,0.0067,0.0066,0.0069,0.0064,0.0071,0.0063,0.0072
M5,Female,64,2025,0.0066,0.0065,0.0068,0.0063,0.0070,0.0062,0.0072
M5,Female,64,2026,0.0065,0.0063,0.0067,0.0062,0.0069,0.0060,0.0070
M5,Female,64,2027,0.0064,0.0062,0.0066,0.0060,0.0068,0.0059,0.0070
M5,Female,64,2028,0.0063,0.0061,0.0065,0.0059,0.0067,0.0057,0.0069
M5,Female,64,2029,0.0062,0.0060,0.0064,0.0058,0.0066,0.0056,0.0068
M5,Female,64,2030,0.0060,0.0059,0.0063,0.0057,0.0065,0.0054,0.0067
M5,Female,64,2031,0.0059,0.0057,0.0062,0.0056,0.0064,0.0053,0.0067
M5,Female,64,2032,0.0058,0.0056,0.0061,0.0054,0.0063,0.0052,0.0065
M5,Female,64,2033,0.0057,0.0055,0.0060,0.0053,0.0062,0.0051,0.0065
M5,Female,64,2034,0.0056,0.0054,0.0059,0.0052,0.0061,0.0050,0.0064
M5,Female,64,2035,0.0055,0.0053,0.0058,0.0051,0.0060,0.0049,0.0063
M5,Female,64,2036,0.0054,0.0052,0.0057,0.0050,0.0059,0.0048,0.0062
M5,Female,64,2037,0.0053,0.0051,0.0056,0.0049,0.0058,0.0047,0.0061
M5,Female,64,2038,0.0052,0.0050,0.0055,0.0048,0.0057,0.0046,0.0060
M5,Female,64,2039,0.0051,0.0049,0.0054,0.0047,0.0057,0.0045,0.0059
M5,Female,64,2040,0.0050,0.0048,0.0053,0.0046,0.0056,0.0044,0.0058
M5,Female,65,2021,0.0079,0.0078,0.0080,0.0077,0.0081,0.0076,0.0082
M5,Female,65,2022,0.0078,0.0076,0.0079,0.0075,0.0080,0.0074,0.0081
M5,Female,65,2023,0.0076,0.0075,0.0078,0.0073,0.0079,0.0072,0.0081
M5,Female,65,2024,0.0075,0.0073,0.0077,0.0072,0.0079,0.0070,0.0080
M5,Female,65,2025,0.0074,0.0072,0.0076,0.0070,0.0078,0.0068,0.0080
M5,Female,65,2026,0.0072,0.0070,0.0074,0.0068,0.0077,0.0067,0.0079
M5,Female,65,2027,0.0071,0.0069,0.0073,0.0067,0.0075,0.0065,0.0078
M5,Female,65,2028,0.0070,0.0068,0.0072,0.0066,0.0074,0.0063,0.0077
M5,Female,65,2029,0.0069,0.0066,0.0071,0.0064,0.0073,0.0062,0.0076
M5,Female,65,2030,0.0067,0.0065,0.0070,0.0063,0.0072,0.0060,0.0075
M5,Female,65,2031,0.0066,0.0064,0.0069,0.0062,0.0072,0.0059,0.0074
M5,Female,65,2032,0.0065,0.0062,0.0068,0.0060,0.0070,0.0058,0.0073
M5,Female,65,2033,0.0064,0.0061,0.0067,0.0059,0.0069,0.0057,0.0072
M5,Female,65,2034,0.0063,0.0060,0.0066,0.0058,0.0069,0.0056,0.0071
M5,Female,65,2035,0.0062,0.0059,0.0065,0.0057,0.0067,0.0054,0.0070
M5,Female,65,2036,0.0061,0.0058,0.0063,0.0055,0.0066,0.0053,0.0069
M5,Female,65,2037,0.0059,0.0057,0.0062,0.0055,0.0065,0.0052,0.0068
M5,Female,65,2038,0.0058,0.0056,0.0062,0.0053,0.0064,0.0051,0.0067
M5,Female,65,2039,0.0057,0.0055,0.0060,0.0052,0.0063,0.0050,0.0066
M5,Female,65,2040,0.0056,0.0053,0.0059,0.0051,0.0062,0.0049,0.0065
M5,Female,66,2021,0.0084,0.0083,0.0085,0.0082,0.0086,0.0081,0.0087
M5,Female,66,2022,0.0083,0.0082,0.0084,0.0080,0.0086,0.0079,0.0087
M5,Female,66,2023,0.0082,0.0080,0.0083,0.0078,0.0085,0.0077,0.0087
M5,Female,66,2024,0.0080,0.0078,0.0082,0.0077,0.0084,0.0075,0.0086
M5,Female,66,2025,0.0079,0.0077,0.0081,0.0075,0.0083,0.0073,0.0085
M5,Female,66,2026,0.0077,0.0075,0.0080,0.0073,0.0082,0.0071,0.0084
M5,Female,66,2027,0.0076,0.0074,0.0078,0.0072,0.0081,0.0070,0.0083
M5,Female,66,2028,0.0075,0.0072,0.0077,0.0070,0.0079,0.0068,0.0082
M5,Female,66,2029,0.0073,0.0071,0.0076,0.0069,0.0078,0.0067,0.0081
M5,Female,66,2030,0.0072,0.0070,0.0075,0.0067,0.0077,0.0065,0.0080
M5,Female,66,2031,0.0071,0.0068,0.0074,0.0066,0.0077,0.0064,0.0080
M5,Female,66,2032,0.0070,0.0067,0.0073,0.0064,0.0075,0.0062,0.0078
M5,Female,66,2033,0.0068,0.0066,0.0071,0.0063,0.0074,0.0061,0.0077
M5,Female,66,2034,0.0067,0.0064,0.0070,0.0062,0.0073,0.0059,0.0076
M5,Female,66,2035,0.0066,0.0063,0.0069,0.0061,0.0072,0.0058,0.0075
M5,Female,66,2036,0.0065,0.0062,0.0068,0.0059,0.0071,0.0057,0.0074
M5,Female,66,2037,0.0064,0.0061,0.0067,0.0058,0.0070,0.0056,0.0073
M5,Female,66,2038,0.0063,0.0060,0.0066,0.0057,0.0069,0.0054,0.0072
M5,Female,66,2039,0.0062,0.0058,0.0065,0.0056,0.0068,0.0053,0.0071
M5,Female,66,2040,0.0061,0.0057,0.0064,0.0055,0.0066,0.0052,0.0070
M5,Female,67,2021,0.0089,0.0088,0.0090,0.0087,0.0091,0.0086,0.0092
M5,Female,67,2022,0.0088,0.0086,0.0089,0.0085,0.0091,0.0084,0.0092
M5,Female,67,2023,0.0086,0.0085,0.0088,0.0083,0.0090,0.0082,0.0092
M5,Female,67,2024,0.0085,0.0083,0.0087,0.0081,0.0089,0.0079,0.0091
M5,Female,67,2025,0.0083,0.0081,0.0086,0.0080,0.0088,0.0077,0.0090
M5,Female,67,2026,0.0082,0.0080,0.0084,0.0078,0.0087,0.0076,0.0089
M5,Female,67,2027,0.0081,0.0078,0.0083,0.0076,0.0086,0.0074,0.0088
M5,Female,67,2028,0.0079,0.0077,0.0082,0.0075,0.0084,0.0072,0.0087
M5,Female,67,2029,0.0078,0.0075,0.0081,0.0073,0.0083,0.0071,0.0086
M5,Female,67,2030,0.0077,0.0074,0.0079,0.0072,0.0082,0.0069,0.0085
M5,Female,67,2031,0.0075,0.0073,0.0078,0.0070,0.0081,0.0068,0.0085
M5,Female,67,2032,0.0074,0.0071,0.0077,0.0068,0.0080,0.0066,0.0083
M5,Female,67,2033,0.0073,0.0070,0.0076,0.0067,0.0079,0.0064,0.0082
M5,Female,67,2034,0.0071,0.0068,0.0075,0.0066,0.0078,0.0063,0.0081
M5,Female,67,2035,0.0070,0.0067,0.0074,0.0064,0.0077,0.0062,0.0080
M5,Female,67,2036,0.0069,0.0066,0.0072,0.0063,0.0075,0.0060,0.0078
M5,Female,67,2037,0.0068,0.0064,0.0071,0.0062,0.0074,0.0059,0.0078
M5,Female,67,2038,0.0067,0.0063,0.0070,0.0061,0.0073,0.0058,0.0077
M5,Female,67,2039,0.0066,0.0062,0.0069,0.0060,0.0072,0.0057,0.0076
M5,Female,67,2040,0.0064,0.0061,0.0068,0.0058,0.0071,0.0056,0.0074
M5,Female,68,2021,0.0100,0.0099,0.0101,0.0098,0.0102,0.0097,0.0104
M5,Female,68,2022,0.0099,0.0097,0.0100,0.0095,0.0102,0.0094,0.0104
M5,Female,68,2023,0.0097,0.0095,0.0099,0.0093,0.0101,0.0092,0.0103
M5,Female,68,2024,0.0095,0.0093,0.0097,0.0091,0.0100,0.0089,0.0102
M5,Female,68,2025,0.0094,0.0091,0.0096,0.0089,0.0099,0.0087,0.0102
M5,Female,68,2026,0.0092,0.0089,0.0095,0.0087,0.0098,0.0085,0.0100
M5,Female,68,2027,0.0091,0.0088,0.0093,0.0086,0.0096,0.0083,0.0099
M5,Female,68,2028,0.0089,0.0086,0.0092,0.0084,0.0095,0.0081,0.0098
M5,Female,68,2029,0.0087,0.0085,0.0091,0.0082,0.0094,0.0079,0.0097
M5,Female,68,2030,0.0086,0.0083,0.0089,0.0080,0.0093,0.0077,0.0096
M5,Female,68,2031,0.0085,0.0082,0.0088,0.0079,0.0092,0.0076,0.0095
M5,Female,68,2032,0.0083,0.0080,0.0087,0.0077,0.0090,0.0074,0.0094
M5,Female,68,2033,0.0082,0.0078,0.0086,0.0076,0.0089,0.0072,0.0092
M5,Female,68,2034,0.0080,0.0077,0.0084,0.0074,0.0088,0.0071,0.0091
M5,Female,68,2035,0.0079,0.0075,0.0083,0.0073,0.0086,0.0069,0.0090
M5,Female,68,2036,0.0078,0.0074,0.0081,0.0071,0.0085,0.0068,0.0088
M5,Female,68,2037,0.0076,0.0073,0.0080,0.0070,0.0084,0.0067,0.0088
M5,Female,68,2038,0.0075,0.0071,0.0079,0.0068,0.0082,0.0065,0.0086
M5,Female,68,2039,0.0074,0.0070,0.0078,0.0067,0.0081,0.0064,0.0085
M5,Female,68,2040,0.0073,0.0069,0.0077,0.0066,0.0080,0.0063,0.0084
M5,Female,69,2021,0.0113,0.0111,0.0114,0.0110,0.0115,0.0109,0.0117
M5,Female,69,2022,0.0111,0.0109,0.0113,0.0108,0.0115,0.0106,0.0117
M5,Female,69,2023,0.0109,0.0107,0.0112,0.0105,0.0114,0.0103,0.0116
M5,Female,69,2024,0.0107,0.0105,0.0110,0.0103,0.0113,0.0101,0.0116
M5,Female,69,2025,0.0106,0.0103,0.0109,0.0101,0.0112,0.0098,0.0115
M5,Female,69,2026,0.0104,0.0101,0.0107,0.0098,0.0110,0.0096,0.0113
M5,Female,69,2027,0.0102,0.0099,0.0105,0.0096,0.0108,0.0093,0.0112
M5,Female,69,2028,0.0101,0.0097,0.0104,0.0095,0.0107,0.0091,0.0111
M5,Female,69,2029,0.0099,0.0096,0.0103,0.0093,0.0106,0.0089,0.0110
M5,Female,69,2030,0.0097,0.0094,0.0101,0.0091,0.0105,0.0087,0.0108
M5,Female,69,2031,0.0096,0.0092,0.0099,0.0089,0.0103,0.0086,0.0107
M5,Female,69,2032,0.0094,0.0090,0.0098,0.0087,0.0102,0.0083,0.0106
M5,Female,69,2033,0.0092,0.0089,0.0097,0.0085,0.0100,0.0082,0.0105
M5,Female,69,2034,0.0091,0.0087,0.0095,0.0084,0.0099,0.0080,0.0103
M5,Female,69,2035,0.0089,0.0085,0.0094,0.0082,0.0097,0.0078,0.0102
M5,Female,69,2036,0.0088,0.0084,0.0092,0.0080,0.0096,0.0077,0.0100
M5,Female,69,2037,0.0086,0.0082,0.0091,0.0079,0.0095,0.0075,0.0099
M5,Female,69,2038,0.0085,0.0081,0.0090,0.0077,0.0093,0.0073,0.0098
M5,Female,69,2039,0.0084,0.0079,0.0088,0.0076,0.0092,0.0072,0.0097
M5,Female,69,2040,0.0082,0.0078,0.0087,0.0074,0.0090,0.0071,0.0095
M5,Female,70,2021,0.0123,0.0122,0.0125,0.0120,0.0126,0.0119,0.0128
M5,Female,70,2022,0.0121,0.0119,0.0124,0.0118,0.0125,0.0116,0.0128
M5,Female,70,2023,0.0120,0.0117,0.0122,0.0115,0.0125,0.0113,0.0127
M5,Female,70,2024,0.0117,0.0115,0.0120,0.0112,0.0123,0.0110,0.0126
M5,Female,70,2025,0.0116,0.0113,0.0119,0.0110,0.0122,0.0107,0.0126
M5,Female,70,2026,0.0114,0.0110,0.0117,0.0107,0.0120,0.0105,0.0124
M5,Female,70,2027,0.0112,0.0108,0.0115,0.0106,0.0119,0.0102,0.0122
M5,Female,70,2028,0.0110,0.0106,0.0114,0.0104,0.0117,0.0100,0.0121
M5,Female,70,2029,0.0108,0.0105,0.0112,0.0101,0.0116,0.0098,0.0120
M5,Female,70,2030,0.0106,0.0103,0.0110,0.0099,0.0115,0.0096,0.0119
M5,Female,70,2031,0.0105,0.0101,0.0109,0.0098,0.0113,0.0094,0.0118
M5,Female,70,2032,0.0103,0.0099,0.0107,0.0095,0.0112,0.0091,0.0116
M5,Female,70,2033,0.0101,0.0097,0.0106,0.0094,0.0110,0.0089,0.0115
M5,Female,70,2034,0.0100,0.0095,0.0104,0.0092,0.0109,0.0088,0.0113
M5,Female,70,2035,0.0098,0.0093,0.0103,0.0090,0.0107,0.0086,0.0111
M5,Female,70,2036,0.0096,0.0092,0.0101,0.0088,0.0105,0.0084,0.0110
M5,Female,70,2037,0.0095,0.0090,0.0100,0.0086,0.0104,0.0083,0.0109
M5,Female,70,2038,0.0093,0.0088,0.0098,0.0085,0.0102,0.0081,0.0108
M5,Female,70,2039,0.0092,0.0087,0.0097,0.0083,0.0101,0.0079,0.0106
M5,Female,70,2040,0.0090,0.0085,0.0095,0.0081,0.0099,0.0077,0.0105
M5,Female,71,2021,0.0134,0.0132,0.0136,0.0131,0.0137,0.0129,0.0139
M5,Female,71,2022,0.0132,0.0130,0.0135,0.0128,0.0137,0.0126,0.0139
M5,Female,71,2023,0.0130,0.0128,0.0133,0.0125,0.0136,0.0123,0.0139
M5,Female,71,2024,0.0128,0.0125,0.0131,0.0122,0.0134,0.0119,0.0138
M5,Female,71,2025,0.0126,0.0123,0.0130,0.0120,0.0133,0.0117,0.0137
M5,Female,71,2026,0.0124,0.0120,0.0128,0.0117,0.0131,0.0114,0.0135
M5,Female,71,2027,0.0122,0.0118,0.0126,0.0115,0.0130,0.0111,0.0134
M5,Female,71,2028,0.0120,0.0116,0.0124,0.0113,0.0128,0.0109,0.0132
M5,Female,71,2029,0.0118,0.0114,0.0122,0.0110,0.0126,0.0107,0.0131
M5,Female,71,2030,0.0116,0.0112,0.0121,0.0108,0.0125,0.0104,0.0130
M5,Female,71,2031,0.0114,0.0110,0.0119,0.0106,0.0124,0.0102,0.0129
M5,Female,71,2032,0.0112,0.0108,0.0117,0.0104,0.0122,0.0099,0.0126
M5,Female,71,2033,0.0111,0.0106,0.0116,0.0102,0.0120,0.0097,0.0125
M5,Female,71,2034,0.0109,0.0104,0.0114,0.0100,0.0119,0.0096,0.0123
M5,Female,71,2035,0.0107,0.0102,0.0112,0.0098,0.0117,0.0093,0.0122
M5,Female,71,2036,0.0105,0.0100,0.0111,0.0096,0.0115,0.0092,0.0120
M5,Female,71,2037,0.0104,0.0098,0.0109,0.0094,0.0114,0.0090,0.0119
M5,Female,71,2038,0.0102,0.0097,0.0108,0.0092,0.0112,0.0088,0.0118
M5,Female,71,2039,0.0100,0.0095,0.0106,0.0091,0.0110,0.0087,0.0116
M5,Female,71,2040,0.0099,0.0093,0.0104,0.0089,0.0109,0.0085,0.0115
M5,Female,72,2021,0.0147,0.0145,0.0149,0.0144,0.0151,0.0142,0.0153
M5,Female,72,2022,0.0145,0.0143,0.0148,0.0141,0.0151,0.0138,0.0153
M5,Female,72,2023,0.0143,0.0140,0.0147,0.0138,0.0149,0.0135,0.0153
M5,Female,72,2024,0.0140,0.0138,0.0144,0.0134,0.0148,0.0131,0.0152
M5,Female,72,2025,0.0139,0.0135,0.0143,0.0132,0.0147,0.0129,0.0151
M5,Female,72,2026,0.0136,0.0132,0.0140,0.0129,0.0145,0.0126,0.0149
M5,Female,72,2027,0.0134,0.0130,0.0138,0.0127,0.0143,0.0123,0.0147
M5,Female,72,2028,0.0132,0.0128,0.0137,0.0124,0.0141,0.0120,0.0146
M5,Female,72,2029,0.0130,0.0126,0.0135,0.0121,0.0139,0.0118,0.0144
M5,Female,72,2030,0.0128,0.0124,0.0133,0.0119,0.0138,0.0115,0.0143
M5,Female,72,2031,0.0126,0.0121,0.0131,0.0117,0.0136,0.0113,0.0142
M5,Female,72,2032,0.0124,0.0119,0.0129,0.0115,0.0135,0.0110,0.0140
M5,Female,72,2033,0.0122,0.0117,0.0128,0.0113,0.0133,0.0107,0.0138
M5,Female,72,2034,0.0120,0.0115,0.0126,0.0110,0.0131,0.0106,0.0136
M5,Female,72,2035,0.0118,0.0112,0.0124,0.0108,0.0129,0.0103,0.0135
M5,Female,72,2036,0.0116,0.0111,0.0122,0.0106,0.0128,0.0101,0.0133
M5,Female,72,2037,0.0114,0.0109,0.0121,0.0104,0.0126,0.0100,0.0131
M5,Female,72,2038,0.0113,0.0107,0.0119,0.0102,0.0124,0.0097,0.0130
M5,Female,72,2039,0.0111,0.0105,0.0117,0.0100,0.0122,0.0096,0.0128
M5,Female,72,2040,0.0109,0.0103,0.0115,0.0098,0.0120,0.0093,0.0127
M5,Female,73,2021,0.0163,0.0161,0.0165,0.0159,0.0167,0.0156,0.0169
M5,Female,73,2022,0.0161,0.0158,0.0164,0.0155,0.0166,0.0153,0.0169
M5,Female,73,2023,0.0158,0.0155,0.0162,0.0152,0.0165,0.0150,0.0169
M5,Female,73,2024,0.0155,0.0152,0.0159,0.0148,0.0163,0.0145,0.0168
M5,Female,73,2025,0.0154,0.0149,0.0158,0.0146,0.0162,0.0142,0.0167
M5,Female,73,2026,0.0151,0.0146,0.0155,0.0142,0.0160,0.0139,0.0165
M5,Female,73,2027,0.0149,0.0144,0.0153,0.0140,0.0158,0.0136,0.0163
M5,Female,73,2028,0.0146,0.0141,0.0152,0.0138,0.0156,0.0133,0.0161
M5,Female,73,2029,0.0144,0.0139,0.0149,0.0134,0.0154,0.0130,0.0160
M5,Female,73,2030,0.0142,0.0137,0.0147,0.0132,0.0153,0.0127,0.0159
M5,Female,73,2031,0.0139,0.0134,0.0145,0.0130,0.0151,0.0125,0.0157
M5,Female,73,2032,0.0137,0.0132,0.0143,0.0127,0.0149,0.0122,0.0155
M5,Female,73,2033,0.0135,0.0130,0.0141,0.0125,0.0147,0.0119,0.0153
M5,Female,73,2034,0.0133,0.0127,0.0140,0.0122,0.0146,0.0117,0.0151
M5,Female,73,2035,0.0131,0.0125,0.0138,0.0120,0.0143,0.0114,0.0149
M5,Female,73,2036,0.0129,0.0123,0.0136,0.0117,0.0142,0.0112,0.0147
M5,Female,73,2037,0.0127,0.0121,0.0134,0.0115,0.0139,0.0111,0.0146
M5,Female,73,2038,0.0125,0.0119,0.0132,0.0113,0.0138,0.0107,0.0145
M5,Female,73,2039,0.0123,0.0117,0.0130,0.0111,0.0136,0.0106,0.0142
M5,Female,73,2040,0.0121,0.0114,0.0128,0.0109,0.0133,0.0104,0.0142
M5,Female,74,2021,0.0176,0.0173,0.0178,0.0171,0.0180,0.0169,0.0183
M5,Female,74,2022,0.0174,0.0171,0.0177,0.0168,0.0180,0.0165,0.0183
M5,Female,74,2023,0.0171,0.0168,0.0175,0.0165,0.0179,0.0161,0.0183
M5,Female,74,2024,0.0168,0.0164,0.0172,0.0160,0.0177,0.0156,0.0182
M5,Female,74,2025,0.0166,0.0162,0.0171,0.0158,0.0176,0.0154,0.0181
M5,Female,74,2026,0.0163,0.0158,0.0168,0.0154,0.0173,0.0150,0.0179
M5,Female,74,2027,0.0161,0.0156,0.0166,0.0151,0.0171,0.0147,0.0177
M5,Female,74,2028,0.0158,0.0153,0.0164,0.0149,0.0169,0.0143,0.0175
M5,Female,74,2029,0.0156,0.0150,0.0162,0.0145,0.0167,0.0141,0.0173
M5,Female,74,2030,0.0154,0.0148,0.0159,0.0143,0.0166,0.0138,0.0172
M5,Female,74,2031,0.0151,0.0145,0.0157,0.0141,0.0164,0.0135,0.0171
M5,Female,74,2032,0.0149,0.0143,0.0155,0.0138,0.0162,0.0131,0.0168
M5,Female,74,2033,0.0147,0.0140,0.0153,0.0135,0.0160,0.0129,0.0166
M5,Female,74,2034,0.0144,0.0138,0.0151,0.0133,0.0158,0.0127,0.0164
M5,Female,74,2035,0.0142,0.0135,0.0149,0.0130,0.0155,0.0124,0.0162
M5,Female,74,2036,0.0140,0.0133,0.0147,0.0127,0.0154,0.0122,0.0160
M5,Female,74,2037,0.0138,0.0131,0.0145,0.0125,0.0152,0.0120,0.0159
M5,Female,74,2038,0.0136,0.0129,0.0143,0.0122,0.0149,0.0117,0.0157
M5,Female,74,2039,0.0133,0.0127,0.0141,0.0120,0.0148,0.0115,0.0155
M5,Female,74,2040,0.0131,0.0124,0.0139,0.0118,0.0145,0.0113,0.0154
M5,Female,75,2021,0.0198,0.0195,0.0201,0.0193,0.0203,0.0190,0.0206
M5,Female,75,2022,0.0196,0.0192,0.0199,0.0189,0.0203,0.0186,0.0206
M5,Female,75,2023,0.0193,0.0189,0.0198,0.0185,0.0202,0.0182,0.0206
M5,Female,75,2024,0.0189,0.0185,0.0194,0.0181,0.0199,0.0176,0.0205
M5,Female,75,2025,0.0187,0.0182,0.0193,0.0178,0.0198,0.0173,0.0204
M5,Female,75,2026,0.0184,0.0178,0.0190,0.0174,0.0195,0.0169,0.0202
M5,Female,75,2027,0.0181,0.0176,0.0187,0.0171,0.0193,0.0165,0.0200
M5,Female,75,2028,0.0179,0.0173,0.0185,0.0168,0.0191,0.0162,0.0198
M5,Female,75,2029,0.0176,0.0170,0.0183,0.0164,0.0189,0.0158,0.0196
M5,Female,75,2030,0.0173,0.0167,0.0180,0.0161,0.0188,0.0155,0.0194
M5,Female,75,2031,0.0171,0.0164,0.0178,0.0159,0.0185,0.0153,0.0193
M5,Female,75,2032,0.0168,0.0161,0.0176,0.0155,0.0183,0.0148,0.0190
M5,Female,75,2033,0.0166,0.0158,0.0173,0.0152,0.0180,0.0146,0.0188
M5,Female,75,2034,0.0163,0.0156,0.0171,0.0150,0.0178,0.0143,0.0186
M5,Female,75,2035,0.0161,0.0153,0.0169,0.0147,0.0176,0.0140,0.0184
M5,Female,75,2036,0.0158,0.0151,0.0167,0.0144,0.0174,0.0138,0.0181
M5,Female,75,2037,0.0156,0.0148,0.0164,0.0141,0.0172,0.0135,0.0180
M5,Female,75,2038,0.0153,0.0145,0.0162,0.0139,0.0169,0.0132,0.0178
M5,Female,75,2039,0.0151,0.0143,0.0160,0.0136,0.0167,0.0130,0.0175
M5,Female,75,2040,0.0149,0.0140,0.0158,0.0134,0.0164,0.0127,0.0174
M5,Female,76,2021,0.0223,0.0220,0.0226,0.0217,0.0229,0.0214,0.0233
M5,Female,76,2022,0.0221,0.0217,0.0225,0.0213,0.0229,0.0210,0.0232
M5,Female,76,2023,0.0218,0.0213,0.0223,0.0209,0.0228,0.0205,0.0233
M5,Female,76,2024,0.0213,0.0209,0.0219,0.0204,0.0225,0.0199,0.0231
M5,Female,76,2025,0.0211,0.0206,0.0218,0.0201,0.0223,0.0195,0.0230
M5,Female,76,2026,0.0208,0.0201,0.0214,0.0196,0.0221,0.0191,0.0228
M5,Female,76,2027,0.0205,0.0198,0.0211,0.0193,0.0218,0.0187,0.0226
M5,Female,76,2028,0.0202,0.0195,0.0210,0.0189,0.0216,0.0183,0.0224
M5,Female,76,2029,0.0199,0.0192,0.0207,0.0185,0.0213,0.0179,0.0221
M5,Female,76,2030,0.0196,0.0189,0.0203,0.0182,0.0212,0.0175,0.0219
M5,Female,76,2031,0.0193,0.0185,0.0201,0.0179,0.0209,0.0172,0.0218
M5,Female,76,2032,0.0190,0.0182,0.0199,0.0175,0.0207,0.0168,0.0215
M5,Female,76,2033,0.0187,0.0179,0.0196,0.0172,0.0204,0.0164,0.0213
M5,Female,76,2034,0.0184,0.0176,0.0194,0.0169,0.0202,0.0162,0.0211
M5,Female,76,2035,0.0182,0.0173,0.0191,0.0166,0.0199,0.0158,0.0208
M5,Female,76,2036,0.0179,0.0170,0.0189,0.0162,0.0197,0.0156,0.0205
M5,Female,76,2037,0.0176,0.0167,0.0186,0.0160,0.0194,0.0153,0.0204
M5,Female,76,2038,0.0174,0.0165,0.0184,0.0157,0.0192,0.0149,0.0202
M5,Female,76,2039,0.0171,0.0162,0.0181,0.0154,0.0189,0.0147,0.0199
M5,Female,76,2040,0.0169,0.0159,0.0178,0.0151,0.0186,0.0144,0.0198
M5,Female,77,2021,0.0237,0.0233,0.0240,0.0230,0.0243,0.0227,0.0247
M5,Female,77,2022,0.0234,0.0230,0.0239,0.0226,0.0243,0.0222,0.0247
M5,Female,77,2023,0.0232,0.0226,0.0237,0.0222,0.0242,0.0217,0.0248
M5,Female,77,2024,0.0227,0.0222,0.0233,0.0217,0.0239,0.0211,0.0246
M5,Female,77,2025,0.0225,0.0219,0.0231,0.0214,0.0238,0.0207,0.0245
M5,Female,77,2026,0.0221,0.0214,0.0228,0.0208,0.0235,0.0203,0.0242
M5,Female,77,2027,0.0218,0.0211,0.0225,0.0205,0.0232,0.0198,0.0240
M5,Female,77,2028,0.0215,0.0207,0.0223,0.0201,0.0230,0.0195,0.0239
M5,Female,77,2029,0.0211,0.0204,0.0220,0.0197,0.0227,0.0190,0.0236
M5,Female,77,2030,0.0209,0.0201,0.0216,0.0194,0.0226,0.0186,0.0234
M5,Female,77,2031,0.0205,0.0197,0.0214,0.0191,0.0223,0.0183,0.0232
M5,Female,77,2032,0.0202,0.0194,0.0212,0.0187,0.0221,0.0178,0.0229
M5,Female,77,2033,0.0200,0.0191,0.0209,0.0184,0.0218,0.0175,0.0227
M5,Female,77,2034,0.0197,0.0187,0.0206,0.0180,0.0215,0.0172,0.0225
M5,Female,77,2035,0.0194,0.0184,0.0204,0.0177,0.0213,0.0168,0.0222
M5,Female,77,2036,0.0191,0.0181,0.0202,0.0173,0.0210,0.0166,0.0220
M5,Female,77,2037,0.0188,0.0178,0.0198,0.0170,0.0208,0.0163,0.0217
M5,Female,77,2038,0.0185,0.0175,0.0196,0.0167,0.0205,0.0159,0.0216
M5,Female,77,2039,0.0183,0.0173,0.0193,0.0165,0.0202,0.0157,0.0213
M5,Female,77,2040,0.0180,0.0169,0.0191,0.0161,0.0199,0.0153,0.0211
M5,Female,78,2021,0.0272,0.0268,0.0276,0.0265,0.0280,0.0261,0.0285
M5,Female,78,2022,0.0270,0.0265,0.0275,0.0260,0.0280,0.0256,0.0285
M5,Female,78,2023,0.0267,0.0260,0.0273,0.0255,0.0279,0.0250,0.0286
M5,Female,78,2024,0.0261,0.0255,0.0268,0.0249,0.0275,0.0243,0.0283
M5,Female,78,2025,0.0259,0.0252,0.0267,0.0246,0.0274,0.0239,0.0282
M5,Female,78,2026,0.0254,0.0247,0.0262,0.0240,0.0271,0.0233,0.0280
M5,Female,78,2027,0.0251,0.0243,0.0259,0.0236,0.0267,0.0229,0.0277
M5,Female,78,2028,0.0248,0.0239,0.0257,0.0232,0.0265,0.0224,0.0275
M5,Female,78,2029,0.0244,0.0235,0.0254,0.0227,0.0262,0.0219,0.0272
M5,Female,78,2030,0.0241,0.0232,0.0250,0.0224,0.0261,0.0214,0.0270
M5,Female,78,2031,0.0237,0.0228,0.0247,0.0220,0.0258,0.0211,0.0268
M5,Female,78,2032,0.0234,0.0224,0.0244,0.0215,0.0255,0.0205,0.0264
M5,Female,78,2033,0.0230,0.0220,0.0241,0.0212,0.0252,0.0202,0.0262
M5,Female,78,2034,0.0227,0.0217,0.0238,0.0208,0.0249,0.0199,0.0260
M5,Female,78,2035,0.0224,0.0213,0.0236,0.0204,0.0246,0.0194,0.0257
M5,Female,78,2036,0.0221,0.0209,0.0233,0.0200,0.0243,0.0191,0.0254
M5,Female,78,2037,0.0217,0.0206,0.0229,0.0197,0.0240,0.0188,0.0251
M5,Female,78,2038,0.0214,0.0203,0.0226,0.0193,0.0238,0.0183,0.0250
M5,Female,78,2039,0.0211,0.0200,0.0224,0.0190,0.0234,0.0181,0.0246
M5,Female,78,2040,0.0208,0.0196,0.0220,0.0187,0.0231,0.0177,0.0245
M5,Female,79,2021,0.0296,0.0292,0.0301,0.0288,0.0305,0.0284,0.0310
M5,Female,79,2022,0.0294,0.0288,0.0299,0.0283,0.0305,0.0279,0.0310
M5,Female,79,2023,0.0290,0.0283,0.0297,0.0278,0.0304,0.0272,0.0311
M5,Female,79,2024,0.0284,0.0278,0.0292,0.0271,0.0299,0.0264,0.0309
M5,Female,79,2025,0.0282,0.0274,0.0291,0.0268,0.0298,0.0260,0.0308
M5,Female,79,2026,0.0277,0.0269,0.0286,0.0261,0.0295,0.0254,0.0305
M5,Female,79,2027,0.0274,0.0264,0.0283,0.0257,0.0292,0.0249,0.0302
M5,Female,79,2028,0.0270,0.0260,0.0281,0.0253,0.0289,0.0244,0.0301
M5,Female,79,2029,0.0266,0.0256,0.0276,0.0247,0.0286,0.0238,0.0297
M5,Female,79,2030,0.0262,0.0253,0.0272,0.0244,0.0284,0.0233,0.0295
M5,Female,79,2031,0.0259,0.0248,0.0270,0.0240,0.0281,0.0230,0.0293
M5,Female,79,2032,0.0255,0.0244,0.0267,0.0235,0.0278,0.0224,0.0289
M5,Female,79,2033,0.0252,0.0240,0.0263,0.0231,0.0275,0.0220,0.0287
M5,Female,79,2034,0.0248,0.0236,0.0260,0.0227,0.0272,0.0216,0.0284
M5,Female,79,2035,0.0245,0.0232,0.0257,0.0223,0.0269,0.0212,0.0281
M5,Female,79,2036,0.0241,0.0229,0.0255,0.0218,0.0266,0.0208,0.0278
M5,Female,79,2037,0.0238,0.0225,0.0250,0.0215,0.0263,0.0205,0.0275
M5,Female,79,2038,0.0234,0.0222,0.0248,0.0210,0.0260,0.0201,0.0273
M5,Female,79,2039,0.0231,0.0218,0.0245,0.0208,0.0256,0.0197,0.0270
M5,Female,79,2040,0.0228,0.0214,0.0241,0.0204,0.0253,0.0194,0.0268
M5,Female,80,2021,0.0347,0.0342,0.0353,0.0337,0.0358,0.0332,0.0363
M5,Female,80,2022,0.0344,0.0338,0.0351,0.0332,0.0357,0.0327,0.0364
M5,Female,80,2023,0.0341,0.0333,0.0349,0.0326,0.0357,0.0319,0.0365
M5,Female,80,2024,0.0334,0.0326,0.0343,0.0318,0.0351,0.0310,0.0363
M5,Female,80,2025,0.0331,0.0322,0.0341,0.0314,0.0351,0.0305,0.0362
M5,Female,80,2026,0.0326,0.0315,0.0336,0.0306,0.0346,0.0298,0.0358
M5,Female,80,2027,0.0321,0.0310,0.0332,0.0302,0.0343,0.0292,0.0355
M5,Female,80,2028,0.0317,0.0306,0.0330,0.0297,0.0340,0.0287,0.0354
M5,Female,80,2029,0.0312,0.0301,0.0325,0.0291,0.0337,0.0280,0.0350
M5,Female,80,2030,0.0309,0.0297,0.0320,0.0286,0.0335,0.0274,0.0348
M5,Female,80,2031,0.0304,0.0292,0.0318,0.0282,0.0331,0.0271,0.0345
M5,Female,80,2032,0.0300,0.0287,0.0314,0.0276,0.0327,0.0263,0.0340
M5,Female,80,2033,0.0296,0.0283,0.0310,0.0272,0.0324,0.0258,0.0337
M5,Female,80,2034,0.0292,0.0278,0.0306,0.0267,0.0321,0.0254,0.0335
M5,Female,80,2035,0.0288,0.0273,0.0303,0.0262,0.0317,0.0249,0.0331
M5,Female,80,2036,0.0284,0.0269,0.0300,0.0256,0.0314,0.0245,0.0327
M5,Female,80,2037,0.0280,0.0265,0.0295,0.0253,0.0310,0.0241,0.0324
M5,Female,80,2038,0.0276,0.0261,0.0292,0.0248,0.0307,0.0236,0.0322
M5,Female,80,2039,0.0272,0.0257,0.0288,0.0244,0.0302,0.0232,0.0319
M5,Female,80,2040,0.0269,0.0252,0.0284,0.0240,0.0299,0.0228,0.0317
M5,Female,81,2021,0.0391,0.0385,0.0397,0.0380,0.0403,0.0374,0.0409
M5,Female,81,2022,0.0388,0.0381,0.0395,0.0374,0.0403,0.0367,0.0410
M5,Female,81,2023,0.0384,0.0375,0.0394,0.0367,0.0402,0.0360,0.0412
M5,Female,81,2024,0.0376,0.0367,0.0386,0.0359,0.0396,0.0349,0.0409
M5,Female,81,2025,0.0374,0.0363,0.0385,0.0354,0.0395,0.0344,0.0408
M5,Female,81,2026,0.0367,0.0356,0.0379,0.0345,0.0391,0.0336,0.0405
M5,Female,81,2027,0.0363,0.0350,0.0375,0.0340,0.0387,0.0329,0.0401
M5,Female,81,2028,0.0358,0.0345,0.0372,0.0335,0.0384,0.0323,0.0399
M5,Female,81,2029,0.0353,0.0340,0.0367,0.0328,0.0380,0.0316,0.0395
M5,Female,81,2030,0.0348,0.0336,0.0362,0.0323,0.0378,0.0309,0.0393
M5,Female,81,2031,0.0344,0.0330,0.0359,0.0318,0.0374,0.0306,0.0391
M5,Female,81,2032,0.0339,0.0324,0.0355,0.0311,0.0370,0.0297,0.0385
M5,Female,81,2033,0.0335,0.0320,0.0351,0.0307,0.0367,0.0291,0.0381
M5,Female,81,2034,0.0330,0.0314,0.0346,0.0302,0.0363,0.0287,0.0379
M5,Female,81,2035,0.0326,0.0309,0.0343,0.0296,0.0358,0.0281,0.0375
M5,Female,81,2036,0.0321,0.0305,0.0339,0.0290,0.0355,0.0277,0.0371
M5,Female,81,2037,0.0317,0.0300,0.0334,0.0286,0.0351,0.0272,0.0367
M5,Female,81,2038,0.0313,0.0296,0.0331,0.0280,0.0347,0.0266,0.0365
M5,Female,81,2039,0.0308,0.0291,0.0326,0.0277,0.0343,0.0263,0.0361
M5,Female,81,2040,0.0304,0.0285,0.0322,0.0271,0.0339,0.0258,0.0359
M5,Female,82,2021,0.0448,0.0441,0.0455,0.0435,0.0462,0.0428,0.0469
M5,Female,82,2022,0.0445,0.0436,0.0453,0.0429,0.0462,0.0421,0.0470
M5,Female,82,2023,0.0440,0.0430,0.0451,0.0421,0.0461,0.0412,0.0472
M5,Female,82,2024,0.0431,0.0420,0.0443,0.0411,0.0454,0.0400,0.0470
M5,Female,82,2025,0.0429,0.0417,0.0442,0.0406,0.0454,0.0394,0.0469
M5,Female,82,2026,0.0421,0.0408,0.0435,0.0395,0.0449,0.0385,0.0465
M5,Female,82,2027,0.0416,0.0402,0.0430,0.0391,0.0445,0.0377,0.0461
M5,Female,82,2028,0.0411,0.0396,0.0427,0.0384,0.0441,0.0371,0.0459
M5,Female,82,2029,0.0405,0.0390,0.0421,0.0376,0.0437,0.0362,0.0454
M5,Female,82,2030,0.0400,0.0385,0.0416,0.0371,0.0434,0.0355,0.0452
M5,Female,82,2031,0.0395,0.0379,0.0413,0.0366,0.0431,0.0351,0.0450
M5,Female,82,2032,0.0390,0.0373,0.0408,0.0358,0.0425,0.0341,0.0443
M5,Female,82,2033,0.0385,0.0368,0.0404,0.0352,0.0422,0.0334,0.0439
M5,Female,82,2034,0.0379,0.0361,0.0399,0.0347,0.0417,0.0330,0.0437
M5,Female,82,2035,0.0375,0.0355,0.0395,0.0340,0.0412,0.0323,0.0432
M5,Female,82,2036,0.0370,0.0350,0.0390,0.0333,0.0409,0.0318,0.0427
M5,Female,82,2037,0.0365,0.0345,0.0385,0.0329,0.0404,0.0313,0.0422
M5,Female,82,2038,0.0360,0.0340,0.0381,0.0322,0.0400,0.0306,0.0421
M5,Female,82,2039,0.0355,0.0335,0.0376,0.0318,0.0395,0.0302,0.0417
M5,Female,82,2040,0.0351,0.0329,0.0371,0.0312,0.0391,0.0298,0.0414
M5,Female,83,2021,0.0529,0.0521,0.0538,0.0513,0.0546,0.0505,0.0555
M5,Female,83,2022,0.0526,0.0516,0.0536,0.0506,0.0546,0.0497,0.0555
M5,Female,83,2023,0.0521,0.0508,0.0534,0.0497,0.0546,0.0487,0.0558
M5,Female,83,2024,0.0510,0.0497,0.0524,0.0485,0.0537,0.0472,0.0556
M5,Female,83,2025,0.0507,0.0493,0.0523,0.0480,0.0537,0.0466,0.0555
M5,Female,83,2026,0.0499,0.0483,0.0515,0.0467,0.0531,0.0455,0.0551
M5,Female,83,2027,0.0493,0.0476,0.0510,0.0462,0.0527,0.0446,0.0546
M5,Female,83,2028,0.0487,0.0469,0.0506,0.0455,0.0523,0.0439,0.0544
M5,Female,83,2029,0.0480,0.0461,0.0499,0.0445,0.0518,0.0429,0.0538
M5,Female,83,2030,0.0475,0.0457,0.0493,0.0438,0.0515,0.0420,0.0535
M5,Female,83,2031,0.0468,0.0449,0.0490,0.0433,0.0511,0.0415,0.0534
M5,Female,83,2032,0.0462,0.0442,0.0484,0.0423,0.0505,0.0404,0.0526
M5,Female,83,2033,0.0456,0.0435,0.0478,0.0418,0.0501,0.0396,0.0520
M5,Female,83,2034,0.0450,0.0429,0.0473,0.0411,0.0495,0.0392,0.0518
M5,Female,83,2035,0.0445,0.0421,0.0469,0.0403,0.0489,0.0382,0.0512
M5,Female,83,2036,0.0439,0.0416,0.0463,0.0395,0.0486,0.0378,0.0507
M5,Female,83,2037,0.0433,0.0410,0.0457,0.0390,0.0480,0.0371,0.0502
M5,Female,83,2038,0.0428,0.0404,0.0452,0.0382,0.0476,0.0363,0.0501
M5,Female,83,2039,0.0422,0.0398,0.0447,0.0378,0.0470,0.0359,0.0496
M5,Female,83,2040,0.0417,0.0390,0.0441,0.0371,0.0465,0.0353,0.0492
M5,Female,84,2021,0.0612,0.0602,0.0622,0.0593,0.0632,0.0584,0.0643
M5,Female,84,2022,0.0608,0.0597,0.0620,0.0586,0.0632,0.0575,0.0643
M5,Female,84,2023,0.0603,0.0588,0.0618,0.0576,0.0632,0.0564,0.0647
M5,Female,84,2024,0.0591,0.0575,0.0607,0.0561,0.0623,0.0546,0.0643
M5,Female,84,2025,0.0588,0.0571,0.0606,0.0556,0.0622,0.0539,0.0644
M5,Female,84,2026,0.0578,0.0559,0.0597,0.0541,0.0616,0.0527,0.0639
M5,Female,84,2027,0.0571,0.0551,0.0591,0.0535,0.0611,0.0517,0.0634
M5,Female,84,2028,0.0565,0.0544,0.0587,0.0527,0.0607,0.0508,0.0631
M5,Female,84,2029,0.0557,0.0535,0.0580,0.0516,0.0602,0.0497,0.0624
M5,Female,84,2030,0.0551,0.0530,0.0572,0.0508,0.0597,0.0487,0.0621
M5,Female,84,2031,0.0543,0.0520,0.0569,0.0502,0.0593,0.0482,0.0620
M5,Female,84,2032,0.0536,0.0513,0.0562,0.0491,0.0586,0.0468,0.0611
M5,Female,84,2033,0.0530,0.0506,0.0556,0.0485,0.0582,0.0459,0.0604
M5,Female,84,2034,0.0523,0.0498,0.0550,0.0477,0.0575,0.0455,0.0602
M5,Female,84,2035,0.0517,0.0489,0.0545,0.0469,0.0569,0.0444,0.0595
M5,Female,84,2036,0.0510,0.0484,0.0539,0.0459,0.0565,0.0439,0.0590
M5,Female,84,2037,0.0504,0.0477,0.0532,0.0454,0.0559,0.0430,0.0585
M5,Female,84,2038,0.0497,0.0470,0.0526,0.0444,0.0555,0.0421,0.0584
M5,Female,84,2039,0.0491,0.0463,0.0520,0.0440,0.0547,0.0417,0.0578
M5,Female,84,2040,0.0485,0.0454,0.0514,0.0431,0.0542,0.0410,0.0573
M5,Female,85,2021,0.0731,0.0719,0.0743,0.0708,0.0754,0.0697,0.0767
M5,Female,85,2022,0.0726,0.0712,0.0740,0.0699,0.0755,0.0686,0.0768
M5,Female,85,2023,0.0720,0.0703,0.0738,0.0687,0.0755,0.0673,0.0773
M5,Female,85,2024,0.0706,0.0686,0.0726,0.0670,0.0744,0.0652,0.0769
M5,Female,85,2025,0.0702,0.0682,0.0724,0.0664,0.0744,0.0644,0.0770
M5,Female,85,2026,0.0691,0.0668,0.0713,0.0647,0.0736,0.0629,0.0764
M5,Female,85,2027,0.0683,0.0659,0.0706,0.0640,0.0731,0.0618,0.0759
M5,Female,85,2028,0.0676,0.0650,0.0702,0.0630,0.0727,0.0607,0.0756
M5,Female,85,2029,0.0666,0.0639,0.0693,0.0617,0.0721,0.0595,0.0748
M5,Female,85,2030,0.0659,0.0634,0.0685,0.0608,0.0715,0.0583,0.0745
M5,Female,85,2031,0.0650,0.0623,0.0681,0.0601,0.0711,0.0576,0.0742
M5,Female,85,2032,0.0642,0.0615,0.0673,0.0589,0.0701,0.0560,0.0732
M5,Female,85,2033,0.0635,0.0606,0.0666,0.0581,0.0698,0.0548,0.0724
M5,Female,85,2034,0.0627,0.0596,0.0660,0.0571,0.0689,0.0544,0.0722
M5,Female,85,2035,0.0619,0.0587,0.0653,0.0561,0.0682,0.0531,0.0713
M5,Female,85,2036,0.0612,0.0580,0.0646,0.0550,0.0677,0.0526,0.0707
M5,Female,85,2037,0.0604,0.0572,0.0638,0.0544,0.0670,0.0516,0.0702
M5,Female,85,2038,0.0597,0.0564,0.0631,0.0533,0.0666,0.0505,0.0701
M5,Female,85,2039,0.0589,0.0556,0.0624,0.0527,0.0657,0.0501,0.0694
M5,Female,85,2040,0.0582,0.0545,0.0617,0.0518,0.0651,0.0492,0.0688
M5,Female,86,2021,0.0818,0.0805,0.0832,0.0792,0.0845,0.0780,0.0860
M5,Female,86,2022,0.0814,0.0798,0.0830,0.0783,0.0847,0.0768,0.0860
M5,Female,86,2023,0.0807,0.0788,0.0827,0.0770,0.0846,0.0755,0.0866
M5,Female,86,2024,0.0791,0.0769,0.0813,0.0751,0.0834,0.0731,0.0862
M5,Female,86,2025,0.0788,0.0765,0.0813,0.0744,0.0834,0.0722,0.0864
M5,Female,86,2026,0.0775,0.0749,0.0800,0.0726,0.0825,0.0705,0.0858
M5,Female,86,2027,0.0766,0.0740,0.0793,0.0717,0.0820,0.0694,0.0853
M5,Female,86,2028,0.0759,0.0730,0.0788,0.0707,0.0815,0.0682,0.0849
M5,Female,86,2029,0.0748,0.0718,0.0778,0.0692,0.0809,0.0667,0.0840
M5,Female,86,2030,0.0740,0.0712,0.0770,0.0683,0.0803,0.0654,0.0837
M5,Female,86,2031,0.0731,0.0700,0.0766,0.0675,0.0799,0.0647,0.0834
M5,Female,86,2032,0.0722,0.0691,0.0757,0.0661,0.0789,0.0629,0.0824
M5,Female,86,2033,0.0714,0.0682,0.0749,0.0653,0.0785,0.0616,0.0815
M5,Female,86,2034,0.0705,0.0671,0.0743,0.0642,0.0776,0.0611,0.0812
M5,Female,86,2035,0.0697,0.0659,0.0735,0.0632,0.0769,0.0597,0.0803
M5,Female,86,2036,0.0688,0.0652,0.0727,0.0619,0.0762,0.0591,0.0795
M5,Female,86,2037,0.0680,0.0644,0.0719,0.0612,0.0756,0.0580,0.0792
M5,Female,86,2038,0.0672,0.0635,0.0711,0.0600,0.0750,0.0568,0.0790
M5,Female,86,2039,0.0664,0.0627,0.0703,0.0593,0.0741,0.0563,0.0782
M5,Female,86,2040,0.0656,0.0614,0.0695,0.0583,0.0735,0.0554,0.0776
M5,Female,87,2021,0.0963,0.0947,0.0979,0.0931,0.0994,0.0917,0.1012
M5,Female,87,2022,0.0958,0.0939,0.0978,0.0921,0.0997,0.0904,0.1013
M5,Female,87,2023,0.0950,0.0927,0.0974,0.0906,0.0996,0.0888,0.1019
M5,Female,87,2024,0.0932,0.0906,0.0958,0.0884,0.0983,0.0860,0.1017
M5,Female,87,2025,0.0928,0.0901,0.0958,0.0877,0.0983,0.0850,0.1019
M5,Female,87,2026,0.0913,0.0883,0.0943,0.0856,0.0973,0.0831,0.1011
M5,Female,87,2027,0.0904,0.0872,0.0936,0.0846,0.0967,0.0818,0.1006
M5,Female,87,2028,0.0895,0.0861,0.0930,0.0833,0.0962,0.0804,0.1002
M5,Female,87,2029,0.0882,0.0847,0.0918,0.0817,0.0954,0.0787,0.0991
M5,Female,87,2030,0.0874,0.0839,0.0910,0.0806,0.0948,0.0771,0.0989
M5,Female,87,2031,0.0863,0.0826,0.0904,0.0797,0.0943,0.0764,0.0986
M5,Female,87,2032,0.0853,0.0816,0.0895,0.0781,0.0932,0.0743,0.0974
M5,Female,87,2033,0.0843,0.0805,0.0884,0.0772,0.0928,0.0726,0.0964
M5,Female,87,2034,0.0833,0.0792,0.0878,0.0758,0.0918,0.0721,0.0959
M5,Female,87,2035,0.0824,0.0779,0.0869,0.0746,0.0909,0.0705,0.0950
M5,Female,87,2036,0.0814,0.0771,0.0861,0.0731,0.0902,0.0698,0.0940
M5,Female,87,2037,0.0805,0.0761,0.0851,0.0724,0.0895,0.0685,0.0939
M5,Female,87,2038,0.0795,0.0750,0.0841,0.0710,0.0888,0.0671,0.0934
M5,Female,87,2039,0.0786,0.0741,0.0832,0.0701,0.0878,0.0666,0.0927
M5,Female,87,2040,0.0777,0.0727,0.0823,0.0690,0.0871,0.0657,0.0920
M5,Female,88,2021,0.1099,0.1080,0.1118,0.1063,0.1135,0.1046,0.1155
M5,Female,88,2022,0.1094,0.1071,0.1116,0.1052,0.1138,0.1032,0.1157
M5,Female,88,2023,0.1086,0.1059,0.1114,0.1035,0.1138,0.1014,0.1165
M5,Female,88,2024,0.1065,0.1035,0.1095,0.1009,0.1123,0.0982,0.1163
M5,Female,88,2025,0.1061,0.1029,0.1094,0.1003,0.1124,0.0971,0.1165
M5,Female,88,2026,0.1045,0.1009,0.1079,0.0978,0.1113,0.0950,0.1157
M5,Female,88,2027,0.1034,0.0998,0.1071,0.0967,0.1106,0.0936,0.1151
M5,Female,88,2028,0.1024,0.0985,0.1064,0.0954,0.1100,0.0920,0.1148
M5,Female,88,2029,0.1010,0.0970,0.1051,0.0934,0.1092,0.0900,0.1135
M5,Female,88,2030,0.1001,0.0962,0.1042,0.0922,0.1085,0.0882,0.1132
M5,Female,88,2031,0.0988,0.0946,0.1035,0.0912,0.1080,0.0875,0.1132
M5,Female,88,2032,0.0977,0.0935,0.1025,0.0895,0.1069,0.0850,0.1116
M5,Female,88,2033,0.0967,0.0923,0.1014,0.0884,0.1063,0.0831,0.1105
M5,Female,88,2034,0.0955,0.0908,0.1006,0.0869,0.1053,0.0826,0.1100
M5,Female,88,2035,0.0945,0.0893,0.0997,0.0855,0.1043,0.0808,0.1091
M5,Female,88,2036,0.0934,0.0885,0.0988,0.0839,0.1037,0.0801,0.1079
M5,Female,88,2037,0.0923,0.0873,0.0976,0.0831,0.1027,0.0786,0.1078
M5,Female,88,2038,0.0913,0.0862,0.0966,0.0815,0.1021,0.0770,0.1074
M5,Female,88,2039,0.0903,0.0851,0.0956,0.0804,0.1009,0.0763,0.1067
M5,Female,88,2040,0.0892,0.0835,0.0946,0.0793,0.1001,0.0755,0.1058
M5,Female,89,2021,0.1251,0.1229,0.1272,0.1209,0.1292,0.1191,0.1315
M5,Female,89,2022,0.1246,0.1221,0.1272,0.1198,0.1297,0.1175,0.1318
M5,Female,89,2023,0.1237,0.1207,0.1269,0.1179,0.1297,0.1155,0.1328
M5,Female,89,2024,0.1213,0.1179,0.1248,0.1150,0.1280,0.1119,0.1326
M5,Female,89,2025,0.1210,0.1173,0.1248,0.1144,0.1282,0.1107,0.1328
M5,Female,89,2026,0.1191,0.1151,0.1230,0.1116,0.1269,0.1084,0.1319
M5,Female,89,2027,0.1179,0.1138,0.1222,0.1103,0.1263,0.1068,0.1314
M5,Female,89,2028,0.1169,0.1125,0.1214,0.1088,0.1256,0.1049,0.1310
M5,Female,89,2029,0.1153,0.1107,0.1200,0.1066,0.1247,0.1027,0.1296
M5,Female,89,2030,0.1143,0.1098,0.1191,0.1053,0.1239,0.1007,0.1294
M5,Female,89,2031,0.1129,0.1081,0.1183,0.1043,0.1234,0.0999,0.1293
M5,Female,89,2032,0.1117,0.1067,0.1173,0.1023,0.1223,0.0971,0.1277
M5,Female,89,2033,0.1105,0.1054,0.1160,0.1011,0.1215,0.0951,0.1263
M5,Female,89,2034,0.1092,0.1039,0.1151,0.0993,0.1205,0.0944,0.1258
M5,Female,89,2035,0.1081,0.1021,0.1141,0.0978,0.1193,0.0924,0.1250
M5,Female,89,2036,0.1069,0.1013,0.1131,0.0960,0.1188,0.0915,0.1234
M5,Female,89,2037,0.1057,0.1000,0.1117,0.0952,0.1176,0.0900,0.1236
M5,Female,89,2038,0.1046,0.0988,0.1107,0.0933,0.1169,0.0882,0.1230
M5,Female,89,2039,0.1034,0.0975,0.1096,0.0921,0.1157,0.0874,0.1223
M5,Female,89,2040,0.1023,0.0957,0.1083,0.0908,0.1148,0.0864,0.1213
M5,Female,90,2021,0.1443,0.1418,0.1468,0.1395,0.1491,0.1373,0.1518
M5,Female,90,2022,0.1438,0.1409,0.1468,0.1382,0.1497,0.1356,0.1522
M5,Female,90,2023,0.1429,0.1394,0.1466,0.1361,0.1498,0.1333,0.1533
M5,Female,90,2024,0.1401,0.1362,0.1441,0.1327,0.1478,0.1292,0.1532
M5,Female,90,2025,0.1398,0.1355,0.1443,0.1322,0.1482,0.1278,0.1534
M5,Female,90,2026,0.1377,0.1332,0.1421,0.1291,0.1466,0.1253,0.1524
M5,Female,90,2027,0.1364,0.1316,0.1413,0.1275,0.1460,0.1235,0.1521
M5,Female,90,2028,0.1352,0.1302,0.1405,0.1259,0.1453,0.1213,0.1513
M5,Female,90,2029,0.1334,0.1281,0.1388,0.1234,0.1443,0.1188,0.1500
M5,Female,90,2030,0.1323,0.1271,0.1378,0.1219,0.1434,0.1164,0.1498
M5,Female,90,2031,0.1308,0.1253,0.1370,0.1207,0.1428,0.1157,0.1497
M5,Female,90,2032,0.1294,0.1236,0.1359,0.1185,0.1416,0.1124,0.1479
M5,Female,90,2033,0.1281,0.1222,0.1344,0.1171,0.1409,0.1103,0.1462
M5,Female,90,2034,0.1266,0.1203,0.1333,0.1151,0.1396,0.1093,0.1457
M5,Female,90,2035,0.1254,0.1184,0.1322,0.1133,0.1383,0.1070,0.1450
M5,Female,90,2036,0.1240,0.1174,0.1311,0.1114,0.1378,0.1061,0.1430
M5,Female,90,2037,0.1227,0.1161,0.1295,0.1105,0.1366,0.1043,0.1435
M5,Female,90,2038,0.1214,0.1144,0.1285,0.1083,0.1355,0.1025,0.1429
M5,Female,90,2039,0.1201,0.1132,0.1273,0.1069,0.1342,0.1015,0.1419
M5,Female,90,2040,0.1188,0.1113,0.1258,0.1054,0.1333,0.1003,0.1408
M5,Female,91,2021,0.1627,0.1598,0.1655,0.1572,0.1681,0.1547,0.1712
M5,Female,91,2022,0.1623,0.1589,0.1656,0.1558,0.1689,0.1530,0.1717
M5,Female,91,2023,0.1612,0.1572,0.1654,0.1536,0.1691,0.1504,0.1730
M5,Female,91,2024,0.1582,0.1538,0.1626,0.1497,0.1668,0.1457,0.1728
M5,Female,91,2025,0.1579,0.1531,0.1629,0.1493,0.1672,0.1442,0.1732
M5,Female,91,2026,0.1555,0.1504,0.1605,0.1457,0.1657,0.1416,0.1721
M5,Female,91,2027,0.1541,0.1487,0.1598,0.1440,0.1649,0.1397,0.1719
M5,Female,91,2028,0.1528,0.1472,0.1589,0.1423,0.1643,0.1371,0.1709
M5,Female,91,2029,0.1509,0.1448,0.1569,0.1397,0.1632,0.1344,0.1696
M5,Female,91,2030,0.1497,0.1439,0.1558,0.1378,0.1621,0.1316,0.1693
M5,Female,91,2031,0.1480,0.1418,0.1552,0.1365,0.1615,0.1310,0.1695
M5,Female,91,2032,0.1465,0.1400,0.1537,0.1343,0.1603,0.1273,0.1675
M5,Female,91,2033,0.1451,0.1384,0.1522,0.1325,0.1595,0.1249,0.1656
M5,Female,91,2034,0.1435,0.1363,0.1509,0.1305,0.1581,0.1237,0.1649
M5,Female,91,2035,0.1421,0.1341,0.1499,0.1284,0.1568,0.1213,0.1645
M5,Female,91,2036,0.1406,0.1332,0.1485,0.1263,0.1563,0.1202,0.1621
M5,Female,91,2037,0.1391,0.1315,0.1468,0.1254,0.1549,0.1183,0.1628
M5,Female,91,2038,0.1377,0.1297,0.1458,0.1228,0.1537,0.1163,0.1623
M5,Female,91,2039,0.1363,0.1284,0.1443,0.1213,0.1522,0.1152,0.1611
M5,Female,91,2040,0.1349,0.1264,0.1427,0.1197,0.1515,0.1138,0.1600
M5,Female,92,2021,0.1827,0.1795,0.1859,0.1766,0.1888,0.1737,0.1922
M5,Female,92,2022,0.1823,0.1786,0.1862,0.1751,0.1897,0.1720,0.1929
M5,Female,92,2023,0.1812,0.1767,0.1859,0.1726,0.1901,0.1689,0.1945
M5,Female,92,2024,0.1779,0.1728,0.1827,0.1684,0.1875,0.1637,0.1942
M5,Female,92,2025,0.1776,0.1722,0.1833,0.1679,0.1880,0.1621,0.1947
M5,Female,92,2026,0.1750,0.1692,0.1807,0.1640,0.1864,0.1594,0.1937
M5,Female,92,2027,0.1735,0.1674,0.1799,0.1620,0.1856,0.1573,0.1935
M5,Female,92,2028,0.1721,0.1658,0.1787,0.1602,0.1852,0.1544,0.1923
M5,Female,92,2029,0.1699,0.1631,0.1768,0.1575,0.1838,0.1514,0.1910
M5,Female,92,2030,0.1687,0.1622,0.1757,0.1552,0.1826,0.1483,0.1907
M5,Female,92,2031,0.1668,0.1599,0.1749,0.1539,0.1820,0.1475,0.1911
M5,Female,92,2032,0.1652,0.1578,0.1733,0.1516,0.1808,0.1436,0.1889
M5,Female,92,2033,0.1637,0.1562,0.1715,0.1495,0.1799,0.1408,0.1868
M5,Female,92,2034,0.1619,0.1539,0.1702,0.1473,0.1784,0.1395,0.1860
M5,Female,92,2035,0.1604,0.1515,0.1693,0.1450,0.1771,0.1369,0.1858
M5,Female,92,2036,0.1588,0.1504,0.1677,0.1426,0.1764,0.1356,0.1831
M5,Female,92,2037,0.1572,0.1486,0.1658,0.1417,0.1750,0.1338,0.1837
M5,Female,92,2038,0.1557,0.1465,0.1647,0.1389,0.1736,0.1314,0.1832
M5,Female,92,2039,0.1541,0.1452,0.1630,0.1373,0.1723,0.1304,0.1823
M5,Female,92,2040,0.1526,0.1428,0.1614,0.1354,0.1714,0.1287,0.1810
M5,Female,93,2021,0.2016,0.1981,0.2052,0.1949,0.2083,0.1917,0.2121
M5,Female,93,2022,0.2013,0.1971,0.2055,0.1934,0.2094,0.1899,0.2129
M5,Female,93,2023,0.2002,0.1952,0.2053,0.1907,0.2099,0.1865,0.2147
M5,Female,93,2024,0.1965,0.1910,0.2018,0.1860,0.2072,0.1809,0.2144
M5,Female,93,2025,0.1964,0.1904,0.2025,0.1856,0.2077,0.1791,0.2150
M5,Female,93,2026,0.1935,0.1872,0.1997,0.1814,0.2061,0.1762,0.2144
M5,Female,93,2027,0.1919,0.1853,0.1991,0.1794,0.2053,0.1742,0.2138
M5,Female,93,2028,0.1905,0.1837,0.1978,0.1773,0.2048,0.1710,0.2127
M5,Female,93,2029,0.1881,0.1806,0.1957,0.1744,0.2033,0.1677,0.2114
M5,Female,93,2030,0.1868,0.1795,0.1945,0.1718,0.2021,0.1642,0.2113
M5,Female,93,2031,0.1848,0.1772,0.1938,0.1704,0.2014,0.1635,0.2115
M5,Female,93,2032,0.1831,0.1750,0.1920,0.1683,0.2003,0.1592,0.2092
M5,Female,93,2033,0.1815,0.1732,0.1902,0.1657,0.1993,0.1560,0.2070
M5,Female,93,2034,0.1796,0.1706,0.1886,0.1634,0.1975,0.1546,0.2062
M5,Female,93,2035,0.1780,0.1681,0.1878,0.1609,0.1964,0.1520,0.2061
M5,Female,93,2036,0.1762,0.1669,0.1862,0.1584,0.1957,0.1504,0.2032
M5,Female,93,2037,0.1745,0.1650,0.1840,0.1574,0.1942,0.1484,0.2037
M5,Female,93,2038,0.1729,0.1627,0.1830,0.1543,0.1929,0.1462,0.2035
M5,Female,93,2039,0.1712,0.1615,0.1812,0.1525,0.1914,0.1452,0.2023
M5,Female,93,2040,0.1696,0.1588,0.1794,0.1506,0.1904,0.1431,0.2013
M5,Female,94,2021,0.2239,0.2200,0.2279,0.2164,0.2314,0.2129,0.2355
M5,Female,94,2022,0.2236,0.2189,0.2283,0.2149,0.2326,0.2110,0.2365
M5,Female,94,2023,0.2225,0.2169,0.2282,0.2119,0.2331,0.2073,0.2384
M5,Female,94,2024,0.2185,0.2123,0.2243,0.2069,0.2302,0.2013,0.2381
M5,Female,94,2025,0.2184,0.2118,0.2251,0.2064,0.2309,0.1993,0.2390
M5,Female,94,2026,0.2153,0.2083,0.2221,0.2018,0.2291,0.1961,0.2384
M5,Female,94,2027,0.2136,0.2063,0.2215,0.1997,0.2284,0.1940,0.2376
M5,Female,94,2028,0.2121,0.2044,0.2201,0.1975,0.2279,0.1906,0.2367
M5,Female,94,2029,0.2096,0.2011,0.2180,0.1944,0.2264,0.1868,0.2352
M5,Female,94,2030,0.2081,0.1999,0.2167,0.1914,0.2251,0.1830,0.2352
M5,Female,94,2031,0.2060,0.1977,0.2159,0.1901,0.2244,0.1824,0.2352
M5,Female,94,2032,0.2041,0.1951,0.2141,0.1878,0.2233,0.1777,0.2328
M5,Female,94,2033,0.2024,0.1933,0.2120,0.1849,0.2222,0.1742,0.2308
M5,Female,94,2034,0.2004,0.1904,0.2105,0.1825,0.2204,0.1724,0.2297
M5,Female,94,2035,0.1987,0.1878,0.2095,0.1798,0.2192,0.1699,0.2297
M5,Female,94,2036,0.1968,0.1866,0.2078,0.1771,0.2183,0.1679,0.2267
M5,Female,94,2037,0.1950,0.1844,0.2056,0.1759,0.2168,0.1658,0.2273
M5,Female,94,2038,0.1933,0.1822,0.2045,0.1725,0.2157,0.1634,0.2274
M5,Female,94,2039,0.1914,0.1807,0.2024,0.1707,0.2138,0.1626,0.2259
M5,Female,94,2040,0.1897,0.1778,0.2008,0.1685,0.2127,0.1602,0.2252
M5,Female,95,2021,0.2443,0.2401,0.2486,0.2362,0.2525,0.2323,0.2569
M5,Female,95,2022,0.2441,0.2391,0.2492,0.2348,0.2538,0.2303,0.2581
M5,Female,95,2023,0.2430,0.2369,0.2491,0.2316,0.2544,0.2264,0.2602
M5,Female,95,2024,0.2387,0.2320,0.2451,0.2262,0.2513,0.2201,0.2599
M5,Female,95,2025,0.2387,0.2315,0.2459,0.2258,0.2523,0.2180,0.2610
M5,Female,95,2026,0.2355,0.2278,0.2428,0.2208,0.2503,0.2144,0.2605
M5,Female,95,2027,0.2337,0.2256,0.2422,0.2185,0.2495,0.2124,0.2596
M5,Female,95,2028,0.2321,0.2238,0.2408,0.2162,0.2492,0.2086,0.2586
M5,Female,95,2029,0.2294,0.2202,0.2387,0.2130,0.2476,0.2045,0.2570
M5,Female,95,2030,0.2280,0.2190,0.2373,0.2099,0.2465,0.2007,0.2574
M5,Female,95,2031,0.2257,0.2165,0.2365,0.2084,0.2455,0.2002,0.2571
M5,Female,95,2032,0.2238,0.2140,0.2345,0.2061,0.2447,0.1950,0.2548
M5,Female,95,2033,0.2220,0.2121,0.2324,0.2030,0.2435,0.1912,0.2528
M5,Female,95,2034,0.2198,0.2089,0.2310,0.2004,0.2416,0.1892,0.2517
M5,Female,95,2035,0.2180,0.2063,0.2295,0.1975,0.2403,0.1866,0.2514
M5,Female,95,2036,0.2161,0.2049,0.2280,0.1945,0.2392,0.1844,0.2486
M5,Female,95,2037,0.2142,0.2026,0.2257,0.1933,0.2378,0.1822,0.2491
M5,Female,95,2038,0.2123,0.2002,0.2245,0.1896,0.2368,0.1796,0.2491
M5,Female,95,2039,0.2104,0.1988,0.2222,0.1876,0.2348,0.1789,0.2477
M5,Female,95,2040,0.2086,0.1956,0.2207,0.1856,0.2337,0.1763,0.2474
M5,Female,96,2021,0.2656,0.2610,0.2702,0.2568,0.2744,0.2526,0.2791
M5,Female,96,2022,0.2655,0.2600,0.2709,0.2554,0.2759,0.2506,0.2805
M5,Female,96,2023,0.2644,0.2578,0.2709,0.2521,0.2767,0.2464,0.2828
M5,Female,96,2024,0.2598,0.2526,0.2667,0.2463,0.2735,0.2398,0.2825
M5,Female,96,2025,0.2600,0.2521,0.2676,0.2459,0.2745,0.2376,0.2839
M5,Female,96,2026,0.2565,0.2484,0.2645,0.2407,0.2725,0.2337,0.2835
M5,Female,96,2027,0.2546,0.2460,0.2638,0.2383,0.2716,0.2317,0.2824
M5,Female,96,2028,0.2530,0.2440,0.2624,0.2360,0.2714,0.2275,0.2814
M5,Female,96,2029,0.2502,0.2403,0.2603,0.2324,0.2698,0.2231,0.2796
M5,Female,96,2030,0.2487,0.2390,0.2587,0.2293,0.2687,0.2192,0.2806
M5,Female,96,2031,0.2464,0.2363,0.2579,0.2275,0.2677,0.2189,0.2802
M5,Female,96,2032,0.2443,0.2337,0.2559,0.2252,0.2669,0.2132,0.2778
M5,Female,96,2033,0.2425,0.2318,0.2536,0.2220,0.2659,0.2090,0.2756
M5,Female,96,2034,0.2402,0.2285,0.2524,0.2191,0.2638,0.2070,0.2747
M5,Female,96,2035,0.2384,0.2258,0.2507,0.2161,0.2625,0.2042,0.2744
M5,Female,96,2036,0.2363,0.2242,0.2491,0.2129,0.2613,0.2021,0.2718
M5,Female,96,2037,0.2343,0.2218,0.2469,0.2116,0.2599,0.1995,0.2721
M5,Female,96,2038,0.2324,0.2192,0.2457,0.2077,0.2591,0.1969,0.2721
M5,Female,96,2039,0.2304,0.2176,0.2430,0.2056,0.2570,0.1958,0.2709
M5,Female,96,2040,0.2285,0.2144,0.2416,0.2037,0.2557,0.1932,0.2708
M5,Female,97,2021,0.2839,0.2791,0.2888,0.2746,0.2933,0.2701,0.2982
M5,Female,97,2022,0.2839,0.2781,0.2896,0.2733,0.2950,0.2681,0.2998
M5,Female,97,2023,0.2828,0.2759,0.2897,0.2700,0.2959,0.2637,0.3023
M5,Female,97,2024,0.2781,0.2704,0.2853,0.2636,0.2925,0.2568,0.3021
M5,Female,97,2025,0.2783,0.2700,0.2864,0.2635,0.2939,0.2548,0.3036
M5,Female,97,2026,0.2747,0.2662,0.2832,0.2581,0.2918,0.2505,0.3030
M5,Female,97,2027,0.2729,0.2638,0.2825,0.2556,0.2908,0.2485,0.3022
M5,Female,97,2028,0.2712,0.2617,0.2811,0.2531,0.2906,0.2440,0.3010
M5,Female,97,2029,0.2683,0.2578,0.2790,0.2494,0.2890,0.2396,0.2994
M5,Female,97,2030,0.2668,0.2566,0.2772,0.2462,0.2881,0.2356,0.3007
M5,Female,97,2031,0.2644,0.2539,0.2766,0.2443,0.2867,0.2354,0.3001
M5,Female,97,2032,0.2623,0.2511,0.2747,0.2420,0.2862,0.2293,0.2978
M5,Female,97,2033,0.2604,0.2490,0.2724,0.2387,0.2855,0.2251,0.2955
M5,Female,97,2034,0.2582,0.2456,0.2710,0.2358,0.2834,0.2228,0.2945
M5,Female,97,2035,0.2563,0.2431,0.2693,0.2324,0.2817,0.2199,0.2944
M5,Female,97,2036,0.2542,0.2413,0.2677,0.2295,0.2806,0.2176,0.2919
M5,Female,97,2037,0.2521,0.2386,0.2655,0.2279,0.2791,0.2149,0.2922
M5,Female,97,2038,0.2501,0.2359,0.2639,0.2240,0.2787,0.2126,0.2921
M5,Female,97,2039,0.2481,0.2346,0.2614,0.2217,0.2766,0.2112,0.2911
M5,Female,97,2040,0.2461,0.2314,0.2602,0.2196,0.2748,0.2083,0.2913
M5,Female,98,2021,0.3109,0.3056,0.3162,0.3008,0.3210,0.2959,0.3263
M5,Female,98,2022,0.3110,0.3047,0.3171,0.2995,0.3229,0.2939,0.3281
M5,Female,98,2023,0.3099,0.3025,0.3174,0.2959,0.3240,0.2894,0.3308
M5,Female,98,2024,0.3048,0.2965,0.3126,0.2893,0.3205,0.2819,0.3308
M5,Female,98,2025,0.3053,0.2962,0.3139,0.2893,0.3221,0.2800,0.3324
M5,Female,98,2026,0.3015,0.2922,0.3104,0.2835,0.3198,0.2752,0.3319
M5,Female,98,2027,0.2995,0.2896,0.3098,0.2808,0.3188,0.2729,0.3311
M5,Female,98,2028,0.2978,0.2876,0.3085,0.2780,0.3187,0.2683,0.3298
M5,Female,98,2029,0.2948,0.2833,0.3063,0.2741,0.3169,0.2637,0.3281
M5,Female,98,2030,0.2933,0.2822,0.3045,0.2709,0.3162,0.2593,0.3299
M5,Female,98,2031,0.2907,0.2793,0.3038,0.2689,0.3148,0.2592,0.3290
M5,Female,98,2032,0.2886,0.2762,0.3018,0.2665,0.3145,0.2527,0.3268
M5,Female,98,2033,0.2866,0.2742,0.2996,0.2630,0.3137,0.2481,0.3245
M5,Female,98,2034,0.2842,0.2706,0.2979,0.2599,0.3117,0.2457,0.3233
M5,Female,98,2035,0.2822,0.2679,0.2961,0.2565,0.3096,0.2426,0.3235
M5,Female,98,2036,0.2800,0.2661,0.2948,0.2534,0.3086,0.2404,0.3209
M5,Female,98,2037,0.2778,0.2633,0.2924,0.2515,0.3069,0.2373,0.3211
M5,Female,98,2038,0.2758,0.2604,0.2908,0.2473,0.3069,0.2348,0.3210
M5,Female,98,2039,0.2736,0.2587,0.2881,0.2451,0.3047,0.2334,0.3203
M5,Female,98,2040,0.2716,0.2554,0.2870,0.2426,0.3025,0.2302,0.3210
M5,Female,99,2021,0.3240,0.3185,0.3294,0.3136,0.3344,0.3085,0.3397
M5,Female,99,2022,0.3242,0.3177,0.3304,0.3123,0.3364,0.3066,0.3417
M5,Female,99,2023,0.3232,0.3156,0.3308,0.3089,0.3375,0.3023,0.3444
M5,Female,99,2024,0.3180,0.3096,0.3260,0.3022,0.3341,0.2943,0.3446
M5,Female,99,2025,0.3186,0.3094,0.3275,0.3022,0.3358,0.2928,0.3462
M5,Female,99,2026,0.3148,0.3051,0.3239,0.2964,0.3336,0.2877,0.3460
M5,Female,99,2027,0.3129,0.3025,0.3234,0.2938,0.3325,0.2852,0.3450
M5,Female,99,2028,0.3112,0.3006,0.3221,0.2908,0.3326,0.2807,0.3438
M5,Female,99,2029,0.3082,0.2964,0.3199,0.2870,0.3309,0.2762,0.3423
M5,Female,99,2030,0.3067,0.2955,0.3182,0.2837,0.3300,0.2717,0.3443
M5,Female,99,2031,0.3042,0.2924,0.3176,0.2817,0.3289,0.2716,0.3432
M5,Female,99,2032,0.3020,0.2892,0.3157,0.2794,0.3288,0.2651,0.3412
M5,Female,99,2033,0.3001,0.2875,0.3132,0.2759,0.3279,0.2604,0.3388
M5,Female,99,2034,0.2977,0.2838,0.3118,0.2729,0.3258,0.2579,0.3377
M5,Female,99,2035,0.2957,0.2807,0.3099,0.2692,0.3238,0.2548,0.3382
M5,Female,99,2036,0.2936,0.2794,0.3089,0.2659,0.3228,0.2526,0.3357
M5,Female,99,2037,0.2914,0.2762,0.3063,0.2643,0.3212,0.2496,0.3359
M5,Female,99,2038,0.2894,0.2733,0.3049,0.2602,0.3215,0.2471,0.3359
M5,Female,99,2039,0.2872,0.2718,0.3021,0.2578,0.3191,0.2456,0.3350
M5,Female,99,2040,0.2852,0.2684,0.3010,0.2551,0.3169,0.2420,0.3360
M5,Female,100,2021,0.3851,0.3787,0.3914,0.3730,0.3973,0.3670,0.4034
M5,Female,100,2022,0.3855,0.3780,0.3927,0.3717,0.3997,0.3649,0.4059
M5,Female,100,2023,0.3845,0.3758,0.3932,0.3677,0.4012,0.3602,0.4093
M5,Female,100,2024,0.3785,0.3687,0.3878,0.3602,0.3972,0.3506,0.4091
M5,Female,100,2025,0.3793,0.3686,0.3895,0.3600,0.3992,0.3493,0.4113
M5,Female,100,2026,0.3749,0.3637,0.3855,0.3533,0.3969,0.3432,0.4112
M5,Female,100,2027,0.3728,0.3607,0.3852,0.3505,0.3956,0.3404,0.4100
M5,Female,100,2028,0.3710,0.3587,0.3839,0.3474,0.3959,0.3355,0.4092
M5,Female,100,2029,0.3675,0.3537,0.3813,0.3427,0.3941,0.3302,0.4072
M5,Female,100,2030,0.3659,0.3528,0.3794,0.3393,0.3931,0.3248,0.4096
M5,Female,100,2031,0.3631,0.3493,0.3786,0.3368,0.3919,0.3247,0.4085
M5,Female,100,2032,0.3607,0.3455,0.3768,0.3340,0.3918,0.3174,0.4063
M5,Female,100,2033,0.3585,0.3437,0.3738,0.3302,0.3907,0.3121,0.4037
M5,Female,100,2034,0.3558,0.3396,0.3724,0.3269,0.3886,0.3092,0.4023
M5,Female,100,2035,0.3536,0.3360,0.3701,0.3225,0.3866,0.3056,0.4031
M5,Female,100,2036,0.3511,0.3345,0.3689,0.3189,0.3849,0.3030,0.4003
M5,Female,100,2037,0.3487,0.3307,0.3662,0.3172,0.3836,0.2996,0.4009
M5,Female,100,2038,0.3464,0.3272,0.3647,0.3119,0.3839,0.2967,0.4008
M5,Female,100,2039,0.3440,0.3260,0.3616,0.3095,0.3811,0.2951,0.3997
M5,Female,100,2040,0.3417,0.3220,0.3600,0.3063,0.3789,0.2907,0.4009
M6,Female,18,2021,0.0001,0.0001,0.0001,0.0001,0.0002,0.0001,0.0002
M6,Female,18,2022,0.0001,0.0001,0.0001,0.0001,0.0001,0.0001,0.0002
M6,Female,18,2023,0.0001,0.0001,0.0001,0.0001,0.0001,0.0001,0.0002
M6,Female,18,2024,0.0001,0.0001,0.0001,0.0001,0.0001,0.0001,0.0002
M6,Female,18,2025,0.0001,0.0001,0.0001,0.0001,0.0001,0.0001,0.0002
M6,Female,18,2026,0.0001,0.0001,0.0001,0.0001,0.0001,0.0001,0.0002
M6,Female,18,2027,0.0001,0.0001,0.0001,0.0001,0.0001,0.0001,0.0002
M6,Female,18,2028,0.0001,0.0001,0.0001,0.0001,0.0001,0.0001,0.0002
M6,Female,18,2029,0.0001,0.0001,0.0001,0.0001,0.0001,0.0001,0.0002
M6,Female,18,2030,0.0001,0.0001,0.0001,0.0001,0.0001,0.0001,0.0002
M6,Female,18,2031,0.0001,0.0001,0.0001,0.0001,0.0001,0.0000,0.0002
M6,Female,18,2032,0.0001,0.0001,0.0001,0.0001,0.0001,0.0000,0.0002
M6,Female,18,2033,0.0001,0.0001,0.0001,0.0000,0.0001,0.0000,0.0002
M6,Female,18,2034,0.0001,0.0001,0.0001,0.0000,0.0002,0.0000,0.0002
M6,Female,18,2035,0.0001,0.0001,0.0001,0.0000,0.0002,0.0000,0.0002
M6,Female,18,2036,0.0001,0.0001,0.0001,0.0000,0.0002,0.0000,0.0002
M6,Female,18,2037,0.0001,0.0000,0.0001,0.0000,0.0002,0.0000,0.0002
M6,Female,18,2038,0.0001,0.0000,0.0001,0.0000,0.0002,0.0000,0.0002
M6,Female,18,2039,0.0001,0.0000,0.0001,0.0000,0.0002,0.0000,0.0002
M6,Female,18,2040,0.0001,0.0000,0.0001,0.0000,0.0002,0.0000,0.0003
M6,Female,19,2021,0.0001,0.0001,0.0001,0.0001,0.0002,0.0001,0.0002
M6,Female,19,2022,0.0001,0.0001,0.0002,0.0001,0.0002,0.0001,0.0002
M6,Female,19,2023,0.0001,0.0001,0.0001,0.0001,0.0002,0.0001,0.0002
M6,Female,19,2024,0.0001,0.0001,0.0001,0.0001,0.0001,0.0001,0.0002
M6,Female,19,2025,0.0001,0.0001,0.0001,0.0001,0.0002,0.0001,0.0002
M6,Female,19,2026,0.0001,0.0001,0.0001,0.0001,0.0002,0.0001,0.0002
M6,Female,19,2027,0.0001,0.0001,0.0001,0.0001,0.0001,0.0001,0.0002
M6,Female,19,2028,0.0001,0.0001,0.0001,0.0001,0.0002,0.0001,0.0002
M6,Female,19,2029,0.0001,0.0001,0.0001,0.0001,0.0002,0.0001,0.0002
M6,Female,19,2030,0.0001,0.0001,0.0001,0.0001,0.0002,0.0001,0.0002
M6,Female,19,2031,0.0001,0.0001,0.0001,0.0001,0.0002,0.0001,0.0002
M6,Female,19,2032,0.0001,0.0001,0.0001,0.0001,0.0002,0.0000,0.0002
M6,Female,19,2033,0.0001,0.0001,0.0001,0.0001,0.0002,0.0000,0.0002
M6,Female,19,2034,0.0001,0.0001,0.0001,0.0001,0.0002,0.0000,0.0002
M6,Female,19,2035,0.0001,0.0001,0.0001,0.0000,0.0002,0.0000,0.0002
M6,Female,19,2036,0.0001,0.0001,0.0001,0.0000,0.0002,0.0000,0.0002
M6,Female,19,2037,0.0001,0.0001,0.0001,0.0000,0.0002,0.0000,0.0002
M6,Female,19,2038,0.0001,0.0001,0.0001,0.0000,0.0002,0.0000,0.0003
M6,Female,19,2039,0.0001,0.0000,0.0001,0.0000,0.0002,0.0000,0.0003
M6,Female,19,2040,0.0001,0.0000,0.0001,0.0000,0.0002,0.0000,0.0003
M6,Female,20,2021,0.0002,0.0002,0.0002,0.0002,0.0002,0.0001,0.0002
M6,Female,20,2022,0.0001,0.0001,0.0001,0.0001,0.0001,0.0001,0.0001
M6,Female,20,2023,0.0001,0.0001,0.0001,0.0001,0.0002,0.0001,0.0002
M6,Female,20,2024,0.0001,0.0001,0.0001,0.0001,0.0002,0.0001,0.0002
M6,Female,20,2025,0.0001,0.0001,0.0001,0.0001,0.0001,0.0001,0.0002
M6,Female,20,2026,0.0001,0.0001,0.0001,0.0001,0.0001,0.0001,0.0002
M6,Female,20,2027,0.0001,0.0001,0.0001,0.0001,0.0001,0.0001,0.0002
M6,Female,20,2028,0.0001,0.0001,0.0001,0.0001,0.0001,0.0001,0.0002
M6,Female,20,2029,0.0001,0.0001,0.0001,0.0001,0.0001,0.0001,0.0002
M6,Female,20,2030,0.0001,0.0001,0.0001,0.0001,0.0001,0.0001,0.0002
M6,Female,20,2031,0.0001,0.0001,0.0001,0.0001,0.0001,0.0001,0.0002
M6,Female,20,2032,0.0001,0.0001,0.0001,0.0001,0.0002,0.0001,0.0002
M6,Female,20,2033,0.0001,0.0001,0.0001,0.0001,0.0002,0.0000,0.0002
M6,Female,20,2034,0.0001,0.0001,0.0001,0.0001,0.0002,0.0000,0.0002
M6,Female,20,2035,0.0001,0.0001,0.0001,0.0000,0.0002,0.0000,0.0002
M6,Female,20,2036,0.0001,0.0001,0.0001,0.0000,0.0002,0.0000,0.0002
M6,Female,20,2037,0.0001,0.0001,0.0001,0.0000,0.0002,0.0000,0.0002
M6,Female,20,2038,0.0001,0.0001,0.0001,0.0000,0.0002,0.0000,0.0002
M6,Female,20,2039,0.0001,0.0001,0.0001,0.0000,0.0002,0.0000,0.0003
M6,Female,20,2040,0.0001,0.0000,0.0001,0.0000,0.0002,0.0000,0.0003
M6,Female,21,2021,0.0002,0.0002,0.0002,0.0002,0.0002,0.0002,0.0002
M6,Female,21,2022,0.0002,0.0002,0.0002,0.0002,0.0002,0.0002,0.0002
M6,Female,21,2023,0.0002,0.0002,0.0002,0.0001,0.0002,0.0001,0.0002
M6,Female,21,2024,0.0002,0.0002,0.0002,0.0001,0.0002,0.0001,0.0002
M6,Female,21,2025,0.0002,0.0001,0.0002,0.0001,0.0002,0.0001,0.0002
M6,Female,21,2026,0.0001,0.0001,0.0002,0.0001,0.0002,0.0001,0.0002
M6,Female,21,2027,0.0001,0.0001,0.0002,0.0001,0.0002,0.0001,0.0002
M6,Female,21,2028,0.0001,0.0001,0.0002,0.0001,0.0002,0.0001,0.0002
M6,Female,21,2029,0.0001,0.0001,0.0001,0.0001,0.0002,0.0001,0.0002
M6,Female,21,2030,0.0001,0.0001,0.0001,0.0001,0.0002,0.0001,0.0002
M6,Female,21,2031,0.0001,0.0001,0.0001,0.0001,0.0002,0.0001,0.0002
M6,Female,21,2032,0.0001,0.0001,0.0001,0.0001,0.0002,0.0001,0.0002
M6,Female,21,2033,0.0001,0.0001,0.0001,0.0001,0.0002,0.0001,0.0002
M6,Female,21,2034,0.0001,0.0001,0.0001,0.0001,0.0002,0.0000,0.0002
M6,Female,21,2035,0.0001,0.0001,0.0001,0.0001,0.0002,0.0000,0.0002
M6,Female,21,2036,0.0001,0.0001,0.0001,0.0001,0.0002,0.0000,0.0002
M6,Female,21,2037,0.0001,0.0001,0.0001,0.0001,0.0002,0.0000,0.0002
M6,Female,21,2038,0.0001,0.0001,0.0001,0.0000,0.0002,0.0000,0.0003
M6,Female,21,2039,0.0001,0.0001,0.0001,0.0000,0.0002,0.0000,0.0003
M6,Female,21,2040,0.0001,0.0001,0.0001,0.0000,0.0002,0.0000,0.0003
M6,Female,22,2021,0.0002,0.0002,0.0002,0.0002,0.0002,0.0002,0.0002
M6,Female,22,2022,0.0002,0.0002,0.0002,0.0002,0.0002,0.0002,0.0002
M6,Female,22,2023,0.0002,0.0002,0.0002,0.0002,0.0002,0.0002,0.0002
M6,Female,22,2024,0.0002,0.0001,0.0002,0.0001,0.0002,0.0001,0.0002
M6,Female,22,2025,0.0002,0.0001,0.0002,0.0001,0.0002,0.0001,0.0002
M6,Female,22,2026,0.0001,0.0001,0.0002,0.0001,0.0002,0.0001,0.0002
M6,Female,22,2027,0.0001,0.0001,0.0002,0.0001,0.0002,0.0001,0.0002
M6,Female,22,2028,0.0001,0.0001,0.0002,0.0001,0.0002,0.0001,0.0002
M6,Female,22,2029,0.0001,0.0001,0.0001,0.0001,0.0002,0.0001,0.0002
M6,Female,22,2030,0.0001,0.0001,0.0001,0.0001,0.0002,0.0001,0.0002
M6,Female,22,2031,0.0001,0.0001,0.0001,0.0001,0.0002,0.0001,0.0002
M6,Female,22,2032,0.0001,0.0001,0.0001,0.0001,0.0002,0.0001,0.0002
M6,Female,22,2033,0.0001,0.0001,0.0001,0.0001,0.0002,0.0001,0.0002
M6,Female,22,2034,0.0001,0.0001,0.0001,0.0001,0.0002,0.0001,0.0002
M6,Female,22,2035,0.0001,0.0001,0.0001,0.0001,0.0002,0.0000,0.0002
M6,Female,22,2036,0.0001,0.0001,0.0001,0.0001,0.0002,0.0000,0.0002
M6,Female,22,2037,0.0001,0.0001,0.0001,0.0001,0.0002,0.0000,0.0002
M6,Female,22,2038,0.0001,0.0001,0.0001,0.0000,0.0002,0.0000,0.0003
M6,Female,22,2039,0.0001,0.0001,0.0001,0.0000,0.0002,0.0000,0.0003
M6,Female,22,2040,0.0001,0.0001,0.0001,0.0000,0.0002,0.0000,0.0003
M6,Female,23,2021,0.0002,0.0002,0.0002,0.0002,0.0002,0.0002,0.0002
M6,Female,23,2022,0.0002,0.0002,0.0002,0.0002,0.0002,0.0002,0.0002
M6,Female,23,2023,0.0002,0.0002,0.0002,0.0002,0.0002,0.0002,0.0002
M6,Female,23,2024,0.0002,0.0002,0.0002,0.0002,0.0002,0.0002,0.0002
M6,Female,23,2025,0.0002,0.0001,0.0002,0.0001,0.0002,0.0001,0.0002
M6,Female,23,2026,0.0002,0.0001,0.0002,0.0001,0.0002,0.0001,0.0002
M6,Female,23,2027,0.0001,0.0001,0.0002,0.0001,0.0002,0.0001,0.0002
M6,Female,23,2028,0.0001,0.0001,0.0002,0.0001,0.0002,0.0001,0.0002
M6,Female,23,2029,0.0001,0.0001,0.0002,0.0001,0.0002,0.0001,0.0002
M6,Female,23,2030,0.0001,0.0001,0.0002,0.0001,0.0002,0.0001,0.0002
M6,Female,23,2031,0.0001,0.0001,0.0001,0.0001,0.0002,0.0001,0.0002
M6,Female,23,2032,0.0001,0.0001,0.0001,0.0001,0.0002,0.0001,0.0002
M6,Female,23,2033,0.0001,0.0001,0.0001,0.0001,0.0002,0.0001,0.0002
M6,Female,23,2034,0.0001,0.0001,0.0001,0.0001,0.0002,0.0001,0.0002
M6,Female,23,2035,0.0001,0.0001,0.0001,0.0001,0.0002,0.0001,0.0002
M6,Female,23,2036,0.0001,0.0001,0.0001,0.0001,0.0002,0.0000,0.0002
M6,Female,23,2037,0.0001,0.0001,0.0001,0.0001,0.0002,0.0000,0.0002
M6,Female,23,2038,0.0001,0.0001,0.0001,0.0001,0.0002,0.0000,0.0003
M6,Female,23,2039,0.0001,0.0001,0.0001,0.0000,0.0002,0.0000,0.0003
M6,Female,23,2040,0.0001,0.0001,0.0001,0.0000,0.0002,0.0000,0.0003
M6,Female,24,2021,0.0002,0.0002,0.0002,0.0002,0.0002,0.0002,0.0002
M6,Female,24,2022,0.0002,0.0001,0.0002,0.0001,0.0002,0.0001,0.0002
M6,Female,24,2023,0.0002,0.0002,0.0002,0.0001,0.0002,0.0001,0.0002
M6,Female,24,2024,0.0002,0.0002,0.0002,0.0002,0.0002,0.0001,0.0002
M6,Female,24,2025,0.0002,0.0001,0.0002,0.0001,0.0002,0.0001,0.0002
M6,Female,24,2026,0.0001,0.0001,0.0001,0.0001,0.0001,0.0001,0.0002
M6,Female,24,2027,0.0001,0.0001,0.0002,0.0001,0.0002,0.0001,0.0002
M6,Female,24,2028,0.0001,0.0001,0.0001,0.0001,0.0002,0.0001,0.0002
M6,Female,24,2029,0.0001,0.0001,0.0001,0.0001,0.0002,0.0001,0.0002
M6,Female,24,2030,0.0001,0.0001,0.0001,0.0001,0.0002,0.0001,0.0002
M6,Female,24,2031,0.0001,0.0001,0.0001,0.0001,0.0002,0.0001,0.0002
M6,Female,24,2032,0.0001,0.0001,0.0001,0.0001,0.0002,0.0001,0.0002
M6,Female,24,2033,0.0001,0.0001,0.0001,0.0001,0.0002,0.0001,0.0002
M6,Female,24,2034,0.0001,0.0001,0.0001,0.0001,0.0002,0.0001,0.0002
M6,Female,24,2035,0.0001,0.0001,0.0001,0.0001,0.0002,0.0001,0.0002
M6,Female,24,2036,0.0001,0.0001,0.0001,0.0001,0.0002,0.0000,0.0002
M6,Female,24,2037,0.0001,0.0001,0.0001,0.0001,0.0002,0.0000,0.0002
M6,Female,24,2038,0.0001,0.0001,0.0001,0.0001,0.0002,0.0000,0.0002
M6,Female,24,2039,0.0001,0.0001,0.0001,0.0000,0.0002,0.0000,0.0002
M6,Female,24,2040,0.0001,0.0001,0.0001,0.0000,0.0002,0.0000,0.0002
M6,Female,25,2021,0.0002,0.0002,0.0002,0.0002,0.0002,0.0002,0.0002
M6,Female,25,2022,0.0002,0.0002,0.0002,0.0002,0.0002,0.0002,0.0002
M6,Female,25,2023,0.0002,0.0002,0.0002,0.0002,0.0002,0.0002,0.0002
M6,Female,25,2024,0.0002,0.0002,0.0002,0.0002,0.0002,0.0002,0.0002
M6,Female,25,2025,0.0002,0.0002,0.0002,0.0002,0.0002,0.0002,0.0002
M6,Female,25,2026,0.0002,0.0002,0.0002,0.0002,0.0002,0.0002,0.0002
M6,Female,25,2027,0.0002,0.0002,0.0002,0.0002,0.0002,0.0002,0.0002
M6,Female,25,2028,0.0002,0.0002,0.0002,0.0002,0.0002,0.0002,0.0002
M6,Female,25,2029,0.0002,0.0002,0.0002,0.0002,0.0002,0.0001,0.0002
M6,Female,25,2030,0.0002,0.0002,0.0002,0.0001,0.0002,0.0001,0.0002
M6,Female,25,2031,0.0002,0.0001,0.0002,0.0001,0.0002,0.0001,0.0002
M6,Female,25,2032,0.0002,0.0001,0.0002,0.0001,0.0002,0.0001,0.0002
M6,Female,25,2033,0.0002,0.0001,0.0002,0.0001,0.0002,0.0001,0.0002
M6,Female,25,2034,0.0002,0.0001,0.0002,0.0001,0.0002,0.0001,0.0003
M6,Female,25,2035,0.0001,0.0001,0.0002,0.0001,0.0002,0.0001,0.0003
M6,Female,25,2036,0.0001,0.0001,0.0002,0.0001,0.0002,0.0001,0.0003
M6,Female,25,2037,0.0001,0.0001,0.0002,0.0001,0.0002,0.0001,0.0003
M6,Female,25,2038,0.0001,0.0001,0.0002,0.0001,0.0002,0.0001,0.0003
M6,Female,25,2039,0.0001,0.0001,0.0002,0.0001,0.0002,0.0001,0.0003
M6,Female,25,2040,0.0001,0.0001,0.0002,0.0001,0.0002,0.0000,0.0003
M6,Female,26,2021,0.0002,0.0002,0.0002,0.0002,0.0002,0.0002,0.0002
M6,Female,26,2022,0.0002,0.0002,0.0002,0.0002,0.0002,0.0002,0.0002
M6,Female,26,2023,0.0002,0.0002,0.0002,0.0002,0.0002,0.0002,0.0002
M6,Female,26,2024,0.0002,0.0002,0.0002,0.0002,0.0002,0.0002,0.0002
M6,Female,26,2025,0.0002,0.0002,0.0002,0.0002,0.0002,0.0002,0.0002
M6,Female,26,2026,0.0002,0.0002,0.0002,0.0002,0.0002,0.0002,0.0003
M6,Female,26,2027,0.0002,0.0002,0.0002,0.0002,0.0002,0.0002,0.0002
M6,Female,26,2028,0.0002,0.0002,0.0002,0.0002,0.0002,0.0001,0.0002
M6,Female,26,2029,0.0002,0.0002,0.0002,0.0002,0.0002,0.0001,0.0002
M6,Female,26,2030,0.0002,0.0002,0.0002,0.0001,0.0002,0.0001,0.0002
M6,Female,26,2031,0.0002,0.0002,0.0002,0.0001,0.0002,0.0001,0.0002
M6,Female,26,2032,0.0002,0.0001,0.0002,0.0001,0.0002,0.0001,0.0002
M6,Female,26,2033,0.0002,0.0001,0.0002,0.0001,0.0002,0.0001,0.0003
M6,Female,26,2034,0.0002,0.0001,0.0002,0.0001,0.0002,0.0001,0.0003
M6,Female,26,2035,0.0002,0.0001,0.0002,0.0001,0.0002,0.0001,0.0003
M6,Female,26,2036,0.0001,0.0001,0.0002,0.0001,0.0002,0.0001,0.0003
M6,Female,26,2037,0.0001,0.0001,0.0002,0.0001,0.0002,0.0001,0.0003
M6,Female,26,2038,0.0001,0.0001,0.0002,0.0001,0.0002,0.0001,0.0003
M6,Female,26,2039,0.0001,0.0001,0.0002,0.0001,0.0002,0.0001,0.0003
M6,Female,26,2040,0.0001,0.0001,0.0002,0.0001,0.0002,0.0001,0.0003
M6,Female,27,2021,0.0002,0.0002,0.0002,0.0002,0.0002,0.0002,0.0002
M6,Female,27,2022,0.0002,0.0002,0.0002,0.0002,0.0002,0.0002,0.0002
M6,Female,27,2023,0.0002,0.0002,0.0002,0.0002,0.0002,0.0002,0.0002
M6,Female,27,2024,0.0002,0.0002,0.0002,0.0002,0.0002,0.0002,0.0003
M6,Female,27,2025,0.0002,0.0002,0.0002,0.0002,0.0002,0.0002,0.0003
M6,Female,27,2026,0.0002,0.0002,0.0002,0.0002,0.0002,0.0002,0.0003
M6,Female,27,2027,0.0002,0.0002,0.0003,0.0002,0.0003,0.0002,0.0003
M6,Female,27,2028,0.0002,0.0002,0.0002,0.0002,0.0003,0.0002,0.0003
M6,Female,27,2029,0.0002,0.0002,0.0002,0.0002,0.0002,0.0002,0.0003
M6,Female,27,2030,0.0002,0.0002,0.0002,0.0002,0.0002,0.0002,0.0003
M6,Female,27,2031,0.0002,0.0002,0.0002,0.0002,0.0002,0.0001,0.0003
M6,Female,27,2032,0.0002,0.0002,0.0002,0.0002,0.0002,0.0001,0.0003
M6,Female,27,2033,0.0002,0.0002,0.0002,0.0001,0.0002,0.0001,0.0003
M6,Female,27,2034,0.0002,0.0002,0.0002,0.0001,0.0002,0.0001,0.0003
M6,Female,27,2035,0.0002,0.0001,0.0002,0.0001,0.0002,0.0001,0.0003
M6,Female,27,2036,0.0002,0.0001,0.0002,0.0001,0.0003,0.0001,0.0003
M6,Female,27,2037,0.0002,0.0001,0.0002,0.0001,0.0003,0.0001,0.0003
M6,Female,27,2038,0.0002,0.0001,0.0002,0.0001,0.0003,0.0001,0.0003
M6,Female,27,2039,0.0002,0.0001,0.0002,0.0001,0.0003,0.0001,0.0003
M6,Female,27,2040,0.0001,0.0001,0.0002,0.0001,0.0003,0.0001,0.0004
M6,Female,28,2021,0.0003,0.0003,0.0003,0.0002,0.0003,0.0002,0.0003
M6,Female,28,2022,0.0003,0.0003,0.0003,0.0003,0.0003,0.0003,0.0003
M6,Female,28,2023,0.0003,0.0002,0.0003,0.0002,0.0003,0.0002,0.0003
M6,Female,28,2024,0.0002,0.0002,0.0003,0.0002,0.0003,0.0002,0.0003
M6,Female,28,2025,0.0003,0.0003,0.0003,0.0003,0.0003,0.0003,0.0003
M6,Female,28,2026,0.0003,0.0003,0.0003,0.0003,0.0003,0.0002,0.0003
M6,Female,28,2027,0.0003,0.0003,0.0003,0.0003,0.0003,0.0002,0.0003
M6,Female,28,2028,0.0003,0.0003,0.0003,0.0003,0.0003,0.0002,0.0004
M6,Female,28,2029,0.0003,0.0003,0.0003,0.0002,0.0003,0.0002,0.0003
M6,Female,28,2030,0.0002,0.0002,0.0003,0.0002,0.0003,0.0002,0.0003
M6,Female,28,2031,0.0003,0.0002,0.0003,0.0002,0.0003,0.0002,0.0004
M6,Female,28,2032,0.0002,0.0002,0.0003,0.0002,0.0003,0.0002,0.0003
M6,Female,28,2033,0.0002,0.0002,0.0003,0.0002,0.0003,0.0002,0.0003
M6,Female,28,2034,0.0002,0.0002,0.0003,0.0002,0.0003,0.0002,0.0004
M6,Female,28,2035,0.0002,0.0002,0.0003,0.0002,0.0003,0.0001,0.0004
M6,Female,28,2036,0.0002,0.0002,0.0003,0.0002,0.0003,0.0001,0.0004
M6,Female,28,2037,0.0002,0.0002,0.0003,0.0001,0.0003,0.0001,0.0004
M6,Female,28,2038,0.0002,0.0002,0.0003,0.0001,0.0003,0.0001,0.0004
M6,Female,28,2039,0.0002,0.0002,0.0003,0.0001,0.0003,0.0001,0.0004
M6,Female,28,2040,0.0002,0.0002,0.0003,0.0001,0.0003,0.0001,0.0004
M6,Female,29,2021,0.0002,0.0002,0.0002,0.0002,0.0002,0.0002,0.0002
M6,Female,29,2022,0.0002,0.0002,0.0002,0.0002,0.0002,0.0002,0.0002
M6,Female,29,2023,0.0002,0.0002,0.0003,0.0002,0.0003,0.0002,0.0003
M6,Female,29,2024,0.0002,0.0002,0.0002,0.0002,0.0002,0.0002,0.0002
M6,Female,29,2025,0.0002,0.0002,0.0002,0.0002,0.0002,0.0002,0.0002
M6,Female,29,2026,0.0003,0.0002,0.0003,0.0002,0.0003,0.0002,0.0003
M6,Female,29,2027,0.0002,0.0002,0.0003,0.0002,0.0003,0.0002,0.0003
M6,Female,29,2028,0.0003,0.0002,0.0003,0.0002,0.0003,0.0002,0.0003
M6,Female,29,2029,0.0003,0.0002,0.0003,0.0002,0.0003,0.0002,0.0003
M6,Female,29,2030,0.0002,0.0002,0.0003,0.0002,0.0003,0.0002,0.0003
M6,Female,29,2031,0.0002,0.0002,0.0002,0.0002,0.0003,0.0002,0.0003
M6,Female,29,2032,0.0002,0.0002,0.0003,0.0002,0.0003,0.0002,0.0003
M6,Female,29,2033,0.0002,0.0002,0.0003,0.0002,0.0003,0.0002,0.0003
M6,Female,29,2034,0.0002,0.0002,0.0002,0.0002,0.0003,0.0001,0.0003
M6,Female,29,2035,0.0002,0.0002,0.0002,0.0002,0.0003,0.0001,0.0003
M6,Female,29,2036,0.0002,0.0002,0.0002,0.0001,0.0003,0.0001,0.0003
M6,Female,29,2037,0.0002,0.0002,0.0002,0.0001,0.0003,0.0001,0.0004
M6,Female,29,2038,0.0002,0.0002,0.0002,0.0001,0.0003,0.0001,0.0004
M6,Female,29,2039,0.0002,0.0002,0.0002,0.0001,0.0003,0.0001,0.0004
M6,Female,29,2040,0.0002,0.0001,0.0002,0.0001,0.0003,0.0001,0.0004
M6,Female,30,2021,0.0003,0.0002,0.0003,0.0002,0.0003,0.0002,0.0003
M6,Female,30,2022,0.0002,0.0002,0.0002,0.0002,0.0002,0.0002,0.0003
M6,Female,30,2023,0.0002,0.0002,0.0002,0.0002,0.0003,0.0002,0.0003
M6,Female,30,2024,0.0003,0.0003,0.0003,0.0002,0.0003,0.0002,0.0003
M6,Female,30,2025,0.0002,0.0002,0.0003,0.0002,0.0003,0.0002,0.0003
M6,Female,30,2026,0.0002,0.0002,0.0002,0.0002,0.0003,0.0002,0.0003
M6,Female,30,2027,0.0003,0.0003,0.0003,0.0002,0.0003,0.0002,0.0003
M6,Female,30,2028,0.0003,0.0002,0.0003,0.0002,0.0003,0.0002,0.0003
M6,Female,30,2029,0.0003,0.0003,0.0003,0.0002,0.0003,0.0002,0.0003
M6,Female,30,2030,0.0003,0.0003,0.0003,0.0002,0.0003,0.0002,0.0004
M6,Female,30,2031,0.0003,0.0002,0.0003,0.0002,0.0003,0.0002,0.0004
M6,Female,30,2032,0.0002,0.0002,0.0003,0.0002,0.0003,0.0002,0.0003
M6,Female,30,2033,0.0003,0.0002,0.0003,0.0002,0.0003,0.0002,0.0004
M6,Female,30,2034,0.0002,0.0002,0.0003,0.0002,0.0003,0.0002,0.0004
M6,Female,30,2035,0.0002,0.0002,0.0003,0.0002,0.0003,0.0002,0.0004
M6,Female,30,2036,0.0002,0.0002,0.0003,0.0002,0.0003,0.0001,0.0004
M6,Female,30,2037,0.0002,0.0002,0.0003,0.0002,0.0003,0.0001,0.0004
M6,Female,30,2038,0.0002,0.0002,0.0003,0.0001,0.0003,0.0001,0.0004
M6,Female,30,2039,0.0002,0.0002,0.0003,0.0001,0.0003,0.0001,0.0004
M6,Female,30,2040,0.0002,0.0002,0.0003,0.0001,0.0003,0.0001,0.0004
M6,Female,31,2021,0.0003,0.0003,0.0003,0.0003,0.0003,0.0003,0.0003
M6,Female,31,2022,0.0003,0.0003,0.0003,0.0003,0.0003,0.0003,0.0003
M6,Female,31,2023,0.0003,0.0003,0.0003,0.0003,0.0003,0.0003,0.0003
M6,Female,31,2024,0.0003,0.0003,0.0003,0.0003,0.0003,0.0003,0.0003
M6,Female,31,2025,0.0003,0.0003,0.0003,0.0003,0.0003,0.0003,0.0004
M6,Female,31,2026,0.0003,0.0003,0.0003,0.0003,0.0003,0.0003,0.0003
M6,Female,31,2027,0.0003,0.0003,0.0003,0.0003,0.0003,0.0002,0.0003
M6,Female,31,2028,0.0003,0.0003,0.0004,0.0003,0.0004,0.0003,0.0004
M6,Female,31,2029,0.0003,0.0003,0.0003,0.0003,0.0004,0.0003,0.0004
M6,Female,31,2030,0.0003,0.0003,0.0004,0.0003,0.0004,0.0003,0.0004
M6,Female,31,2031,0.0004,0.0003,0.0004,0.0003,0.0004,0.0003,0.0005
M6,Female,31,2032,0.0003,0.0003,0.0004,0.0003,0.0004,0.0002,0.0004
M6,Female,31,2033,0.0003,0.0003,0.0003,0.0002,0.0004,0.0002,0.0004
M6,Female,31,2034,0.0003,0.0003,0.0004,0.0002,0.0004,0.0002,0.0005
M6,Female,31,2035,0.0003,0.0003,0.0003,0.0002,0.0004,0.0002,0.0005
M6,Female,31,2036,0.0003,0.0002,0.0003,0.0002,0.0004,0.0002,0.0005
M6,Female,31,2037,0.0003,0.0002,0.0003,0.0002,0.0004,0.0002,0.0005
M6,Female,31,2038,0.0003,0.0002,0.0003,0.0002,0.0004,0.0002,0.0005
M6,Female,31,2039,0.0003,0.0002,0.0003,0.0002,0.0004,0.0001,0.0005
M6,Female,31,2040,0.0003,0.0002,0.0003,0.0002,0.0004,0.0001,0.0005
M6,Female,32,2021,0.0003,0.0003,0.0003,0.0003,0.0003,0.0003,0.0003
M6,Female,32,2022,0.0003,0.0003,0.0003,0.0003,0.0003,0.0003,0.0003
M6,Female,32,2023,0.0003,0.0003,0.0003,0.0003,0.0003,0.0003,0.0003
M6,Female,32,2024,0.0003,0.0003,0.0003,0.0003,0.0003,0.0003,0.0003
M6,Female,32,2025,0.0003,0.0003,0.0003,0.0003,0.0003,0.0003,0.0003
M6,Female,32,2026,0.0003,0.0003,0.0003,0.0003,0.0003,0.0003,0.0004
M6,Female,32,2027,0.0003,0.0003,0.0003,0.0003,0.0003,0.0002,0.0003
M6,Female,32,2028,0.0003,0.0003,0.0003,0.0002,0.0003,0.0002,0.0003
M6,Female,32,2029,0.0003,0.0003,0.0004,0.0003,0.0004,0.0003,0.0004
M6,Female,32,2030,0.0003,0.0003,0.0003,0.0003,0.0004,0.0002,0.0004
M6,Female,32,2031,0.0003,0.0003,0.0004,0.0003,0.0004,0.0003,0.0004
M6,Female,32,2032,0.0003,0.0003,0.0004,0.0003,0.0004,0.0003,0.0005
M6,Female,32,2033,0.0003,0.0003,0.0004,0.0003,0.0004,0.0002,0.0004
M6,Female,32,2034,0.0003,0.0003,0.0003,0.0002,0.0004,0.0002,0.0004
M6,Female,32,2035,0.0003,0.0003,0.0004,0.0002,0.0004,0.0002,0.0005
M6,Female,32,2036,0.0003,0.0003,0.0003,0.0002,0.0004,0.0002,0.0005
M6,Female,32,2037,0.0003,0.0002,0.0003,0.0002,0.0004,0.0002,0.0005
M6,Female,32,2038,0.0003,0.0002,0.0003,0.0002,0.0004,0.0002,0.0005
M6,Female,32,2039,0.0003,0.0002,0.0003,0.0002,0.0004,0.0002,0.0005
M6,Female,32,2040,0.0003,0.0002,0.0003,0.0002,0.0004,0.0001,0.0005
M6,Female,33,2021,0.0003,0.0003,0.0003,0.0003,0.0004,0.0003,0.0004
M6,Female,33,2022,0.0003,0.0003,0.0003,0.0003,0.0003,0.0003,0.0004
M6,Female,33,2023,0.0003,0.0003,0.0003,0.0003,0.0003,0.0003,0.0003
M6,Female,33,2024,0.0003,0.0003,0.0003,0.0003,0.0003,0.0003,0.0003
M6,Female,33,2025,0.0003,0.0003,0.0003,0.0003,0.0003,0.0003,0.0003
M6,Female,33,2026,0.0003,0.0003,0.0003,0.0003,0.0003,0.0003,0.0004
M6,Female,33,2027,0.0003,0.0003,0.0004,0.0003,0.0004,0.0003,0.0004
M6,Female,33,2028,0.0003,0.0003,0.0003,0.0003,0.0004,0.0003,0.0004
M6,Female,33,2029,0.0003,0.0003,0.0003,0.0003,0.0004,0.0003,0.0004
M6,Female,33,2030,0.0004,0.0003,0.0004,0.0003,0.0004,0.0003,0.0005
M6,Female,33,2031,0.0003,0.0003,0.0004,0.0003,0.0004,0.0003,0.0005
M6,Female,33,2032,0.0004,0.0003,0.0004,0.0003,0.0004,0.0003,0.0005
M6,Female,33,2033,0.0004,0.0003,0.0004,0.0003,0.0005,0.0003,0.0005
M6,Female,33,2034,0.0004,0.0003,0.0004,0.0003,0.0005,0.0003,0.0005
M6,Female,33,2035,0.0003,0.0003,0.0004,0.0002,0.0004,0.0002,0.0005
M6,Female,33,2036,0.0003,0.0003,0.0004,0.0003,0.0004,0.0002,0.0005
M6,Female,33,2037,0.0003,0.0003,0.0004,0.0002,0.0004,0.0002,0.0005
M6,Female,33,2038,0.0003,0.0003,0.0004,0.0002,0.0004,0.0002,0.0005
M6,Female,33,2039,0.0003,0.0003,0.0004,0.0002,0.0005,0.0002,0.0006
M6,Female,33,2040,0.0003,0.0002,0.0004,0.0002,0.0005,0.0002,0.0006
M6,Female,34,2021,0.0004,0.0004,0.0004,0.0004,0.0004,0.0004,0.0004
M6,Female,34,2022,0.0004,0.0004,0.0004,0.0004,0.0004,0.0004,0.0004
M6,Female,34,2023,0.0004,0.0004,0.0004,0.0004,0.0004,0.0004,0.0004
M6,Female,34,2024,0.0004,0.0004,0.0004,0.0003,0.0004,0.0003,0.0004
M6,Female,34,2025,0.0004,0.0003,0.0004,0.0003,0.0004,0.0003,0.0004
M6,Female,34,2026,0.0003,0.0003,0.0004,0.0003,0.0004,0.0003,0.0004
M6,Female,34,2027,0.0004,0.0003,0.0004,0.0003,0.0004,0.0003,0.0004
M6,Female,34,2028,0.0004,0.0004,0.0004,0.0003,0.0004,0.0003,0.0005
M6,Female,34,2029,0.0004,0.0003,0.0004,0.0003,0.0004,0.0003,0.0004
M6,Female,34,2030,0.0003,0.0003,0.0004,0.0003,0.0004,0.0003,0.0004
M6,Female,34,2031,0.0004,0.0004,0.0004,0.0003,0.0005,0.0003,0.0005
M6,Female,34,2032,0.0004,0.0004,0.0004,0.0003,0.0005,0.0003,0.0005
M6,Female,34,2033,0.0004,0.0004,0.0005,0.0003,0.0005,0.0003,0.0006
M6,Female,34,2034,0.0004,0.0004,0.0005,0.0003,0.0006,0.0003,0.0006
M6,Female,34,2035,0.0004,0.0004,0.0005,0.0003,0.0005,0.0003,0.0006
M6,Female,34,2036,0.0004,0.0003,0.0004,0.0003,0.0005,0.0002,0.0006
M6,Female,34,2037,0.0004,0.0003,0.0005,0.0003,0.0005,0.0003,0.0006
M6,Female,34,2038,0.0004,0.0003,0.0004,0.0003,0.0005,0.0002,0.0006
M6,Female,34,2039,0.0004,0.0003,0.0004,0.0002,0.0005,0.0002,0.0006
M6,Female,34,2040,0.0004,0.0003,0.0004,0.0002,0.0005,0.0002,0.0007
M6,Female,35,2021,0.0005,0.0005,0.0005,0.0005,0.0005,0.0005,0.0005
M6,Female,35,2022,0.0005,0.0005,0.0005,0.0005,0.0005,0.0005,0.0005
M6,Female,35,2023,0.0005,0.0005,0.0005,0.0005,0.0005,0.0005,0.0005
M6,Female,35,2024,0.0005,0.0005,0.0005,0.0004,0.0005,0.0004,0.0005
M6,Female,35,2025,0.0005,0.0004,0.0005,0.0004,0.0005,0.0004,0.0005
M6,Female,35,2026,0.0005,0.0004,0.0005,0.0004,0.0005,0.0004,0.0005
M6,Female,35,2027,0.0004,0.0004,0.0005,0.0004,0.0005,0.0004,0.0005
M6,Female,35,2028,0.0004,0.0004,0.0005,0.0004,0.0005,0.0004,0.0005
M6,Female,35,2029,0.0005,0.0005,0.0005,0.0004,0.0006,0.0004,0.0006
M6,Female,35,2030,0.0005,0.0004,0.0005,0.0004,0.0005,0.0004,0.0006
M6,Female,35,2031,0.0004,0.0004,0.0005,0.0004,0.0005,0.0003,0.0006
M6,Female,35,2032,0.0005,0.0005,0.0006,0.0004,0.0006,0.0004,0.0007
M6,Female,35,2033,0.0005,0.0005,0.0006,0.0004,0.0006,0.0004,0.0007
M6,Female,35,2034,0.0005,0.0005,0.0006,0.0004,0.0007,0.0004,0.0008
M6,Female,35,2035,0.0006,0.0005,0.0006,0.0004,0.0007,0.0004,0.0008
M6,Female,35,2036,0.0005,0.0005,0.0006,0.0004,0.0007,0.0004,0.0008
M6,Female,35,2037,0.0005,0.0004,0.0006,0.0004,0.0006,0.0003,0.0008
M6,Female,35,2038,0.0005,0.0004,0.0006,0.0004,0.0007,0.0003,0.0008
M6,Female,35,2039,0.0005,0.0004,0.0006,0.0003,0.0007,0.0003,0.0009
M6,Female,35,2040,0.0005,0.0004,0.0006,0.0003,0.0007,0.0003,0.0009
M6,Female,36,2021,0.0004,0.0004,0.0004,0.0004,0.0004,0.0004,0.0004
M6,Female,36,2022,0.0004,0.0004,0.0004,0.0004,0.0004,0.0004,0.0004
M6,Female,36,2023,0.0004,0.0004,0.0004,0.0004,0.0004,0.0004,0.0005
M6,Female,36,2024,0.0004,0.0004,0.0004,0.0004,0.0004,0.0004,0.0004
M6,Female,36,2025,0.0004,0.0004,0.0004,0.0004,0.0004,0.0004,0.0005
M6,Female,36,2026,0.0004,0.0004,0.0004,0.0004,0.0004,0.0003,0.0005
M6,Female,36,2027,0.0004,0.0004,0.0004,0.0003,0.0004,0.0003,0.0005
M6,Female,36,2028,0.0004,0.0004,0.0004,0.0003,0.0004,0.0003,0.0004
M6,Female,36,2029,0.0004,0.0004,0.0004,0.0003,0.0004,0.0003,0.0005
M6,Female,36,2030,0.0004,0.0004,0.0005,0.0004,0.0005,0.0003,0.0005
M6,Female,36,2031,0.0004,0.0004,0.0004,0.0003,0.0005,0.0003,0.0005
M6,Female,36,2032,0.0004,0.0003,0.0004,0.0003,0.0005,0.0003,0.0005
M6,Female,36,2033,0.0004,0.0004,0.0005,0.0004,0.0006,0.0003,0.0006
M6,Female,36,2034,0.0004,0.0004,0.0005,0.0003,0.0005,0.0003,0.0006
M6,Female,36,2035,0.0005,0.0004,0.0005,0.0003,0.0006,0.0003,0.0007
M6,Female,36,2036,0.0005,0.0004,0.0006,0.0004,0.0006,0.0003,0.0007
M6,Female,36,2037,0.0005,0.0004,0.0005,0.0003,0.0006,0.0003,0.0007
M6,Female,36,2038,0.0004,0.0003,0.0005,0.0003,0.0006,0.0003,0.0007
M6,Female,36,2039,0.0004,0.0004,0.0005,0.0003,0.0006,0.0003,0.0008
M6,Female,36,2040,0.0004,0.0003,0.0005,0.0003,0.0006,0.0002,0.0008
M6,Female,37,2021,0.0005,0.0005,0.0005,0.0005,0.0005,0.0005,0.0005
M6,Female,37,2022,0.0005,0.0005,0.0005,0.0005,0.0005,0.0004,0.0005
M6,Female,37,2023,0.0005,0.0005,0.0005,0.0004,0.0005,0.0004,0.0005
M6,Female,37,2024,0.0005,0.0005,0.0005,0.0004,0.0005,0.0004,0.0005
M6,Female,37,2025,0.0005,0.0004,0.0005,0.0004,0.0005,0.0004,0.0005
M6,Female,37,2026,0.0005,0.0004,0.0005,0.0004,0.0005,0.0004,0.0005
M6,Female,37,2027,0.0004,0.0004,0.0005,0.0004,0.0005,0.0004,0.0005
M6,Female,37,2028,0.0004,0.0004,0.0005,0.0004,0.0005,0.0004,0.0005
M6,Female,37,2029,0.0004,0.0004,0.0005,0.0004,0.0005,0.0003,0.0005
M6,Female,37,2030,0.0004,0.0004,0.0005,0.0004,0.0005,0.0003,0.0006
M6,Female,37,2031,0.0005,0.0004,0.0005,0.0004,0.0006,0.0004,0.0006
M6,Female,37,2032,0.0004,0.0004,0.0005,0.0004,0.0005,0.0003,0.0006
M6,Female,37,2033,0.0004,0.0004,0.0005,0.0004,0.0005,0.0003,0.0006
M6,Female,37,2034,0.0005,0.0005,0.0006,0.0004,0.0006,0.0004,0.0007
M6,Female,37,2035,0.0005,0.0004,0.0006,0.0004,0.0006,0.0003,0.0007
M6,Female,37,2036,0.0005,0.0004,0.0006,0.0004,0.0007,0.0003,0.0008
M6,Female,37,2037,0.0006,0.0005,0.0006,0.0004,0.0007,0.0004,0.0009
M6,Female,37,2038,0.0005,0.0004,0.0006,0.0004,0.0007,0.0003,0.0009
M6,Female,37,2039,0.0005,0.0004,0.0006,0.0003,0.0007,0.0003,0.0008
M6,Female,37,2040,0.0005,0.0004,0.0006,0.0003,0.0007,0.0003,0.0009
M6,Female,38,2021,0.0005,0.0005,0.0005,0.0005,0.0005,0.0005,0.0006
M6,Female,38,2022,0.0005,0.0005,0.0005,0.0005,0.0006,0.0005,0.0006
M6,Female,38,2023,0.0005,0.0005,0.0005,0.0005,0.0005,0.0005,0.0005
M6,Female,38,2024,0.0005,0.0005,0.0005,0.0005,0.0005,0.0004,0.0005
M6,Female,38,2025,0.0005,0.0005,0.0005,0.0005,0.0005,0.0005,0.0006
M6,Female,38,2026,0.0005,0.0005,0.0005,0.0005,0.0005,0.0004,0.0006
M6,Female,38,2027,0.0005,0.0005,0.0005,0.0004,0.0005,0.0004,0.0006
M6,Female,38,2028,0.0005,0.0004,0.0005,0.0004,0.0005,0.0004,0.0006
M6,Female,38,2029,0.0005,0.0004,0.0005,0.0004,0.0005,0.0004,0.0006
M6,Female,38,2030,0.0005,0.0004,0.0005,0.0004,0.0005,0.0004,0.0006
M6,Female,38,2031,0.0005,0.0004,0.0005,0.0004,0.0006,0.0004,0.0006
M6,Female,38,2032,0.0005,0.0005,0.0006,0.0004,0.0006,0.0004,0.0007
M6,Female,38,2033,0.0005,0.0004,0.0005,0.0004,0.0006,0.0004,0.0007
M6,Female,38,2034,0.0005,0.0004,0.0005,0.0004,0.0006,0.0003,0.0007
M6,Female,38,2035,0.0006,0.0005,0.0006,0.0004,0.0007,0.0004,0.0008
M6,Female,38,2036,0.0005,0.0005,0.0006,0.0004,0.0007,0.0004,0.0008
M6,Female,38,2037,0.0006,0.0005,0.0007,0.0004,0.0008,0.0004,0.0009
M6,Female,38,2038,0.0006,0.0005,0.0007,0.0004,0.0008,0.0004,0.0010
M6,Female,38,2039,0.0006,0.0005,0.0007,0.0004,0.0008,0.0003,0.0010
M6,Female,38,2040,0.0005,0.0004,0.0006,0.0004,0.0007,0.0003,0.0009
M6,Female,39,2021,0.0007,0.0007,0.0007,0.0007,0.0007,0.0006,0.0007
M6,Female,39,2022,0.0007,0.0007,0.0007,0.0006,0.0007,0.0006,0.0007
M6,Female,39,2023,0.0007,0.0007,0.0007,0.0007,0.0007,0.0006,0.0007
M6,Female,39,2024,0.0006,0.0006,0.0007,0.0006,0.0007,0.0006,0.0007
M6,Female,39,2025,0.0006,0.0006,0.0006,0.0006,0.0007,0.0006,0.0007
M6,Female,39,2026,0.0006,0.0006,0.0007,0.0006,0.0007,0.0006,0.0007
M6,Female,39,2027,0.0006,0.0006,0.0007,0.0006,0.0007,0.0005,0.0007
M6,Female,39,2028,0.0006,0.0006,0.0007,0.0006,0.0007,0.0005,0.0007
M6,Female,39,2029,0.0006,0.0006,0.0007,0.0005,0.0007,0.0005,0.0007
M6,Female,39,2030,0.0006,0.0006,0.0007,0.0005,0.0007,0.0005,0.0008
M6,Female,39,2031,0.0006,0.0005,0.0006,0.0005,0.0007,0.0005,0.0008
M6,Female,39,2032,0.0006,0.0005,0.0007,0.0005,0.0007,0.0005,0.0008
M6,Female,39,2033,0.0007,0.0006,0.0007,0.0005,0.0008,0.0005,0.0009
M6,Female,39,2034,0.0006,0.0006,0.0007,0.0005,0.0008,0.0004,0.0009
M6,Female,39,2035,0.0006,0.0005,0.0007,0.0005,0.0008,0.0004,0.0009
M6,Female,39,2036,0.0007,0.0006,0.0008,0.0005,0.0009,0.0005,0.0011
M6,Female,39,2037,0.0007,0.0006,0.0008,0.0005,0.0009,0.0005,0.0011
M6,Female,39,2038,0.0007,0.0006,0.0009,0.0005,0.0010,0.0005,0.0012
M6,Female,39,2039,0.0008,0.0007,0.0009,0.0006,0.0011,0.0005,0.0013
M6,Female,39,2040,0.0007,0.0006,0.0009,0.0005,0.0011,0.0004,0.0013
M6,Female,40,2021,0.0006,0.0006,0.0006,0.0006,0.0006,0.0006,0.0006
M6,Female,40,2022,0.0006,0.0006,0.0006,0.0006,0.0006,0.0006,0.0007
M6,Female,40,2023,0.0006,0.0006,0.0006,0.0006,0.0007,0.0006,0.0007
M6,Female,40,2024,0.0006,0.0006,0.0007,0.0006,0.0007,0.0006,0.0007
M6,Female,40,2025,0.0006,0.0006,0.0006,0.0006,0.0006,0.0005,0.0007
M6,Female,40,2026,0.0006,0.0006,0.0006,0.0005,0.0006,0.0005,0.0007
M6,Female,40,2027,0.0006,0.0006,0.0006,0.0005,0.0007,0.0005,0.0007
M6,Female,40,2028,0.0006,0.0006,0.0006,0.0005,0.0007,0.0005,0.0007
M6,Female,40,2029,0.0006,0.0005,0.0006,0.0005,0.0007,0.0005,0.0007
M6,Female,40,2030,0.0006,0.0005,0.0006,0.0005,0.0007,0.0005,0.0007
M6,Female,40,2031,0.0006,0.0005,0.0006,0.0005,0.0007,0.0004,0.0007
M6,Female,40,2032,0.0006,0.0005,0.0006,0.0005,0.0007,0.0004,0.0007
M6,Female,40,2033,0.0006,0.0005,0.0006,0.0005,0.0007,0.0004,0.0008
M6,Female,40,2034,0.0006,0.0006,0.0007,0.0005,0.0008,0.0004,0.0009
M6,Female,40,2035,0.0006,0.0005,0.0007,0.0005,0.0007,0.0004,0.0009
M6,Female,40,2036,0.0006,0.0005,0.0007,0.0004,0.0008,0.0004,0.0009
M6,Female,40,2037,0.0007,0.0006,0.0008,0.0005,0.0009,0.0005,0.0011
M6,Female,40,2038,0.0007,0.0006,0.0008,0.0005,0.0009,0.0004,0.0011
M6,Female,40,2039,0.0007,0.0006,0.0008,0.0005,0.0010,0.0004,0.0012
M6,Female,40,2040,0.0007,0.0006,0.0009,0.0005,0.0011,0.0005,0.0013
M6,Female,41,2021,0.0008,0.0008,0.0008,0.0008,0.0008,0.0007,0.0008
M6,Female,41,2022,0.0008,0.0007,0.0008,0.0007,0.0008,0.0007,0.0008
M6,Female,41,2023,0.0008,0.0007,0.0008,0.0007,0.0008,0.0007,0.0008
M6,Female,41,2024,0.0008,0.0007,0.0008,0.0007,0.0008,0.0007,0.0008
M6,Female,41,2025,0.0008,0.0007,0.0008,0.0007,0.0008,0.0007,0.0009
M6,Female,41,2026,0.0007,0.0007,0.0008,0.0007,0.0008,0.0006,0.0008
M6,Female,41,2027,0.0007,0.0007,0.0008,0.0007,0.0008,0.0006,0.0008
M6,Female,41,2028,0.0007,0.0007,0.0008,0.0007,0.0008,0.0006,0.0009
M6,Female,41,2029,0.0007,0.0007,0.0008,0.0006,0.0008,0.0006,0.0009
M6,Female,41,2030,0.0007,0.0007,0.0008,0.0006,0.0008,0.0006,0.0009
M6,Female,41,2031,0.0007,0.0007,0.0008,0.0006,0.0008,0.0006,0.0009
M6,Female,41,2032,0.0007,0.0006,0.0008,0.0006,0.0008,0.0005,0.0009
M6,Female,41,2033,0.0007,0.0006,0.0008,0.0006,0.0008,0.0005,0.0009
M6,Female,41,2034,0.0007,0.0006,0.0008,0.0006,0.0009,0.0005,0.0010
M6,Female,41,2035,0.0008,0.0007,0.0009,0.0006,0.0010,0.0005,0.0011
M6,Female,41,2036,0.0007,0.0006,0.0008,0.0006,0.0009,0.0005,0.0011
M6,Female,41,2037,0.0007,0.0006,0.0008,0.0005,0.0010,0.0005,0.0011
M6,Female,41,2038,0.0008,0.0007,0.0010,0.0006,0.0012,0.0005,0.0014
M6,Female,41,2039,0.0008,0.0007,0.0010,0.0006,0.0011,0.0005,0.0014
M6,Female,41,2040,0.0009,0.0007,0.0010,0.0006,0.0012,0.0005,0.0015
M6,Female,42,2021,0.0008,0.0008,0.0008,0.0008,0.0008,0.0008,0.0008
M6,Female,42,2022,0.0008,0.0008,0.0008,0.0008,0.0008,0.0008,0.0008
M6,Female,42,2023,0.0008,0.0008,0.0008,0.0008,0.0008,0.0007,0.0008
M6,Female,42,2024,0.0008,0.0008,0.0008,0.0007,0.0008,0.0007,0.0009
M6,Female,42,2025,0.0008,0.0008,0.0008,0.0007,0.0008,0.0007,0.0009
M6,Female,42,2026,0.0008,0.0008,0.0009,0.0008,0.0009,0.0007,0.0009
M6,Female,42,2027,0.0008,0.0007,0.0008,0.0007,0.0008,0.0007,0.0009
M6,Female,42,2028,0.0008,0.0007,0.0008,0.0007,0.0008,0.0006,0.0009
M6,Female,42,2029,0.0008,0.0007,0.0008,0.0007,0.0009,0.0006,0.0010
M6,Female,42,2030,0.0008,0.0007,0.0008,0.0007,0.0009,0.0006,0.0010
M6,Female,42,2031,0.0008,0.0007,0.0008,0.0006,0.0009,0.0006,0.0010
M6,Female,42,2032,0.0007,0.0007,0.0008,0.0006,0.0009,0.0006,0.0010
M6,Female,42,2033,0.0007,0.0007,0.0008,0.0006,0.0009,0.0005,0.0010
M6,Female,42,2034,0.0007,0.0006,0.0008,0.0006,0.0009,0.0005,0.0010
M6,Female,42,2035,0.0007,0.0007,0.0008,0.0006,0.0009,0.0005,0.0011
M6,Female,42,2036,0.0008,0.0007,0.0009,0.0006,0.0011,0.0005,0.0012
M6,Female,42,2037,0.0008,0.0007,0.0009,0.0006,0.0010,0.0005,0.0012
M6,Female,42,2038,0.0008,0.0006,0.0009,0.0006,0.0010,0.0005,0.0012
M6,Female,42,2039,0.0009,0.0008,0.0011,0.0007,0.0012,0.0006,0.0015
M6,Female,42,2040,0.0009,0.0007,0.0011,0.0006,0.0013,0.0005,0.0016
M6,Female,43,2021,0.0009,0.0009,0.0009,0.0009,0.0009,0.0009,0.0010
M6,Female,43,2022,0.0009,0.0009,0.0009,0.0009,0.0009,0.0008,0.0009
M6,Female,43,2023,0.0009,0.0009,0.0009,0.0009,0.0009,0.0008,0.0010
M6,Female,43,2024,0.0009,0.0009,0.0009,0.0008,0.0009,0.0008,0.0010
M6,Female,43,2025,0.0009,0.0009,0.0009,0.0008,0.0010,0.0008,0.0010
M6,Female,43,2026,0.0009,0.0009,0.0009,0.0008,0.0010,0.0008,0.0010
M6,Female,43,2027,0.0009,0.0009,0.0010,0.0008,0.0010,0.0008,0.0011
M6,Female,43,2028,0.0009,0.0008,0.0009,0.0008,0.0010,0.0007,0.0010
M6,Female,43,2029,0.0009,0.0008,0.0009,0.0007,0.0010,0.0007,0.0010
M6,Female,43,2030,0.0009,0.0008,0.0010,0.0008,0.0010,0.0007,0.0011
M6,Female,43,2031,0.0009,0.0008,0.0009,0.0007,0.0010,0.0007,0.0011
M6,Female,43,2032,0.0009,0.0008,0.0010,0.0007,0.0010,0.0007,0.0012
M6,Female,43,2033,0.0009,0.0008,0.0010,0.0007,0.0010,0.0006,0.0012
M6,Female,43,2034,0.0008,0.0008,0.0009,0.0007,0.0010,0.0006,0.0012
M6,Female,43,2035,0.0008,0.0007,0.0009,0.0006,0.0010,0.0006,0.0012
M6,Female,43,2036,0.0008,0.0007,0.0010,0.0007,0.0011,0.0006,0.0013
M6,Female,43,2037,0.0009,0.0008,0.0011,0.0007,0.0012,0.0006,0.0014
M6,Female,43,2038,0.0009,0.0008,0.0010,0.0006,0.0012,0.0006,0.0014
M6,Female,43,2039,0.0009,0.0007,0.0010,0.0006,0.0012,0.0005,0.0015
M6,Female,43,2040,0.0010,0.0009,0.0012,0.0007,0.0015,0.0006,0.0018
M6,Female,44,2021,0.0010,0.0010,0.0010,0.0010,0.0010,0.0010,0.0010
M6,Female,44,2022,0.0010,0.0010,0.0010,0.0009,0.0010,0.0009,0.0010
M6,Female,44,2023,0.0010,0.0009,0.0010,0.0009,0.0010,0.0009,0.0010
M6,Female,44,2024,0.0010,0.0009,0.0010,0.0009,0.0010,0.0009,0.0011
M6,Female,44,2025,0.0010,0.0009,0.0010,0.0009,0.0010,0.0009,0.0011
M6,Female,44,2026,0.0010,0.0009,0.0010,0.0009,0.0010,0.0009,0.0011
M6,Female,44,2027,0.0010,0.0009,0.0010,0.0009,0.0011,0.0008,0.0011
M6,Female,44,2028,0.0010,0.0009,0.0011,0.0009,0.0011,0.0008,0.0012
M6,Female,44,2029,0.0009,0.0009,0.0010,0.0008,0.0011,0.0008,0.0011
M6,Female,44,2030,0.0009,0.0009,0.0010,0.0008,0.0011,0.0007,0.0012
M6,Female,44,2031,0.0010,0.0009,0.0011,0.0008,0.0011,0.0008,0.0012
M6,Female,44,2032,0.0009,0.0009,0.0010,0.0008,0.0011,0.0007,0.0013
M6,Female,44,2033,0.0009,0.0008,0.0010,0.0008,0.0011,0.0007,0.0013
M6,Female,44,2034,0.0009,0.0008,0.0010,0.0007,0.0012,0.0007,0.0013
M6,Female,44,2035,0.0009,0.0008,0.0011,0.0007,0.0012,0.0006,0.0013
M6,Female,44,2036,0.0009,0.0008,0.0010,0.0007,0.0012,0.0006,0.0014
M6,Female,44,2037,0.0009,0.0008,0.0011,0.0007,0.0012,0.0006,0.0014
M6,Female,44,2038,0.0010,0.0009,0.0012,0.0007,0.0014,0.0007,0.0017
M6,Female,44,2039,0.0010,0.0008,0.0012,0.0007,0.0013,0.0006,0.0016
M6,Female,44,2040,0.0010,0.0008,0.0012,0.0007,0.0014,0.0006,0.0017
M6,Female,45,2021,0.0011,0.0011,0.0011,0.0011,0.0011,0.0010,0.0011
M6,Female,45,2022,0.0011,0.0011,0.0011,0.0010,0.0011,0.0010,0.0011
M6,Female,45,2023,0.0011,0.0011,0.0011,0.0010,0.0011,0.0010,0.0011
M6,Female,45,2024,0.0010,0.0010,0.0011,0.0010,0.0011,0.0010,0.0011
M6,Female,45,2025,0.0011,0.0010,0.0011,0.0010,0.0011,0.0010,0.0012
M6,Female,45,2026,0.0010,0.0010,0.0011,0.0010,0.0011,0.0009,0.0012
M6,Female,45,2027,0.0011,0.0010,0.0011,0.0010,0.0012,0.0009,0.0012
M6,Female,45,2028,0.0011,0.0010,0.0011,0.0010,0.0012,0.0009,0.0013
M6,Female,45,2029,0.0011,0.0010,0.0012,0.0010,0.0013,0.0009,0.0013
M6,Female,45,2030,0.0010,0.0010,0.0011,0.0009,0.0012,0.0008,0.0013
M6,Female,45,2031,0.0010,0.0009,0.0011,0.0009,0.0012,0.0008,0.0013
M6,Female,45,2032,0.0011,0.0010,0.0012,0.0009,0.0013,0.0008,0.0014
M6,Female,45,2033,0.0010,0.0009,0.0012,0.0009,0.0013,0.0008,0.0014
M6,Female,45,2034,0.0010,0.0009,0.0012,0.0008,0.0013,0.0008,0.0015
M6,Female,45,2035,0.0010,0.0009,0.0012,0.0008,0.0013,0.0007,0.0015
M6,Female,45,2036,0.0010,0.0009,0.0012,0.0008,0.0013,0.0007,0.0015
M6,Female,45,2037,0.0010,0.0009,0.0012,0.0008,0.0013,0.0007,0.0015
M6,Female,45,2038,0.0010,0.0009,0.0012,0.0008,0.0014,0.0007,0.0017
M6,Female,45,2039,0.0011,0.0010,0.0014,0.0008,0.0016,0.0007,0.0019
M6,Female,45,2040,0.0011,0.0009,0.0013,0.0008,0.0015,0.0007,0.0019
M6,Female,46,2021,0.0012,0.0012,0.0012,0.0012,0.0012,0.0012,0.0012
M6,Female,46,2022,0.0012,0.0011,0.0012,0.0011,0.0012,0.0011,0.0012
M6,Female,46,2023,0.0012,0.0011,0.0012,0.0011,0.0012,0.0011,0.0012
M6,Female,46,2024,0.0012,0.0011,0.0012,0.0011,0.0012,0.0011,0.0013
M6,Female,46,2025,0.0011,0.0011,0.0012,0.0011,0.0012,0.0010,0.0013
M6,Female,46,2026,0.0012,0.0011,0.0012,0.0011,0.0013,0.0010,0.0013
M6,Female,46,2027,0.0011,0.0011,0.0012,0.0010,0.0013,0.0010,0.0013
M6,Female,46,2028,0.0012,0.0011,0.0012,0.0010,0.0013,0.0010,0.0014
M6,Female,46,2029,0.0012,0.0011,0.0012,0.0010,0.0013,0.0010,0.0014
M6,Female,46,2030,0.0012,0.0011,0.0013,0.0010,0.0014,0.0010,0.0015
M6,Female,46,2031,0.0011,0.0010,0.0012,0.0010,0.0013,0.0009,0.0015
M6,Female,46,2032,0.0011,0.0010,0.0012,0.0009,0.0013,0.0009,0.0015
M6,Female,46,2033,0.0012,0.0011,0.0013,0.0010,0.0014,0.0009,0.0016
M6,Female,46,2034,0.0011,0.0010,0.0013,0.0009,0.0014,0.0008,0.0016
M6,Female,46,2035,0.0011,0.0010,0.0013,0.0009,0.0014,0.0008,0.0017
M6,Female,46,2036,0.0011,0.0010,0.0013,0.0009,0.0015,0.0008,0.0017
M6,Female,46,2037,0.0011,0.0010,0.0013,0.0009,0.0015,0.0007,0.0017
M6,Female,46,2038,0.0011,0.0009,0.0013,0.0008,0.0015,0.0007,0.0018
M6,Female,46,2039,0.0012,0.0010,0.0014,0.0008,0.0016,0.0007,0.0019
M6,Female,46,2040,0.0013,0.0011,0.0015,0.0009,0.0018,0.0008,0.0022
M6,Female,47,2021,0.0012,0.0012,0.0012,0.0012,0.0012,0.0012,0.0012
M6,Female,47,2022,0.0012,0.0012,0.0012,0.0011,0.0012,0.0011,0.0012
M6,Female,47,2023,0.0012,0.0011,0.0012,0.0011,0.0012,0.0011,0.0012
M6,Female,47,2024,0.0012,0.0011,0.0012,0.0011,0.0012,0.0011,0.0013
M6,Female,47,2025,0.0012,0.0011,0.0012,0.0011,0.0012,0.0011,0.0013
M6,Female,47,2026,0.0011,0.0011,0.0012,0.0010,0.0012,0.0010,0.0013
M6,Female,47,2027,0.0012,0.0011,0.0012,0.0011,0.0013,0.0010,0.0014
M6,Female,47,2028,0.0011,0.0011,0.0012,0.0010,0.0013,0.0010,0.0014
M6,Female,47,2029,0.0012,0.0011,0.0012,0.0010,0.0013,0.0010,0.0014
M6,Female,47,2030,0.0012,0.0011,0.0013,0.0010,0.0014,0.0009,0.0015
M6,Female,47,2031,0.0012,0.0011,0.0013,0.0010,0.0014,0.0009,0.0016
M6,Female,47,2032,0.0011,0.0010,0.0013,0.0010,0.0014,0.0009,0.0015
M6,Female,47,2033,0.0011,0.0010,0.0013,0.0009,0.0014,0.0008,0.0015
M6,Female,47,2034,0.0012,0.0011,0.0013,0.0009,0.0015,0.0009,0.0017
M6,Female,47,2035,0.0012,0.0010,0.0013,0.0009,0.0015,0.0008,0.0017
M6,Female,47,2036,0.0012,0.0010,0.0013,0.0009,0.0015,0.0008,0.0017
M6,Female,47,2037,0.0012,0.0010,0.0013,0.0009,0.0015,0.0008,0.0018
M6,Female,47,2038,0.0012,0.0010,0.0013,0.0008,0.0015,0.0007,0.0018
M6,Female,47,2039,0.0011,0.0010,0.0013,0.0008,0.0016,0.0007,0.0019
M6,Female,47,2040,0.0012,0.0010,0.0014,0.0008,0.0017,0.0007,0.0020
M6,Female,48,2021,0.0016,0.0016,0.0016,0.0015,0.0016,0.0015,0.0016
M6,Female,48,2022,0.0015,0.0015,0.0015,0.0015,0.0016,0.0014,0.0016
M6,Female,48,2023,0.0015,0.0015,0.0015,0.0015,0.0016,0.0014,0.0016
M6,Female,48,2024,0.0015,0.0014,0.0015,0.0014,0.0016,0.0014,0.0016
M6,Female,48,2025,0.0015,0.0014,0.0015,0.0014,0.0016,0.0014,0.0016
M6,Female,48,2026,0.0015,0.0014,0.0016,0.0014,0.0016,0.0013,0.0017
M6,Female,48,2027,0.0015,0.0014,0.0015,0.0013,0.0016,0.0013,0.0017
M6,Female,48,2028,0.0015,0.0014,0.0016,0.0013,0.0017,0.0013,0.0018
M6,Female,48,2029,0.0015,0.0014,0.0016,0.0013,0.0017,0.0012,0.0018
M6,Female,48,2030,0.0015,0.0014,0.0016,0.0013,0.0017,0.0012,0.0019
M6,Female,48,2031,0.0015,0.0014,0.0016,0.0013,0.0018,0.0012,0.0019
M6,Female,48,2032,0.0016,0.0014,0.0017,0.0013,0.0019,0.0012,0.0021
M6,Female,48,2033,0.0015,0.0013,0.0016,0.0012,0.0018,0.0011,0.0020
M6,Female,48,2034,0.0015,0.0013,0.0016,0.0012,0.0018,0.0011,0.0021
M6,Female,48,2035,0.0015,0.0014,0.0017,0.0012,0.0019,0.0011,0.0022
M6,Female,48,2036,0.0015,0.0013,0.0017,0.0012,0.0019,0.0010,0.0022
M6,Female,48,2037,0.0015,0.0013,0.0018,0.0011,0.0020,0.0010,0.0023
M6,Female,48,2038,0.0015,0.0013,0.0018,0.0011,0.0020,0.0010,0.0024
M6,Female,48,2039,0.0015,0.0013,0.0018,0.0011,0.0021,0.0009,0.0025
M6,Female,48,2040,0.0015,0.0012,0.0018,0.0011,0.0021,0.0009,0.0026
M6,Female,49,2021,0.0017,0.0017,0.0017,0.0016,0.0017,0.0016,0.0017
M6,Female,49,2022,0.0017,0.0016,0.0017,0.0016,0.0017,0.0016,0.0017
M6,Female,49,2023,0.0016,0.0016,0.0016,0.0015,0.0017,0.0015,0.0017
M6,Female,49,2024,0.0016,0.0016,0.0017,0.0015,0.0017,0.0015,0.0017
M6,Female,49,2025,0.0016,0.0015,0.0016,0.0015,0.0017,0.0014,0.0017
M6,Female,49,2026,0.0016,0.0015,0.0017,0.0015,0.0017,0.0014,0.0018
M6,Female,49,2027,0.0016,0.0015,0.0017,0.0014,0.0017,0.0014,0.0018
M6,Female,49,2028,0.0015,0.0015,0.0016,0.0014,0.0017,0.0013,0.0018
M6,Female,49,2029,0.0016,0.0015,0.0017,0.0014,0.0018,0.0013,0.0019
M6,Female,49,2030,0.0016,0.0015,0.0017,0.0014,0.0018,0.0013,0.0020
M6,Female,49,2031,0.0016,0.0015,0.0017,0.0014,0.0019,0.0012,0.0021
M6,Female,49,2032,0.0016,0.0015,0.0018,0.0013,0.0019,0.0012,0.0021
M6,Female,49,2033,0.0017,0.0015,0.0019,0.0014,0.0020,0.0012,0.0023
M6,Female,49,2034,0.0016,0.0014,0.0018,0.0013,0.0020,0.0012,0.0022
M6,Female,49,2035,0.0016,0.0014,0.0018,0.0012,0.0020,0.0011,0.0023
M6,Female,49,2036,0.0017,0.0014,0.0019,0.0013,0.0021,0.0011,0.0024
M6,Female,49,2037,0.0016,0.0014,0.0019,0.0012,0.0021,0.0011,0.0025
M6,Female,49,2038,0.0016,0.0014,0.0019,0.0012,0.0022,0.0011,0.0026
M6,Female,49,2039,0.0016,0.0014,0.0019,0.0012,0.0022,0.0010,0.0027
M6,Female,49,2040,0.0016,0.0014,0.0019,0.0012,0.0023,0.0010,0.0028
M6,Female,50,2021,0.0017,0.0017,0.0018,0.0017,0.0018,0.0017,0.0018
M6,Female,50,2022,0.0017,0.0017,0.0017,0.0016,0.0017,0.0016,0.0018
M6,Female,50,2023,0.0017,0.0017,0.0017,0.0016,0.0018,0.0016,0.0018
M6,Female,50,2024,0.0016,0.0016,0.0017,0.0015,0.0017,0.0015,0.0018
M6,Female,50,2025,0.0016,0.0016,0.0017,0.0015,0.0017,0.0015,0.0018
M6,Female,50,2026,0.0016,0.0015,0.0017,0.0015,0.0017,0.0014,0.0018
M6,Female,50,2027,0.0016,0.0015,0.0017,0.0015,0.0018,0.0014,0.0019
M6,Female,50,2028,0.0016,0.0015,0.0017,0.0015,0.0018,0.0014,0.0019
M6,Female,50,2029,0.0016,0.0015,0.0017,0.0014,0.0018,0.0013,0.0019
M6,Female,50,2030,0.0016,0.0015,0.0018,0.0014,0.0019,0.0013,0.0020
M6,Female,50,2031,0.0016,0.0015,0.0018,0.0014,0.0019,0.0013,0.0021
M6,Female,50,2032,0.0016,0.0015,0.0018,0.0014,0.0020,0.0013,0.0022
M6,Female,50,2033,0.0017,0.0015,0.0019,0.0014,0.0020,0.0012,0.0023
M6,Female,50,2034,0.0017,0.0016,0.0019,0.0014,0.0021,0.0013,0.0024
M6,Female,50,2035,0.0016,0.0015,0.0019,0.0013,0.0020,0.0012,0.0024
M6,Female,50,2036,0.0016,0.0014,0.0019,0.0013,0.0021,0.0011,0.0024
M6,Female,50,2037,0.0017,0.0015,0.0020,0.0013,0.0022,0.0011,0.0026
M6,Female,50,2038,0.0017,0.0014,0.0020,0.0012,0.0023,0.0011,0.0027
M6,Female,50,2039,0.0017,0.0014,0.0020,0.0012,0.0023,0.0011,0.0028
M6,Female,50,2040,0.0017,0.0014,0.0020,0.0012,0.0024,0.0010,0.0029
M6,Female,51,2021,0.0019,0.0019,0.0020,0.0019,0.0020,0.0019,0.0020
M6,Female,51,2022,0.0019,0.0018,0.0019,0.0018,0.0019,0.0018,0.0020
M6,Female,51,2023,0.0018,0.0018,0.0019,0.0018,0.0019,0.0017,0.0020
M6,Female,51,2024,0.0018,0.0018,0.0019,0.0017,0.0019,0.0017,0.0020
M6,Female,51,2025,0.0018,0.0017,0.0018,0.0017,0.0019,0.0016,0.0020
M6,Female,51,2026,0.0018,0.0017,0.0019,0.0016,0.0019,0.0016,0.0020
M6,Female,51,2027,0.0018,0.0017,0.0018,0.0016,0.0019,0.0015,0.0020
M6,Female,51,2028,0.0018,0.0017,0.0019,0.0016,0.0020,0.0015,0.0021
M6,Female,51,2029,0.0018,0.0017,0.0019,0.0016,0.0020,0.0015,0.0021
M6,Female,51,2030,0.0017,0.0016,0.0019,0.0015,0.0020,0.0014,0.0022
M6,Female,51,2031,0.0018,0.0017,0.0020,0.0015,0.0021,0.0014,0.0023
M6,Female,51,2032,0.0018,0.0016,0.0019,0.0015,0.0021,0.0014,0.0023
M6,Female,51,2033,0.0018,0.0016,0.0020,0.0015,0.0022,0.0013,0.0024
M6,Female,51,2034,0.0018,0.0017,0.0021,0.0015,0.0023,0.0013,0.0026
M6,Female,51,2035,0.0019,0.0017,0.0022,0.0015,0.0024,0.0014,0.0027
M6,Female,51,2036,0.0018,0.0016,0.0021,0.0014,0.0023,0.0012,0.0027
M6,Female,51,2037,0.0018,0.0016,0.0021,0.0014,0.0024,0.0012,0.0028
M6,Female,51,2038,0.0019,0.0016,0.0022,0.0014,0.0025,0.0012,0.0030
M6,Female,51,2039,0.0019,0.0016,0.0022,0.0014,0.0026,0.0012,0.0031
M6,Female,51,2040,0.0019,0.0016,0.0023,0.0014,0.0027,0.0011,0.0032
M6,Female,52,2021,0.0020,0.0020,0.0021,0.0020,0.0021,0.0020,0.0021
M6,Female,52,2022,0.0020,0.0019,0.0020,0.0019,0.0020,0.0019,0.0021
M6,Female,52,2023,0.0019,0.0019,0.0020,0.0019,0.0020,0.0018,0.0021
M6,Female,52,2024,0.0019,0.0018,0.0020,0.0018,0.0020,0.0018,0.0021
M6,Female,52,2025,0.0019,0.0018,0.0020,0.0018,0.0020,0.0017,0.0021
M6,Female,52,2026,0.0018,0.0018,0.0019,0.0017,0.0020,0.0016,0.0021
M6,Female,52,2027,0.0018,0.0018,0.0019,0.0017,0.0020,0.0016,0.0021
M6,Female,52,2028,0.0018,0.0017,0.0019,0.0016,0.0020,0.0015,0.0022
M6,Female,52,2029,0.0018,0.0017,0.0020,0.0016,0.0021,0.0015,0.0022
M6,Female,52,2030,0.0018,0.0017,0.0020,0.0016,0.0021,0.0015,0.0023
M6,Female,52,2031,0.0018,0.0017,0.0020,0.0015,0.0021,0.0014,0.0023
M6,Female,52,2032,0.0019,0.0017,0.0021,0.0016,0.0022,0.0014,0.0025
M6,Female,52,2033,0.0019,0.0017,0.0021,0.0015,0.0022,0.0014,0.0025
M6,Female,52,2034,0.0019,0.0017,0.0021,0.0015,0.0023,0.0014,0.0026
M6,Female,52,2035,0.0019,0.0017,0.0022,0.0015,0.0024,0.0014,0.0028
M6,Female,52,2036,0.0020,0.0018,0.0023,0.0015,0.0026,0.0014,0.0030
M6,Female,52,2037,0.0019,0.0017,0.0022,0.0014,0.0025,0.0013,0.0029
M6,Female,52,2038,0.0019,0.0016,0.0022,0.0014,0.0025,0.0012,0.0030
M6,Female,52,2039,0.0020,0.0017,0.0024,0.0015,0.0027,0.0012,0.0033
M6,Female,52,2040,0.0020,0.0017,0.0024,0.0014,0.0028,0.0012,0.0034
M6,Female,53,2021,0.0024,0.0024,0.0025,0.0024,0.0025,0.0023,0.0025
M6,Female,53,2022,0.0023,0.0023,0.0024,0.0022,0.0024,0.0022,0.0024
M6,Female,53,2023,0.0023,0.0022,0.0023,0.0022,0.0024,0.0021,0.0024
M6,Female,53,2024,0.0022,0.0022,0.0023,0.0021,0.0024,0.0021,0.0024
M6,Female,53,2025,0.0022,0.0021,0.0023,0.0020,0.0023,0.0020,0.0024
M6,Female,53,2026,0.0022,0.0021,0.0023,0.0020,0.0024,0.0019,0.0025
M6,Female,53,2027,0.0021,0.0020,0.0022,0.0019,0.0023,0.0018,0.0025
M6,Female,53,2028,0.0021,0.0020,0.0023,0.0019,0.0024,0.0018,0.0025
M6,Female,53,2029,0.0021,0.0020,0.0023,0.0019,0.0024,0.0018,0.0025
M6,Female,53,2030,0.0021,0.0020,0.0023,0.0019,0.0025,0.0017,0.0027
M6,Female,53,2031,0.0021,0.0020,0.0023,0.0018,0.0025,0.0017,0.0028
M6,Female,53,2032,0.0021,0.0019,0.0023,0.0018,0.0025,0.0016,0.0028
M6,Female,53,2033,0.0022,0.0020,0.0024,0.0018,0.0026,0.0016,0.0029
M6,Female,53,2034,0.0022,0.0019,0.0024,0.0017,0.0027,0.0016,0.0030
M6,Female,53,2035,0.0022,0.0020,0.0025,0.0017,0.0028,0.0016,0.0032
M6,Female,53,2036,0.0023,0.0020,0.0026,0.0017,0.0029,0.0016,0.0033
M6,Female,53,2037,0.0023,0.0020,0.0027,0.0018,0.0031,0.0016,0.0036
M6,Female,53,2038,0.0022,0.0019,0.0026,0.0017,0.0030,0.0014,0.0035
M6,Female,53,2039,0.0022,0.0019,0.0026,0.0016,0.0031,0.0014,0.0037
M6,Female,53,2040,0.0024,0.0020,0.0028,0.0017,0.0033,0.0014,0.0040
M6,Female,54,2021,0.0027,0.0026,0.0027,0.0026,0.0027,0.0026,0.0028
M6,Female,54,2022,0.0027,0.0026,0.0027,0.0026,0.0028,0.0025,0.0028
M6,Female,54,2023,0.0026,0.0025,0.0026,0.0025,0.0027,0.0024,0.0027
M6,Female,54,2024,0.0025,0.0025,0.0026,0.0024,0.0027,0.0023,0.0027
M6,Female,54,2025,0.0025,0.0024,0.0026,0.0023,0.0026,0.0022,0.0027
M6,Female,54,2026,0.0024,0.0023,0.0025,0.0023,0.0026,0.0022,0.0028
M6,Female,54,2027,0.0024,0.0023,0.0026,0.0022,0.0027,0.0021,0.0028
M6,Female,54,2028,0.0024,0.0022,0.0025,0.0021,0.0027,0.0020,0.0028
M6,Female,54,2029,0.0024,0.0022,0.0026,0.0021,0.0027,0.0020,0.0029
M6,Female,54,2030,0.0024,0.0022,0.0025,0.0020,0.0027,0.0019,0.0029
M6,Female,54,2031,0.0024,0.0022,0.0026,0.0020,0.0028,0.0019,0.0031
M6,Female,54,2032,0.0024,0.0022,0.0026,0.0020,0.0029,0.0018,0.0032
M6,Female,54,2033,0.0024,0.0022,0.0026,0.0020,0.0029,0.0018,0.0032
M6,Female,54,2034,0.0025,0.0022,0.0028,0.0020,0.0030,0.0018,0.0034
M6,Female,54,2035,0.0024,0.0022,0.0028,0.0019,0.0030,0.0017,0.0035
M6,Female,54,2036,0.0025,0.0022,0.0029,0.0019,0.0032,0.0017,0.0037
M6,Female,54,2037,0.0025,0.0022,0.0030,0.0019,0.0033,0.0017,0.0039
M6,Female,54,2038,0.0027,0.0023,0.0031,0.0020,0.0035,0.0017,0.0042
M6,Female,54,2039,0.0025,0.0022,0.0030,0.0019,0.0034,0.0016,0.0041
M6,Female,54,2040,0.0025,0.0021,0.0030,0.0018,0.0036,0.0015,0.0043
M6,Female,55,2021,0.0030,0.0030,0.0030,0.0029,0.0031,0.0029,0.0031
M6,Female,55,2022,0.0028,0.0028,0.0029,0.0027,0.0029,0.0027,0.0030
M6,Female,55,2023,0.0029,0.0028,0.0029,0.0028,0.0030,0.0027,0.0031
M6,Female,55,2024,0.0028,0.0027,0.0029,0.0026,0.0029,0.0026,0.0030
M6,Female,55,2025,0.0027,0.0026,0.0028,0.0025,0.0029,0.0025,0.0030
M6,Female,55,2026,0.0027,0.0026,0.0028,0.0025,0.0029,0.0024,0.0030
M6,Female,55,2027,0.0026,0.0025,0.0028,0.0024,0.0029,0.0023,0.0030
M6,Female,55,2028,0.0026,0.0025,0.0028,0.0024,0.0029,0.0022,0.0031
M6,Female,55,2029,0.0026,0.0024,0.0028,0.0023,0.0029,0.0021,0.0031
M6,Female,55,2030,0.0026,0.0024,0.0028,0.0022,0.0030,0.0021,0.0032
M6,Female,55,2031,0.0026,0.0024,0.0028,0.0022,0.0030,0.0020,0.0033
M6,Female,55,2032,0.0026,0.0024,0.0029,0.0022,0.0031,0.0020,0.0034
M6,Female,55,2033,0.0026,0.0024,0.0029,0.0022,0.0032,0.0019,0.0035
M6,Female,55,2034,0.0026,0.0023,0.0029,0.0021,0.0032,0.0019,0.0036
M6,Female,55,2035,0.0027,0.0024,0.0030,0.0021,0.0033,0.0019,0.0039
M6,Female,55,2036,0.0027,0.0023,0.0031,0.0021,0.0034,0.0018,0.0039
M6,Female,55,2037,0.0027,0.0024,0.0032,0.0021,0.0036,0.0018,0.0042
M6,Female,55,2038,0.0028,0.0024,0.0033,0.0021,0.0037,0.0018,0.0044
M6,Female,55,2039,0.0029,0.0025,0.0034,0.0021,0.0040,0.0018,0.0048
M6,Female,55,2040,0.0028,0.0023,0.0033,0.0020,0.0039,0.0017,0.0047
M6,Female,56,2021,0.0032,0.0031,0.0032,0.0031,0.0032,0.0031,0.0033
M6,Female,56,2022,0.0031,0.0030,0.0031,0.0030,0.0032,0.0029,0.0032
M6,Female,56,2023,0.0029,0.0029,0.0030,0.0028,0.0031,0.0028,0.0031
M6,Female,56,2024,0.0030,0.0029,0.0030,0.0028,0.0031,0.0027,0.0032
M6,Female,56,2025,0.0029,0.0028,0.0030,0.0027,0.0030,0.0026,0.0032
M6,Female,56,2026,0.0028,0.0027,0.0029,0.0026,0.0030,0.0025,0.0032
M6,Female,56,2027,0.0028,0.0026,0.0029,0.0025,0.0030,0.0024,0.0032
M6,Female,56,2028,0.0027,0.0026,0.0029,0.0024,0.0030,0.0023,0.0032
M6,Female,56,2029,0.0027,0.0026,0.0029,0.0024,0.0031,0.0023,0.0033
M6,Female,56,2030,0.0027,0.0025,0.0029,0.0023,0.0031,0.0021,0.0033
M6,Female,56,2031,0.0027,0.0025,0.0029,0.0023,0.0031,0.0021,0.0034
M6,Female,56,2032,0.0027,0.0024,0.0029,0.0022,0.0032,0.0020,0.0035
M6,Female,56,2033,0.0027,0.0025,0.0030,0.0022,0.0033,0.0020,0.0037
M6,Female,56,2034,0.0027,0.0025,0.0031,0.0022,0.0034,0.0020,0.0038
M6,Female,56,2035,0.0027,0.0024,0.0031,0.0021,0.0034,0.0019,0.0039
M6,Female,56,2036,0.0028,0.0025,0.0032,0.0022,0.0036,0.0019,0.0042
M6,Female,56,2037,0.0028,0.0024,0.0032,0.0021,0.0036,0.0019,0.0043
M6,Female,56,2038,0.0029,0.0025,0.0033,0.0021,0.0038,0.0018,0.0045
M6,Female,56,2039,0.0029,0.0025,0.0035,0.0022,0.0040,0.0018,0.0048
M6,Female,56,2040,0.0031,0.0026,0.0037,0.0022,0.0043,0.0018,0.0051
M6,Female,57,2021,0.0035,0.0035,0.0036,0.0035,0.0036,0.0034,0.0037
M6,Female,57,2022,0.0034,0.0034,0.0035,0.0033,0.0036,0.0033,0.0036
M6,Female,57,2023,0.0034,0.0033,0.0035,0.0033,0.0035,0.0032,0.0036
M6,Female,57,2024,0.0032,0.0031,0.0033,0.0031,0.0034,0.0030,0.0035
M6,Female,57,2025,0.0033,0.0031,0.0034,0.0031,0.0035,0.0030,0.0036
M6,Female,57,2026,0.0032,0.0030,0.0033,0.0029,0.0034,0.0028,0.0036
M6,Female,57,2027,0.0031,0.0030,0.0033,0.0028,0.0034,0.0027,0.0036
M6,Female,57,2028,0.0031,0.0029,0.0032,0.0028,0.0034,0.0026,0.0036
M6,Female,57,2029,0.0030,0.0028,0.0032,0.0027,0.0034,0.0025,0.0036
M6,Female,57,2030,0.0030,0.0028,0.0033,0.0026,0.0035,0.0024,0.0038
M6,Female,57,2031,0.0030,0.0027,0.0032,0.0025,0.0035,0.0023,0.0038
M6,Female,57,2032,0.0030,0.0027,0.0033,0.0025,0.0036,0.0023,0.0039
M6,Female,57,2033,0.0030,0.0027,0.0033,0.0025,0.0036,0.0022,0.0040
M6,Female,57,2034,0.0030,0.0027,0.0034,0.0025,0.0037,0.0022,0.0042
M6,Female,57,2035,0.0031,0.0027,0.0035,0.0024,0.0038,0.0022,0.0044
M6,Female,57,2036,0.0030,0.0027,0.0035,0.0023,0.0039,0.0021,0.0045
M6,Female,57,2037,0.0031,0.0027,0.0036,0.0024,0.0041,0.0021,0.0048
M6,Female,57,2038,0.0031,0.0027,0.0037,0.0023,0.0042,0.0020,0.0049
M6,Female,57,2039,0.0032,0.0027,0.0038,0.0024,0.0044,0.0020,0.0053
M6,Female,57,2040,0.0033,0.0028,0.0040,0.0024,0.0046,0.0020,0.0055
M6,Female,58,2021,0.0040,0.0040,0.0041,0.0039,0.0041,0.0039,0.0042
M6,Female,58,2022,0.0039,0.0038,0.0040,0.0038,0.0040,0.0037,0.0041
M6,Female,58,2023,0.0038,0.0038,0.0039,0.0037,0.0040,0.0036,0.0041
M6,Female,58,2024,0.0038,0.0037,0.0039,0.0036,0.0040,0.0035,0.0041
M6,Female,58,2025,0.0036,0.0035,0.0037,0.0034,0.0038,0.0033,0.0040
M6,Female,58,2026,0.0036,0.0035,0.0038,0.0034,0.0039,0.0032,0.0041
M6,Female,58,2027,0.0035,0.0034,0.0037,0.0032,0.0039,0.0030,0.0041
M6,Female,58,2028,0.0035,0.0033,0.0037,0.0031,0.0039,0.0029,0.0041
M6,Female,58,2029,0.0034,0.0032,0.0037,0.0030,0.0039,0.0028,0.0041
M6,Female,58,2030,0.0034,0.0031,0.0036,0.0029,0.0039,0.0027,0.0042
M6,Female,58,2031,0.0034,0.0031,0.0037,0.0029,0.0040,0.0027,0.0043
M6,Female,58,2032,0.0033,0.0030,0.0037,0.0028,0.0040,0.0026,0.0044
M6,Female,58,2033,0.0034,0.0031,0.0037,0.0028,0.0041,0.0025,0.0045
M6,Female,58,2034,0.0033,0.0030,0.0038,0.0027,0.0041,0.0024,0.0047
M6,Female,58,2035,0.0034,0.0030,0.0039,0.0027,0.0043,0.0024,0.0049
M6,Female,58,2036,0.0034,0.0030,0.0040,0.0027,0.0044,0.0024,0.0052
M6,Female,58,2037,0.0034,0.0030,0.0040,0.0026,0.0044,0.0023,0.0052
M6,Female,58,2038,0.0036,0.0031,0.0042,0.0027,0.0047,0.0023,0.0056
M6,Female,58,2039,0.0035,0.0030,0.0042,0.0026,0.0048,0.0022,0.0058
M6,Female,58,2040,0.0036,0.0031,0.0044,0.0026,0.0051,0.0022,0.0061
M6,Female,59,2021,0.0045,0.0045,0.0046,0.0044,0.0046,0.0044,0.0047
M6,Female,59,2022,0.0043,0.0043,0.0044,0.0042,0.0045,0.0041,0.0045
M6,Female,59,2023,0.0043,0.0042,0.0043,0.0041,0.0044,0.0040,0.0045
M6,Female,59,2024,0.0042,0.0041,0.0043,0.0040,0.0044,0.0039,0.0045
M6,Female,59,2025,0.0041,0.0040,0.0042,0.0038,0.0044,0.0037,0.0045
M6,Female,59,2026,0.0039,0.0038,0.0041,0.0036,0.0043,0.0035,0.0045
M6,Female,59,2027,0.0040,0.0038,0.0042,0.0036,0.0044,0.0034,0.0046
M6,Female,59,2028,0.0039,0.0036,0.0041,0.0035,0.0043,0.0033,0.0046
M6,Female,59,2029,0.0038,0.0036,0.0041,0.0034,0.0043,0.0031,0.0046
M6,Female,59,2030,0.0038,0.0035,0.0041,0.0033,0.0043,0.0030,0.0047
M6,Female,59,2031,0.0037,0.0034,0.0040,0.0032,0.0043,0.0029,0.0047
M6,Female,59,2032,0.0037,0.0034,0.0041,0.0031,0.0045,0.0029,0.0049
M6,Female,59,2033,0.0037,0.0033,0.0041,0.0030,0.0045,0.0027,0.0050
M6,Female,59,2034,0.0037,0.0033,0.0042,0.0030,0.0046,0.0027,0.0052
M6,Female,59,2035,0.0037,0.0033,0.0042,0.0029,0.0047,0.0026,0.0053
M6,Female,59,2036,0.0038,0.0033,0.0044,0.0029,0.0048,0.0026,0.0056
M6,Female,59,2037,0.0038,0.0033,0.0044,0.0029,0.0050,0.0026,0.0058
M6,Female,59,2038,0.0038,0.0033,0.0045,0.0028,0.0051,0.0025,0.0060
M6,Female,59,2039,0.0039,0.0034,0.0047,0.0029,0.0054,0.0025,0.0065
M6,Female,59,2040,0.0039,0.0033,0.0047,0.0029,0.0055,0.0024,0.0066
M6,Female,60,2021,0.0051,0.0050,0.0051,0.0050,0.0052,0.0049,0.0053
M6,Female,60,2022,0.0049,0.0048,0.0050,0.0048,0.0051,0.0047,0.0052
M6,Female,60,2023,0.0048,0.0047,0.0049,0.0046,0.0050,0.0045,0.0051
M6,Female,60,2024,0.0047,0.0045,0.0048,0.0044,0.0049,0.0043,0.0051
M6,Female,60,2025,0.0046,0.0044,0.0047,0.0043,0.0049,0.0042,0.0051
M6,Female,60,2026,0.0045,0.0043,0.0047,0.0042,0.0049,0.0040,0.0051
M6,Female,60,2027,0.0043,0.0041,0.0045,0.0039,0.0048,0.0037,0.0050
M6,Female,60,2028,0.0044,0.0041,0.0046,0.0039,0.0049,0.0037,0.0052
M6,Female,60,2029,0.0043,0.0040,0.0046,0.0038,0.0048,0.0035,0.0052
M6,Female,60,2030,0.0042,0.0039,0.0045,0.0036,0.0048,0.0034,0.0052
M6,Female,60,2031,0.0042,0.0038,0.0045,0.0035,0.0049,0.0033,0.0053
M6,Female,60,2032,0.0041,0.0038,0.0045,0.0035,0.0049,0.0031,0.0054
M6,Female,60,2033,0.0042,0.0038,0.0046,0.0034,0.0050,0.0031,0.0056
M6,Female,60,2034,0.0041,0.0037,0.0046,0.0033,0.0050,0.0030,0.0057
M6,Female,60,2035,0.0041,0.0037,0.0047,0.0033,0.0052,0.0030,0.0059
M6,Female,60,2036,0.0041,0.0036,0.0047,0.0032,0.0053,0.0028,0.0061
M6,Female,60,2037,0.0042,0.0037,0.0049,0.0032,0.0055,0.0028,0.0064
M6,Female,60,2038,0.0043,0.0037,0.0050,0.0032,0.0057,0.0028,0.0067
M6,Female,60,2039,0.0043,0.0036,0.0051,0.0031,0.0058,0.0026,0.0069
M6,Female,60,2040,0.0044,0.0038,0.0053,0.0032,0.0062,0.0026,0.0074
M6,Female,61,2021,0.0055,0.0054,0.0056,0.0054,0.0056,0.0053,0.0057
M6,Female,61,2022,0.0054,0.0053,0.0055,0.0052,0.0055,0.0051,0.0056
M6,Female,61,2023,0.0053,0.0052,0.0054,0.0051,0.0055,0.0050,0.0056
M6,Female,61,2024,0.0051,0.0050,0.0052,0.0048,0.0054,0.0047,0.0055
M6,Female,61,2025,0.0050,0.0048,0.0051,0.0046,0.0053,0.0045,0.0055
M6,Female,61,2026,0.0049,0.0047,0.0051,0.0046,0.0053,0.0043,0.0056
M6,Female,61,2027,0.0048,0.0046,0.0051,0.0044,0.0053,0.0042,0.0056
M6,Female,61,2028,0.0046,0.0044,0.0049,0.0042,0.0052,0.0039,0.0055
M6,Female,61,2029,0.0047,0.0044,0.0050,0.0041,0.0053,0.0039,0.0057
M6,Female,61,2030,0.0046,0.0043,0.0049,0.0040,0.0053,0.0037,0.0057
M6,Female,61,2031,0.0045,0.0042,0.0049,0.0039,0.0053,0.0035,0.0058
M6,Female,61,2032,0.0045,0.0041,0.0049,0.0038,0.0053,0.0034,0.0059
M6,Female,61,2033,0.0044,0.0040,0.0049,0.0037,0.0054,0.0033,0.0060
M6,Female,61,2034,0.0045,0.0040,0.0051,0.0037,0.0055,0.0033,0.0062
M6,Female,61,2035,0.0044,0.0039,0.0050,0.0035,0.0056,0.0032,0.0063
M6,Female,61,2036,0.0045,0.0039,0.0051,0.0035,0.0057,0.0031,0.0066
M6,Female,61,2037,0.0045,0.0039,0.0052,0.0034,0.0058,0.0030,0.0068
M6,Female,61,2038,0.0046,0.0040,0.0054,0.0034,0.0061,0.0030,0.0071
M6,Female,61,2039,0.0047,0.0040,0.0055,0.0034,0.0063,0.0029,0.0076
M6,Female,61,2040,0.0046,0.0039,0.0055,0.0034,0.0064,0.0028,0.0078
M6,Female,62,2021,0.0059,0.0058,0.0060,0.0058,0.0061,0.0057,0.0061
M6,Female,62,2022,0.0059,0.0058,0.0060,0.0057,0.0061,0.0056,0.0062
M6,Female,62,2023,0.0058,0.0057,0.0060,0.0056,0.0061,0.0055,0.0062
M6,Female,62,2024,0.0057,0.0055,0.0059,0.0054,0.0060,0.0052,0.0062
M6,Female,62,2025,0.0055,0.0053,0.0057,0.0051,0.0059,0.0050,0.0061
M6,Female,62,2026,0.0054,0.0052,0.0056,0.0050,0.0058,0.0048,0.0061
M6,Female,62,2027,0.0053,0.0051,0.0056,0.0049,0.0059,0.0046,0.0062
M6,Female,62,2028,0.0052,0.0049,0.0055,0.0047,0.0058,0.0044,0.0062
M6,Female,62,2029,0.0050,0.0047,0.0054,0.0044,0.0057,0.0042,0.0061
M6,Female,62,2030,0.0051,0.0048,0.0055,0.0044,0.0059,0.0041,0.0064
M6,Female,62,2031,0.0050,0.0046,0.0054,0.0043,0.0058,0.0039,0.0064
M6,Female,62,2032,0.0049,0.0045,0.0054,0.0041,0.0059,0.0038,0.0065
M6,Female,62,2033,0.0049,0.0045,0.0054,0.0041,0.0059,0.0037,0.0066
M6,Female,62,2034,0.0049,0.0044,0.0055,0.0040,0.0060,0.0035,0.0067
M6,Female,62,2035,0.0049,0.0044,0.0056,0.0039,0.0062,0.0035,0.0070
M6,Female,62,2036,0.0049,0.0043,0.0056,0.0038,0.0062,0.0033,0.0071
M6,Female,62,2037,0.0049,0.0043,0.0057,0.0038,0.0064,0.0033,0.0074
M6,Female,62,2038,0.0049,0.0043,0.0058,0.0037,0.0066,0.0032,0.0077
M6,Female,62,2039,0.0051,0.0043,0.0060,0.0037,0.0069,0.0032,0.0082
M6,Female,62,2040,0.0051,0.0044,0.0062,0.0037,0.0071,0.0031,0.0086
M6,Female,63,2021,0.0067,0.0066,0.0067,0.0065,0.0068,0.0064,0.0069
M6,Female,63,2022,0.0065,0.0064,0.0066,0.0063,0.0067,0.0062,0.0068
M6,Female,63,2023,0.0065,0.0064,0.0067,0.0063,0.0068,0.0062,0.0070
M6,Female,63,2024,0.0065,0.0063,0.0067,0.0061,0.0068,0.0059,0.0070
M6,Female,63,2025,0.0063,0.0061,0.0065,0.0059,0.0067,0.0058,0.0070
M6,Female,63,2026,0.0061,0.0059,0.0064,0.0057,0.0066,0.0054,0.0070
M6,Female,63,2027,0.0060,0.0057,0.0063,0.0055,0.0066,0.0052,0.0070
M6,Female,63,2028,0.0059,0.0056,0.0063,0.0053,0.0066,0.0050,0.0070
M6,Female,63,2029,0.0059,0.0055,0.0063,0.0052,0.0066,0.0048,0.0071
M6,Female,63,2030,0.0056,0.0052,0.0061,0.0049,0.0065,0.0045,0.0070
M6,Female,63,2031,0.0057,0.0053,0.0062,0.0049,0.0067,0.0045,0.0074
M6,Female,63,2032,0.0056,0.0051,0.0062,0.0047,0.0067,0.0043,0.0074
M6,Female,63,2033,0.0055,0.0050,0.0062,0.0046,0.0067,0.0041,0.0074
M6,Female,63,2034,0.0055,0.0050,0.0062,0.0045,0.0068,0.0040,0.0076
M6,Female,63,2035,0.0055,0.0049,0.0062,0.0044,0.0069,0.0039,0.0078
M6,Female,63,2036,0.0056,0.0049,0.0064,0.0043,0.0071,0.0038,0.0082
M6,Female,63,2037,0.0055,0.0048,0.0064,0.0042,0.0071,0.0037,0.0082
M6,Female,63,2038,0.0056,0.0048,0.0065,0.0042,0.0074,0.0036,0.0087
M6,Female,63,2039,0.0056,0.0048,0.0066,0.0041,0.0076,0.0035,0.0091
M6,Female,63,2040,0.0058,0.0049,0.0069,0.0041,0.0080,0.0035,0.0096
M6,Female,64,2021,0.0073,0.0072,0.0073,0.0071,0.0074,0.0070,0.0075
M6,Female,64,2022,0.0071,0.0070,0.0073,0.0069,0.0074,0.0068,0.0075
M6,Female,64,2023,0.0071,0.0069,0.0072,0.0068,0.0074,0.0066,0.0075
M6,Female,64,2024,0.0071,0.0069,0.0073,0.0067,0.0075,0.0065,0.0077
M6,Female,64,2025,0.0070,0.0067,0.0072,0.0065,0.0074,0.0063,0.0077
M6,Female,64,2026,0.0069,0.0066,0.0072,0.0063,0.0074,0.0061,0.0078
M6,Female,64,2027,0.0066,0.0063,0.0070,0.0061,0.0073,0.0058,0.0077
M6,Female,64,2028,0.0065,0.0062,0.0069,0.0059,0.0073,0.0055,0.0077
M6,Female,64,2029,0.0065,0.0061,0.0069,0.0057,0.0073,0.0053,0.0078
M6,Female,64,2030,0.0064,0.0059,0.0069,0.0055,0.0073,0.0051,0.0079
M6,Female,64,2031,0.0062,0.0057,0.0067,0.0052,0.0072,0.0048,0.0079
M6,Female,64,2032,0.0063,0.0057,0.0069,0.0053,0.0075,0.0048,0.0082
M6,Female,64,2033,0.0061,0.0056,0.0068,0.0051,0.0074,0.0046,0.0082
M6,Female,64,2034,0.0061,0.0055,0.0068,0.0050,0.0075,0.0044,0.0084
M6,Female,64,2035,0.0060,0.0054,0.0069,0.0048,0.0076,0.0043,0.0086
M6,Female,64,2036,0.0060,0.0053,0.0069,0.0047,0.0077,0.0041,0.0088
M6,Female,64,2037,0.0061,0.0053,0.0071,0.0047,0.0080,0.0041,0.0092
M6,Female,64,2038,0.0060,0.0052,0.0071,0.0045,0.0081,0.0039,0.0095
M6,Female,64,2039,0.0062,0.0052,0.0073,0.0045,0.0083,0.0038,0.0100
M6,Female,64,2040,0.0062,0.0052,0.0074,0.0044,0.0086,0.0037,0.0104
M6,Female,65,2021,0.0081,0.0080,0.0082,0.0079,0.0083,0.0078,0.0084
M6,Female,65,2022,0.0080,0.0079,0.0082,0.0078,0.0083,0.0076,0.0084
M6,Female,65,2023,0.0080,0.0078,0.0082,0.0077,0.0083,0.0075,0.0085
M6,Female,65,2024,0.0079,0.0077,0.0081,0.0075,0.0083,0.0072,0.0086
M6,Female,65,2025,0.0079,0.0076,0.0082,0.0074,0.0084,0.0072,0.0087
M6,Female,65,2026,0.0078,0.0075,0.0082,0.0072,0.0085,0.0069,0.0089
M6,Female,65,2027,0.0077,0.0073,0.0081,0.0070,0.0085,0.0067,0.0089
M6,Female,65,2028,0.0075,0.0071,0.0079,0.0067,0.0084,0.0063,0.0088
M6,Female,65,2029,0.0073,0.0069,0.0079,0.0065,0.0083,0.0060,0.0089
M6,Female,65,2030,0.0073,0.0068,0.0079,0.0063,0.0084,0.0058,0.0090
M6,Female,65,2031,0.0072,0.0066,0.0078,0.0061,0.0084,0.0056,0.0092
M6,Female,65,2032,0.0070,0.0064,0.0077,0.0058,0.0083,0.0053,0.0091
M6,Female,65,2033,0.0071,0.0065,0.0079,0.0059,0.0086,0.0053,0.0095
M6,Female,65,2034,0.0069,0.0063,0.0078,0.0057,0.0085,0.0051,0.0096
M6,Female,65,2035,0.0069,0.0061,0.0078,0.0055,0.0087,0.0049,0.0098
M6,Female,65,2036,0.0069,0.0061,0.0079,0.0054,0.0088,0.0047,0.0101
M6,Female,65,2037,0.0068,0.0060,0.0080,0.0052,0.0089,0.0046,0.0104
M6,Female,65,2038,0.0070,0.0060,0.0082,0.0052,0.0093,0.0045,0.0109
M6,Female,65,2039,0.0069,0.0059,0.0082,0.0051,0.0094,0.0043,0.0112
M6,Female,65,2040,0.0070,0.0059,0.0084,0.0050,0.0098,0.0042,0.0118
M6,Female,66,2021,0.0087,0.0086,0.0088,0.0085,0.0089,0.0084,0.0090
M6,Female,66,2022,0.0086,0.0085,0.0088,0.0083,0.0089,0.0082,0.0091
M6,Female,66,2023,0.0087,0.0085,0.0089,0.0083,0.0091,0.0082,0.0092
M6,Female,66,2024,0.0086,0.0084,0.0089,0.0081,0.0091,0.0079,0.0094
M6,Female,66,2025,0.0085,0.0082,0.0088,0.0080,0.0091,0.0077,0.0094
M6,Female,66,2026,0.0085,0.0082,0.0089,0.0079,0.0092,0.0076,0.0097
M6,Female,66,2027,0.0085,0.0081,0.0089,0.0077,0.0093,0.0073,0.0098
M6,Female,66,2028,0.0083,0.0079,0.0088,0.0075,0.0093,0.0070,0.0098
M6,Female,66,2029,0.0081,0.0076,0.0087,0.0071,0.0092,0.0067,0.0098
M6,Female,66,2030,0.0080,0.0074,0.0086,0.0069,0.0092,0.0064,0.0099
M6,Female,66,2031,0.0079,0.0073,0.0086,0.0068,0.0093,0.0062,0.0101
M6,Female,66,2032,0.0078,0.0072,0.0086,0.0066,0.0093,0.0060,0.0103
M6,Female,66,2033,0.0076,0.0069,0.0085,0.0063,0.0092,0.0057,0.0102
M6,Female,66,2034,0.0078,0.0070,0.0087,0.0063,0.0095,0.0057,0.0107
M6,Female,66,2035,0.0076,0.0068,0.0086,0.0061,0.0096,0.0054,0.0108
M6,Female,66,2036,0.0076,0.0067,0.0087,0.0059,0.0097,0.0051,0.0111
M6,Female,66,2037,0.0075,0.0066,0.0088,0.0058,0.0098,0.0051,0.0114
M6,Female,66,2038,0.0075,0.0065,0.0088,0.0056,0.0100,0.0049,0.0118
M6,Female,66,2039,0.0077,0.0065,0.0091,0.0056,0.0104,0.0048,0.0124
M6,Female,66,2040,0.0076,0.0064,0.0091,0.0055,0.0105,0.0046,0.0128
M6,Female,67,2021,0.0093,0.0092,0.0094,0.0091,0.0095,0.0090,0.0096
M6,Female,67,2022,0.0093,0.0091,0.0094,0.0090,0.0096,0.0088,0.0098
M6,Female,67,2023,0.0094,0.0092,0.0096,0.0090,0.0098,0.0088,0.0100
M6,Female,67,2024,0.0094,0.0091,0.0097,0.0089,0.0099,0.0086,0.0102
M6,Female,67,2025,0.0093,0.0090,0.0096,0.0087,0.0099,0.0085,0.0103
M6,Female,67,2026,0.0092,0.0088,0.0096,0.0085,0.0100,0.0082,0.0105
M6,Female,67,2027,0.0093,0.0088,0.0098,0.0084,0.0102,0.0080,0.0107
M6,Female,67,2028,0.0092,0.0087,0.0098,0.0083,0.0103,0.0077,0.0108
M6,Female,67,2029,0.0091,0.0085,0.0097,0.0080,0.0103,0.0075,0.0110
M6,Female,67,2030,0.0088,0.0082,0.0095,0.0077,0.0101,0.0070,0.0110
M6,Female,67,2031,0.0087,0.0080,0.0095,0.0074,0.0102,0.0068,0.0111
M6,Female,67,2032,0.0087,0.0079,0.0095,0.0073,0.0103,0.0066,0.0114
M6,Female,67,2033,0.0086,0.0078,0.0096,0.0071,0.0104,0.0064,0.0115
M6,Female,67,2034,0.0083,0.0075,0.0093,0.0068,0.0102,0.0061,0.0115
M6,Female,67,2035,0.0085,0.0076,0.0097,0.0068,0.0107,0.0060,0.0121
M6,Female,67,2036,0.0083,0.0074,0.0096,0.0065,0.0107,0.0057,0.0123
M6,Female,67,2037,0.0083,0.0073,0.0097,0.0064,0.0108,0.0055,0.0126
M6,Female,67,2038,0.0083,0.0072,0.0098,0.0062,0.0111,0.0053,0.0130
M6,Female,67,2039,0.0083,0.0071,0.0098,0.0061,0.0113,0.0052,0.0134
M6,Female,67,2040,0.0085,0.0071,0.0102,0.0061,0.0118,0.0051,0.0142
M6,Female,68,2021,0.0103,0.0101,0.0104,0.0100,0.0105,0.0099,0.0107
M6,Female,68,2022,0.0104,0.0102,0.0106,0.0100,0.0107,0.0099,0.0109
M6,Female,68,2023,0.0105,0.0103,0.0108,0.0101,0.0110,0.0099,0.0112
M6,Female,68,2024,0.0106,0.0103,0.0109,0.0100,0.0112,0.0097,0.0115
M6,Female,68,2025,0.0106,0.0102,0.0109,0.0099,0.0113,0.0096,0.0118
M6,Female,68,2026,0.0106,0.0101,0.0110,0.0097,0.0114,0.0094,0.0120
M6,Female,68,2027,0.0104,0.0100,0.0110,0.0095,0.0115,0.0090,0.0121
M6,Female,68,2028,0.0105,0.0099,0.0111,0.0094,0.0118,0.0088,0.0124
M6,Female,68,2029,0.0105,0.0098,0.0112,0.0092,0.0118,0.0086,0.0127
M6,Female,68,2030,0.0103,0.0096,0.0111,0.0090,0.0119,0.0083,0.0128
M6,Female,68,2031,0.0101,0.0093,0.0110,0.0086,0.0118,0.0078,0.0129
M6,Female,68,2032,0.0099,0.0091,0.0109,0.0083,0.0118,0.0076,0.0130
M6,Female,68,2033,0.0099,0.0090,0.0110,0.0082,0.0120,0.0074,0.0133
M6,Female,68,2034,0.0098,0.0089,0.0110,0.0080,0.0121,0.0071,0.0136
M6,Female,68,2035,0.0095,0.0085,0.0108,0.0076,0.0120,0.0068,0.0136
M6,Female,68,2036,0.0098,0.0086,0.0113,0.0076,0.0125,0.0066,0.0145
M6,Female,68,2037,0.0096,0.0084,0.0112,0.0073,0.0125,0.0064,0.0146
M6,Female,68,2038,0.0096,0.0082,0.0112,0.0071,0.0128,0.0061,0.0151
M6,Female,68,2039,0.0096,0.0082,0.0114,0.0070,0.0131,0.0059,0.0156
M6,Female,68,2040,0.0096,0.0080,0.0115,0.0069,0.0133,0.0057,0.0162
M6,Female,69,2021,0.0117,0.0115,0.0118,0.0114,0.0119,0.0112,0.0121
M6,Female,69,2022,0.0116,0.0114,0.0118,0.0112,0.0120,0.0110,0.0122
M6,Female,69,2023,0.0119,0.0116,0.0122,0.0114,0.0124,0.0112,0.0127
M6,Female,69,2024,0.0120,0.0117,0.0124,0.0114,0.0127,0.0110,0.0131
M6,Female,69,2025,0.0121,0.0117,0.0125,0.0113,0.0129,0.0110,0.0134
M6,Female,69,2026,0.0122,0.0116,0.0127,0.0112,0.0132,0.0107,0.0138
M6,Female,69,2027,0.0121,0.0115,0.0128,0.0110,0.0133,0.0104,0.0141
M6,Female,69,2028,0.0120,0.0113,0.0127,0.0108,0.0134,0.0101,0.0142
M6,Female,69,2029,0.0121,0.0113,0.0130,0.0107,0.0137,0.0100,0.0146
M6,Female,69,2030,0.0120,0.0112,0.0130,0.0104,0.0139,0.0096,0.0150
M6,Female,69,2031,0.0119,0.0110,0.0130,0.0102,0.0140,0.0092,0.0152
M6,Female,69,2032,0.0116,0.0106,0.0128,0.0098,0.0138,0.0088,0.0152
M6,Female,69,2033,0.0115,0.0104,0.0128,0.0095,0.0139,0.0085,0.0154
M6,Female,69,2034,0.0115,0.0104,0.0129,0.0094,0.0141,0.0083,0.0159
M6,Female,69,2035,0.0114,0.0102,0.0129,0.0091,0.0143,0.0081,0.0163
M6,Female,69,2036,0.0111,0.0098,0.0128,0.0087,0.0142,0.0075,0.0164
M6,Female,69,2037,0.0114,0.0099,0.0132,0.0087,0.0148,0.0075,0.0173
M6,Female,69,2038,0.0112,0.0097,0.0131,0.0083,0.0149,0.0071,0.0176
M6,Female,69,2039,0.0112,0.0096,0.0133,0.0082,0.0153,0.0069,0.0182
M6,Female,69,2040,0.0112,0.0094,0.0135,0.0080,0.0155,0.0067,0.0189
M6,Female,70,2021,0.0126,0.0124,0.0128,0.0123,0.0129,0.0121,0.0131
M6,Female,70,2022,0.0126,0.0124,0.0129,0.0122,0.0131,0.0120,0.0133
M6,Female,70,2023,0.0128,0.0125,0.0131,0.0122,0.0133,0.0120,0.0136
M6,Female,70,2024,0.0130,0.0127,0.0134,0.0123,0.0138,0.0119,0.0142
M6,Female,70,2025,0.0132,0.0127,0.0136,0.0123,0.0141,0.0120,0.0147
M6,Female,70,2026,0.0133,0.0127,0.0139,0.0123,0.0144,0.0117,0.0151
M6,Female,70,2027,0.0134,0.0127,0.0141,0.0122,0.0147,0.0115,0.0155
M6,Female,70,2028,0.0133,0.0126,0.0141,0.0120,0.0149,0.0112,0.0158
M6,Female,70,2029,0.0133,0.0124,0.0142,0.0117,0.0150,0.0109,0.0161
M6,Female,70,2030,0.0134,0.0124,0.0144,0.0116,0.0154,0.0107,0.0167
M6,Female,70,2031,0.0133,0.0123,0.0146,0.0114,0.0156,0.0103,0.0170
M6,Female,70,2032,0.0132,0.0121,0.0145,0.0111,0.0157,0.0100,0.0173
M6,Female,70,2033,0.0129,0.0117,0.0143,0.0107,0.0157,0.0096,0.0174
M6,Female,70,2034,0.0128,0.0115,0.0144,0.0104,0.0157,0.0093,0.0177
M6,Female,70,2035,0.0128,0.0114,0.0145,0.0102,0.0161,0.0090,0.0183
M6,Female,70,2036,0.0127,0.0112,0.0146,0.0099,0.0162,0.0086,0.0187
M6,Female,70,2037,0.0124,0.0108,0.0144,0.0094,0.0162,0.0081,0.0188
M6,Female,70,2038,0.0127,0.0110,0.0149,0.0095,0.0170,0.0081,0.0200
M6,Female,70,2039,0.0125,0.0107,0.0149,0.0092,0.0171,0.0077,0.0205
M6,Female,70,2040,0.0125,0.0106,0.0150,0.0090,0.0175,0.0075,0.0210
M6,Female,71,2021,0.0138,0.0136,0.0140,0.0135,0.0141,0.0133,0.0143
M6,Female,71,2022,0.0137,0.0135,0.0140,0.0132,0.0142,0.0130,0.0145
M6,Female,71,2023,0.0140,0.0137,0.0143,0.0134,0.0146,0.0131,0.0149
M6,Female,71,2024,0.0141,0.0137,0.0145,0.0133,0.0149,0.0128,0.0153
M6,Female,71,2025,0.0143,0.0138,0.0148,0.0134,0.0153,0.0130,0.0160
M6,Female,71,2026,0.0146,0.0139,0.0152,0.0134,0.0158,0.0129,0.0165
M6,Female,71,2027,0.0147,0.0140,0.0155,0.0134,0.0162,0.0126,0.0170
M6,Female,71,2028,0.0148,0.0139,0.0157,0.0132,0.0166,0.0124,0.0175
M6,Female,71,2029,0.0148,0.0138,0.0158,0.0130,0.0168,0.0121,0.0179
M6,Female,71,2030,0.0147,0.0137,0.0159,0.0127,0.0169,0.0118,0.0183
M6,Female,71,2031,0.0149,0.0137,0.0162,0.0127,0.0174,0.0115,0.0190
M6,Female,71,2032,0.0148,0.0136,0.0163,0.0124,0.0177,0.0112,0.0194
M6,Female,71,2033,0.0147,0.0134,0.0163,0.0122,0.0179,0.0110,0.0198
M6,Female,71,2034,0.0144,0.0130,0.0162,0.0118,0.0177,0.0104,0.0200
M6,Female,71,2035,0.0143,0.0127,0.0162,0.0114,0.0180,0.0101,0.0203
M6,Female,71,2036,0.0143,0.0126,0.0164,0.0112,0.0183,0.0097,0.0211
M6,Female,71,2037,0.0142,0.0125,0.0166,0.0108,0.0186,0.0093,0.0216
M6,Female,71,2038,0.0139,0.0120,0.0163,0.0103,0.0185,0.0088,0.0219
M6,Female,71,2039,0.0143,0.0122,0.0170,0.0105,0.0195,0.0088,0.0234
M6,Female,71,2040,0.0141,0.0118,0.0170,0.0101,0.0196,0.0084,0.0236
M6,Female,72,2021,0.0152,0.0150,0.0154,0.0148,0.0156,0.0146,0.0158
M6,Female,72,2022,0.0152,0.0150,0.0155,0.0147,0.0158,0.0144,0.0161
M6,Female,72,2023,0.0154,0.0150,0.0157,0.0147,0.0160,0.0144,0.0164
M6,Female,72,2024,0.0156,0.0151,0.0161,0.0147,0.0165,0.0142,0.0170
M6,Female,72,2025,0.0157,0.0151,0.0162,0.0146,0.0168,0.0142,0.0175
M6,Female,72,2026,0.0161,0.0154,0.0168,0.0148,0.0175,0.0142,0.0182
M6,Female,72,2027,0.0163,0.0155,0.0172,0.0148,0.0180,0.0140,0.0189
M6,Female,72,2028,0.0164,0.0155,0.0174,0.0147,0.0184,0.0139,0.0194
M6,Female,72,2029,0.0166,0.0155,0.0178,0.0146,0.0189,0.0136,0.0202
M6,Female,72,2030,0.0166,0.0155,0.0179,0.0144,0.0192,0.0133,0.0207
M6,Female,72,2031,0.0166,0.0152,0.0181,0.0141,0.0194,0.0128,0.0211
M6,Female,72,2032,0.0167,0.0153,0.0184,0.0140,0.0200,0.0126,0.0219
M6,Female,72,2033,0.0167,0.0152,0.0186,0.0139,0.0204,0.0125,0.0226
M6,Female,72,2034,0.0166,0.0150,0.0187,0.0136,0.0204,0.0120,0.0231
M6,Female,72,2035,0.0163,0.0145,0.0185,0.0130,0.0206,0.0115,0.0233
M6,Female,72,2036,0.0162,0.0143,0.0186,0.0126,0.0207,0.0109,0.0238
M6,Female,72,2037,0.0162,0.0142,0.0189,0.0124,0.0212,0.0106,0.0244
M6,Female,72,2038,0.0162,0.0140,0.0190,0.0120,0.0216,0.0103,0.0255
M6,Female,72,2039,0.0158,0.0135,0.0188,0.0116,0.0216,0.0098,0.0259
M6,Female,72,2040,0.0163,0.0136,0.0196,0.0117,0.0226,0.0097,0.0274
M6,Female,73,2021,0.0169,0.0166,0.0171,0.0164,0.0173,0.0162,0.0175
M6,Female,73,2022,0.0169,0.0166,0.0172,0.0163,0.0175,0.0161,0.0179
M6,Female,73,2023,0.0172,0.0168,0.0176,0.0164,0.0179,0.0161,0.0183
M6,Female,73,2024,0.0172,0.0168,0.0178,0.0163,0.0183,0.0157,0.0188
M6,Female,73,2025,0.0175,0.0169,0.0181,0.0164,0.0187,0.0158,0.0195
M6,Female,73,2026,0.0177,0.0169,0.0185,0.0163,0.0193,0.0156,0.0200
M6,Female,73,2027,0.0181,0.0172,0.0191,0.0165,0.0200,0.0156,0.0210
M6,Female,73,2028,0.0184,0.0173,0.0195,0.0165,0.0206,0.0155,0.0217
M6,Female,73,2029,0.0186,0.0174,0.0199,0.0164,0.0211,0.0153,0.0226
M6,Female,73,2030,0.0188,0.0175,0.0203,0.0163,0.0217,0.0151,0.0234
M6,Female,73,2031,0.0188,0.0174,0.0205,0.0161,0.0221,0.0146,0.0241
M6,Female,73,2032,0.0188,0.0172,0.0207,0.0157,0.0225,0.0142,0.0246
M6,Female,73,2033,0.0190,0.0173,0.0211,0.0158,0.0232,0.0142,0.0256
M6,Female,73,2034,0.0191,0.0171,0.0214,0.0155,0.0234,0.0138,0.0264
M6,Female,73,2035,0.0190,0.0169,0.0215,0.0152,0.0240,0.0133,0.0272
M6,Female,73,2036,0.0186,0.0164,0.0214,0.0145,0.0239,0.0126,0.0274
M6,Female,73,2037,0.0185,0.0162,0.0216,0.0141,0.0242,0.0121,0.0279
M6,Female,73,2038,0.0186,0.0160,0.0219,0.0138,0.0249,0.0118,0.0294
M6,Female,73,2039,0.0185,0.0158,0.0220,0.0136,0.0253,0.0114,0.0304
M6,Female,73,2040,0.0181,0.0152,0.0217,0.0130,0.0252,0.0108,0.0307
M6,Female,74,2021,0.0186,0.0183,0.0188,0.0181,0.0191,0.0178,0.0193
M6,Female,74,2022,0.0187,0.0184,0.0190,0.0180,0.0194,0.0177,0.0198
M6,Female,74,2023,0.0191,0.0186,0.0195,0.0182,0.0199,0.0179,0.0204
M6,Female,74,2024,0.0192,0.0187,0.0198,0.0182,0.0204,0.0176,0.0210
M6,Female,74,2025,0.0193,0.0186,0.0200,0.0181,0.0207,0.0175,0.0215
M6,Female,74,2026,0.0197,0.0189,0.0206,0.0182,0.0214,0.0174,0.0223
M6,Female,74,2027,0.0199,0.0189,0.0210,0.0181,0.0220,0.0171,0.0231
M6,Female,74,2028,0.0204,0.0192,0.0216,0.0183,0.0228,0.0172,0.0242
M6,Female,74,2029,0.0208,0.0194,0.0222,0.0182,0.0236,0.0171,0.0253
M6,Female,74,2030,0.0210,0.0196,0.0228,0.0182,0.0243,0.0168,0.0263
M6,Female,74,2031,0.0213,0.0196,0.0232,0.0182,0.0250,0.0165,0.0271
M6,Female,74,2032,0.0214,0.0195,0.0235,0.0178,0.0255,0.0161,0.0279
M6,Female,74,2033,0.0213,0.0194,0.0237,0.0176,0.0260,0.0159,0.0286
M6,Female,74,2034,0.0216,0.0194,0.0243,0.0176,0.0267,0.0156,0.0299
M6,Female,74,2035,0.0217,0.0193,0.0246,0.0174,0.0275,0.0152,0.0310
M6,Female,74,2036,0.0216,0.0191,0.0248,0.0169,0.0277,0.0146,0.0317
M6,Female,74,2037,0.0212,0.0185,0.0247,0.0162,0.0278,0.0138,0.0322
M6,Female,74,2038,0.0211,0.0183,0.0248,0.0157,0.0283,0.0134,0.0333
M6,Female,74,2039,0.0212,0.0181,0.0252,0.0156,0.0291,0.0131,0.0348
M6,Female,74,2040,0.0212,0.0178,0.0255,0.0152,0.0295,0.0126,0.0358
M6,Female,75,2021,0.0197,0.0194,0.0200,0.0192,0.0202,0.0189,0.0205
M6,Female,75,2022,0.0202,0.0199,0.0206,0.0195,0.0210,0.0192,0.0214
M6,Female,75,2023,0.0207,0.0202,0.0212,0.0197,0.0216,0.0194,0.0221
M6,Female,75,2024,0.0210,0.0204,0.0216,0.0198,0.0222,0.0192,0.0229
M6,Female,75,2025,0.0212,0.0204,0.0220,0.0198,0.0227,0.0192,0.0236
M6,Female,75,2026,0.0214,0.0205,0.0224,0.0197,0.0233,0.0188,0.0242
M6,Female,75,2027,0.0217,0.0207,0.0230,0.0198,0.0240,0.0187,0.0253
M6,Female,75,2028,0.0220,0.0207,0.0234,0.0197,0.0247,0.0185,0.0261
M6,Female,75,2029,0.0226,0.0212,0.0242,0.0199,0.0257,0.0186,0.0276
M6,Female,75,2030,0.0230,0.0214,0.0249,0.0199,0.0266,0.0184,0.0289
M6,Female,75,2031,0.0234,0.0215,0.0255,0.0200,0.0274,0.0181,0.0298
M6,Female,75,2032,0.0237,0.0217,0.0260,0.0198,0.0283,0.0178,0.0309
M6,Female,75,2033,0.0238,0.0216,0.0264,0.0197,0.0290,0.0177,0.0320
M6,Female,75,2034,0.0238,0.0213,0.0267,0.0193,0.0293,0.0171,0.0329
M6,Female,75,2035,0.0242,0.0214,0.0274,0.0193,0.0307,0.0169,0.0345
M6,Female,75,2036,0.0243,0.0214,0.0279,0.0190,0.0311,0.0164,0.0355
M6,Female,75,2037,0.0242,0.0211,0.0281,0.0185,0.0317,0.0158,0.0368
M6,Female,75,2038,0.0238,0.0206,0.0280,0.0178,0.0320,0.0151,0.0376
M6,Female,75,2039,0.0237,0.0202,0.0281,0.0174,0.0326,0.0146,0.0391
M6,Female,75,2040,0.0239,0.0201,0.0287,0.0171,0.0331,0.0141,0.0405
M6,Female,76,2021,0.0233,0.0230,0.0236,0.0227,0.0239,0.0223,0.0243
M6,Female,76,2022,0.0225,0.0221,0.0230,0.0217,0.0234,0.0213,0.0239
M6,Female,76,2023,0.0235,0.0230,0.0241,0.0224,0.0246,0.0220,0.0252
M6,Female,76,2024,0.0239,0.0232,0.0247,0.0225,0.0254,0.0218,0.0262
M6,Female,76,2025,0.0242,0.0234,0.0251,0.0227,0.0260,0.0219,0.0271
M6,Female,76,2026,0.0246,0.0236,0.0257,0.0227,0.0268,0.0217,0.0279
M6,Female,76,2027,0.0248,0.0235,0.0262,0.0225,0.0274,0.0213,0.0288
M6,Female,76,2028,0.0253,0.0238,0.0268,0.0226,0.0283,0.0213,0.0300
M6,Female,76,2029,0.0256,0.0240,0.0274,0.0225,0.0292,0.0211,0.0313
M6,Female,76,2030,0.0263,0.0245,0.0285,0.0228,0.0304,0.0211,0.0331
M6,Female,76,2031,0.0269,0.0248,0.0294,0.0230,0.0316,0.0208,0.0342
M6,Female,76,2032,0.0273,0.0250,0.0301,0.0228,0.0326,0.0206,0.0357
M6,Female,76,2033,0.0277,0.0251,0.0308,0.0229,0.0337,0.0206,0.0373
M6,Female,76,2034,0.0279,0.0249,0.0313,0.0227,0.0344,0.0201,0.0384
M6,Female,76,2035,0.0279,0.0248,0.0317,0.0222,0.0355,0.0195,0.0398
M6,Female,76,2036,0.0284,0.0250,0.0326,0.0223,0.0364,0.0191,0.0415
M6,Female,76,2037,0.0286,0.0248,0.0332,0.0218,0.0374,0.0186,0.0433
M6,Female,76,2038,0.0285,0.0246,0.0335,0.0213,0.0384,0.0180,0.0450
M6,Female,76,2039,0.0281,0.0240,0.0333,0.0206,0.0386,0.0173,0.0465
M6,Female,76,2040,0.0280,0.0236,0.0336,0.0201,0.0390,0.0165,0.0478
M6,Female,77,2021,0.0256,0.0253,0.0260,0.0250,0.0263,0.0246,0.0268
M6,Female,77,2022,0.0260,0.0255,0.0265,0.0251,0.0270,0.0246,0.0276
M6,Female,77,2023,0.0256,0.0250,0.0262,0.0244,0.0268,0.0239,0.0274
M6,Female,77,2024,0.0265,0.0257,0.0274,0.0250,0.0282,0.0242,0.0290
M6,Female,77,2025,0.0270,0.0260,0.0280,0.0252,0.0290,0.0244,0.0301
M6,Female,77,2026,0.0275,0.0263,0.0288,0.0253,0.0300,0.0242,0.0311
M6,Female,77,2027,0.0279,0.0265,0.0294,0.0253,0.0308,0.0239,0.0324
M6,Female,77,2028,0.0281,0.0265,0.0299,0.0252,0.0315,0.0236,0.0334
M6,Female,77,2029,0.0288,0.0269,0.0308,0.0253,0.0328,0.0236,0.0351
M6,Female,77,2030,0.0292,0.0271,0.0316,0.0253,0.0337,0.0233,0.0365
M6,Female,77,2031,0.0300,0.0277,0.0328,0.0257,0.0353,0.0233,0.0383
M6,Female,77,2032,0.0307,0.0281,0.0338,0.0256,0.0366,0.0232,0.0402
M6,Female,77,2033,0.0312,0.0282,0.0348,0.0257,0.0381,0.0232,0.0420
M6,Female,77,2034,0.0317,0.0283,0.0356,0.0258,0.0391,0.0228,0.0435
M6,Female,77,2035,0.0319,0.0283,0.0362,0.0254,0.0407,0.0223,0.0454
M6,Female,77,2036,0.0320,0.0281,0.0367,0.0251,0.0411,0.0215,0.0470
M6,Female,77,2037,0.0326,0.0284,0.0379,0.0249,0.0428,0.0211,0.0493
M6,Female,77,2038,0.0328,0.0282,0.0385,0.0245,0.0442,0.0208,0.0518
M6,Female,77,2039,0.0328,0.0280,0.0389,0.0241,0.0449,0.0202,0.0545
M6,Female,77,2040,0.0324,0.0271,0.0388,0.0233,0.0451,0.0191,0.0550
M6,Female,78,2021,0.0275,0.0271,0.0279,0.0268,0.0283,0.0264,0.0288
M6,Female,78,2022,0.0290,0.0284,0.0295,0.0279,0.0301,0.0274,0.0307
M6,Female,78,2023,0.0299,0.0292,0.0306,0.0285,0.0312,0.0279,0.0320
M6,Female,78,2024,0.0292,0.0283,0.0301,0.0275,0.0310,0.0266,0.0320
M6,Female,78,2025,0.0303,0.0292,0.0314,0.0283,0.0325,0.0274,0.0338
M6,Female,78,2026,0.0309,0.0296,0.0324,0.0285,0.0337,0.0272,0.0350
M6,Female,78,2027,0.0315,0.0299,0.0333,0.0286,0.0348,0.0270,0.0367
M6,Female,78,2028,0.0320,0.0301,0.0340,0.0286,0.0358,0.0269,0.0380
M6,Female,78,2029,0.0324,0.0302,0.0347,0.0284,0.0369,0.0265,0.0395
M6,Female,78,2030,0.0331,0.0308,0.0358,0.0287,0.0382,0.0264,0.0414
M6,Female,78,2031,0.0336,0.0309,0.0367,0.0287,0.0396,0.0260,0.0429
M6,Female,78,2032,0.0346,0.0317,0.0382,0.0289,0.0414,0.0262,0.0454
M6,Female,78,2033,0.0354,0.0320,0.0395,0.0292,0.0431,0.0263,0.0476
M6,Female,78,2034,0.0361,0.0323,0.0406,0.0294,0.0445,0.0259,0.0496
M6,Female,78,2035,0.0367,0.0325,0.0415,0.0292,0.0466,0.0255,0.0519
M6,Female,78,2036,0.0370,0.0325,0.0424,0.0290,0.0476,0.0248,0.0543
M6,Female,78,2037,0.0372,0.0323,0.0432,0.0284,0.0489,0.0240,0.0561
M6,Female,78,2038,0.0379,0.0325,0.0445,0.0283,0.0509,0.0240,0.0597
M6,Female,78,2039,0.0382,0.0326,0.0453,0.0281,0.0521,0.0233,0.0633
M6,Female,78,2040,0.0383,0.0321,0.0458,0.0275,0.0533,0.0226,0.0648
M6,Female,79,2021,0.0323,0.0319,0.0328,0.0315,0.0333,0.0309,0.0338
M6,Female,79,2022,0.0318,0.0312,0.0323,0.0306,0.0330,0.0300,0.0337
M6,Female,79,2023,0.0339,0.0332,0.0348,0.0324,0.0355,0.0316,0.0364
M6,Female,79,2024,0.0348,0.0337,0.0359,0.0328,0.0369,0.0317,0.0381
M6,Female,79,2025,0.0340,0.0328,0.0353,0.0318,0.0366,0.0308,0.0380
M6,Female,79,2026,0.0355,0.0340,0.0371,0.0327,0.0386,0.0311,0.0401
M6,Female,79,2027,0.0362,0.0343,0.0382,0.0328,0.0400,0.0310,0.0421
M6,Female,79,2028,0.0369,0.0347,0.0392,0.0330,0.0413,0.0310,0.0440
M6,Female,79,2029,0.0375,0.0350,0.0402,0.0330,0.0428,0.0307,0.0459
M6,Female,79,2030,0.0380,0.0353,0.0410,0.0329,0.0438,0.0303,0.0476
M6,Female,79,2031,0.0389,0.0358,0.0425,0.0332,0.0458,0.0302,0.0497
M6,Female,79,2032,0.0396,0.0361,0.0436,0.0330,0.0473,0.0300,0.0519
M6,Female,79,2033,0.0408,0.0369,0.0455,0.0336,0.0498,0.0303,0.0547
M6,Female,79,2034,0.0418,0.0374,0.0471,0.0341,0.0517,0.0300,0.0575
M6,Female,79,2035,0.0426,0.0378,0.0484,0.0340,0.0542,0.0296,0.0603
M6,Female,79,2036,0.0434,0.0381,0.0497,0.0340,0.0557,0.0291,0.0635
M6,Female,79,2037,0.0438,0.0380,0.0509,0.0336,0.0577,0.0283,0.0660
M6,Female,79,2038,0.0441,0.0379,0.0517,0.0331,0.0591,0.0279,0.0697
M6,Female,79,2039,0.0450,0.0383,0.0533,0.0332,0.0614,0.0273,0.0744
M6,Female,79,2040,0.0454,0.0382,0.0544,0.0326,0.0632,0.0268,0.0770
M6,Female,80,2021,0.0342,0.0337,0.0347,0.0333,0.0352,0.0327,0.0358
M6,Female,80,2022,0.0363,0.0356,0.0370,0.0350,0.0377,0.0343,0.0385
M6,Female,80,2023,0.0362,0.0354,0.0371,0.0345,0.0379,0.0337,0.0388
M6,Female,80,2024,0.0384,0.0373,0.0397,0.0363,0.0408,0.0350,0.0422
M6,Female,80,2025,0.0394,0.0380,0.0409,0.0368,0.0424,0.0356,0.0440
M6,Female,80,2026,0.0388,0.0371,0.0406,0.0356,0.0422,0.0340,0.0439
M6,Female,80,2027,0.0403,0.0382,0.0426,0.0365,0.0446,0.0346,0.0470
M6,Female,80,2028,0.0412,0.0387,0.0438,0.0369,0.0462,0.0346,0.0492
M6,Female,80,2029,0.0421,0.0393,0.0451,0.0369,0.0480,0.0344,0.0516
M6,Female,80,2030,0.0429,0.0398,0.0463,0.0372,0.0494,0.0342,0.0538
M6,Female,80,2031,0.0435,0.0400,0.0475,0.0371,0.0512,0.0338,0.0556
M6,Female,80,2032,0.0446,0.0406,0.0491,0.0371,0.0533,0.0338,0.0583
M6,Female,80,2033,0.0454,0.0410,0.0506,0.0373,0.0553,0.0337,0.0607
M6,Female,80,2034,0.0469,0.0420,0.0527,0.0381,0.0581,0.0337,0.0643
M6,Female,80,2035,0.0480,0.0426,0.0546,0.0383,0.0609,0.0333,0.0679
M6,Female,80,2036,0.0491,0.0431,0.0562,0.0384,0.0629,0.0330,0.0719
M6,Female,80,2037,0.0500,0.0434,0.0580,0.0384,0.0659,0.0323,0.0751
M6,Female,80,2038,0.0506,0.0434,0.0593,0.0379,0.0678,0.0320,0.0798
M6,Female,80,2039,0.0509,0.0434,0.0602,0.0377,0.0695,0.0307,0.0840
M6,Female,80,2040,0.0520,0.0439,0.0623,0.0374,0.0724,0.0307,0.0882
M6,Female,81,2021,0.0404,0.0398,0.0410,0.0393,0.0416,0.0387,0.0423
M6,Female,81,2022,0.0387,0.0380,0.0394,0.0373,0.0402,0.0365,0.0410
M6,Female,81,2023,0.0416,0.0407,0.0427,0.0397,0.0436,0.0388,0.0447
M6,Female,81,2024,0.0413,0.0401,0.0427,0.0390,0.0439,0.0376,0.0454
M6,Female,81,2025,0.0439,0.0423,0.0456,0.0409,0.0473,0.0396,0.0490
M6,Female,81,2026,0.0453,0.0433,0.0473,0.0416,0.0493,0.0397,0.0513
M6,Female,81,2027,0.0444,0.0421,0.0469,0.0402,0.0492,0.0380,0.0518
M6,Female,81,2028,0.0463,0.0435,0.0492,0.0415,0.0519,0.0388,0.0553
M6,Female,81,2029,0.0474,0.0442,0.0507,0.0416,0.0541,0.0387,0.0582
M6,Female,81,2030,0.0484,0.0450,0.0524,0.0420,0.0558,0.0387,0.0609
M6,Female,81,2031,0.0494,0.0455,0.0540,0.0422,0.0582,0.0383,0.0631
M6,Female,81,2032,0.0502,0.0457,0.0553,0.0418,0.0601,0.0381,0.0656
M6,Female,81,2033,0.0515,0.0465,0.0574,0.0424,0.0626,0.0382,0.0687
M6,Female,81,2034,0.0525,0.0469,0.0590,0.0426,0.0651,0.0377,0.0720
M6,Female,81,2035,0.0543,0.0481,0.0618,0.0432,0.0687,0.0377,0.0767
M6,Female,81,2036,0.0557,0.0489,0.0638,0.0436,0.0714,0.0375,0.0816
M6,Female,81,2037,0.0569,0.0494,0.0662,0.0436,0.0751,0.0369,0.0853
M6,Female,81,2038,0.0581,0.0498,0.0682,0.0436,0.0778,0.0367,0.0917
M6,Female,81,2039,0.0588,0.0502,0.0694,0.0436,0.0803,0.0356,0.0971
M6,Female,81,2040,0.0593,0.0501,0.0712,0.0426,0.0822,0.0350,0.1006
M6,Female,82,2021,0.0456,0.0450,0.0463,0.0444,0.0470,0.0436,0.0478
M6,Female,82,2022,0.0459,0.0450,0.0468,0.0442,0.0477,0.0433,0.0487
M6,Female,82,2023,0.0446,0.0436,0.0458,0.0425,0.0467,0.0415,0.0479
M6,Female,82,2024,0.0477,0.0463,0.0493,0.0450,0.0507,0.0434,0.0524
M6,Female,82,2025,0.0474,0.0457,0.0493,0.0442,0.0510,0.0427,0.0530
M6,Female,82,2026,0.0506,0.0484,0.0529,0.0464,0.0552,0.0444,0.0574
M6,Female,82,2027,0.0520,0.0493,0.0550,0.0471,0.0577,0.0445,0.0608
M6,Female,82,2028,0.0512,0.0481,0.0544,0.0458,0.0573,0.0428,0.0612
M6,Female,82,2029,0.0535,0.0498,0.0571,0.0468,0.0610,0.0437,0.0657
M6,Female,82,2030,0.0547,0.0509,0.0592,0.0475,0.0631,0.0437,0.0690
M6,Female,82,2031,0.0561,0.0516,0.0614,0.0479,0.0661,0.0434,0.0715
M6,Female,82,2032,0.0572,0.0522,0.0632,0.0477,0.0686,0.0434,0.0747
M6,Female,82,2033,0.0581,0.0524,0.0649,0.0479,0.0706,0.0431,0.0774
M6,Female,82,2034,0.0597,0.0534,0.0672,0.0486,0.0740,0.0430,0.0820
M6,Female,82,2035,0.0610,0.0539,0.0693,0.0486,0.0772,0.0423,0.0862
M6,Female,82,2036,0.0631,0.0554,0.0723,0.0493,0.0809,0.0425,0.0921
M6,Female,82,2037,0.0648,0.0563,0.0753,0.0497,0.0856,0.0421,0.0968
M6,Female,82,2038,0.0664,0.0569,0.0780,0.0497,0.0888,0.0418,0.1047
M6,Female,82,2039,0.0678,0.0579,0.0800,0.0502,0.0922,0.0410,0.1119
M6,Female,82,2040,0.0687,0.0580,0.0824,0.0494,0.0954,0.0405,0.1167
M6,Female,83,2021,0.0528,0.0520,0.0537,0.0514,0.0545,0.0505,0.0554
M6,Female,83,2022,0.0524,0.0514,0.0534,0.0504,0.0545,0.0494,0.0556
M6,Female,83,2023,0.0534,0.0521,0.0548,0.0509,0.0559,0.0496,0.0574
M6,Female,83,2024,0.0517,0.0501,0.0534,0.0487,0.0549,0.0470,0.0568
M6,Female,83,2025,0.0553,0.0533,0.0575,0.0516,0.0596,0.0498,0.0619
M6,Female,83,2026,0.0552,0.0527,0.0577,0.0506,0.0602,0.0484,0.0627
M6,Female,83,2027,0.0587,0.0557,0.0621,0.0532,0.0651,0.0503,0.0687
M6,Female,83,2028,0.0606,0.0570,0.0644,0.0542,0.0679,0.0506,0.0724
M6,Female,83,2029,0.0597,0.0556,0.0638,0.0523,0.0682,0.0488,0.0734
M6,Female,83,2030,0.0623,0.0579,0.0673,0.0542,0.0719,0.0497,0.0787
M6,Female,83,2031,0.0640,0.0588,0.0700,0.0546,0.0753,0.0495,0.0816
M6,Female,83,2032,0.0656,0.0597,0.0723,0.0547,0.0786,0.0497,0.0855
M6,Female,83,2033,0.0670,0.0605,0.0749,0.0552,0.0812,0.0497,0.0891
M6,Female,83,2034,0.0682,0.0609,0.0767,0.0554,0.0841,0.0491,0.0934
M6,Female,83,2035,0.0701,0.0619,0.0796,0.0558,0.0886,0.0486,0.0991
M6,Female,83,2036,0.0716,0.0629,0.0821,0.0560,0.0918,0.0483,0.1042
M6,Female,83,2037,0.0743,0.0645,0.0862,0.0569,0.0980,0.0482,0.1106
M6,Female,83,2038,0.0763,0.0655,0.0895,0.0574,0.1021,0.0480,0.1199
M6,Female,83,2039,0.0782,0.0668,0.0922,0.0578,0.1063,0.0473,0.1287
M6,Female,83,2040,0.0799,0.0676,0.0956,0.0575,0.1109,0.0472,0.1358
M6,Female,84,2021,0.0613,0.0604,0.0623,0.0596,0.0632,0.0586,0.0644
M6,Female,84,2022,0.0596,0.0584,0.0608,0.0574,0.0620,0.0562,0.0633
M6,Female,84,2023,0.0599,0.0585,0.0615,0.0571,0.0628,0.0557,0.0644
M6,Female,84,2024,0.0608,0.0589,0.0629,0.0574,0.0646,0.0553,0.0668
M6,Female,84,2025,0.0589,0.0567,0.0612,0.0550,0.0634,0.0530,0.0659
M6,Female,84,2026,0.0633,0.0606,0.0662,0.0581,0.0691,0.0555,0.0719
M6,Female,84,2027,0.0630,0.0598,0.0666,0.0570,0.0699,0.0539,0.0738
M6,Female,84,2028,0.0673,0.0632,0.0716,0.0603,0.0754,0.0562,0.0805
M6,Female,84,2029,0.0695,0.0647,0.0742,0.0608,0.0792,0.0568,0.0854
M6,Female,84,2030,0.0685,0.0635,0.0739,0.0595,0.0791,0.0545,0.0864
M6,Female,84,2031,0.0717,0.0658,0.0783,0.0611,0.0843,0.0554,0.0914
M6,Female,84,2032,0.0736,0.0669,0.0811,0.0614,0.0883,0.0557,0.0960
M6,Female,84,2033,0.0755,0.0681,0.0843,0.0622,0.0914,0.0560,0.1001
M6,Female,84,2034,0.0772,0.0690,0.0868,0.0628,0.0953,0.0556,0.1054
M6,Female,84,2035,0.0786,0.0696,0.0893,0.0626,0.0996,0.0546,0.1110
M6,Female,84,2036,0.0809,0.0711,0.0928,0.0632,0.1038,0.0546,0.1172
M6,Female,84,2037,0.0828,0.0719,0.0962,0.0634,0.1091,0.0538,0.1230
M6,Female,84,2038,0.0859,0.0737,0.1007,0.0647,0.1151,0.0539,0.1345
M6,Female,84,2039,0.0884,0.0755,0.1046,0.0653,0.1202,0.0534,0.1451
M6,Female,84,2040,0.0906,0.0766,0.1085,0.0652,0.1253,0.0535,0.1536
M6,Female,85,2021,0.0713,0.0702,0.0725,0.0693,0.0735,0.0681,0.0749
M6,Female,85,2022,0.0696,0.0682,0.0709,0.0670,0.0725,0.0656,0.0740
M6,Female,85,2023,0.0686,0.0669,0.0705,0.0653,0.0719,0.0636,0.0738
M6,Female,85,2024,0.0686,0.0665,0.0710,0.0647,0.0730,0.0624,0.0754
M6,Female,85,2025,0.0697,0.0671,0.0725,0.0650,0.0750,0.0627,0.0779
M6,Female,85,2026,0.0678,0.0649,0.0709,0.0622,0.0741,0.0594,0.0771
M6,Female,85,2027,0.0727,0.0690,0.0768,0.0658,0.0807,0.0622,0.0852
M6,Female,85,2028,0.0726,0.0683,0.0773,0.0650,0.0813,0.0607,0.0870
M6,Female,85,2029,0.0776,0.0723,0.0828,0.0679,0.0883,0.0634,0.0955
M6,Female,85,2030,0.0801,0.0742,0.0863,0.0696,0.0923,0.0637,0.1007
M6,Female,85,2031,0.0791,0.0727,0.0865,0.0675,0.0932,0.0613,0.1011
M6,Female,85,2032,0.0828,0.0754,0.0912,0.0691,0.0995,0.0628,0.1082
M6,Female,85,2033,0.0851,0.0768,0.0951,0.0701,0.1030,0.0631,0.1129
M6,Female,85,2034,0.0874,0.0782,0.0982,0.0712,0.1079,0.0630,0.1191
M6,Female,85,2035,0.0895,0.0792,0.1017,0.0712,0.1133,0.0624,0.1259
M6,Female,85,2036,0.0913,0.0801,0.1047,0.0712,0.1172,0.0616,0.1316
M6,Female,85,2037,0.0940,0.0818,0.1095,0.0720,0.1238,0.0612,0.1393
M6,Female,85,2038,0.0963,0.0826,0.1131,0.0724,0.1288,0.0603,0.1503
M6,Female,85,2039,0.1000,0.0853,0.1181,0.0740,0.1362,0.0605,0.1637
M6,Female,85,2040,0.1029,0.0871,0.1229,0.0739,0.1420,0.0607,0.1741
M6,Female,86,2021,0.0850,0.0836,0.0864,0.0826,0.0876,0.0811,0.0892
M6,Female,86,2022,0.0808,0.0792,0.0824,0.0778,0.0842,0.0762,0.0859
M6,Female,86,2023,0.0800,0.0780,0.0822,0.0762,0.0839,0.0742,0.0861
M6,Female,86,2024,0.0785,0.0761,0.0812,0.0739,0.0834,0.0714,0.0861
M6,Female,86,2025,0.0786,0.0756,0.0817,0.0733,0.0846,0.0708,0.0878
M6,Female,86,2026,0.0802,0.0766,0.0838,0.0735,0.0876,0.0703,0.0911
M6,Female,86,2027,0.0779,0.0739,0.0823,0.0705,0.0864,0.0666,0.0913
M6,Female,86,2028,0.0837,0.0787,0.0889,0.0749,0.0937,0.0699,0.1003
M6,Female,86,2029,0.0837,0.0780,0.0893,0.0733,0.0952,0.0684,0.1032
M6,Female,86,2030,0.0893,0.0827,0.0963,0.0776,0.1029,0.0711,0.1121
M6,Female,86,2031,0.0924,0.0848,0.1010,0.0789,0.1086,0.0716,0.1181
M6,Female,86,2032,0.0914,0.0832,0.1006,0.0762,0.1099,0.0693,0.1195
M6,Female,86,2033,0.0957,0.0865,0.1069,0.0788,0.1158,0.0710,0.1272
M6,Female,86,2034,0.0985,0.0882,0.1106,0.0801,0.1217,0.0710,0.1342
M6,Female,86,2035,0.1012,0.0897,0.1150,0.0805,0.1280,0.0706,0.1415
M6,Female,86,2036,0.1038,0.0913,0.1189,0.0811,0.1329,0.0701,0.1488
M6,Female,86,2037,0.1059,0.0920,0.1231,0.0810,0.1388,0.0688,0.1564
M6,Female,86,2038,0.1092,0.0936,0.1282,0.0823,0.1456,0.0682,0.1697
M6,Female,86,2039,0.1119,0.0953,0.1324,0.0825,0.1525,0.0678,0.1827
M6,Female,86,2040,0.1162,0.0985,0.1386,0.0835,0.1606,0.0684,0.1960
M6,Female,87,2021,0.0957,0.0942,0.0973,0.0930,0.0988,0.0913,0.1005
M6,Female,87,2022,0.0968,0.0949,0.0988,0.0932,0.1008,0.0912,0.1029
M6,Female,87,2023,0.0935,0.0911,0.0960,0.0890,0.0980,0.0867,0.1005
M6,Female,87,2024,0.0920,0.0892,0.0953,0.0867,0.0979,0.0838,0.1009
M6,Female,87,2025,0.0904,0.0869,0.0940,0.0844,0.0973,0.0815,0.1010
M6,Female,87,2026,0.0910,0.0870,0.0951,0.0834,0.0994,0.0798,0.1033
M6,Female,87,2027,0.0925,0.0878,0.0978,0.0838,0.1026,0.0792,0.1084
M6,Female,87,2028,0.0902,0.0848,0.0959,0.0806,0.1011,0.0754,0.1082
M6,Female,87,2029,0.0970,0.0905,0.1034,0.0851,0.1103,0.0793,0.1195
M6,Female,87,2030,0.0970,0.0897,0.1045,0.0842,0.1118,0.0772,0.1218
M6,Female,87,2031,0.1037,0.0951,0.1134,0.0886,0.1217,0.0803,0.1328
M6,Female,87,2032,0.1073,0.0980,0.1179,0.0896,0.1289,0.0814,0.1398
M6,Female,87,2033,0.1063,0.0959,0.1187,0.0875,0.1286,0.0788,0.1417
M6,Female,87,2034,0.1114,0.0997,0.1250,0.0906,0.1372,0.0802,0.1521
M6,Female,87,2035,0.1147,0.1017,0.1303,0.0914,0.1448,0.0801,0.1596
M6,Female,87,2036,0.1180,0.1039,0.1353,0.0923,0.1513,0.0797,0.1685
M6,Female,87,2037,0.1210,0.1053,0.1405,0.0927,0.1581,0.0788,0.1778
M6,Female,87,2038,0.1236,0.1061,0.1452,0.0933,0.1644,0.0774,0.1911
M6,Female,87,2039,0.1276,0.1085,0.1503,0.0939,0.1735,0.0775,0.2066
M6,Female,87,2040,0.1308,0.1110,0.1554,0.0940,0.1807,0.0770,0.2199
M6,Female,88,2021,0.1104,0.1086,0.1122,0.1072,0.1139,0.1052,0.1159
M6,Female,88,2022,0.1070,0.1049,0.1091,0.1029,0.1114,0.1008,0.1137
M6,Female,88,2023,0.1097,0.1071,0.1127,0.1046,0.1151,0.1018,0.1180
M6,Female,88,2024,0.1054,0.1022,0.1091,0.0993,0.1121,0.0961,0.1156
M6,Female,88,2025,0.1039,0.1000,0.1080,0.0970,0.1119,0.0937,0.1161
M6,Female,88,2026,0.1026,0.0981,0.1072,0.0941,0.1121,0.0900,0.1165
M6,Female,88,2027,0.1030,0.0978,0.1089,0.0933,0.1141,0.0882,0.1206
M6,Female,88,2028,0.1051,0.0988,0.1116,0.0940,0.1176,0.0880,0.1258
M6,Female,88,2029,0.1026,0.0957,0.1094,0.0899,0.1166,0.0839,0.1263
M6,Female,88,2030,0.1102,0.1019,0.1188,0.0957,0.1270,0.0879,0.1382
M6,Female,88,2031,0.1105,0.1014,0.1209,0.0944,0.1297,0.0855,0.1417
M6,Female,88,2032,0.1181,0.1080,0.1297,0.0989,0.1419,0.0896,0.1537
M6,Female,88,2033,0.1223,0.1104,0.1364,0.1009,0.1478,0.0910,0.1633
M6,Female,88,2034,0.1213,0.1088,0.1361,0.0987,0.1494,0.0873,0.1660
M6,Female,88,2035,0.1272,0.1128,0.1444,0.1014,0.1604,0.0888,0.1763
M6,Female,88,2036,0.1311,0.1157,0.1499,0.1026,0.1677,0.0886,0.1864
M6,Female,88,2037,0.1349,0.1175,0.1563,0.1035,0.1754,0.0882,0.1973
M6,Female,88,2038,0.1385,0.1189,0.1624,0.1047,0.1835,0.0870,0.2127
M6,Female,88,2039,0.1415,0.1204,0.1666,0.1044,0.1917,0.0863,0.2272
M6,Female,88,2040,0.1461,0.1239,0.1732,0.1053,0.2009,0.0860,0.2439
M6,Female,89,2021,0.1257,0.1237,0.1278,0.1221,0.1298,0.1198,0.1320
M6,Female,89,2022,0.1232,0.1207,0.1257,0.1185,0.1282,0.1161,0.1308
M6,Female,89,2023,0.1211,0.1181,0.1244,0.1154,0.1269,0.1122,0.1302
M6,Female,89,2024,0.1235,0.1198,0.1277,0.1163,0.1312,0.1125,0.1352
M6,Female,89,2025,0.1188,0.1143,0.1234,0.1110,0.1279,0.1072,0.1326
M6,Female,89,2026,0.1178,0.1126,0.1230,0.1080,0.1285,0.1035,0.1337
M6,Female,89,2027,0.1160,0.1101,0.1226,0.1052,0.1284,0.0993,0.1358
M6,Female,89,2028,0.1168,0.1098,0.1240,0.1045,0.1307,0.0979,0.1397
M6,Female,89,2029,0.1193,0.1113,0.1272,0.1045,0.1354,0.0975,0.1465
M6,Female,89,2030,0.1165,0.1076,0.1257,0.1011,0.1342,0.0928,0.1461
M6,Female,89,2031,0.1253,0.1151,0.1370,0.1073,0.1472,0.0970,0.1605
M6,Female,89,2032,0.1257,0.1148,0.1378,0.1054,0.1510,0.0953,0.1636
M6,Female,89,2033,0.1344,0.1213,0.1499,0.1110,0.1624,0.1001,0.1799
M6,Female,89,2034,0.1392,0.1250,0.1559,0.1133,0.1711,0.1005,0.1894
M6,Female,89,2035,0.1383,0.1228,0.1570,0.1103,0.1741,0.0964,0.1919
M6,Female,89,2036,0.1450,0.1283,0.1657,0.1137,0.1854,0.0982,0.2056
M6,Female,89,2037,0.1495,0.1302,0.1729,0.1149,0.1940,0.0983,0.2178
M6,Female,89,2038,0.1540,0.1324,0.1801,0.1164,0.2035,0.0970,0.2345
M6,Female,89,2039,0.1582,0.1347,0.1858,0.1168,0.2134,0.0971,0.2511
M6,Female,89,2040,0.1618,0.1372,0.1917,0.1168,0.2208,0.0953,0.2676
M6,Female,90,2021,0.1459,0.1436,0.1483,0.1417,0.1507,0.1391,0.1532
M6,Female,90,2022,0.1431,0.1403,0.1459,0.1377,0.1489,0.1349,0.1519
M6,Female,90,2023,0.1421,0.1386,0.1459,0.1354,0.1490,0.1318,0.1526
M6,Female,90,2024,0.1391,0.1349,0.1438,0.1309,0.1478,0.1267,0.1523
M6,Female,90,2025,0.1419,0.1366,0.1474,0.1327,0.1526,0.1282,0.1581
M6,Female,90,2026,0.1373,0.1314,0.1433,0.1260,0.1496,0.1209,0.1557
M6,Female,90,2027,0.1358,0.1290,0.1433,0.1232,0.1500,0.1165,0.1587
M6,Female,90,2028,0.1341,0.1261,0.1423,0.1202,0.1500,0.1126,0.1601
M6,Female,90,2029,0.1353,0.1262,0.1443,0.1186,0.1535,0.1105,0.1658
M6,Female,90,2030,0.1381,0.1275,0.1489,0.1200,0.1587,0.1103,0.1727
M6,Female,90,2031,0.1353,0.1243,0.1479,0.1158,0.1590,0.1048,0.1733
M6,Female,90,2032,0.1454,0.1329,0.1591,0.1221,0.1743,0.1102,0.1886
M6,Female,90,2033,0.1460,0.1319,0.1627,0.1205,0.1768,0.1088,0.1958
M6,Female,90,2034,0.1561,0.1402,0.1746,0.1273,0.1915,0.1131,0.2114
M6,Female,90,2035,0.1617,0.1440,0.1830,0.1292,0.2025,0.1129,0.2236
M6,Female,90,2036,0.1609,0.1423,0.1835,0.1262,0.2050,0.1091,0.2276
M6,Female,90,2037,0.1687,0.1473,0.1950,0.1301,0.2181,0.1114,0.2446
M6,Female,90,2038,0.1740,0.1497,0.2033,0.1320,0.2293,0.1100,0.2628
M6,Female,90,2039,0.1793,0.1528,0.2103,0.1333,0.2413,0.1108,0.2816
M6,Female,90,2040,0.1842,0.1565,0.2170,0.1338,0.2507,0.1090,0.3012
M6,Female,91,2021,0.1646,0.1619,0.1674,0.1598,0.1700,0.1569,0.1728
M6,Female,91,2022,0.1625,0.1593,0.1656,0.1564,0.1690,0.1533,0.1723
M6,Female,91,2023,0.1614,0.1575,0.1657,0.1539,0.1691,0.1498,0.1731
M6,Female,91,2024,0.1596,0.1548,0.1649,0.1503,0.1694,0.1454,0.1745
M6,Female,91,2025,0.1564,0.1505,0.1623,0.1462,0.1679,0.1413,0.1742
M6,Female,91,2026,0.1603,0.1534,0.1673,0.1474,0.1742,0.1415,0.1814
M6,Female,91,2027,0.1548,0.1471,0.1633,0.1406,0.1710,0.1332,0.1807
M6,Female,91,2028,0.1535,0.1444,0.1628,0.1379,0.1715,0.1293,0.1826
M6,Female,91,2029,0.1520,0.1420,0.1622,0.1334,0.1724,0.1244,0.1859
M6,Female,91,2030,0.1532,0.1416,0.1653,0.1333,0.1760,0.1227,0.1911
M6,Female,91,2031,0.1567,0.1442,0.1711,0.1343,0.1837,0.1217,0.2000
M6,Female,91,2032,0.1537,0.1403,0.1682,0.1289,0.1843,0.1164,0.1992
M6,Female,91,2033,0.1651,0.1494,0.1836,0.1363,0.1993,0.1234,0.2202
M6,Female,91,2034,0.1660,0.1492,0.1856,0.1357,0.2035,0.1204,0.2247
M6,Female,91,2035,0.1773,0.1579,0.2002,0.1421,0.2213,0.1243,0.2446
M6,Female,91,2036,0.1838,0.1627,0.2093,0.1446,0.2328,0.1254,0.2580
M6,Female,91,2037,0.1831,0.1598,0.2113,0.1413,0.2359,0.1210,0.2645
M6,Female,91,2038,0.1920,0.1656,0.2237,0.1460,0.2517,0.1222,0.2876
M6,Female,91,2039,0.1981,0.1691,0.2316,0.1476,0.2651,0.1228,0.3080
M6,Female,91,2040,0.2041,0.1736,0.2403,0.1487,0.2767,0.1215,0.3285
M6,Female,92,2021,0.1858,0.1828,0.1889,0.1805,0.1918,0.1772,0.1950
M6,Female,92,2022,0.1836,0.1801,0.1871,0.1768,0.1908,0.1733,0.1945
M6,Female,92,2023,0.1835,0.1790,0.1883,0.1750,0.1921,0.1703,0.1966
M6,Female,92,2024,0.1816,0.1762,0.1875,0.1711,0.1925,0.1656,0.1982
M6,Female,92,2025,0.1797,0.1730,0.1864,0.1683,0.1927,0.1626,0.1999
M6,Female,92,2026,0.1770,0.1695,0.1846,0.1628,0.1921,0.1564,0.1999
M6,Female,92,2027,0.1809,0.1720,0.1906,0.1645,0.1995,0.1560,0.2104
M6,Female,92,2028,0.1753,0.1649,0.1858,0.1576,0.1955,0.1480,0.2078
M6,Female,92,2029,0.1742,0.1630,0.1858,0.1533,0.1971,0.1429,0.2122
M6,Female,92,2030,0.1724,0.1596,0.1859,0.1501,0.1978,0.1386,0.2144
M6,Female,92,2031,0.1741,0.1603,0.1900,0.1495,0.2037,0.1355,0.2218
M6,Female,92,2032,0.1781,0.1628,0.1947,0.1498,0.2129,0.1355,0.2298
M6,Female,92,2033,0.1749,0.1583,0.1943,0.1445,0.2112,0.1309,0.2329
M6,Female,92,2034,0.1879,0.1689,0.2096,0.1537,0.2294,0.1371,0.2532
M6,Female,92,2035,0.1891,0.1682,0.2132,0.1517,0.2357,0.1328,0.2606
M6,Female,92,2036,0.2019,0.1787,0.2294,0.1590,0.2554,0.1380,0.2824
M6,Female,92,2037,0.2093,0.1833,0.2403,0.1621,0.2678,0.1392,0.3001
M6,Female,92,2038,0.2087,0.1798,0.2422,0.1593,0.2722,0.1331,0.3111
M6,Female,92,2039,0.2188,0.1874,0.2549,0.1636,0.2913,0.1363,0.3361
M6,Female,92,2040,0.2257,0.1920,0.2652,0.1650,0.3038,0.1354,0.3576
M6,Female,93,2021,0.2041,0.2008,0.2074,0.1983,0.2107,0.1948,0.2141
M6,Female,93,2022,0.2027,0.1989,0.2066,0.1954,0.2107,0.1914,0.2146
M6,Female,93,2023,0.2028,0.1979,0.2080,0.1935,0.2121,0.1885,0.2170
M6,Female,93,2024,0.2019,0.1960,0.2082,0.1904,0.2138,0.1843,0.2200
M6,Female,93,2025,0.1999,0.1926,0.2072,0.1875,0.2142,0.1813,0.2220
M6,Female,93,2026,0.1988,0.1906,0.2073,0.1831,0.2155,0.1760,0.2240
M6,Female,93,2027,0.1954,0.1858,0.2058,0.1780,0.2155,0.1689,0.2270
M6,Female,93,2028,0.2002,0.1883,0.2118,0.1804,0.2226,0.1696,0.2361
M6,Female,93,2029,0.1945,0.1821,0.2071,0.1715,0.2196,0.1599,0.2360
M6,Female,93,2030,0.1932,0.1790,0.2080,0.1684,0.2210,0.1560,0.2391
M6,Female,93,2031,0.1917,0.1768,0.2090,0.1649,0.2237,0.1498,0.2435
M6,Female,93,2032,0.1937,0.1773,0.2114,0.1632,0.2307,0.1478,0.2491
M6,Female,93,2033,0.1982,0.1796,0.2194,0.1644,0.2381,0.1489,0.2621
M6,Female,93,2034,0.1951,0.1754,0.2175,0.1593,0.2381,0.1426,0.2630
M6,Female,93,2035,0.2093,0.1866,0.2356,0.1685,0.2596,0.1478,0.2869
M6,Female,93,2036,0.2108,0.1867,0.2396,0.1664,0.2662,0.1443,0.2945
M6,Female,93,2037,0.2249,0.1972,0.2573,0.1743,0.2869,0.1504,0.3208
M6,Female,93,2038,0.2330,0.2018,0.2687,0.1788,0.3017,0.1496,0.3431
M6,Female,93,2039,0.2327,0.1995,0.2699,0.1746,0.3086,0.1457,0.3536
M6,Female,93,2040,0.2438,0.2082,0.2851,0.1792,0.3246,0.1475,0.3798
M6,Female,94,2021,0.2273,0.2236,0.2309,0.2209,0.2344,0.2170,0.2382
M6,Female,94,2022,0.2248,0.2206,0.2291,0.2167,0.2334,0.2123,0.2378
M6,Female,94,2023,0.2260,0.2206,0.2317,0.2158,0.2362,0.2104,0.2415
M6,Female,94,2024,0.2251,0.2188,0.2320,0.2126,0.2381,0.2058,0.2450
M6,Female,94,2025,0.2242,0.2161,0.2322,0.2105,0.2399,0.2038,0.2483
M6,Female,94,2026,0.2232,0.2141,0.2325,0.2059,0.2415,0.1981,0.2507
M6,Female,94,2027,0.2215,0.2109,0.2328,0.2020,0.2436,0.1921,0.2563
M6,Female,94,2028,0.2184,0.2057,0.2307,0.1971,0.2425,0.1856,0.2568
M6,Female,94,2029,0.2238,0.2098,0.2378,0.1979,0.2515,0.1849,0.2700
M6,Female,94,2030,0.2176,0.2019,0.2341,0.1902,0.2478,0.1765,0.2680
M6,Female,94,2031,0.2167,0.2002,0.2358,0.1868,0.2519,0.1703,0.2739
M6,Female,94,2032,0.2152,0.1970,0.2345,0.1821,0.2549,0.1649,0.2753
M6,Female,94,2033,0.2176,0.1975,0.2400,0.1810,0.2605,0.1640,0.2863
M6,Female,94,2034,0.2229,0.2009,0.2477,0.1832,0.2702,0.1642,0.2979
M6,Female,94,2035,0.2196,0.1958,0.2471,0.1772,0.2719,0.1552,0.3007
M6,Female,94,2036,0.2353,0.2090,0.2659,0.1866,0.2948,0.1621,0.3260
M6,Female,94,2037,0.2372,0.2079,0.2709,0.1843,0.3017,0.1587,0.3378
M6,Female,94,2038,0.2526,0.2195,0.2901,0.1948,0.3254,0.1634,0.3690
M6,Female,94,2039,0.2618,0.2256,0.3022,0.1981,0.3436,0.1657,0.3914
M6,Female,94,2040,0.2616,0.2241,0.3051,0.1931,0.3462,0.1595,0.4022
M6,Female,95,2021,0.2473,0.2433,0.2512,0.2404,0.2549,0.2363,0.2590
M6,Female,95,2022,0.2454,0.2409,0.2500,0.2367,0.2545,0.2321,0.2592
M6,Female,95,2023,0.2456,0.2399,0.2517,0.2347,0.2565,0.2289,0.2622
M6,Female,95,2024,0.2459,0.2391,0.2531,0.2325,0.2597,0.2251,0.2669
M6,Female,95,2025,0.2451,0.2364,0.2536,0.2304,0.2618,0.2232,0.2705
M6,Female,95,2026,0.2453,0.2355,0.2553,0.2267,0.2648,0.2185,0.2748
M6,Female,95,2027,0.2435,0.2323,0.2556,0.2226,0.2670,0.2121,0.2807
M6,Female,95,2028,0.2424,0.2287,0.2555,0.2192,0.2683,0.2072,0.2837
M6,Female,95,2029,0.2395,0.2249,0.2541,0.2120,0.2681,0.1983,0.2875
M6,Female,95,2030,0.2451,0.2280,0.2629,0.2152,0.2777,0.2000,0.2997
M6,Female,95,2031,0.2391,0.2211,0.2593,0.2069,0.2765,0.1890,0.2998
M6,Female,95,2032,0.2383,0.2186,0.2590,0.2026,0.2807,0.1839,0.3024
M6,Female,95,2033,0.2369,0.2156,0.2606,0.1978,0.2825,0.1797,0.3100
M6,Female,95,2034,0.2398,0.2166,0.2659,0.1976,0.2896,0.1777,0.3183
M6,Female,95,2035,0.2455,0.2199,0.2748,0.1991,0.3016,0.1751,0.3321
M6,Female,95,2036,0.2424,0.2150,0.2737,0.1925,0.3030,0.1670,0.3348
M6,Female,95,2037,0.2593,0.2279,0.2947,0.2027,0.3270,0.1749,0.3653
M6,Female,95,2038,0.2615,0.2277,0.2993,0.2024,0.3353,0.1699,0.3801
M6,Female,95,2039,0.2781,0.2409,0.3198,0.2116,0.3617,0.1775,0.4112
M6,Female,95,2040,0.2880,0.2485,0.3337,0.2148,0.3766,0.1780,0.4327
M6,Female,96,2021,0.2716,0.2673,0.2758,0.2642,0.2797,0.2599,0.2842
M6,Female,96,2022,0.2689,0.2641,0.2739,0.2596,0.2786,0.2547,0.2837
M6,Female,96,2023,0.2699,0.2638,0.2764,0.2582,0.2814,0.2519,0.2876
M6,Female,96,2024,0.2691,0.2619,0.2768,0.2548,0.2838,0.2469,0.2913
M6,Female,96,2025,0.2694,0.2602,0.2786,0.2538,0.2873,0.2461,0.2963
M6,Female,96,2026,0.2698,0.2594,0.2805,0.2498,0.2905,0.2413,0.3012
M6,Female,96,2027,0.2694,0.2574,0.2823,0.2468,0.2946,0.2356,0.3090
M6,Female,96,2028,0.2682,0.2536,0.2822,0.2432,0.2961,0.2306,0.3126
M6,Female,96,2029,0.2674,0.2517,0.2830,0.2376,0.2980,0.2225,0.3187
M6,Female,96,2030,0.2642,0.2459,0.2827,0.2325,0.2982,0.2161,0.3214
M6,Female,96,2031,0.2708,0.2510,0.2930,0.2357,0.3110,0.2160,0.3362
M6,Female,96,2032,0.2645,0.2433,0.2867,0.2261,0.3102,0.2057,0.3328
M6,Female,96,2033,0.2638,0.2410,0.2893,0.2215,0.3129,0.2018,0.3424
M6,Female,96,2034,0.2628,0.2381,0.2903,0.2174,0.3160,0.1961,0.3457
M6,Female,96,2035,0.2660,0.2390,0.2966,0.2167,0.3249,0.1910,0.3567
M6,Female,96,2036,0.2724,0.2426,0.3064,0.2177,0.3371,0.1894,0.3712
M6,Female,96,2037,0.2694,0.2368,0.3059,0.2109,0.3389,0.1826,0.3767
M6,Female,96,2038,0.2875,0.2512,0.3274,0.2238,0.3644,0.1889,0.4110
M6,Female,96,2039,0.2902,0.2519,0.3319,0.2213,0.3757,0.1862,0.4261
M6,Female,96,2040,0.3080,0.2667,0.3548,0.2313,0.3989,0.1923,0.4566
M6,Female,97,2021,0.2879,0.2835,0.2922,0.2802,0.2963,0.2757,0.3009
M6,Female,97,2022,0.2880,0.2830,0.2933,0.2784,0.2981,0.2734,0.3035
M6,Female,97,2023,0.2883,0.2820,0.2951,0.2762,0.3004,0.2696,0.3066
M6,Female,97,2024,0.2882,0.2808,0.2962,0.2736,0.3036,0.2652,0.3111
M6,Female,97,2025,0.2875,0.2778,0.2970,0.2712,0.3059,0.2632,0.3150
M6,Female,97,2026,0.2891,0.2783,0.3002,0.2683,0.3105,0.2596,0.3213
M6,Female,97,2027,0.2889,0.2764,0.3022,0.2655,0.3147,0.2540,0.3295
M6,Female,97,2028,0.2891,0.2740,0.3034,0.2630,0.3181,0.2501,0.3352
M6,Female,97,2029,0.2883,0.2722,0.3047,0.2573,0.3198,0.2414,0.3416
M6,Female,97,2030,0.2873,0.2682,0.3065,0.2539,0.3226,0.2370,0.3458
M6,Female,97,2031,0.2847,0.2642,0.3073,0.2486,0.3255,0.2283,0.3511
M6,Female,97,2032,0.2916,0.2693,0.3148,0.2507,0.3394,0.2294,0.3625
M6,Female,97,2033,0.2854,0.2616,0.3119,0.2410,0.3363,0.2204,0.3667
M6,Female,97,2034,0.2851,0.2592,0.3136,0.2370,0.3397,0.2145,0.3704
M6,Female,97,2035,0.2842,0.2563,0.3157,0.2324,0.3448,0.2057,0.3767
M6,Female,97,2036,0.2878,0.2567,0.3222,0.2314,0.3533,0.2021,0.3881
M6,Female,97,2037,0.2947,0.2603,0.3324,0.2327,0.3663,0.2029,0.4044
M6,Female,97,2038,0.2918,0.2555,0.3321,0.2275,0.3688,0.1925,0.4136
M6,Female,97,2039,0.3107,0.2711,0.3534,0.2389,0.3977,0.2021,0.4480
M6,Female,97,2040,0.3138,0.2725,0.3601,0.2365,0.4046,0.1970,0.4610
M6,Female,98,2021,0.3120,0.3075,0.3166,0.3040,0.3208,0.2991,0.3257
M6,Female,98,2022,0.3098,0.3046,0.3152,0.2998,0.3202,0.2946,0.3259
M6,Female,98,2023,0.3131,0.3064,0.3202,0.3004,0.3257,0.2934,0.3322
M6,Female,98,2024,0.3123,0.3045,0.3206,0.2971,0.3282,0.2882,0.3361
M6,Female,98,2025,0.3123,0.3021,0.3222,0.2952,0.3313,0.2868,0.3410
M6,Female,98,2026,0.3128,0.3013,0.3242,0.2910,0.3349,0.2820,0.3460
M6,Female,98,2027,0.3138,0.3008,0.3277,0.2894,0.3407,0.2774,0.3557
M6,Female,98,2028,0.3142,0.2983,0.3290,0.2868,0.3444,0.2732,0.3622
M6,Female,98,2029,0.3149,0.2980,0.3320,0.2825,0.3477,0.2654,0.3705
M6,Female,98,2030,0.3140,0.2941,0.3336,0.2789,0.3509,0.2611,0.3738
M6,Female,98,2031,0.3136,0.2921,0.3374,0.2756,0.3560,0.2538,0.3825
M6,Female,98,2032,0.3110,0.2878,0.3349,0.2683,0.3601,0.2466,0.3838
M6,Female,98,2033,0.3184,0.2930,0.3465,0.2711,0.3717,0.2490,0.4030
M6,Female,98,2034,0.3124,0.2851,0.3419,0.2614,0.3687,0.2371,0.4006
M6,Female,98,2035,0.3122,0.2826,0.3454,0.2572,0.3755,0.2287,0.4079
M6,Female,98,2036,0.3116,0.2790,0.3467,0.2524,0.3790,0.2216,0.4147
M6,Female,98,2037,0.3157,0.2802,0.3544,0.2504,0.3891,0.2200,0.4282
M6,Female,98,2038,0.3231,0.2849,0.3648,0.2550,0.4031,0.2171,0.4490
M6,Female,98,2039,0.3204,0.2807,0.3632,0.2471,0.4079,0.2093,0.4578
M6,Female,98,2040,0.3403,0.2971,0.3876,0.2601,0.4326,0.2166,0.4890
M6,Female,99,2021,0.3318,0.3272,0.3365,0.3236,0.3406,0.3185,0.3456
M6,Female,99,2022,0.3264,0.3211,0.3318,0.3162,0.3368,0.3110,0.3426
M6,Female,99,2023,0.3273,0.3206,0.3344,0.3145,0.3400,0.3074,0.3464
M6,Female,99,2024,0.3295,0.3216,0.3378,0.3140,0.3455,0.3051,0.3534
M6,Female,99,2025,0.3287,0.3185,0.3387,0.3114,0.3479,0.3029,0.3578
M6,Female,99,2026,0.3300,0.3184,0.3416,0.3080,0.3522,0.2989,0.3633
M6,Female,99,2027,0.3299,0.3169,0.3437,0.3054,0.3568,0.2932,0.3715
M6,Female,99,2028,0.3316,0.3156,0.3465,0.3039,0.3618,0.2899,0.3799
M6,Female,99,2029,0.3324,0.3151,0.3496,0.2998,0.3655,0.2821,0.3885
M6,Female,99,2030,0.3330,0.3128,0.3528,0.2974,0.3701,0.2789,0.3921
M6,Female,99,2031,0.3327,0.3108,0.3563,0.2939,0.3751,0.2718,0.4013
M6,Female,99,2032,0.3325,0.3084,0.3566,0.2887,0.3817,0.2669,0.4053
M6,Female,99,2033,0.3301,0.3043,0.3579,0.2829,0.3832,0.2602,0.4137
M6,Female,99,2034,0.3379,0.3098,0.3677,0.2856,0.3942,0.2599,0.4265
M6,Female,99,2035,0.3320,0.3023,0.3652,0.2760,0.3952,0.2464,0.4271
M6,Female,99,2036,0.3323,0.2994,0.3674,0.2716,0.3999,0.2399,0.4348
M6,Female,99,2037,0.3319,0.2960,0.3706,0.2655,0.4044,0.2347,0.4431
M6,Female,99,2038,0.3363,0.2981,0.3777,0.2674,0.4150,0.2292,0.4615
M6,Female,99,2039,0.3440,0.3036,0.3870,0.2690,0.4302,0.2294,0.4791
M6,Female,99,2040,0.3415,0.2989,0.3885,0.2622,0.4318,0.2189,0.4858
M6,Female,100,2021,0.3702,0.3652,0.3752,0.3614,0.3796,0.3558,0.3850
M6,Female,100,2022,0.3714,0.3658,0.3774,0.3603,0.3828,0.3548,0.3889
M6,Female,100,2023,0.3690,0.3618,0.3767,0.3554,0.3826,0.3475,0.3894
M6,Female,100,2024,0.3688,0.3605,0.3779,0.3522,0.3858,0.3427,0.3944
M6,Female,100,2025,0.3712,0.3602,0.3820,0.3526,0.3917,0.3433,0.4024
M6,Female,100,2026,0.3718,0.3594,0.3841,0.3481,0.3954,0.3382,0.4072
M6,Female,100,2027,0.3725,0.3585,0.3871,0.3462,0.4010,0.3330,0.4166
M6,Female,100,2028,0.3731,0.3560,0.3889,0.3433,0.4050,0.3281,0.4246
M6,Female,100,2029,0.3754,0.3568,0.3936,0.3402,0.4107,0.3210,0.4352
M6,Female,100,2030,0.3761,0.3544,0.3971,0.3376,0.4156,0.3177,0.4386
M6,Female,100,2031,0.3774,0.3533,0.4022,0.3355,0.4225,0.3114,0.4498
M6,Female,100,2032,0.3772,0.3515,0.4029,0.3298,0.4291,0.3065,0.4545
M6,Female,100,2033,0.3772,0.3491,0.4068,0.3262,0.4340,0.3011,0.4656
M6,Female,100,2034,0.3751,0.3449,0.4066,0.3193,0.4348,0.2909,0.4690
M6,Female,100,2035,0.3836,0.3512,0.4187,0.3226,0.4506,0.2895,0.4838
M6,Female,100,2036,0.3777,0.3423,0.4154,0.3118,0.4498,0.2771,0.4855
M6,Female,100,2037,0.3783,0.3393,0.4196,0.3065,0.4548,0.2722,0.4954
M6,Female,100,2038,0.3782,0.3370,0.4217,0.3037,0.4611,0.2623,0.5102
M6,Female,100,2039,0.3831,0.3398,0.4281,0.3028,0.4731,0.2586,0.5237
M6,Female,100,2040,0.3916,0.3455,0.4412,0.3053,0.4863,0.2570,0.5405
M1,Male,18,2021,0.0003,0.0003,0.0003,0.0003,0.0003,0.0003,0.0003
M1,Male,18,2022,0.0003,0.0003,0.0003,0.0003,0.0003,0.0003,0.0003
M1,Male,18,2023,0.0003,0.0003,0.0003,0.0003,0.0003,0.0003,0.0003
M1,Male,18,2024,0.0003,0.0003,0.0003,0.0003,0.0003,0.0003,0.0003
M1,Male,18,2025,0.0003,0.0003,0.0003,0.0003,0.0003,0.0003,0.0003
M1,Male,18,2026,0.0003,0.0003,0.0003,0.0003,0.0003,0.0003,0.0004
M1,Male,18,2027,0.0003,0.0003,0.0003,0.0003,0.0003,0.0002,0.0003
M1,Male,18,2028,0.0003,0.0003,0.0003,0.0003,0.0003,0.0002,0.0004
M1,Male,18,2029,0.0003,0.0003,0.0003,0.0002,0.0003,0.0002,0.0004
M1,Male,18,2030,0.0003,0.0003,0.0003,0.0002,0.0003,0.0002,0.0004
M1,Male,18,2031,0.0003,0.0002,0.0003,0.0002,0.0003,0.0002,0.0004
M1,Male,18,2032,0.0003,0.0002,0.0003,0.0002,0.0003,0.0002,0.0004
M1,Male,18,2033,0.0003,0.0002,0.0003,0.0002,0.0003,0.0002,0.0004
M1,Male,18,2034,0.0003,0.0002,0.0003,0.0002,0.0003,0.0002,0.0004
M1,Male,18,2035,0.0003,0.0002,0.0003,0.0002,0.0003,0.0002,0.0004
M1,Male,18,2036,0.0003,0.0002,0.0003,0.0002,0.0004,0.0002,0.0004
M1,Male,18,2037,0.0003,0.0002,0.0003,0.0002,0.0003,0.0001,0.0004
M1,Male,18,2038,0.0003,0.0002,0.0003,0.0002,0.0004,0.0001,0.0004
M1,Male,18,2039,0.0002,0.0002,0.0003,0.0002,0.0004,0.0001,0.0004
M1,Male,18,2040,0.0002,0.0002,0.0003,0.0002,0.0004,0.0001,0.0004
M1,Male,19,2021,0.0004,0.0004,0.0004,0.0004,0.0004,0.0004,0.0004
M1,Male,19,2022,0.0004,0.0004,0.0004,0.0004,0.0004,0.0004,0.0004
M1,Male,19,2023,0.0004,0.0004,0.0004,0.0004,0.0004,0.0004,0.0005
M1,Male,19,2024,0.0004,0.0004,0.0004,0.0004,0.0004,0.0003,0.0004
M1,Male,19,2025,0.0004,0.0004,0.0004,0.0004,0.0004,0.0003,0.0005
M1,Male,19,2026,0.0004,0.0004,0.0004,0.0004,0.0004,0.0003,0.0005
M1,Male,19,2027,0.0004,0.0003,0.0004,0.0003,0.0004,0.0003,0.0005
M1,Male,19,2028,0.0004,0.0004,0.0004,0.0003,0.0004,0.0003,0.0005
M1,Male,19,2029,0.0004,0.0003,0.0004,0.0003,0.0004,0.0003,0.0005
M1,Male,19,2030,0.0004,0.0003,0.0004,0.0003,0.0004,0.0003,0.0005
M1,Male,19,2031,0.0004,0.0003,0.0004,0.0003,0.0005,0.0003,0.0005
M1,Male,19,2032,0.0004,0.0003,0.0004,0.0003,0.0004,0.0002,0.0005
M1,Male,19,2033,0.0004,0.0003,0.0004,0.0003,0.0005,0.0002,0.0005
M1,Male,19,2034,0.0003,0.0003,0.0004,0.0003,0.0004,0.0002,0.0005
M1,Male,19,2035,0.0003,0.0003,0.0004,0.0003,0.0005,0.0002,0.0005
M1,Male,19,2036,0.0003,0.0003,0.0004,0.0002,0.0005,0.0002,0.0006
M1,Male,19,2037,0.0003,0.0003,0.0004,0.0002,0.0005,0.0002,0.0005
M1,Male,19,2038,0.0003,0.0003,0.0004,0.0002,0.0005,0.0002,0.0006
M1,Male,19,2039,0.0003,0.0003,0.0004,0.0002,0.0005,0.0002,0.0006
M1,Male,19,2040,0.0003,0.0002,0.0004,0.0002,0.0005,0.0002,0.0006
M1,Male,20,2021,0.0004,0.0004,0.0004,0.0004,0.0004,0.0004,0.0004
M1,Male,20,2022,0.0004,0.0004,0.0004,0.0004,0.0004,0.0003,0.0004
M1,Male,20,2023,0.0004,0.0004,0.0004,0.0004,0.0004,0.0004,0.0004
M1,Male,20,2024,0.0004,0.0004,0.0004,0.0003,0.0004,0.0003,0.0004
M1,Male,20,2025,0.0004,0.0004,0.0004,0.0003,0.0004,0.0003,0.0004
M1,Male,20,2026,0.0004,0.0003,0.0004,0.0003,0.0004,0.0003,0.0004
M1,Male,20,2027,0.0004,0.0003,0.0004,0.0003,0.0004,0.0003,0.0004
M1,Male,20,2028,0.0004,0.0003,0.0004,0.0003,0.0004,0.0003,0.0004
M1,Male,20,2029,0.0003,0.0003,0.0004,0.0003,0.0004,0.0003,0.0004
M1,Male,20,2030,0.0003,0.0003,0.0004,0.0003,0.0004,0.0003,0.0005
M1,Male,20,2031,0.0003,0.0003,0.0004,0.0003,0.0004,0.0003,0.0005
M1,Male,20,2032,0.0003,0.0003,0.0004,0.0003,0.0004,0.0002,0.0005
M1,Male,20,2033,0.0003,0.0003,0.0004,0.0003,0.0004,0.0002,0.0005
M1,Male,20,2034,0.0003,0.0003,0.0004,0.0002,0.0004,0.0002,0.0005
M1,Male,20,2035,0.0003,0.0003,0.0004,0.0002,0.0004,0.0002,0.0005
M1,Male,20,2036,0.0003,0.0003,0.0004,0.0002,0.0004,0.0002,0.0005
M1,Male,20,2037,0.0003,0.0003,0.0004,0.0002,0.0004,0.0002,0.0005
M1,Male,20,2038,0.0003,0.0003,0.0004,0.0002,0.0004,0.0002,0.0005
M1,Male,20,2039,0.0003,0.0002,0.0004,0.0002,0.0004,0.0002,0.0005
M1,Male,20,2040,0.0003,0.0002,0.0004,0.0002,0.0004,0.0002,0.0006
M1,Male,21,2021,0.0004,0.0004,0.0004,0.0004,0.0004,0.0004,0.0004
M1,Male,21,2022,0.0004,0.0004,0.0004,0.0003,0.0004,0.0003,0.0004
M1,Male,21,2023,0.0004,0.0004,0.0004,0.0004,0.0004,0.0003,0.0004
M1,Male,21,2024,0.0004,0.0003,0.0004,0.0003,0.0004,0.0003,0.0004
M1,Male,21,2025,0.0004,0.0003,0.0004,0.0003,0.0004,0.0003,0.0004
M1,Male,21,2026,0.0004,0.0003,0.0004,0.0003,0.0004,0.0003,0.0004
M1,Male,21,2027,0.0003,0.0003,0.0004,0.0003,0.0004,0.0003,0.0004
M1,Male,21,2028,0.0004,0.0003,0.0004,0.0003,0.0004,0.0003,0.0004
M1,Male,21,2029,0.0003,0.0003,0.0004,0.0003,0.0004,0.0003,0.0004
M1,Male,21,2030,0.0003,0.0003,0.0004,0.0003,0.0004,0.0003,0.0004
M1,Male,21,2031,0.0003,0.0003,0.0004,0.0003,0.0004,0.0002,0.0005
M1,Male,21,2032,0.0003,0.0003,0.0004,0.0003,0.0004,0.0002,0.0005
M1,Male,21,2033,0.0003,0.0003,0.0004,0.0003,0.0004,0.0002,0.0005
M1,Male,21,2034,0.0003,0.0003,0.0004,0.0002,0.0004,0.0002,0.0005
M1,Male,21,2035,0.0003,0.0003,0.0004,0.0002,0.0004,0.0002,0.0005
M1,Male,21,2036,0.0003,0.0003,0.0004,0.0002,0.0004,0.0002,0.0005
M1,Male,21,2037,0.0003,0.0002,0.0004,0.0002,0.0004,0.0002,0.0005
M1,Male,21,2038,0.0003,0.0002,0.0004,0.0002,0.0004,0.0002,0.0005
M1,Male,21,2039,0.0003,0.0002,0.0004,0.0002,0.0004,0.0002,0.0005
M1,Male,21,2040,0.0003,0.0002,0.0004,0.0002,0.0004,0.0002,0.0005
M1,Male,22,2021,0.0004,0.0004,0.0004,0.0004,0.0004,0.0004,0.0004
M1,Male,22,2022,0.0004,0.0004,0.0004,0.0004,0.0004,0.0003,0.0004
M1,Male,22,2023,0.0004,0.0004,0.0004,0.0004,0.0004,0.0004,0.0004
M1,Male,22,2024,0.0004,0.0003,0.0004,0.0003,0.0004,0.0003,0.0004
M1,Male,22,2025,0.0004,0.0004,0.0004,0.0003,0.0004,0.0003,0.0004
M1,Male,22,2026,0.0004,0.0003,0.0004,0.0003,0.0004,0.0003,0.0004
M1,Male,22,2027,0.0003,0.0003,0.0004,0.0003,0.0004,0.0003,0.0004
M1,Male,22,2028,0.0004,0.0003,0.0004,0.0003,0.0004,0.0003,0.0004
M1,Male,22,2029,0.0003,0.0003,0.0004,0.0003,0.0004,0.0003,0.0004
M1,Male,22,2030,0.0003,0.0003,0.0004,0.0003,0.0004,0.0003,0.0004
M1,Male,22,2031,0.0003,0.0003,0.0004,0.0003,0.0004,0.0003,0.0005
M1,Male,22,2032,0.0003,0.0003,0.0004,0.0003,0.0004,0.0002,0.0005
M1,Male,22,2033,0.0003,0.0003,0.0004,0.0003,0.0004,0.0002,0.0005
M1,Male,22,2034,0.0003,0.0003,0.0004,0.0002,0.0004,0.0002,0.0005
M1,Male,22,2035,0.0003,0.0003,0.0004,0.0002,0.0004,0.0002,0.0005
M1,Male,22,2036,0.0003,0.0003,0.0004,0.0002,0.0004,0.0002,0.0005
M1,Male,22,2037,0.0003,0.0003,0.0004,0.0002,0.0004,0.0002,0.0005
M1,Male,22,2038,0.0003,0.0003,0.0004,0.0002,0.0004,0.0002,0.0005
M1,Male,22,2039,0.0003,0.0002,0.0004,0.0002,0.0004,0.0002,0.0005
M1,Male,22,2040,0.0003,0.0002,0.0004,0.0002,0.0004,0.0002,0.0005
M1,Male,23,2021,0.0004,0.0004,0.0004,0.0004,0.0005,0.0004,0.0005
M1,Male,23,2022,0.0004,0.0004,0.0004,0.0004,0.0004,0.0004,0.0004
M1,Male,23,2023,0.0004,0.0004,0.0004,0.0004,0.0005,0.0004,0.0005
M1,Male,23,2024,0.0004,0.0004,0.0004,0.0004,0.0004,0.0004,0.0005
M1,Male,23,2025,0.0004,0.0004,0.0004,0.0004,0.0004,0.0004,0.0005
M1,Male,23,2026,0.0004,0.0004,0.0004,0.0004,0.0005,0.0003,0.0005
M1,Male,23,2027,0.0004,0.0004,0.0004,0.0003,0.0004,0.0003,0.0005
M1,Male,23,2028,0.0004,0.0004,0.0004,0.0004,0.0005,0.0003,0.0005
M1,Male,23,2029,0.0004,0.0004,0.0004,0.0003,0.0005,0.0003,0.0005
M1,Male,23,2030,0.0004,0.0003,0.0004,0.0003,0.0005,0.0003,0.0005
M1,Male,23,2031,0.0004,0.0003,0.0004,0.0003,0.0005,0.0003,0.0005
M1,Male,23,2032,0.0004,0.0003,0.0004,0.0003,0.0005,0.0003,0.0005
M1,Male,23,2033,0.0004,0.0003,0.0004,0.0003,0.0005,0.0003,0.0005
M1,Male,23,2034,0.0004,0.0003,0.0004,0.0003,0.0005,0.0002,0.0005
M1,Male,23,2035,0.0004,0.0003,0.0004,0.0003,0.0005,0.0002,0.0005
M1,Male,23,2036,0.0004,0.0003,0.0004,0.0003,0.0005,0.0002,0.0006
M1,Male,23,2037,0.0003,0.0003,0.0004,0.0003,0.0005,0.0002,0.0006
M1,Male,23,2038,0.0003,0.0003,0.0004,0.0002,0.0005,0.0002,0.0006
M1,Male,23,2039,0.0003,0.0003,0.0004,0.0002,0.0005,0.0002,0.0006
M1,Male,23,2040,0.0003,0.0003,0.0004,0.0002,0.0005,0.0002,0.0006
M1,Male,24,2021,0.0004,0.0004,0.0005,0.0004,0.0005,0.0004,0.0005
M1,Male,24,2022,0.0004,0.0004,0.0004,0.0004,0.0004,0.0004,0.0005
M1,Male,24,2023,0.0004,0.0004,0.0005,0.0004,0.0005,0.0004,0.0005
M1,Male,24,2024,0.0004,0.0004,0.0004,0.0004,0.0004,0.0004,0.0005
M1,Male,24,2025,0.0004,0.0004,0.0004,0.0004,0.0005,0.0004,0.0005
M1,Male,24,2026,0.0004,0.0004,0.0004,0.0004,0.0005,0.0004,0.0005
M1,Male,24,2027,0.0004,0.0004,0.0004,0.0004,0.0004,0.0003,0.0005
M1,Male,24,2028,0.0004,0.0004,0.0004,0.0004,0.0005,0.0003,0.0005
M1,Male,24,2029,0.0004,0.0004,0.0004,0.0003,0.0005,0.0003,0.0005
M1,Male,24,2030,0.0004,0.0004,0.0004,0.0003,0.0005,0.0003,0.0005
M1,Male,24,2031,0.0004,0.0004,0.0004,0.0003,0.0005,0.0003,0.0005
M1,Male,24,2032,0.0004,0.0003,0.0004,0.0003,0.0005,0.0003,0.0005
M1,Male,24,2033,0.0004,0.0003,0.0004,0.0003,0.0005,0.0003,0.0005
M1,Male,24,2034,0.0004,0.0003,0.0004,0.0003,0.0005,0.0003,0.0005
M1,Male,24,2035,0.0004,0.0003,0.0004,0.0003,0.0005,0.0002,0.0005
M1,Male,24,2036,0.0004,0.0003,0.0004,0.0003,0.0005,0.0002,0.0006
M1,Male,24,2037,0.0004,0.0003,0.0004,0.0003,0.0005,0.0002,0.0006
M1,Male,24,2038,0.0004,0.0003,0.0004,0.0003,0.0005,0.0002,0.0006
M1,Male,24,2039,0.0004,0.0003,0.0004,0.0003,0.0005,0.0002,0.0006
M1,Male,24,2040,0.0003,0.0003,0.0004,0.0002,0.0005,0.0002,0.0006
M1,Male,25,2021,0.0004,0.0004,0.0004,0.0004,0.0004,0.0004,0.0005
M1,Male,25,2022,0.0004,0.0004,0.0004,0.0004,0.0004,0.0004,0.0004
M1,Male,25,2023,0.0004,0.0004,0.0004,0.0004,0.0005,0.0004,0.0005
M1,Male,25,2024,0.0004,0.0004,0.0004,0.0004,0.0004,0.0004,0.0004
M1,Male,25,2025,0.0004,0.0004,0.0004,0.0004,0.0004,0.0004,0.0005
M1,Male,25,2026,0.0004,0.0004,0.0004,0.0004,0.0004,0.0003,0.0005
M1,Male,25,2027,0.0004,0.0004,0.0004,0.0003,0.0004,0.0003,0.0005
M1,Male,25,2028,0.0004,0.0004,0.0004,0.0003,0.0005,0.0003,0.0005
M1,Male,25,2029,0.0004,0.0004,0.0004,0.0003,0.0004,0.0003,0.0005
M1,Male,25,2030,0.0004,0.0003,0.0004,0.0003,0.0004,0.0003,0.0005
M1,Male,25,2031,0.0004,0.0003,0.0004,0.0003,0.0005,0.0003,0.0005
M1,Male,25,2032,0.0004,0.0003,0.0004,0.0003,0.0004,0.0003,0.0005
M1,Male,25,2033,0.0004,0.0003,0.0004,0.0003,0.0005,0.0003,0.0005
M1,Male,25,2034,0.0004,0.0003,0.0004,0.0003,0.0005,0.0003,0.0005
M1,Male,25,2035,0.0004,0.0003,0.0004,0.0003,0.0005,0.0002,0.0005
M1,Male,25,2036,0.0004,0.0003,0.0004,0.0003,0.0005,0.0002,0.0005
M1,Male,25,2037,0.0003,0.0003,0.0004,0.0003,0.0005,0.0002,0.0005
M1,Male,25,2038,0.0003,0.0003,0.0004,0.0003,0.0005,0.0002,0.0006
M1,Male,25,2039,0.0003,0.0003,0.0004,0.0002,0.0005,0.0002,0.0006
M1,Male,25,2040,0.0003,0.0003,0.0004,0.0002,0.0005,0.0002,0.0006
M1,Male,26,2021,0.0004,0.0004,0.0004,0.0004,0.0004,0.0004,0.0004
M1,Male,26,2022,0.0004,0.0004,0.0004,0.0004,0.0004,0.0004,0.0004
M1,Male,26,2023,0.0004,0.0004,0.0004,0.0004,0.0004,0.0004,0.0005
M1,Male,26,2024,0.0004,0.0004,0.0004,0.0004,0.0004,0.0004,0.0004
M1,Male,26,2025,0.0004,0.0004,0.0004,0.0004,0.0004,0.0004,0.0005
M1,Male,26,2026,0.0004,0.0004,0.0004,0.0004,0.0004,0.0003,0.0005
M1,Male,26,2027,0.0004,0.0004,0.0004,0.0003,0.0004,0.0003,0.0005
M1,Male,26,2028,0.0004,0.0004,0.0004,0.0004,0.0004,0.0003,0.0005
M1,Male,26,2029,0.0004,0.0004,0.0004,0.0003,0.0004,0.0003,0.0005
M1,Male,26,2030,0.0004,0.0003,0.0004,0.0003,0.0004,0.0003,0.0005
M1,Male,26,2031,0.0004,0.0003,0.0004,0.0003,0.0005,0.0003,0.0005
M1,Male,26,2032,0.0004,0.0003,0.0004,0.0003,0.0004,0.0003,0.0005
M1,Male,26,2033,0.0004,0.0003,0.0004,0.0003,0.0005,0.0003,0.0005
M1,Male,26,2034,0.0004,0.0003,0.0004,0.0003,0.0004,0.0003,0.0005
M1,Male,26,2035,0.0004,0.0003,0.0004,0.0003,0.0005,0.0002,0.0005
M1,Male,26,2036,0.0004,0.0003,0.0004,0.0003,0.0005,0.0002,0.0005
M1,Male,26,2037,0.0003,0.0003,0.0004,0.0003,0.0005,0.0002,0.0005
M1,Male,26,2038,0.0003,0.0003,0.0004,0.0003,0.0005,0.0002,0.0005
M1,Male,26,2039,0.0003,0.0003,0.0004,0.0002,0.0005,0.0002,0.0006
M1,Male,26,2040,0.0003,0.0003,0.0004,0.0002,0.0005,0.0002,0.0006
M1,Male,27,2021,0.0004,0.0004,0.0004,0.0004,0.0004,0.0004,0.0004
M1,Male,27,2022,0.0004,0.0004,0.0004,0.0004,0.0004,0.0004,0.0004
M1,Male,27,2023,0.0004,0.0004,0.0004,0.0004,0.0004,0.0004,0.0005
M1,Male,27,2024,0.0004,0.0004,0.0004,0.0004,0.0004,0.0004,0.0004
M1,Male,27,2025,0.0004,0.0004,0.0004,0.0004,0.0004,0.0004,0.0005
M1,Male,27,2026,0.0004,0.0004,0.0004,0.0004,0.0004,0.0003,0.0005
M1,Male,27,2027,0.0004,0.0004,0.0004,0.0003,0.0004,0.0003,0.0004
M1,Male,27,2028,0.0004,0.0004,0.0004,0.0003,0.0004,0.0003,0.0005
M1,Male,27,2029,0.0004,0.0003,0.0004,0.0003,0.0004,0.0003,0.0005
M1,Male,27,2030,0.0004,0.0003,0.0004,0.0003,0.0004,0.0003,0.0005
M1,Male,27,2031,0.0004,0.0003,0.0004,0.0003,0.0004,0.0003,0.0005
M1,Male,27,2032,0.0004,0.0003,0.0004,0.0003,0.0004,0.0003,0.0005
M1,Male,27,2033,0.0004,0.0003,0.0004,0.0003,0.0004,0.0003,0.0005
M1,Male,27,2034,0.0004,0.0003,0.0004,0.0003,0.0004,0.0003,0.0005
M1,Male,27,2035,0.0004,0.0003,0.0004,0.0003,0.0004,0.0002,0.0005
M1,Male,27,2036,0.0004,0.0003,0.0004,0.0003,0.0005,0.0002,0.0005
M1,Male,27,2037,0.0003,0.0003,0.0004,0.0003,0.0004,0.0002,0.0005
M1,Male,27,2038,0.0003,0.0003,0.0004,0.0003,0.0005,0.0002,0.0005
M1,Male,27,2039,0.0003,0.0003,0.0004,0.0002,0.0005,0.0002,0.0006
M1,Male,27,2040,0.0003,0.0003,0.0004,0.0002,0.0005,0.0002,0.0006
M1,Male,28,2021,0.0004,0.0004,0.0004,0.0004,0.0004,0.0004,0.0004
M1,Male,28,2022,0.0004,0.0004,0.0004,0.0004,0.0004,0.0004,0.0004
M1,Male,28,2023,0.0004,0.0004,0.0004,0.0004,0.0004,0.0004,0.0004
M1,Male,28,2024,0.0004,0.0004,0.0004,0.0003,0.0004,0.0003,0.0004
M1,Male,28,2025,0.0004,0.0004,0.0004,0.0003,0.0004,0.0003,0.0004
M1,Male,28,2026,0.0004,0.0004,0.0004,0.0003,0.0004,0.0003,0.0004
M1,Male,28,2027,0.0004,0.0003,0.0004,0.0003,0.0004,0.0003,0.0004
M1,Male,28,2028,0.0004,0.0003,0.0004,0.0003,0.0004,0.0003,0.0004
M1,Male,28,2029,0.0004,0.0003,0.0004,0.0003,0.0004,0.0003,0.0004
M1,Male,28,2030,0.0004,0.0003,0.0004,0.0003,0.0004,0.0003,0.0004
M1,Male,28,2031,0.0004,0.0003,0.0004,0.0003,0.0004,0.0003,0.0004
M1,Male,28,2032,0.0003,0.0003,0.0004,0.0003,0.0004,0.0003,0.0004
M1,Male,28,2033,0.0003,0.0003,0.0004,0.0003,0.0004,0.0003,0.0005
M1,Male,28,2034,0.0003,0.0003,0.0004,0.0003,0.0004,0.0002,0.0005
M1,Male,28,2035,0.0003,0.0003,0.0004,0.0003,0.0004,0.0002,0.0005
M1,Male,28,2036,0.0003,0.0003,0.0004,0.0003,0.0004,0.0002,0.0005
M1,Male,28,2037,0.0003,0.0003,0.0004,0.0002,0.0004,0.0002,0.0005
M1,Male,28,2038,0.0003,0.0003,0.0004,0.0002,0.0004,0.0002,0.0005
M1,Male,28,2039,0.0003,0.0003,0.0004,0.0002,0.0004,0.0002,0.0005
M1,Male,28,2040,0.0003,0.0003,0.0004,0.0002,0.0004,0.0002,0.0005
M1,Male,29,2021,0.0005,0.0005,0.0005,0.0005,0.0005,0.0005,0.0005
M1,Male,29,2022,0.0005,0.0005,0.0005,0.0005,0.0005,0.0005,0.0005
M1,Male,29,2023,0.0005,0.0005,0.0005,0.0005,0.0005,0.0005,0.0005
M1,Male,29,2024,0.0005,0.0005,0.0005,0.0004,0.0005,0.0004,0.0005
M1,Male,29,2025,0.0005,0.0005,0.0005,0.0004,0.0005,0.0004,0.0005
M1,Male,29,2026,0.0005,0.0005,0.0005,0.0004,0.0005,0.0004,0.0005
M1,Male,29,2027,0.0005,0.0004,0.0005,0.0004,0.0005,0.0004,0.0005
M1,Male,29,2028,0.0005,0.0004,0.0005,0.0004,0.0005,0.0004,0.0006
M1,Male,29,2029,0.0005,0.0004,0.0005,0.0004,0.0005,0.0004,0.0005
M1,Male,29,2030,0.0004,0.0004,0.0005,0.0004,0.0005,0.0004,0.0006
M1,Male,29,2031,0.0004,0.0004,0.0005,0.0004,0.0005,0.0004,0.0006
M1,Male,29,2032,0.0004,0.0004,0.0005,0.0004,0.0005,0.0003,0.0006
M1,Male,29,2033,0.0004,0.0004,0.0005,0.0004,0.0005,0.0003,0.0006
M1,Male,29,2034,0.0004,0.0004,0.0005,0.0003,0.0005,0.0003,0.0006
M1,Male,29,2035,0.0004,0.0004,0.0005,0.0003,0.0005,0.0003,0.0006
M1,Male,29,2036,0.0004,0.0004,0.0005,0.0003,0.0005,0.0003,0.0006
M1,Male,29,2037,0.0004,0.0004,0.0005,0.0003,0.0005,0.0003,0.0006
M1,Male,29,2038,0.0004,0.0003,0.0005,0.0003,0.0005,0.0003,0.0006
M1,Male,29,2039,0.0004,0.0003,0.0005,0.0003,0.0005,0.0003,0.0006
M1,Male,29,2040,0.0004,0.0003,0.0005,0.0003,0.0005,0.0002,0.0007
M1,Male,30,2021,0.0005,0.0005,0.0005,0.0005,0.0005,0.0005,0.0006
M1,Male,30,2022,0.0005,0.0005,0.0005,0.0005,0.0005,0.0005,0.0005
M1,Male,30,2023,0.0005,0.0005,0.0005,0.0005,0.0006,0.0005,0.0006
M1,Male,30,2024,0.0005,0.0005,0.0005,0.0005,0.0005,0.0005,0.0005
M1,Male,30,2025,0.0005,0.0005,0.0005,0.0005,0.0005,0.0004,0.0006
M1,Male,30,2026,0.0005,0.0005,0.0005,0.0005,0.0005,0.0004,0.0006
M1,Male,30,2027,0.0005,0.0005,0.0005,0.0004,0.0005,0.0004,0.0006
M1,Male,30,2028,0.0005,0.0005,0.0005,0.0004,0.0006,0.0004,0.0006
M1,Male,30,2029,0.0005,0.0004,0.0005,0.0004,0.0005,0.0004,0.0006
M1,Male,30,2030,0.0005,0.0004,0.0005,0.0004,0.0005,0.0004,0.0006
M1,Male,30,2031,0.0005,0.0004,0.0005,0.0004,0.0006,0.0004,0.0006
M1,Male,30,2032,0.0005,0.0004,0.0005,0.0004,0.0005,0.0004,0.0006
M1,Male,30,2033,0.0005,0.0004,0.0005,0.0004,0.0006,0.0003,0.0006
M1,Male,30,2034,0.0005,0.0004,0.0005,0.0004,0.0006,0.0003,0.0006
M1,Male,30,2035,0.0004,0.0004,0.0005,0.0004,0.0006,0.0003,0.0006
M1,Male,30,2036,0.0004,0.0004,0.0005,0.0003,0.0006,0.0003,0.0007
M1,Male,30,2037,0.0004,0.0004,0.0005,0.0003,0.0006,0.0003,0.0006
M1,Male,30,2038,0.0004,0.0004,0.0005,0.0003,0.0006,0.0003,0.0007
M1,Male,30,2039,0.0004,0.0004,0.0005,0.0003,0.0006,0.0003,0.0007
M1,Male,30,2040,0.0004,0.0003,0.0005,0.0003,0.0006,0.0003,0.0007
M1,Male,31,2021,0.0005,0.0005,0.0005,0.0005,0.0006,0.0005,0.0006
M1,Male,31,2022,0.0005,0.0005,0.0005,0.0005,0.0005,0.0005,0.0006
M1,Male,31,2023,0.0005,0.0005,0.0006,0.0005,0.0006,0.0005,0.0006
M1,Male,31,2024,0.0005,0.0005,0.0005,0.0005,0.0005,0.0005,0.0006
M1,Male,31,2025,0.0005,0.0005,0.0005,0.0005,0.0006,0.0005,0.0006
M1,Male,31,2026,0.0005,0.0005,0.0005,0.0005,0.0006,0.0005,0.0006
M1,Male,31,2027,0.0005,0.0005,0.0005,0.0004,0.0005,0.0004,0.0006
M1,Male,31,2028,0.0005,0.0005,0.0005,0.0005,0.0006,0.0004,0.0006
M1,Male,31,2029,0.0005,0.0005,0.0005,0.0004,0.0006,0.0004,0.0006
M1,Male,31,2030,0.0005,0.0004,0.0005,0.0004,0.0006,0.0004,0.0006
M1,Male,31,2031,0.0005,0.0004,0.0005,0.0004,0.0006,0.0004,0.0006
M1,Male,31,2032,0.0005,0.0004,0.0005,0.0004,0.0006,0.0004,0.0006
M1,Male,31,2033,0.0005,0.0004,0.0005,0.0004,0.0006,0.0004,0.0006
M1,Male,31,2034,0.0005,0.0004,0.0005,0.0004,0.0006,0.0003,0.0006
M1,Male,31,2035,0.0005,0.0004,0.0005,0.0004,0.0006,0.0003,0.0006
M1,Male,31,2036,0.0005,0.0004,0.0005,0.0004,0.0006,0.0003,0.0007
M1,Male,31,2037,0.0005,0.0004,0.0005,0.0003,0.0006,0.0003,0.0007
M1,Male,31,2038,0.0005,0.0004,0.0005,0.0003,0.0006,0.0003,0.0007
M1,Male,31,2039,0.0004,0.0004,0.0005,0.0003,0.0006,0.0003,0.0007
M1,Male,31,2040,0.0004,0.0004,0.0005,0.0003,0.0006,0.0003,0.0007
M1,Male,32,2021,0.0006,0.0006,0.0006,0.0006,0.0006,0.0006,0.0006
M1,Male,32,2022,0.0006,0.0006,0.0006,0.0005,0.0006,0.0005,0.0006
M1,Male,32,2023,0.0006,0.0006,0.0006,0.0006,0.0006,0.0005,0.0006
M1,Male,32,2024,0.0006,0.0005,0.0006,0.0005,0.0006,0.0005,0.0006
M1,Male,32,2025,0.0006,0.0005,0.0006,0.0005,0.0006,0.0005,0.0006
M1,Male,32,2026,0.0006,0.0005,0.0006,0.0005,0.0006,0.0005,0.0006
M1,Male,32,2027,0.0005,0.0005,0.0006,0.0005,0.0006,0.0005,0.0006
M1,Male,32,2028,0.0005,0.0005,0.0006,0.0005,0.0006,0.0005,0.0006
M1,Male,32,2029,0.0005,0.0005,0.0006,0.0005,0.0006,0.0004,0.0006
M1,Male,32,2030,0.0005,0.0005,0.0006,0.0005,0.0006,0.0004,0.0006
M1,Male,32,2031,0.0005,0.0005,0.0006,0.0005,0.0006,0.0004,0.0007
M1,Male,32,2032,0.0005,0.0005,0.0006,0.0004,0.0006,0.0004,0.0007
M1,Male,32,2033,0.0005,0.0005,0.0006,0.0004,0.0006,0.0004,0.0007
M1,Male,32,2034,0.0005,0.0005,0.0006,0.0004,0.0006,0.0004,0.0007
M1,Male,32,2035,0.0005,0.0004,0.0006,0.0004,0.0006,0.0004,0.0007
M1,Male,32,2036,0.0005,0.0004,0.0006,0.0004,0.0006,0.0003,0.0007
M1,Male,32,2037,0.0005,0.0004,0.0006,0.0004,0.0006,0.0003,0.0007
M1,Male,32,2038,0.0005,0.0004,0.0006,0.0004,0.0006,0.0003,0.0007
M1,Male,32,2039,0.0005,0.0004,0.0006,0.0004,0.0006,0.0003,0.0007
M1,Male,32,2040,0.0005,0.0004,0.0005,0.0003,0.0006,0.0003,0.0007
M1,Male,33,2021,0.0007,0.0007,0.0007,0.0006,0.0007,0.0006,0.0007
M1,Male,33,2022,0.0006,0.0006,0.0007,0.0006,0.0007,0.0006,0.0007
M1,Male,33,2023,0.0007,0.0007,0.0007,0.0006,0.0007,0.0006,0.0007
M1,Male,33,2024,0.0006,0.0006,0.0007,0.0006,0.0007,0.0006,0.0007
M1,Male,33,2025,0.0006,0.0006,0.0007,0.0006,0.0007,0.0006,0.0007
M1,Male,33,2026,0.0006,0.0006,0.0007,0.0006,0.0007,0.0006,0.0007
M1,Male,33,2027,0.0006,0.0006,0.0006,0.0006,0.0007,0.0005,0.0007
M1,Male,33,2028,0.0006,0.0006,0.0007,0.0006,0.0007,0.0005,0.0007
M1,Male,33,2029,0.0006,0.0006,0.0006,0.0005,0.0007,0.0005,0.0007
M1,Male,33,2030,0.0006,0.0006,0.0006,0.0005,0.0007,0.0005,0.0007
M1,Male,33,2031,0.0006,0.0006,0.0007,0.0005,0.0007,0.0005,0.0008
M1,Male,33,2032,0.0006,0.0005,0.0006,0.0005,0.0007,0.0005,0.0008
M1,Male,33,2033,0.0006,0.0005,0.0006,0.0005,0.0007,0.0005,0.0008
M1,Male,33,2034,0.0006,0.0005,0.0006,0.0005,0.0007,0.0004,0.0008
M1,Male,33,2035,0.0006,0.0005,0.0006,0.0005,0.0007,0.0004,0.0008
M1,Male,33,2036,0.0006,0.0005,0.0006,0.0005,0.0007,0.0004,0.0008
M1,Male,33,2037,0.0006,0.0005,0.0006,0.0004,0.0007,0.0004,0.0008
M1,Male,33,2038,0.0006,0.0005,0.0006,0.0004,0.0007,0.0004,0.0008
M1,Male,33,2039,0.0006,0.0005,0.0006,0.0004,0.0007,0.0004,0.0008
M1,Male,33,2040,0.0005,0.0005,0.0006,0.0004,0.0007,0.0003,0.0009
M1,Male,34,2021,0.0007,0.0007,0.0007,0.0007,0.0007,0.0007,0.0007
M1,Male,34,2022,0.0007,0.0007,0.0007,0.0007,0.0007,0.0006,0.0007
M1,Male,34,2023,0.0007,0.0007,0.0007,0.0007,0.0007,0.0007,0.0007
M1,Male,34,2024,0.0007,0.0006,0.0007,0.0006,0.0007,0.0006,0.0007
M1,Male,34,2025,0.0007,0.0006,0.0007,0.0006,0.0007,0.0006,0.0007
M1,Male,34,2026,0.0007,0.0006,0.0007,0.0006,0.0007,0.0006,0.0008
M1,Male,34,2027,0.0006,0.0006,0.0007,0.0006,0.0007,0.0006,0.0007
M1,Male,34,2028,0.0007,0.0006,0.0007,0.0006,0.0007,0.0006,0.0008
M1,Male,34,2029,0.0006,0.0006,0.0007,0.0006,0.0007,0.0005,0.0008
M1,Male,34,2030,0.0006,0.0006,0.0007,0.0006,0.0007,0.0005,0.0008
M1,Male,34,2031,0.0006,0.0006,0.0007,0.0005,0.0007,0.0005,0.0008
M1,Male,34,2032,0.0006,0.0006,0.0007,0.0005,0.0007,0.0005,0.0008
M1,Male,34,2033,0.0006,0.0006,0.0007,0.0005,0.0007,0.0005,0.0008
M1,Male,34,2034,0.0006,0.0005,0.0007,0.0005,0.0007,0.0005,0.0008
M1,Male,34,2035,0.0006,0.0005,0.0007,0.0005,0.0007,0.0004,0.0008
M1,Male,34,2036,0.0006,0.0005,0.0007,0.0005,0.0008,0.0004,0.0009
M1,Male,34,2037,0.0006,0.0005,0.0007,0.0005,0.0007,0.0004,0.0008
M1,Male,34,2038,0.0006,0.0005,0.0007,0.0005,0.0008,0.0004,0.0009
M1,Male,34,2039,0.0006,0.0005,0.0007,0.0004,0.0008,0.0004,0.0009
M1,Male,34,2040,0.0006,0.0005,0.0007,0.0004,0.0008,0.0004,0.0009
M1,Male,35,2021,0.0008,0.0007,0.0008,0.0007,0.0008,0.0007,0.0008
M1,Male,35,2022,0.0007,0.0007,0.0007,0.0007,0.0008,0.0007,0.0008
M1,Male,35,2023,0.0008,0.0007,0.0008,0.0007,0.0008,0.0007,0.0008
M1,Male,35,2024,0.0007,0.0007,0.0007,0.0007,0.0008,0.0007,0.0008
M1,Male,35,2025,0.0007,0.0007,0.0008,0.0007,0.0008,0.0007,0.0008
M1,Male,35,2026,0.0007,0.0007,0.0008,0.0007,0.0008,0.0006,0.0008
M1,Male,35,2027,0.0007,0.0007,0.0007,0.0006,0.0008,0.0006,0.0008
M1,Male,35,2028,0.0007,0.0007,0.0008,0.0006,0.0008,0.0006,0.0008
M1,Male,35,2029,0.0007,0.0006,0.0007,0.0006,0.0008,0.0006,0.0008
M1,Male,35,2030,0.0007,0.0006,0.0007,0.0006,0.0008,0.0006,0.0008
M1,Male,35,2031,0.0007,0.0006,0.0007,0.0006,0.0008,0.0006,0.0009
M1,Male,35,2032,0.0007,0.0006,0.0007,0.0006,0.0008,0.0005,0.0009
M1,Male,35,2033,0.0007,0.0006,0.0007,0.0006,0.0008,0.0005,0.0009
M1,Male,35,2034,0.0007,0.0006,0.0007,0.0005,0.0008,0.0005,0.0009
M1,Male,35,2035,0.0007,0.0006,0.0007,0.0005,0.0008,0.0005,0.0009
M1,Male,35,2036,0.0007,0.0006,0.0007,0.0005,0.0008,0.0005,0.0009
M1,Male,35,2037,0.0006,0.0006,0.0007,0.0005,0.0008,0.0004,0.0009
M1,Male,35,2038,0.0006,0.0006,0.0007,0.0005,0.0008,0.0004,0.0009
M1,Male,35,2039,0.0006,0.0005,0.0007,0.0005,0.0008,0.0004,0.0010
M1,Male,35,2040,0.0006,0.0005,0.0007,0.0005,0.0008,0.0004,0.0010
M1,Male,36,2021,0.0009,0.0009,0.0009,0.0009,0.0009,0.0009,0.0009
M1,Male,36,2022,0.0009,0.0009,0.0009,0.0009,0.0009,0.0008,0.0009
M1,Male,36,2023,0.0009,0.0009,0.0009,0.0009,0.0009,0.0008,0.0010
M1,Male,36,2024,0.0009,0.0008,0.0009,0.0008,0.0009,0.0008,0.0009
M1,Male,36,2025,0.0009,0.0008,0.0009,0.0008,0.0009,0.0008,0.0010
M1,Male,36,2026,0.0009,0.0008,0.0009,0.0008,0.0009,0.0008,0.0010
M1,Male,36,2027,0.0008,0.0008,0.0009,0.0008,0.0009,0.0007,0.0010
M1,Male,36,2028,0.0009,0.0008,0.0009,0.0008,0.0009,0.0007,0.0010
M1,Male,36,2029,0.0008,0.0008,0.0009,0.0007,0.0009,0.0007,0.0010
M1,Male,36,2030,0.0008,0.0008,0.0009,0.0007,0.0009,0.0007,0.0010
M1,Male,36,2031,0.0008,0.0008,0.0009,0.0007,0.0010,0.0007,0.0010
M1,Male,36,2032,0.0008,0.0007,0.0009,0.0007,0.0009,0.0006,0.0010
M1,Male,36,2033,0.0008,0.0007,0.0009,0.0007,0.0010,0.0006,0.0010
M1,Male,36,2034,0.0008,0.0007,0.0009,0.0007,0.0009,0.0006,0.0010
M1,Male,36,2035,0.0008,0.0007,0.0009,0.0006,0.0010,0.0006,0.0011
M1,Male,36,2036,0.0008,0.0007,0.0009,0.0006,0.0010,0.0006,0.0011
M1,Male,36,2037,0.0008,0.0007,0.0009,0.0006,0.0010,0.0005,0.0011
M1,Male,36,2038,0.0008,0.0007,0.0009,0.0006,0.0010,0.0005,0.0011
M1,Male,36,2039,0.0008,0.0006,0.0009,0.0006,0.0010,0.0005,0.0011
M1,Male,36,2040,0.0008,0.0006,0.0009,0.0006,0.0010,0.0005,0.0012
M1,Male,37,2021,0.0011,0.0010,0.0011,0.0010,0.0011,0.0010,0.0011
M1,Male,37,2022,0.0010,0.0010,0.0010,0.0010,0.0011,0.0010,0.0011
M1,Male,37,2023,0.0011,0.0010,0.0011,0.0010,0.0011,0.0010,0.0011
M1,Male,37,2024,0.0010,0.0010,0.0010,0.0010,0.0011,0.0009,0.0011
M1,Male,37,2025,0.0010,0.0010,0.0011,0.0010,0.0011,0.0009,0.0011
M1,Male,37,2026,0.0010,0.0010,0.0011,0.0009,0.0011,0.0009,0.0011
M1,Male,37,2027,0.0010,0.0009,0.0010,0.0009,0.0011,0.0008,0.0011
M1,Male,37,2028,0.0010,0.0009,0.0011,0.0009,0.0011,0.0009,0.0012
M1,Male,37,2029,0.0010,0.0009,0.0010,0.0009,0.0011,0.0008,0.0011
M1,Male,37,2030,0.0010,0.0009,0.0010,0.0008,0.0011,0.0008,0.0012
M1,Male,37,2031,0.0010,0.0009,0.0010,0.0008,0.0011,0.0008,0.0012
M1,Male,37,2032,0.0009,0.0009,0.0010,0.0008,0.0011,0.0007,0.0012
M1,Male,37,2033,0.0009,0.0009,0.0010,0.0008,0.0011,0.0007,0.0012
M1,Male,37,2034,0.0009,0.0008,0.0010,0.0008,0.0011,0.0007,0.0012
M1,Male,37,2035,0.0009,0.0008,0.0010,0.0007,0.0011,0.0007,0.0012
M1,Male,37,2036,0.0009,0.0008,0.0010,0.0007,0.0011,0.0007,0.0013
M1,Male,37,2037,0.0009,0.0008,0.0010,0.0007,0.0011,0.0006,0.0013
M1,Male,37,2038,0.0009,0.0008,0.0010,0.0007,0.0011,0.0006,0.0013
M1,Male,37,2039,0.0009,0.0008,0.0010,0.0007,0.0011,0.0006,0.0013
M1,Male,37,2040,0.0009,0.0007,0.0010,0.0006,0.0011,0.0006,0.0014
M1,Male,38,2021,0.0010,0.0010,0.0010,0.0010,0.0011,0.0010,0.0011
M1,Male,38,2022,0.0010,0.0010,0.0010,0.0010,0.0010,0.0009,0.0011
M1,Male,38,2023,0.0010,0.0010,0.0011,0.0010,0.0011,0.0010,0.0011
M1,Male,38,2024,0.0010,0.0010,0.0010,0.0009,0.0010,0.0009,0.0011
M1,Male,38,2025,0.0010,0.0010,0.0010,0.0009,0.0011,0.0009,0.0011
M1,Male,38,2026,0.0010,0.0009,0.0010,0.0009,0.0011,0.0009,0.0011
M1,Male,38,2027,0.0010,0.0009,0.0010,0.0009,0.0010,0.0008,0.0011
M1,Male,38,2028,0.0010,0.0009,0.0010,0.0009,0.0011,0.0008,0.0011
M1,Male,38,2029,0.0009,0.0009,0.0010,0.0008,0.0011,0.0008,0.0011
M1,Male,38,2030,0.0009,0.0009,0.0010,0.0008,0.0011,0.0008,0.0011
M1,Male,38,2031,0.0009,0.0009,0.0010,0.0008,0.0011,0.0008,0.0012
M1,Male,38,2032,0.0009,0.0008,0.0010,0.0008,0.0011,0.0007,0.0012
M1,Male,38,2033,0.0009,0.0008,0.0010,0.0008,0.0011,0.0007,0.0012
M1,Male,38,2034,0.0009,0.0008,0.0010,0.0008,0.0011,0.0007,0.0012
M1,Male,38,2035,0.0009,0.0008,0.0010,0.0007,0.0011,0.0007,0.0012
M1,Male,38,2036,0.0009,0.0008,0.0010,0.0007,0.0011,0.0006,0.0012
M1,Male,38,2037,0.0009,0.0008,0.0010,0.0007,0.0011,0.0006,0.0012
M1,Male,38,2038,0.0009,0.0008,0.0010,0.0007,0.0011,0.0006,0.0013
M1,Male,38,2039,0.0009,0.0007,0.0010,0.0007,0.0011,0.0006,0.0013
M1,Male,38,2040,0.0009,0.0007,0.0010,0.0006,0.0011,0.0006,0.0013
M1,Male,39,2021,0.0012,0.0012,0.0012,0.0011,0.0012,0.0011,0.0012
M1,Male,39,2022,0.0011,0.0011,0.0012,0.0011,0.0012,0.0011,0.0012
M1,Male,39,2023,0.0012,0.0011,0.0012,0.0011,0.0012,0.0011,0.0012
M1,Male,39,2024,0.0011,0.0011,0.0011,0.0011,0.0012,0.0010,0.0012
M1,Male,39,2025,0.0011,0.0011,0.0012,0.0011,0.0012,0.0010,0.0012
M1,Male,39,2026,0.0011,0.0011,0.0012,0.0010,0.0012,0.0010,0.0013
M1,Male,39,2027,0.0011,0.0010,0.0011,0.0010,0.0012,0.0009,0.0012
M1,Male,39,2028,0.0011,0.0010,0.0012,0.0010,0.0012,0.0010,0.0013
M1,Male,39,2029,0.0011,0.0010,0.0011,0.0010,0.0012,0.0009,0.0013
M1,Male,39,2030,0.0011,0.0010,0.0011,0.0009,0.0012,0.0009,0.0013
M1,Male,39,2031,0.0011,0.0010,0.0011,0.0009,0.0012,0.0009,0.0013
M1,Male,39,2032,0.0010,0.0010,0.0011,0.0009,0.0012,0.0008,0.0013
M1,Male,39,2033,0.0010,0.0010,0.0011,0.0009,0.0012,0.0008,0.0013
M1,Male,39,2034,0.0010,0.0009,0.0011,0.0009,0.0012,0.0008,0.0013
M1,Male,39,2035,0.0010,0.0009,0.0011,0.0008,0.0012,0.0007,0.0014
M1,Male,39,2036,0.0010,0.0009,0.0011,0.0008,0.0013,0.0007,0.0014
M1,Male,39,2037,0.0010,0.0009,0.0011,0.0008,0.0012,0.0007,0.0014
M1,Male,39,2038,0.0010,0.0009,0.0011,0.0008,0.0013,0.0007,0.0014
M1,Male,39,2039,0.0010,0.0008,0.0011,0.0008,0.0013,0.0007,0.0015
M1,Male,39,2040,0.0010,0.0008,0.0011,0.0007,0.0013,0.0006,0.0015
M1,Male,40,2021,0.0013,0.0013,0.0013,0.0012,0.0013,0.0012,0.0013
M1,Male,40,2022,0.0012,0.0012,0.0013,0.0012,0.0013,0.0012,0.0013
M1,Male,40,2023,0.0013,0.0013,0.0013,0.0012,0.0013,0.0012,0.0014
M1,Male,40,2024,0.0012,0.0012,0.0013,0.0012,0.0013,0.0011,0.0013
M1,Male,40,2025,0.0012,0.0012,0.0013,0.0012,0.0013,0.0011,0.0014
M1,Male,40,2026,0.0012,0.0012,0.0013,0.0011,0.0013,0.0011,0.0014
M1,Male,40,2027,0.0012,0.0011,0.0012,0.0011,0.0013,0.0010,0.0014
M1,Male,40,2028,0.0012,0.0011,0.0013,0.0011,0.0013,0.0010,0.0014
M1,Male,40,2029,0.0012,0.0011,0.0012,0.0010,0.0013,0.0010,0.0014
M1,Male,40,2030,0.0012,0.0011,0.0012,0.0010,0.0013,0.0010,0.0014
M1,Male,40,2031,0.0012,0.0011,0.0013,0.0010,0.0013,0.0010,0.0014
M1,Male,40,2032,0.0011,0.0010,0.0012,0.0010,0.0013,0.0009,0.0014
M1,Male,40,2033,0.0012,0.0010,0.0012,0.0010,0.0013,0.0009,0.0015
M1,Male,40,2034,0.0011,0.0010,0.0012,0.0009,0.0013,0.0009,0.0015
M1,Male,40,2035,0.0011,0.0010,0.0012,0.0009,0.0013,0.0008,0.0015
M1,Male,40,2036,0.0011,0.0010,0.0012,0.0009,0.0014,0.0008,0.0015
M1,Male,40,2037,0.0011,0.0010,0.0012,0.0009,0.0013,0.0008,0.0015
M1,Male,40,2038,0.0011,0.0010,0.0012,0.0009,0.0014,0.0008,0.0015
M1,Male,40,2039,0.0011,0.0009,0.0012,0.0008,0.0014,0.0007,0.0016
M1,Male,40,2040,0.0011,0.0009,0.0012,0.0008,0.0014,0.0007,0.0016
M1,Male,41,2021,0.0014,0.0014,0.0014,0.0014,0.0014,0.0014,0.0015
M1,Male,41,2022,0.0014,0.0014,0.0014,0.0013,0.0014,0.0013,0.0014
M1,Male,41,2023,0.0014,0.0014,0.0014,0.0014,0.0015,0.0013,0.0015
M1,Male,41,2024,0.0014,0.0013,0.0014,0.0013,0.0014,0.0012,0.0015
M1,Male,41,2025,0.0014,0.0013,0.0014,0.0013,0.0014,0.0012,0.0015
M1,Male,41,2026,0.0014,0.0013,0.0014,0.0013,0.0015,0.0012,0.0015
M1,Male,41,2027,0.0013,0.0013,0.0014,0.0012,0.0014,0.0012,0.0015
M1,Male,41,2028,0.0013,0.0013,0.0014,0.0012,0.0015,0.0012,0.0015
M1,Male,41,2029,0.0013,0.0012,0.0014,0.0012,0.0015,0.0011,0.0015
M1,Male,41,2030,0.0013,0.0012,0.0014,0.0012,0.0015,0.0011,0.0016
M1,Male,41,2031,0.0013,0.0012,0.0014,0.0011,0.0015,0.0011,0.0016
M1,Male,41,2032,0.0013,0.0012,0.0014,0.0011,0.0015,0.0010,0.0016
M1,Male,41,2033,0.0013,0.0012,0.0014,0.0011,0.0015,0.0010,0.0016
M1,Male,41,2034,0.0013,0.0011,0.0014,0.0010,0.0015,0.0010,0.0016
M1,Male,41,2035,0.0012,0.0011,0.0014,0.0010,0.0015,0.0009,0.0016
M1,Male,41,2036,0.0012,0.0011,0.0014,0.0010,0.0015,0.0009,0.0017
M1,Male,41,2037,0.0012,0.0011,0.0013,0.0010,0.0015,0.0009,0.0017
M1,Male,41,2038,0.0012,0.0011,0.0014,0.0010,0.0015,0.0009,0.0017
M1,Male,41,2039,0.0012,0.0010,0.0014,0.0009,0.0015,0.0008,0.0017
M1,Male,41,2040,0.0012,0.0010,0.0013,0.0009,0.0015,0.0008,0.0018
M1,Male,42,2021,0.0014,0.0014,0.0014,0.0013,0.0014,0.0013,0.0014
M1,Male,42,2022,0.0013,0.0013,0.0014,0.0013,0.0014,0.0013,0.0014
M1,Male,42,2023,0.0014,0.0014,0.0014,0.0013,0.0014,0.0013,0.0015
M1,Male,42,2024,0.0013,0.0013,0.0014,0.0013,0.0014,0.0012,0.0014
M1,Male,42,2025,0.0013,0.0013,0.0014,0.0013,0.0014,0.0012,0.0015
M1,Male,42,2026,0.0013,0.0013,0.0014,0.0012,0.0014,0.0012,0.0015
M1,Male,42,2027,0.0013,0.0012,0.0013,0.0012,0.0014,0.0011,0.0015
M1,Male,42,2028,0.0013,0.0012,0.0014,0.0012,0.0014,0.0011,0.0015
M1,Male,42,2029,0.0013,0.0012,0.0013,0.0011,0.0014,0.0011,0.0015
M1,Male,42,2030,0.0013,0.0012,0.0013,0.0011,0.0014,0.0011,0.0015
M1,Male,42,2031,0.0013,0.0012,0.0014,0.0011,0.0014,0.0010,0.0015
M1,Male,42,2032,0.0012,0.0011,0.0013,0.0011,0.0014,0.0010,0.0015
M1,Male,42,2033,0.0012,0.0011,0.0014,0.0011,0.0014,0.0010,0.0016
M1,Male,42,2034,0.0012,0.0011,0.0013,0.0010,0.0014,0.0009,0.0016
M1,Male,42,2035,0.0012,0.0011,0.0013,0.0010,0.0015,0.0009,0.0016
M1,Male,42,2036,0.0012,0.0011,0.0013,0.0010,0.0015,0.0009,0.0017
M1,Male,42,2037,0.0012,0.0010,0.0013,0.0010,0.0015,0.0008,0.0016
M1,Male,42,2038,0.0012,0.0010,0.0013,0.0009,0.0015,0.0008,0.0017
M1,Male,42,2039,0.0012,0.0010,0.0013,0.0009,0.0015,0.0008,0.0017
M1,Male,42,2040,0.0012,0.0010,0.0013,0.0009,0.0015,0.0008,0.0017
M1,Male,43,2021,0.0016,0.0016,0.0016,0.0016,0.0017,0.0016,0.0017
M1,Male,43,2022,0.0016,0.0016,0.0016,0.0015,0.0016,0.0015,0.0017
M1,Male,43,2023,0.0016,0.0016,0.0017,0.0016,0.0017,0.0015,0.0017
M1,Male,43,2024,0.0016,0.0015,0.0016,0.0015,0.0016,0.0014,0.0017
M1,Male,43,2025,0.0016,0.0015,0.0016,0.0015,0.0017,0.0014,0.0017
M1,Male,43,2026,0.0016,0.0015,0.0016,0.0015,0.0017,0.0014,0.0017
M1,Male,43,2027,0.0015,0.0015,0.0016,0.0014,0.0016,0.0013,0.0017
M1,Male,43,2028,0.0015,0.0015,0.0016,0.0014,0.0017,0.0013,0.0018
M1,Male,43,2029,0.0015,0.0014,0.0016,0.0013,0.0017,0.0013,0.0017
M1,Male,43,2030,0.0015,0.0014,0.0016,0.0013,0.0017,0.0013,0.0018
M1,Male,43,2031,0.0015,0.0014,0.0016,0.0013,0.0017,0.0012,0.0018
M1,Male,43,2032,0.0015,0.0013,0.0016,0.0013,0.0017,0.0012,0.0018
M1,Male,43,2033,0.0015,0.0013,0.0016,0.0013,0.0017,0.0012,0.0018
M1,Male,43,2034,0.0014,0.0013,0.0016,0.0012,0.0017,0.0011,0.0018
M1,Male,43,2035,0.0014,0.0013,0.0016,0.0012,0.0017,0.0011,0.0019
M1,Male,43,2036,0.0014,0.0013,0.0016,0.0012,0.0017,0.0011,0.0019
M1,Male,43,2037,0.0014,0.0012,0.0015,0.0011,0.0017,0.0010,0.0019
M1,Male,43,2038,0.0014,0.0012,0.0016,0.0011,0.0017,0.0010,0.0019
M1,Male,43,2039,0.0014,0.0012,0.0016,0.0011,0.0017,0.0010,0.0020
M1,Male,43,2040,0.0014,0.0012,0.0015,0.0011,0.0017,0.0009,0.0020
M1,Male,44,2021,0.0018,0.0018,0.0018,0.0017,0.0018,0.0017,0.0019
M1,Male,44,2022,0.0017,0.0017,0.0018,0.0017,0.0018,0.0017,0.0018
M1,Male,44,2023,0.0018,0.0017,0.0018,0.0017,0.0019,0.0017,0.0019
M1,Male,44,2024,0.0017,0.0017,0.0018,0.0016,0.0018,0.0016,0.0018
M1,Male,44,2025,0.0017,0.0017,0.0018,0.0016,0.0018,0.0016,0.0019
M1,Male,44,2026,0.0017,0.0017,0.0018,0.0016,0.0018,0.0015,0.0019
M1,Male,44,2027,0.0017,0.0016,0.0017,0.0015,0.0018,0.0015,0.0019
M1,Male,44,2028,0.0017,0.0016,0.0018,0.0016,0.0019,0.0015,0.0019
M1,Male,44,2029,0.0017,0.0016,0.0017,0.0015,0.0018,0.0014,0.0019
M1,Male,44,2030,0.0016,0.0015,0.0017,0.0015,0.0018,0.0014,0.0019
M1,Male,44,2031,0.0016,0.0015,0.0018,0.0014,0.0019,0.0014,0.0020
M1,Male,44,2032,0.0016,0.0015,0.0017,0.0014,0.0018,0.0013,0.0020
M1,Male,44,2033,0.0016,0.0015,0.0017,0.0014,0.0019,0.0013,0.0020
M1,Male,44,2034,0.0016,0.0014,0.0017,0.0013,0.0019,0.0012,0.0020
M1,Male,44,2035,0.0016,0.0014,0.0017,0.0013,0.0019,0.0012,0.0020
M1,Male,44,2036,0.0016,0.0014,0.0017,0.0013,0.0019,0.0012,0.0021
M1,Male,44,2037,0.0015,0.0014,0.0017,0.0012,0.0019,0.0011,0.0021
M1,Male,44,2038,0.0015,0.0014,0.0017,0.0012,0.0019,0.0011,0.0021
M1,Male,44,2039,0.0015,0.0013,0.0017,0.0012,0.0019,0.0011,0.0022
M1,Male,44,2040,0.0015,0.0013,0.0017,0.0012,0.0019,0.0010,0.0022
M1,Male,45,2021,0.0018,0.0018,0.0018,0.0018,0.0019,0.0018,0.0019
M1,Male,45,2022,0.0018,0.0017,0.0018,0.0017,0.0018,0.0017,0.0018
M1,Male,45,2023,0.0018,0.0018,0.0018,0.0017,0.0019,0.0017,0.0019
M1,Male,45,2024,0.0017,0.0017,0.0018,0.0017,0.0018,0.0016,0.0019
M1,Male,45,2025,0.0018,0.0017,0.0018,0.0017,0.0018,0.0016,0.0019
M1,Male,45,2026,0.0017,0.0017,0.0018,0.0016,0.0019,0.0016,0.0019
M1,Male,45,2027,0.0017,0.0016,0.0018,0.0016,0.0018,0.0015,0.0019
M1,Male,45,2028,0.0017,0.0016,0.0018,0.0016,0.0019,0.0015,0.0020
M1,Male,45,2029,0.0017,0.0016,0.0018,0.0015,0.0019,0.0014,0.0019
M1,Male,45,2030,0.0017,0.0016,0.0018,0.0015,0.0019,0.0014,0.0020
M1,Male,45,2031,0.0017,0.0016,0.0018,0.0015,0.0019,0.0014,0.0020
M1,Male,45,2032,0.0016,0.0015,0.0017,0.0014,0.0019,0.0013,0.0020
M1,Male,45,2033,0.0016,0.0015,0.0018,0.0014,0.0019,0.0013,0.0020
M1,Male,45,2034,0.0016,0.0015,0.0018,0.0014,0.0019,0.0013,0.0021
M1,Male,45,2035,0.0016,0.0015,0.0018,0.0013,0.0019,0.0012,0.0021
M1,Male,45,2036,0.0016,0.0014,0.0018,0.0013,0.0019,0.0012,0.0021
M1,Male,45,2037,0.0016,0.0014,0.0017,0.0013,0.0019,0.0011,0.0021
M1,Male,45,2038,0.0016,0.0014,0.0018,0.0013,0.0019,0.0011,0.0022
M1,Male,45,2039,0.0016,0.0014,0.0017,0.0012,0.0019,0.0011,0.0022
M1,Male,45,2040,0.0015,0.0013,0.0017,0.0012,0.0019,0.0011,0.0022
M1,Male,46,2021,0.0020,0.0020,0.0020,0.0019,0.0020,0.0019,0.0021
M1,Male,46,2022,0.0019,0.0019,0.0020,0.0019,0.0020,0.0019,0.0020
M1,Male,46,2023,0.0020,0.0020,0.0020,0.0019,0.0021,0.0019,0.0021
M1,Male,46,2024,0.0019,0.0019,0.0020,0.0018,0.0020,0.0018,0.0021
M1,Male,46,2025,0.0019,0.0019,0.0020,0.0018,0.0020,0.0018,0.0021
M1,Male,46,2026,0.0019,0.0018,0.0020,0.0018,0.0020,0.0017,0.0021
M1,Male,46,2027,0.0019,0.0018,0.0019,0.0017,0.0020,0.0016,0.0021
M1,Male,46,2028,0.0019,0.0018,0.0020,0.0017,0.0021,0.0017,0.0021
M1,Male,46,2029,0.0018,0.0017,0.0019,0.0017,0.0020,0.0016,0.0021
M1,Male,46,2030,0.0018,0.0017,0.0019,0.0016,0.0021,0.0016,0.0022
M1,Male,46,2031,0.0018,0.0017,0.0020,0.0016,0.0021,0.0015,0.0022
M1,Male,46,2032,0.0018,0.0017,0.0019,0.0016,0.0020,0.0015,0.0022
M1,Male,46,2033,0.0018,0.0017,0.0019,0.0016,0.0021,0.0015,0.0022
M1,Male,46,2034,0.0018,0.0016,0.0019,0.0015,0.0021,0.0014,0.0023
M1,Male,46,2035,0.0018,0.0016,0.0019,0.0015,0.0021,0.0014,0.0023
M1,Male,46,2036,0.0018,0.0016,0.0019,0.0015,0.0021,0.0013,0.0023
M1,Male,46,2037,0.0017,0.0015,0.0019,0.0014,0.0021,0.0013,0.0023
M1,Male,46,2038,0.0017,0.0015,0.0019,0.0014,0.0021,0.0012,0.0024
M1,Male,46,2039,0.0017,0.0015,0.0019,0.0014,0.0021,0.0012,0.0024
M1,Male,46,2040,0.0017,0.0015,0.0019,0.0013,0.0021,0.0012,0.0024
M1,Male,47,2021,0.0022,0.0022,0.0022,0.0021,0.0022,0.0021,0.0023
M1,Male,47,2022,0.0021,0.0021,0.0022,0.0021,0.0022,0.0020,0.0022
M1,Male,47,2023,0.0022,0.0021,0.0022,0.0021,0.0023,0.0021,0.0023
M1,Male,47,2024,0.0021,0.0021,0.0022,0.0020,0.0022,0.0020,0.0023
M1,Male,47,2025,0.0021,0.0021,0.0022,0.0020,0.0022,0.0019,0.0023
M1,Male,47,2026,0.0021,0.0020,0.0022,0.0020,0.0022,0.0019,0.0023
M1,Male,47,2027,0.0021,0.0020,0.0021,0.0019,0.0022,0.0018,0.0023
M1,Male,47,2028,0.0021,0.0020,0.0022,0.0019,0.0023,0.0018,0.0024
M1,Male,47,2029,0.0020,0.0019,0.0021,0.0018,0.0022,0.0018,0.0023
M1,Male,47,2030,0.0020,0.0019,0.0021,0.0018,0.0023,0.0017,0.0024
M1,Male,47,2031,0.0020,0.0019,0.0022,0.0018,0.0023,0.0017,0.0024
M1,Male,47,2032,0.0020,0.0018,0.0021,0.0017,0.0023,0.0016,0.0024
M1,Male,47,2033,0.0020,0.0018,0.0021,0.0017,0.0023,0.0016,0.0025
M1,Male,47,2034,0.0020,0.0018,0.0021,0.0017,0.0023,0.0016,0.0025
M1,Male,47,2035,0.0019,0.0018,0.0021,0.0016,0.0023,0.0015,0.0025
M1,Male,47,2036,0.0019,0.0017,0.0021,0.0016,0.0023,0.0015,0.0026
M1,Male,47,2037,0.0019,0.0017,0.0021,0.0016,0.0023,0.0014,0.0025
M1,Male,47,2038,0.0019,0.0017,0.0021,0.0015,0.0023,0.0014,0.0026
M1,Male,47,2039,0.0019,0.0017,0.0021,0.0015,0.0023,0.0013,0.0026
M1,Male,47,2040,0.0019,0.0016,0.0021,0.0015,0.0023,0.0013,0.0027
M1,Male,48,2021,0.0026,0.0026,0.0027,0.0026,0.0027,0.0025,0.0027
M1,Male,48,2022,0.0026,0.0025,0.0026,0.0025,0.0026,0.0024,0.0027
M1,Male,48,2023,0.0026,0.0026,0.0027,0.0025,0.0027,0.0025,0.0028
M1,Male,48,2024,0.0025,0.0025,0.0026,0.0024,0.0026,0.0023,0.0027
M1,Male,48,2025,0.0025,0.0025,0.0026,0.0024,0.0027,0.0023,0.0028
M1,Male,48,2026,0.0025,0.0024,0.0026,0.0024,0.0027,0.0023,0.0028
M1,Male,48,2027,0.0025,0.0024,0.0026,0.0023,0.0026,0.0022,0.0028
M1,Male,48,2028,0.0025,0.0024,0.0026,0.0023,0.0027,0.0022,0.0028
M1,Male,48,2029,0.0024,0.0023,0.0026,0.0022,0.0027,0.0021,0.0028
M1,Male,48,2030,0.0024,0.0023,0.0026,0.0022,0.0027,0.0021,0.0028
M1,Male,48,2031,0.0024,0.0023,0.0026,0.0022,0.0027,0.0021,0.0029
M1,Male,48,2032,0.0024,0.0022,0.0025,0.0021,0.0027,0.0020,0.0029
M1,Male,48,2033,0.0024,0.0022,0.0026,0.0021,0.0027,0.0019,0.0029
M1,Male,48,2034,0.0024,0.0022,0.0025,0.0020,0.0027,0.0019,0.0029
M1,Male,48,2035,0.0023,0.0021,0.0025,0.0020,0.0027,0.0018,0.0030
M1,Male,48,2036,0.0023,0.0021,0.0026,0.0019,0.0028,0.0018,0.0031
M1,Male,48,2037,0.0023,0.0020,0.0025,0.0019,0.0027,0.0017,0.0030
M1,Male,48,2038,0.0023,0.0020,0.0025,0.0019,0.0028,0.0017,0.0031
M1,Male,48,2039,0.0023,0.0020,0.0025,0.0018,0.0028,0.0016,0.0032
M1,Male,48,2040,0.0022,0.0020,0.0025,0.0018,0.0028,0.0016,0.0032
M1,Male,49,2021,0.0029,0.0029,0.0030,0.0029,0.0030,0.0028,0.0030
M1,Male,49,2022,0.0029,0.0028,0.0029,0.0028,0.0030,0.0028,0.0030
M1,Male,49,2023,0.0029,0.0029,0.0030,0.0028,0.0030,0.0028,0.0031
M1,Male,49,2024,0.0028,0.0028,0.0029,0.0027,0.0030,0.0026,0.0030
M1,Male,49,2025,0.0029,0.0028,0.0029,0.0027,0.0030,0.0026,0.0031
M1,Male,49,2026,0.0028,0.0027,0.0029,0.0027,0.0030,0.0026,0.0031
M1,Male,49,2027,0.0028,0.0027,0.0029,0.0026,0.0030,0.0025,0.0031
M1,Male,49,2028,0.0028,0.0027,0.0029,0.0026,0.0030,0.0025,0.0032
M1,Male,49,2029,0.0027,0.0026,0.0029,0.0025,0.0030,0.0024,0.0031
M1,Male,49,2030,0.0027,0.0026,0.0029,0.0025,0.0030,0.0023,0.0032
M1,Male,49,2031,0.0027,0.0026,0.0029,0.0024,0.0031,0.0023,0.0032
M1,Male,49,2032,0.0027,0.0025,0.0028,0.0023,0.0030,0.0022,0.0032
M1,Male,49,2033,0.0027,0.0025,0.0029,0.0023,0.0031,0.0022,0.0033
M1,Male,49,2034,0.0026,0.0024,0.0029,0.0023,0.0030,0.0021,0.0033
M1,Male,49,2035,0.0026,0.0024,0.0029,0.0022,0.0031,0.0020,0.0033
M1,Male,49,2036,0.0026,0.0024,0.0029,0.0022,0.0031,0.0020,0.0034
M1,Male,49,2037,0.0026,0.0023,0.0028,0.0021,0.0031,0.0019,0.0034
M1,Male,49,2038,0.0026,0.0023,0.0028,0.0021,0.0031,0.0019,0.0035
M1,Male,49,2039,0.0026,0.0022,0.0028,0.0021,0.0031,0.0018,0.0035
M1,Male,49,2040,0.0025,0.0022,0.0028,0.0020,0.0031,0.0018,0.0036
M1,Male,50,2021,0.0032,0.0032,0.0033,0.0031,0.0033,0.0031,0.0033
M1,Male,50,2022,0.0031,0.0031,0.0032,0.0030,0.0032,0.0030,0.0033
M1,Male,50,2023,0.0032,0.0032,0.0033,0.0031,0.0033,0.0030,0.0034
M1,Male,50,2024,0.0031,0.0030,0.0032,0.0029,0.0032,0.0029,0.0033
M1,Male,50,2025,0.0031,0.0030,0.0032,0.0029,0.0033,0.0029,0.0034
M1,Male,50,2026,0.0031,0.0030,0.0032,0.0029,0.0033,0.0028,0.0034
M1,Male,50,2027,0.0030,0.0029,0.0031,0.0028,0.0032,0.0027,0.0034
M1,Male,50,2028,0.0031,0.0029,0.0032,0.0028,0.0033,0.0027,0.0035
M1,Male,50,2029,0.0030,0.0028,0.0031,0.0027,0.0033,0.0026,0.0034
M1,Male,50,2030,0.0030,0.0028,0.0031,0.0027,0.0033,0.0025,0.0035
M1,Male,50,2031,0.0030,0.0028,0.0032,0.0026,0.0033,0.0025,0.0035
M1,Male,50,2032,0.0029,0.0027,0.0031,0.0025,0.0033,0.0024,0.0035
M1,Male,50,2033,0.0029,0.0027,0.0031,0.0025,0.0033,0.0024,0.0036
M1,Male,50,2034,0.0029,0.0026,0.0031,0.0025,0.0033,0.0023,0.0036
M1,Male,50,2035,0.0029,0.0026,0.0031,0.0024,0.0034,0.0022,0.0036
M1,Male,50,2036,0.0029,0.0026,0.0031,0.0024,0.0034,0.0022,0.0038
M1,Male,50,2037,0.0028,0.0025,0.0031,0.0023,0.0034,0.0021,0.0037
M1,Male,50,2038,0.0028,0.0025,0.0031,0.0023,0.0034,0.0021,0.0038
M1,Male,50,2039,0.0028,0.0024,0.0031,0.0022,0.0034,0.0020,0.0039
M1,Male,50,2040,0.0028,0.0024,0.0031,0.0022,0.0034,0.0019,0.0039
M1,Male,51,2021,0.0035,0.0035,0.0036,0.0035,0.0036,0.0034,0.0037
M1,Male,51,2022,0.0035,0.0034,0.0035,0.0034,0.0036,0.0033,0.0036
M1,Male,51,2023,0.0035,0.0035,0.0036,0.0034,0.0037,0.0034,0.0037
M1,Male,51,2024,0.0034,0.0033,0.0035,0.0033,0.0036,0.0032,0.0036
M1,Male,51,2025,0.0034,0.0033,0.0035,0.0032,0.0036,0.0032,0.0037
M1,Male,51,2026,0.0034,0.0033,0.0035,0.0032,0.0036,0.0031,0.0038
M1,Male,51,2027,0.0033,0.0032,0.0035,0.0031,0.0036,0.0030,0.0037
M1,Male,51,2028,0.0034,0.0032,0.0035,0.0031,0.0037,0.0030,0.0038
M1,Male,51,2029,0.0033,0.0031,0.0034,0.0030,0.0036,0.0029,0.0038
M1,Male,51,2030,0.0033,0.0031,0.0035,0.0030,0.0036,0.0028,0.0038
M1,Male,51,2031,0.0033,0.0031,0.0035,0.0029,0.0037,0.0028,0.0039
M1,Male,51,2032,0.0032,0.0030,0.0034,0.0028,0.0036,0.0027,0.0039
M1,Male,51,2033,0.0032,0.0030,0.0035,0.0028,0.0037,0.0026,0.0040
M1,Male,51,2034,0.0032,0.0029,0.0034,0.0027,0.0037,0.0025,0.0040
M1,Male,51,2035,0.0032,0.0029,0.0034,0.0027,0.0037,0.0025,0.0040
M1,Male,51,2036,0.0032,0.0028,0.0034,0.0026,0.0037,0.0024,0.0041
M1,Male,51,2037,0.0031,0.0028,0.0034,0.0025,0.0037,0.0023,0.0041
M1,Male,51,2038,0.0031,0.0028,0.0034,0.0025,0.0037,0.0023,0.0042
M1,Male,51,2039,0.0031,0.0027,0.0034,0.0025,0.0038,0.0022,0.0042
M1,Male,51,2040,0.0030,0.0026,0.0034,0.0024,0.0038,0.0021,0.0043
M1,Male,52,2021,0.0039,0.0038,0.0039,0.0038,0.0039,0.0037,0.0040
M1,Male,52,2022,0.0038,0.0037,0.0038,0.0037,0.0039,0.0036,0.0039
M1,Male,52,2023,0.0038,0.0038,0.0039,0.0037,0.0040,0.0037,0.0041
M1,Male,52,2024,0.0037,0.0036,0.0038,0.0035,0.0039,0.0035,0.0040
M1,Male,52,2025,0.0037,0.0036,0.0038,0.0035,0.0039,0.0035,0.0040
M1,Male,52,2026,0.0037,0.0036,0.0038,0.0035,0.0039,0.0034,0.0041
M1,Male,52,2027,0.0036,0.0035,0.0038,0.0034,0.0039,0.0032,0.0040
M1,Male,52,2028,0.0037,0.0035,0.0038,0.0034,0.0040,0.0033,0.0041
M1,Male,52,2029,0.0036,0.0034,0.0038,0.0033,0.0039,0.0031,0.0041
M1,Male,52,2030,0.0036,0.0034,0.0038,0.0032,0.0040,0.0031,0.0042
M1,Male,52,2031,0.0036,0.0034,0.0038,0.0032,0.0040,0.0030,0.0042
M1,Male,52,2032,0.0035,0.0033,0.0037,0.0031,0.0040,0.0029,0.0042
M1,Male,52,2033,0.0035,0.0033,0.0038,0.0031,0.0040,0.0029,0.0043
M1,Male,52,2034,0.0035,0.0032,0.0037,0.0030,0.0040,0.0028,0.0043
M1,Male,52,2035,0.0034,0.0031,0.0037,0.0029,0.0040,0.0027,0.0044
M1,Male,52,2036,0.0034,0.0031,0.0038,0.0029,0.0041,0.0026,0.0045
M1,Male,52,2037,0.0034,0.0030,0.0037,0.0028,0.0040,0.0025,0.0044
M1,Male,52,2038,0.0034,0.0030,0.0037,0.0028,0.0041,0.0025,0.0045
M1,Male,52,2039,0.0033,0.0030,0.0037,0.0027,0.0041,0.0024,0.0046
M1,Male,52,2040,0.0033,0.0029,0.0037,0.0026,0.0041,0.0023,0.0047
M1,Male,53,2021,0.0044,0.0044,0.0045,0.0043,0.0045,0.0043,0.0046
M1,Male,53,2022,0.0043,0.0042,0.0044,0.0042,0.0044,0.0041,0.0045
M1,Male,53,2023,0.0044,0.0043,0.0045,0.0042,0.0046,0.0042,0.0046
M1,Male,53,2024,0.0042,0.0041,0.0043,0.0041,0.0044,0.0040,0.0045
M1,Male,53,2025,0.0043,0.0041,0.0044,0.0041,0.0045,0.0039,0.0046
M1,Male,53,2026,0.0043,0.0041,0.0044,0.0040,0.0045,0.0039,0.0047
M1,Male,53,2027,0.0041,0.0040,0.0043,0.0038,0.0044,0.0037,0.0046
M1,Male,53,2028,0.0042,0.0040,0.0044,0.0039,0.0046,0.0037,0.0047
M1,Male,53,2029,0.0041,0.0039,0.0043,0.0037,0.0045,0.0036,0.0047
M1,Male,53,2030,0.0041,0.0039,0.0043,0.0037,0.0045,0.0035,0.0048
M1,Male,53,2031,0.0041,0.0038,0.0043,0.0036,0.0046,0.0035,0.0048
M1,Male,53,2032,0.0040,0.0037,0.0043,0.0035,0.0045,0.0033,0.0048
M1,Male,53,2033,0.0040,0.0037,0.0043,0.0035,0.0046,0.0033,0.0049
M1,Male,53,2034,0.0040,0.0036,0.0043,0.0034,0.0046,0.0032,0.0049
M1,Male,53,2035,0.0039,0.0036,0.0043,0.0033,0.0046,0.0031,0.0050
M1,Male,53,2036,0.0039,0.0036,0.0043,0.0033,0.0047,0.0030,0.0051
M1,Male,53,2037,0.0039,0.0035,0.0042,0.0032,0.0046,0.0029,0.0051
M1,Male,53,2038,0.0039,0.0034,0.0043,0.0032,0.0047,0.0029,0.0052
M1,Male,53,2039,0.0038,0.0034,0.0042,0.0031,0.0047,0.0028,0.0053
M1,Male,53,2040,0.0038,0.0033,0.0042,0.0030,0.0047,0.0027,0.0053
M1,Male,54,2021,0.0049,0.0048,0.0049,0.0048,0.0050,0.0047,0.0050
M1,Male,54,2022,0.0048,0.0047,0.0048,0.0046,0.0049,0.0046,0.0050
M1,Male,54,2023,0.0049,0.0048,0.0050,0.0047,0.0050,0.0046,0.0051
M1,Male,54,2024,0.0047,0.0046,0.0048,0.0045,0.0049,0.0044,0.0050
M1,Male,54,2025,0.0047,0.0046,0.0049,0.0045,0.0050,0.0044,0.0051
M1,Male,54,2026,0.0047,0.0046,0.0049,0.0044,0.0050,0.0043,0.0052
M1,Male,54,2027,0.0046,0.0044,0.0048,0.0043,0.0049,0.0041,0.0051
M1,Male,54,2028,0.0047,0.0045,0.0048,0.0043,0.0050,0.0041,0.0052
M1,Male,54,2029,0.0045,0.0043,0.0048,0.0041,0.0050,0.0040,0.0052
M1,Male,54,2030,0.0045,0.0043,0.0048,0.0041,0.0050,0.0039,0.0053
M1,Male,54,2031,0.0045,0.0042,0.0048,0.0040,0.0050,0.0038,0.0053
M1,Male,54,2032,0.0044,0.0041,0.0047,0.0039,0.0050,0.0037,0.0053
M1,Male,54,2033,0.0045,0.0041,0.0048,0.0039,0.0051,0.0037,0.0054
M1,Male,54,2034,0.0044,0.0040,0.0047,0.0038,0.0050,0.0035,0.0055
M1,Male,54,2035,0.0044,0.0040,0.0047,0.0037,0.0051,0.0034,0.0055
M1,Male,54,2036,0.0044,0.0039,0.0047,0.0037,0.0052,0.0033,0.0057
M1,Male,54,2037,0.0043,0.0038,0.0047,0.0035,0.0051,0.0032,0.0056
M1,Male,54,2038,0.0043,0.0038,0.0047,0.0035,0.0052,0.0032,0.0057
M1,Male,54,2039,0.0042,0.0037,0.0047,0.0034,0.0052,0.0031,0.0058
M1,Male,54,2040,0.0042,0.0037,0.0047,0.0033,0.0052,0.0030,0.0059
M1,Male,55,2021,0.0056,0.0055,0.0057,0.0055,0.0057,0.0054,0.0058
M1,Male,55,2022,0.0055,0.0054,0.0055,0.0053,0.0056,0.0052,0.0057
M1,Male,55,2023,0.0056,0.0055,0.0057,0.0054,0.0058,0.0053,0.0059
M1,Male,55,2024,0.0054,0.0053,0.0055,0.0051,0.0056,0.0050,0.0058
M1,Male,55,2025,0.0054,0.0053,0.0056,0.0051,0.0057,0.0050,0.0059
M1,Male,55,2026,0.0054,0.0052,0.0056,0.0051,0.0057,0.0049,0.0059
M1,Male,55,2027,0.0053,0.0051,0.0055,0.0049,0.0056,0.0047,0.0059
M1,Male,55,2028,0.0053,0.0051,0.0056,0.0049,0.0058,0.0047,0.0060
M1,Male,55,2029,0.0052,0.0049,0.0055,0.0047,0.0057,0.0045,0.0060
M1,Male,55,2030,0.0052,0.0049,0.0055,0.0047,0.0058,0.0045,0.0061
M1,Male,55,2031,0.0052,0.0049,0.0055,0.0046,0.0058,0.0044,0.0062
M1,Male,55,2032,0.0051,0.0047,0.0054,0.0045,0.0057,0.0042,0.0061
M1,Male,55,2033,0.0051,0.0047,0.0055,0.0044,0.0058,0.0042,0.0063
M1,Male,55,2034,0.0050,0.0046,0.0054,0.0043,0.0058,0.0040,0.0063
M1,Male,55,2035,0.0050,0.0046,0.0054,0.0042,0.0058,0.0039,0.0063
M1,Male,55,2036,0.0050,0.0045,0.0055,0.0042,0.0059,0.0038,0.0065
M1,Male,55,2037,0.0049,0.0044,0.0054,0.0040,0.0059,0.0036,0.0065
M1,Male,55,2038,0.0049,0.0044,0.0054,0.0040,0.0059,0.0036,0.0066
M1,Male,55,2039,0.0049,0.0043,0.0054,0.0039,0.0059,0.0035,0.0067
M1,Male,55,2040,0.0048,0.0042,0.0054,0.0038,0.0060,0.0034,0.0068
M1,Male,56,2021,0.0063,0.0062,0.0063,0.0061,0.0064,0.0060,0.0065
M1,Male,56,2022,0.0061,0.0060,0.0062,0.0059,0.0063,0.0058,0.0064
M1,Male,56,2023,0.0062,0.0061,0.0064,0.0060,0.0065,0.0059,0.0066
M1,Male,56,2024,0.0060,0.0059,0.0062,0.0057,0.0063,0.0056,0.0064
M1,Male,56,2025,0.0061,0.0059,0.0062,0.0057,0.0064,0.0056,0.0066
M1,Male,56,2026,0.0060,0.0058,0.0062,0.0057,0.0064,0.0055,0.0066
M1,Male,56,2027,0.0059,0.0056,0.0061,0.0054,0.0063,0.0052,0.0066
M1,Male,56,2028,0.0060,0.0057,0.0062,0.0055,0.0065,0.0053,0.0067
M1,Male,56,2029,0.0058,0.0055,0.0061,0.0053,0.0064,0.0050,0.0067
M1,Male,56,2030,0.0058,0.0055,0.0061,0.0052,0.0064,0.0050,0.0068
M1,Male,56,2031,0.0058,0.0054,0.0061,0.0051,0.0065,0.0049,0.0069
M1,Male,56,2032,0.0057,0.0053,0.0060,0.0050,0.0064,0.0047,0.0069
M1,Male,56,2033,0.0057,0.0053,0.0061,0.0049,0.0065,0.0046,0.0070
M1,Male,56,2034,0.0056,0.0051,0.0061,0.0048,0.0065,0.0045,0.0070
M1,Male,56,2035,0.0056,0.0051,0.0061,0.0047,0.0065,0.0043,0.0071
M1,Male,56,2036,0.0056,0.0050,0.0061,0.0046,0.0066,0.0042,0.0073
M1,Male,56,2037,0.0055,0.0049,0.0060,0.0045,0.0066,0.0040,0.0072
M1,Male,56,2038,0.0055,0.0049,0.0061,0.0044,0.0066,0.0040,0.0074
M1,Male,56,2039,0.0054,0.0048,0.0060,0.0043,0.0066,0.0039,0.0075
M1,Male,56,2040,0.0054,0.0047,0.0060,0.0042,0.0067,0.0037,0.0076
M1,Male,57,2021,0.0067,0.0066,0.0068,0.0065,0.0068,0.0065,0.0069
M1,Male,57,2022,0.0065,0.0064,0.0066,0.0063,0.0067,0.0062,0.0068
M1,Male,57,2023,0.0067,0.0066,0.0068,0.0064,0.0069,0.0063,0.0071
M1,Male,57,2024,0.0064,0.0063,0.0066,0.0061,0.0067,0.0060,0.0069
M1,Male,57,2025,0.0065,0.0063,0.0067,0.0061,0.0068,0.0060,0.0070
M1,Male,57,2026,0.0065,0.0062,0.0067,0.0060,0.0069,0.0058,0.0071
M1,Male,57,2027,0.0063,0.0060,0.0065,0.0058,0.0067,0.0056,0.0070
M1,Male,57,2028,0.0064,0.0061,0.0066,0.0059,0.0069,0.0056,0.0072
M1,Male,57,2029,0.0062,0.0059,0.0065,0.0056,0.0069,0.0054,0.0072
M1,Male,57,2030,0.0062,0.0058,0.0065,0.0056,0.0069,0.0053,0.0073
M1,Male,57,2031,0.0062,0.0058,0.0066,0.0055,0.0070,0.0052,0.0074
M1,Male,57,2032,0.0061,0.0056,0.0065,0.0053,0.0069,0.0050,0.0074
M1,Male,57,2033,0.0061,0.0056,0.0066,0.0053,0.0070,0.0049,0.0075
M1,Male,57,2034,0.0060,0.0055,0.0065,0.0051,0.0070,0.0047,0.0076
M1,Male,57,2035,0.0059,0.0054,0.0065,0.0050,0.0070,0.0046,0.0076
M1,Male,57,2036,0.0059,0.0053,0.0065,0.0049,0.0071,0.0045,0.0079
M1,Male,57,2037,0.0058,0.0052,0.0064,0.0048,0.0070,0.0043,0.0078
M1,Male,57,2038,0.0058,0.0052,0.0065,0.0047,0.0071,0.0042,0.0079
M1,Male,57,2039,0.0058,0.0051,0.0064,0.0046,0.0071,0.0041,0.0081
M1,Male,57,2040,0.0057,0.0049,0.0064,0.0044,0.0071,0.0040,0.0082
M1,Male,58,2021,0.0077,0.0076,0.0078,0.0075,0.0078,0.0074,0.0080
M1,Male,58,2022,0.0075,0.0074,0.0076,0.0073,0.0077,0.0072,0.0078
M1,Male,58,2023,0.0077,0.0075,0.0078,0.0074,0.0080,0.0073,0.0081
M1,Male,58,2024,0.0074,0.0072,0.0076,0.0070,0.0077,0.0069,0.0079
M1,Male,58,2025,0.0074,0.0072,0.0076,0.0070,0.0078,0.0068,0.0081
M1,Male,58,2026,0.0074,0.0071,0.0077,0.0069,0.0079,0.0067,0.0082
M1,Male,58,2027,0.0072,0.0069,0.0075,0.0066,0.0077,0.0064,0.0081
M1,Male,58,2028,0.0073,0.0070,0.0076,0.0067,0.0080,0.0064,0.0083
M1,Male,58,2029,0.0071,0.0068,0.0075,0.0064,0.0079,0.0062,0.0082
M1,Male,58,2030,0.0071,0.0067,0.0075,0.0064,0.0079,0.0060,0.0083
M1,Male,58,2031,0.0071,0.0066,0.0075,0.0063,0.0080,0.0060,0.0085
M1,Male,58,2032,0.0069,0.0064,0.0074,0.0061,0.0079,0.0057,0.0085
M1,Male,58,2033,0.0070,0.0064,0.0075,0.0060,0.0080,0.0057,0.0086
M1,Male,58,2034,0.0069,0.0063,0.0074,0.0059,0.0080,0.0054,0.0087
M1,Male,58,2035,0.0068,0.0062,0.0074,0.0057,0.0080,0.0053,0.0087
M1,Male,58,2036,0.0068,0.0061,0.0075,0.0057,0.0081,0.0051,0.0090
M1,Male,58,2037,0.0067,0.0060,0.0074,0.0055,0.0081,0.0049,0.0089
M1,Male,58,2038,0.0067,0.0059,0.0074,0.0054,0.0081,0.0048,0.0091
M1,Male,58,2039,0.0066,0.0058,0.0074,0.0053,0.0082,0.0047,0.0093
M1,Male,58,2040,0.0065,0.0057,0.0073,0.0051,0.0082,0.0045,0.0094
M1,Male,59,2021,0.0084,0.0083,0.0085,0.0082,0.0086,0.0081,0.0087
M1,Male,59,2022,0.0082,0.0081,0.0083,0.0080,0.0085,0.0078,0.0086
M1,Male,59,2023,0.0084,0.0082,0.0086,0.0081,0.0087,0.0080,0.0089
M1,Male,59,2024,0.0081,0.0079,0.0083,0.0077,0.0085,0.0075,0.0087
M1,Male,59,2025,0.0081,0.0079,0.0084,0.0077,0.0086,0.0075,0.0089
M1,Male,59,2026,0.0081,0.0078,0.0084,0.0076,0.0086,0.0073,0.0089
M1,Male,59,2027,0.0079,0.0076,0.0082,0.0073,0.0085,0.0070,0.0088
M1,Male,59,2028,0.0080,0.0076,0.0084,0.0073,0.0087,0.0070,0.0091
M1,Male,59,2029,0.0078,0.0074,0.0082,0.0070,0.0086,0.0067,0.0090
M1,Male,59,2030,0.0078,0.0073,0.0082,0.0070,0.0087,0.0066,0.0092
M1,Male,59,2031,0.0078,0.0072,0.0083,0.0069,0.0087,0.0065,0.0093
M1,Male,59,2032,0.0076,0.0070,0.0081,0.0066,0.0086,0.0062,0.0093
M1,Male,59,2033,0.0077,0.0070,0.0082,0.0066,0.0088,0.0062,0.0095
M1,Male,59,2034,0.0075,0.0069,0.0081,0.0064,0.0087,0.0059,0.0095
M1,Male,59,2035,0.0075,0.0068,0.0081,0.0063,0.0088,0.0057,0.0096
M1,Male,59,2036,0.0075,0.0067,0.0082,0.0062,0.0089,0.0056,0.0099
M1,Male,59,2037,0.0073,0.0065,0.0081,0.0060,0.0088,0.0053,0.0098
M1,Male,59,2038,0.0073,0.0065,0.0081,0.0059,0.0089,0.0053,0.0100
M1,Male,59,2039,0.0072,0.0063,0.0081,0.0058,0.0089,0.0051,0.0102
M1,Male,59,2040,0.0072,0.0062,0.0080,0.0055,0.0090,0.0049,0.0103
M1,Male,60,2021,0.0093,0.0092,0.0094,0.0091,0.0095,0.0090,0.0096
M1,Male,60,2022,0.0090,0.0089,0.0092,0.0088,0.0093,0.0086,0.0095
M1,Male,60,2023,0.0093,0.0091,0.0095,0.0089,0.0096,0.0088,0.0098
M1,Male,60,2024,0.0089,0.0087,0.0092,0.0085,0.0094,0.0083,0.0096
M1,Male,60,2025,0.0090,0.0087,0.0093,0.0085,0.0095,0.0082,0.0098
M1,Male,60,2026,0.0089,0.0086,0.0093,0.0084,0.0095,0.0081,0.0099
M1,Male,60,2027,0.0087,0.0083,0.0091,0.0080,0.0094,0.0077,0.0098
M1,Male,60,2028,0.0088,0.0084,0.0092,0.0081,0.0096,0.0077,0.0100
M1,Male,60,2029,0.0086,0.0081,0.0090,0.0078,0.0095,0.0074,0.0100
M1,Male,60,2030,0.0086,0.0080,0.0091,0.0077,0.0096,0.0073,0.0101
M1,Male,60,2031,0.0086,0.0080,0.0091,0.0076,0.0097,0.0072,0.0103
M1,Male,60,2032,0.0084,0.0077,0.0090,0.0073,0.0096,0.0068,0.0103
M1,Male,60,2033,0.0084,0.0077,0.0091,0.0072,0.0097,0.0068,0.0105
M1,Male,60,2034,0.0083,0.0076,0.0090,0.0070,0.0097,0.0065,0.0105
M1,Male,60,2035,0.0082,0.0074,0.0090,0.0069,0.0097,0.0063,0.0106
M1,Male,60,2036,0.0082,0.0073,0.0090,0.0068,0.0099,0.0061,0.0110
M1,Male,60,2037,0.0081,0.0071,0.0089,0.0065,0.0098,0.0058,0.0109
M1,Male,60,2038,0.0081,0.0071,0.0090,0.0064,0.0099,0.0058,0.0111
M1,Male,60,2039,0.0080,0.0069,0.0089,0.0063,0.0099,0.0056,0.0113
M1,Male,60,2040,0.0079,0.0068,0.0089,0.0061,0.0099,0.0054,0.0114
M1,Male,61,2021,0.0105,0.0104,0.0106,0.0102,0.0107,0.0101,0.0109
M1,Male,61,2022,0.0102,0.0100,0.0104,0.0099,0.0105,0.0097,0.0107
M1,Male,61,2023,0.0105,0.0103,0.0107,0.0101,0.0109,0.0099,0.0111
M1,Male,61,2024,0.0101,0.0098,0.0103,0.0096,0.0106,0.0093,0.0108
M1,Male,61,2025,0.0101,0.0098,0.0104,0.0096,0.0107,0.0093,0.0111
M1,Male,61,2026,0.0101,0.0097,0.0105,0.0094,0.0108,0.0091,0.0112
M1,Male,61,2027,0.0098,0.0094,0.0102,0.0090,0.0106,0.0086,0.0110
M1,Male,61,2028,0.0100,0.0095,0.0104,0.0091,0.0109,0.0087,0.0113
M1,Male,61,2029,0.0097,0.0092,0.0102,0.0087,0.0108,0.0083,0.0112
M1,Male,61,2030,0.0097,0.0091,0.0102,0.0086,0.0108,0.0082,0.0114
M1,Male,61,2031,0.0097,0.0090,0.0103,0.0085,0.0109,0.0081,0.0116
M1,Male,61,2032,0.0094,0.0087,0.0101,0.0082,0.0108,0.0077,0.0116
M1,Male,61,2033,0.0095,0.0087,0.0103,0.0082,0.0110,0.0076,0.0119
M1,Male,61,2034,0.0093,0.0085,0.0101,0.0079,0.0109,0.0073,0.0119
M1,Male,61,2035,0.0093,0.0084,0.0101,0.0077,0.0110,0.0070,0.0120
M1,Male,61,2036,0.0093,0.0083,0.0102,0.0076,0.0112,0.0069,0.0124
M1,Male,61,2037,0.0091,0.0080,0.0100,0.0073,0.0110,0.0065,0.0123
M1,Male,61,2038,0.0091,0.0080,0.0101,0.0072,0.0112,0.0065,0.0125
M1,Male,61,2039,0.0090,0.0078,0.0101,0.0071,0.0112,0.0063,0.0128
M1,Male,61,2040,0.0089,0.0076,0.0100,0.0068,0.0112,0.0060,0.0129
M1,Male,62,2021,0.0115,0.0114,0.0117,0.0112,0.0118,0.0111,0.0120
M1,Male,62,2022,0.0112,0.0110,0.0114,0.0108,0.0116,0.0107,0.0117
M1,Male,62,2023,0.0115,0.0113,0.0117,0.0111,0.0120,0.0108,0.0122
M1,Male,62,2024,0.0110,0.0107,0.0113,0.0105,0.0116,0.0102,0.0119
M1,Male,62,2025,0.0111,0.0108,0.0115,0.0105,0.0117,0.0102,0.0121
M1,Male,62,2026,0.0111,0.0107,0.0115,0.0103,0.0118,0.0099,0.0123
M1,Male,62,2027,0.0108,0.0103,0.0112,0.0099,0.0116,0.0094,0.0121
M1,Male,62,2028,0.0109,0.0104,0.0114,0.0100,0.0120,0.0095,0.0125
M1,Male,62,2029,0.0106,0.0100,0.0112,0.0095,0.0118,0.0091,0.0123
M1,Male,62,2030,0.0106,0.0099,0.0112,0.0094,0.0119,0.0089,0.0126
M1,Male,62,2031,0.0106,0.0098,0.0113,0.0093,0.0120,0.0088,0.0128
M1,Male,62,2032,0.0103,0.0095,0.0111,0.0089,0.0118,0.0084,0.0128
M1,Male,62,2033,0.0104,0.0095,0.0112,0.0089,0.0120,0.0083,0.0130
M1,Male,62,2034,0.0102,0.0093,0.0111,0.0086,0.0120,0.0079,0.0131
M1,Male,62,2035,0.0101,0.0091,0.0111,0.0084,0.0121,0.0077,0.0132
M1,Male,62,2036,0.0101,0.0090,0.0112,0.0083,0.0123,0.0075,0.0137
M1,Male,62,2037,0.0099,0.0088,0.0110,0.0080,0.0121,0.0071,0.0135
M1,Male,62,2038,0.0099,0.0087,0.0111,0.0079,0.0123,0.0070,0.0138
M1,Male,62,2039,0.0098,0.0085,0.0110,0.0077,0.0123,0.0068,0.0141
M1,Male,62,2040,0.0097,0.0083,0.0110,0.0074,0.0123,0.0066,0.0142
M1,Male,63,2021,0.0127,0.0126,0.0129,0.0124,0.0130,0.0122,0.0132
M1,Male,63,2022,0.0124,0.0121,0.0126,0.0120,0.0128,0.0118,0.0130
M1,Male,63,2023,0.0127,0.0124,0.0129,0.0122,0.0132,0.0120,0.0135
M1,Male,63,2024,0.0122,0.0118,0.0125,0.0115,0.0128,0.0112,0.0131
M1,Male,63,2025,0.0123,0.0119,0.0127,0.0115,0.0129,0.0112,0.0134
M1,Male,63,2026,0.0122,0.0117,0.0127,0.0114,0.0131,0.0109,0.0136
M1,Male,63,2027,0.0119,0.0113,0.0124,0.0109,0.0128,0.0104,0.0134
M1,Male,63,2028,0.0121,0.0114,0.0126,0.0110,0.0132,0.0105,0.0138
M1,Male,63,2029,0.0117,0.0110,0.0123,0.0105,0.0130,0.0100,0.0137
M1,Male,63,2030,0.0117,0.0109,0.0124,0.0104,0.0131,0.0098,0.0139
M1,Male,63,2031,0.0117,0.0108,0.0125,0.0102,0.0132,0.0097,0.0142
M1,Male,63,2032,0.0114,0.0105,0.0122,0.0098,0.0131,0.0092,0.0141
M1,Male,63,2033,0.0115,0.0105,0.0124,0.0098,0.0133,0.0091,0.0144
M1,Male,63,2034,0.0113,0.0102,0.0123,0.0095,0.0132,0.0087,0.0145
M1,Male,63,2035,0.0112,0.0100,0.0123,0.0092,0.0133,0.0084,0.0146
M1,Male,63,2036,0.0112,0.0099,0.0123,0.0091,0.0135,0.0082,0.0151
M1,Male,63,2037,0.0109,0.0096,0.0121,0.0088,0.0134,0.0078,0.0150
M1,Male,63,2038,0.0110,0.0096,0.0123,0.0086,0.0136,0.0077,0.0153
M1,Male,63,2039,0.0108,0.0094,0.0122,0.0084,0.0136,0.0075,0.0156
M1,Male,63,2040,0.0107,0.0091,0.0121,0.0081,0.0136,0.0072,0.0158
M1,Male,64,2021,0.0138,0.0137,0.0140,0.0135,0.0142,0.0133,0.0144
M1,Male,64,2022,0.0134,0.0132,0.0137,0.0130,0.0139,0.0128,0.0141
M1,Male,64,2023,0.0138,0.0135,0.0141,0.0133,0.0144,0.0130,0.0146
M1,Male,64,2024,0.0132,0.0129,0.0136,0.0126,0.0139,0.0122,0.0143
M1,Male,64,2025,0.0133,0.0129,0.0138,0.0125,0.0141,0.0122,0.0146
M1,Male,64,2026,0.0133,0.0128,0.0138,0.0124,0.0142,0.0119,0.0148
M1,Male,64,2027,0.0129,0.0123,0.0134,0.0118,0.0139,0.0113,0.0146
M1,Male,64,2028,0.0131,0.0124,0.0137,0.0119,0.0144,0.0114,0.0150
M1,Male,64,2029,0.0127,0.0120,0.0134,0.0114,0.0142,0.0109,0.0149
M1,Male,64,2030,0.0127,0.0119,0.0135,0.0113,0.0143,0.0106,0.0151
M1,Male,64,2031,0.0127,0.0118,0.0136,0.0111,0.0144,0.0105,0.0154
M1,Male,64,2032,0.0124,0.0114,0.0133,0.0107,0.0142,0.0100,0.0154
M1,Male,64,2033,0.0125,0.0114,0.0135,0.0106,0.0145,0.0099,0.0157
M1,Male,64,2034,0.0122,0.0111,0.0134,0.0103,0.0144,0.0094,0.0158
M1,Male,64,2035,0.0121,0.0109,0.0133,0.0100,0.0145,0.0091,0.0159
M1,Male,64,2036,0.0121,0.0108,0.0134,0.0099,0.0147,0.0089,0.0165
M1,Male,64,2037,0.0119,0.0105,0.0132,0.0095,0.0146,0.0084,0.0163
M1,Male,64,2038,0.0119,0.0104,0.0133,0.0094,0.0148,0.0083,0.0166
M1,Male,64,2039,0.0117,0.0102,0.0132,0.0091,0.0148,0.0081,0.0170
M1,Male,64,2040,0.0116,0.0099,0.0131,0.0088,0.0148,0.0077,0.0172
M1,Male,65,2021,0.0153,0.0151,0.0155,0.0150,0.0157,0.0148,0.0160
M1,Male,65,2022,0.0149,0.0146,0.0151,0.0144,0.0154,0.0142,0.0157
M1,Male,65,2023,0.0153,0.0150,0.0156,0.0147,0.0160,0.0144,0.0163
M1,Male,65,2024,0.0147,0.0143,0.0151,0.0139,0.0154,0.0135,0.0158
M1,Male,65,2025,0.0148,0.0143,0.0153,0.0139,0.0156,0.0134,0.0162
M1,Male,65,2026,0.0147,0.0141,0.0153,0.0137,0.0158,0.0131,0.0164
M1,Male,65,2027,0.0143,0.0136,0.0149,0.0130,0.0155,0.0125,0.0162
M1,Male,65,2028,0.0145,0.0138,0.0152,0.0132,0.0160,0.0126,0.0167
M1,Male,65,2029,0.0141,0.0133,0.0149,0.0126,0.0157,0.0120,0.0165
M1,Male,65,2030,0.0141,0.0131,0.0149,0.0124,0.0159,0.0117,0.0168
M1,Male,65,2031,0.0141,0.0130,0.0150,0.0122,0.0160,0.0116,0.0171
M1,Male,65,2032,0.0137,0.0126,0.0147,0.0117,0.0158,0.0110,0.0171
M1,Male,65,2033,0.0138,0.0126,0.0150,0.0117,0.0161,0.0109,0.0175
M1,Male,65,2034,0.0135,0.0122,0.0148,0.0113,0.0160,0.0104,0.0176
M1,Male,65,2035,0.0134,0.0120,0.0148,0.0110,0.0161,0.0100,0.0178
M1,Male,65,2036,0.0134,0.0119,0.0149,0.0109,0.0164,0.0098,0.0184
M1,Male,65,2037,0.0131,0.0115,0.0146,0.0105,0.0162,0.0092,0.0182
M1,Male,65,2038,0.0131,0.0115,0.0148,0.0103,0.0164,0.0091,0.0185
M1,Male,65,2039,0.0130,0.0112,0.0147,0.0100,0.0164,0.0088,0.0190
M1,Male,65,2040,0.0128,0.0109,0.0146,0.0097,0.0165,0.0085,0.0192
M1,Male,66,2021,0.0164,0.0162,0.0167,0.0160,0.0168,0.0158,0.0171
M1,Male,66,2022,0.0160,0.0157,0.0162,0.0154,0.0165,0.0152,0.0168
M1,Male,66,2023,0.0164,0.0161,0.0168,0.0157,0.0171,0.0154,0.0175
M1,Male,66,2024,0.0157,0.0153,0.0162,0.0149,0.0166,0.0144,0.0170
M1,Male,66,2025,0.0158,0.0153,0.0164,0.0149,0.0168,0.0144,0.0174
M1,Male,66,2026,0.0158,0.0151,0.0164,0.0146,0.0169,0.0140,0.0176
M1,Male,66,2027,0.0153,0.0146,0.0160,0.0139,0.0166,0.0133,0.0174
M1,Male,66,2028,0.0156,0.0147,0.0163,0.0141,0.0171,0.0134,0.0179
M1,Male,66,2029,0.0151,0.0142,0.0160,0.0134,0.0169,0.0128,0.0177
M1,Male,66,2030,0.0151,0.0140,0.0160,0.0133,0.0170,0.0125,0.0181
M1,Male,66,2031,0.0150,0.0139,0.0161,0.0131,0.0172,0.0123,0.0184
M1,Male,66,2032,0.0146,0.0134,0.0158,0.0125,0.0170,0.0117,0.0184
M1,Male,66,2033,0.0148,0.0134,0.0160,0.0125,0.0173,0.0116,0.0188
M1,Male,66,2034,0.0145,0.0131,0.0159,0.0120,0.0172,0.0110,0.0189
M1,Male,66,2035,0.0143,0.0128,0.0158,0.0117,0.0173,0.0106,0.0191
M1,Male,66,2036,0.0143,0.0127,0.0159,0.0116,0.0176,0.0104,0.0198
M1,Male,66,2037,0.0140,0.0123,0.0156,0.0111,0.0174,0.0098,0.0196
M1,Male,66,2038,0.0141,0.0122,0.0158,0.0109,0.0176,0.0097,0.0199
M1,Male,66,2039,0.0139,0.0119,0.0157,0.0107,0.0176,0.0094,0.0204
M1,Male,66,2040,0.0137,0.0116,0.0156,0.0102,0.0177,0.0090,0.0206
M1,Male,67,2021,0.0178,0.0176,0.0181,0.0174,0.0183,0.0171,0.0186
M1,Male,67,2022,0.0173,0.0170,0.0176,0.0167,0.0179,0.0164,0.0182
M1,Male,67,2023,0.0178,0.0174,0.0182,0.0171,0.0186,0.0167,0.0189
M1,Male,67,2024,0.0170,0.0165,0.0175,0.0161,0.0180,0.0156,0.0184
M1,Male,67,2025,0.0172,0.0166,0.0177,0.0161,0.0182,0.0156,0.0189
M1,Male,67,2026,0.0171,0.0164,0.0178,0.0158,0.0183,0.0152,0.0191
M1,Male,67,2027,0.0166,0.0158,0.0173,0.0151,0.0180,0.0144,0.0189
M1,Male,67,2028,0.0169,0.0159,0.0177,0.0153,0.0186,0.0145,0.0194
M1,Male,67,2029,0.0164,0.0153,0.0173,0.0146,0.0183,0.0138,0.0192
M1,Male,67,2030,0.0163,0.0152,0.0173,0.0143,0.0185,0.0135,0.0196
M1,Male,67,2031,0.0163,0.0150,0.0175,0.0141,0.0186,0.0133,0.0200
M1,Male,67,2032,0.0159,0.0145,0.0171,0.0135,0.0184,0.0126,0.0199
M1,Male,67,2033,0.0160,0.0145,0.0174,0.0135,0.0187,0.0125,0.0204
M1,Male,67,2034,0.0157,0.0141,0.0172,0.0130,0.0186,0.0119,0.0205
M1,Male,67,2035,0.0155,0.0139,0.0172,0.0127,0.0188,0.0115,0.0207
M1,Male,67,2036,0.0155,0.0137,0.0173,0.0125,0.0191,0.0112,0.0215
M1,Male,67,2037,0.0152,0.0133,0.0169,0.0120,0.0188,0.0106,0.0212
M1,Male,67,2038,0.0152,0.0132,0.0171,0.0118,0.0191,0.0105,0.0217
M1,Male,67,2039,0.0150,0.0129,0.0170,0.0115,0.0191,0.0101,0.0222
M1,Male,67,2040,0.0148,0.0125,0.0169,0.0111,0.0192,0.0097,0.0224
M1,Male,68,2021,0.0198,0.0195,0.0201,0.0193,0.0203,0.0190,0.0206
M1,Male,68,2022,0.0192,0.0188,0.0195,0.0185,0.0199,0.0182,0.0202
M1,Male,68,2023,0.0198,0.0193,0.0202,0.0189,0.0206,0.0185,0.0210
M1,Male,68,2024,0.0189,0.0183,0.0195,0.0178,0.0199,0.0173,0.0205
M1,Male,68,2025,0.0190,0.0184,0.0197,0.0178,0.0202,0.0172,0.0210
M1,Male,68,2026,0.0189,0.0182,0.0197,0.0176,0.0204,0.0168,0.0212
M1,Male,68,2027,0.0184,0.0175,0.0192,0.0167,0.0199,0.0159,0.0210
M1,Male,68,2028,0.0187,0.0177,0.0196,0.0169,0.0206,0.0161,0.0216
M1,Male,68,2029,0.0181,0.0170,0.0192,0.0161,0.0203,0.0153,0.0214
M1,Male,68,2030,0.0181,0.0168,0.0192,0.0159,0.0205,0.0149,0.0218
M1,Male,68,2031,0.0181,0.0166,0.0194,0.0156,0.0207,0.0147,0.0222
M1,Male,68,2032,0.0176,0.0161,0.0190,0.0150,0.0204,0.0139,0.0222
M1,Male,68,2033,0.0177,0.0161,0.0193,0.0149,0.0208,0.0138,0.0227
M1,Male,68,2034,0.0174,0.0156,0.0191,0.0144,0.0207,0.0132,0.0228
M1,Male,68,2035,0.0172,0.0154,0.0191,0.0140,0.0208,0.0127,0.0230
M1,Male,68,2036,0.0172,0.0151,0.0191,0.0138,0.0212,0.0124,0.0239
M1,Male,68,2037,0.0168,0.0147,0.0188,0.0133,0.0209,0.0117,0.0236
M1,Male,68,2038,0.0169,0.0146,0.0190,0.0131,0.0212,0.0115,0.0241
M1,Male,68,2039,0.0166,0.0142,0.0189,0.0127,0.0212,0.0111,0.0247
M1,Male,68,2040,0.0164,0.0139,0.0187,0.0122,0.0213,0.0107,0.0250
M1,Male,69,2021,0.0212,0.0209,0.0215,0.0207,0.0217,0.0204,0.0221
M1,Male,69,2022,0.0206,0.0202,0.0209,0.0199,0.0213,0.0195,0.0217
M1,Male,69,2023,0.0212,0.0207,0.0216,0.0203,0.0221,0.0198,0.0226
M1,Male,69,2024,0.0202,0.0196,0.0209,0.0191,0.0214,0.0185,0.0219
M1,Male,69,2025,0.0204,0.0197,0.0211,0.0191,0.0216,0.0185,0.0225
M1,Male,69,2026,0.0203,0.0195,0.0212,0.0188,0.0218,0.0180,0.0228
M1,Male,69,2027,0.0197,0.0187,0.0206,0.0179,0.0214,0.0170,0.0225
M1,Male,69,2028,0.0200,0.0189,0.0210,0.0181,0.0221,0.0172,0.0231
M1,Male,69,2029,0.0194,0.0182,0.0206,0.0172,0.0218,0.0163,0.0229
M1,Male,69,2030,0.0194,0.0180,0.0206,0.0170,0.0220,0.0160,0.0234
M1,Male,69,2031,0.0193,0.0178,0.0208,0.0167,0.0222,0.0157,0.0239
M1,Male,69,2032,0.0188,0.0172,0.0203,0.0160,0.0219,0.0149,0.0238
M1,Male,69,2033,0.0190,0.0172,0.0207,0.0160,0.0223,0.0147,0.0244
M1,Male,69,2034,0.0186,0.0167,0.0204,0.0154,0.0222,0.0140,0.0245
M1,Male,69,2035,0.0184,0.0164,0.0204,0.0150,0.0224,0.0135,0.0247
M1,Male,69,2036,0.0184,0.0162,0.0205,0.0147,0.0227,0.0132,0.0257
M1,Male,69,2037,0.0180,0.0157,0.0201,0.0141,0.0225,0.0124,0.0254
M1,Male,69,2038,0.0180,0.0156,0.0204,0.0139,0.0228,0.0123,0.0259
M1,Male,69,2039,0.0178,0.0152,0.0202,0.0136,0.0228,0.0119,0.0265
M1,Male,69,2040,0.0176,0.0148,0.0201,0.0130,0.0229,0.0113,0.0268
M1,Male,70,2021,0.0222,0.0219,0.0225,0.0216,0.0227,0.0213,0.0231
M1,Male,70,2022,0.0215,0.0211,0.0219,0.0207,0.0223,0.0204,0.0227
M1,Male,70,2023,0.0221,0.0217,0.0226,0.0212,0.0231,0.0207,0.0236
M1,Male,70,2024,0.0211,0.0205,0.0218,0.0200,0.0224,0.0194,0.0230
M1,Male,70,2025,0.0213,0.0206,0.0221,0.0200,0.0226,0.0193,0.0236
M1,Male,70,2026,0.0212,0.0203,0.0221,0.0196,0.0228,0.0188,0.0238
M1,Male,70,2027,0.0205,0.0195,0.0215,0.0186,0.0224,0.0178,0.0235
M1,Male,70,2028,0.0209,0.0198,0.0220,0.0189,0.0231,0.0179,0.0242
M1,Male,70,2029,0.0203,0.0190,0.0215,0.0180,0.0228,0.0170,0.0240
M1,Male,70,2030,0.0202,0.0188,0.0216,0.0177,0.0230,0.0166,0.0245
M1,Male,70,2031,0.0202,0.0186,0.0217,0.0174,0.0232,0.0164,0.0250
M1,Male,70,2032,0.0197,0.0180,0.0212,0.0167,0.0229,0.0155,0.0249
M1,Male,70,2033,0.0198,0.0180,0.0216,0.0166,0.0233,0.0153,0.0255
M1,Male,70,2034,0.0194,0.0174,0.0214,0.0160,0.0232,0.0146,0.0256
M1,Male,70,2035,0.0192,0.0171,0.0213,0.0156,0.0234,0.0140,0.0259
M1,Male,70,2036,0.0192,0.0169,0.0214,0.0154,0.0238,0.0137,0.0269
M1,Male,70,2037,0.0188,0.0164,0.0211,0.0147,0.0235,0.0129,0.0266
M1,Male,70,2038,0.0188,0.0162,0.0213,0.0145,0.0238,0.0128,0.0271
M1,Male,70,2039,0.0185,0.0158,0.0211,0.0141,0.0238,0.0123,0.0278
M1,Male,70,2040,0.0183,0.0154,0.0210,0.0135,0.0239,0.0118,0.0281
M1,Male,71,2021,0.0244,0.0241,0.0248,0.0238,0.0251,0.0235,0.0255
M1,Male,71,2022,0.0237,0.0232,0.0241,0.0229,0.0246,0.0225,0.0250
M1,Male,71,2023,0.0244,0.0239,0.0249,0.0234,0.0255,0.0229,0.0260
M1,Male,71,2024,0.0233,0.0226,0.0240,0.0220,0.0246,0.0213,0.0253
M1,Male,71,2025,0.0235,0.0226,0.0243,0.0220,0.0249,0.0212,0.0259
M1,Male,71,2026,0.0234,0.0224,0.0244,0.0216,0.0252,0.0207,0.0263
M1,Male,71,2027,0.0226,0.0215,0.0237,0.0205,0.0246,0.0196,0.0259
M1,Male,71,2028,0.0231,0.0218,0.0242,0.0208,0.0255,0.0198,0.0267
M1,Male,71,2029,0.0224,0.0209,0.0237,0.0198,0.0251,0.0188,0.0264
M1,Male,71,2030,0.0223,0.0207,0.0237,0.0195,0.0254,0.0183,0.0270
M1,Male,71,2031,0.0223,0.0205,0.0239,0.0192,0.0256,0.0181,0.0275
M1,Male,71,2032,0.0217,0.0198,0.0234,0.0184,0.0252,0.0171,0.0274
M1,Male,71,2033,0.0219,0.0198,0.0238,0.0183,0.0257,0.0169,0.0281
M1,Male,71,2034,0.0214,0.0192,0.0235,0.0177,0.0255,0.0161,0.0282
M1,Male,71,2035,0.0212,0.0189,0.0235,0.0172,0.0258,0.0155,0.0285
M1,Male,71,2036,0.0212,0.0186,0.0236,0.0169,0.0262,0.0151,0.0296
M1,Male,71,2037,0.0207,0.0180,0.0232,0.0162,0.0259,0.0142,0.0293
M1,Male,71,2038,0.0207,0.0179,0.0235,0.0160,0.0262,0.0141,0.0299
M1,Male,71,2039,0.0204,0.0174,0.0233,0.0156,0.0263,0.0136,0.0306
M1,Male,71,2040,0.0202,0.0170,0.0231,0.0149,0.0264,0.0130,0.0310
M1,Male,72,2021,0.0261,0.0257,0.0265,0.0254,0.0268,0.0250,0.0272
M1,Male,72,2022,0.0253,0.0248,0.0257,0.0244,0.0262,0.0240,0.0267
M1,Male,72,2023,0.0260,0.0255,0.0266,0.0249,0.0272,0.0244,0.0278
M1,Male,72,2024,0.0249,0.0241,0.0256,0.0235,0.0263,0.0227,0.0270
M1,Male,72,2025,0.0251,0.0242,0.0260,0.0235,0.0266,0.0227,0.0277
M1,Male,72,2026,0.0250,0.0239,0.0260,0.0231,0.0269,0.0221,0.0281
M1,Male,72,2027,0.0242,0.0230,0.0253,0.0219,0.0263,0.0209,0.0277
M1,Male,72,2028,0.0246,0.0232,0.0259,0.0222,0.0272,0.0211,0.0285
M1,Male,72,2029,0.0239,0.0223,0.0253,0.0211,0.0268,0.0200,0.0282
M1,Male,72,2030,0.0238,0.0221,0.0254,0.0208,0.0271,0.0196,0.0288
M1,Male,72,2031,0.0238,0.0218,0.0255,0.0205,0.0273,0.0193,0.0294
M1,Male,72,2032,0.0231,0.0211,0.0250,0.0196,0.0269,0.0182,0.0293
M1,Male,72,2033,0.0233,0.0211,0.0254,0.0195,0.0274,0.0180,0.0300
M1,Male,72,2034,0.0228,0.0205,0.0251,0.0188,0.0273,0.0172,0.0301
M1,Male,72,2035,0.0226,0.0201,0.0251,0.0183,0.0275,0.0165,0.0305
M1,Male,72,2036,0.0226,0.0198,0.0252,0.0180,0.0280,0.0161,0.0317
M1,Male,72,2037,0.0221,0.0192,0.0248,0.0173,0.0276,0.0151,0.0313
M1,Male,72,2038,0.0221,0.0191,0.0251,0.0170,0.0280,0.0150,0.0319
M1,Male,72,2039,0.0218,0.0186,0.0249,0.0166,0.0281,0.0145,0.0327
M1,Male,72,2040,0.0215,0.0181,0.0247,0.0159,0.0282,0.0138,0.0331
M1,Male,73,2021,0.0287,0.0283,0.0291,0.0279,0.0294,0.0275,0.0299
M1,Male,73,2022,0.0278,0.0273,0.0283,0.0268,0.0289,0.0264,0.0293
M1,Male,73,2023,0.0286,0.0280,0.0293,0.0274,0.0299,0.0268,0.0305
M1,Male,73,2024,0.0273,0.0265,0.0282,0.0258,0.0289,0.0250,0.0297
M1,Male,73,2025,0.0276,0.0266,0.0285,0.0258,0.0293,0.0249,0.0305
M1,Male,73,2026,0.0274,0.0263,0.0286,0.0254,0.0296,0.0243,0.0308
M1,Male,73,2027,0.0266,0.0253,0.0278,0.0241,0.0289,0.0230,0.0304
M1,Male,73,2028,0.0271,0.0256,0.0284,0.0244,0.0299,0.0232,0.0313
M1,Male,73,2029,0.0262,0.0246,0.0278,0.0232,0.0295,0.0220,0.0310
M1,Male,73,2030,0.0262,0.0243,0.0279,0.0229,0.0298,0.0215,0.0317
M1,Male,73,2031,0.0261,0.0240,0.0281,0.0225,0.0300,0.0212,0.0323
M1,Male,73,2032,0.0254,0.0232,0.0275,0.0216,0.0296,0.0200,0.0322
M1,Male,73,2033,0.0256,0.0232,0.0279,0.0215,0.0302,0.0198,0.0330
M1,Male,73,2034,0.0251,0.0226,0.0276,0.0207,0.0300,0.0189,0.0331
M1,Male,73,2035,0.0249,0.0221,0.0276,0.0201,0.0303,0.0181,0.0335
M1,Male,73,2036,0.0249,0.0218,0.0277,0.0198,0.0308,0.0177,0.0348
M1,Male,73,2037,0.0243,0.0211,0.0272,0.0190,0.0304,0.0167,0.0344
M1,Male,73,2038,0.0243,0.0210,0.0276,0.0187,0.0308,0.0165,0.0351
M1,Male,73,2039,0.0240,0.0204,0.0273,0.0182,0.0308,0.0159,0.0360
M1,Male,73,2040,0.0237,0.0199,0.0271,0.0175,0.0310,0.0152,0.0364
M1,Male,74,2021,0.0302,0.0298,0.0306,0.0294,0.0310,0.0290,0.0315
M1,Male,74,2022,0.0293,0.0287,0.0298,0.0283,0.0304,0.0278,0.0309
M1,Male,74,2023,0.0302,0.0295,0.0308,0.0289,0.0315,0.0283,0.0321
M1,Male,74,2024,0.0288,0.0280,0.0297,0.0272,0.0304,0.0264,0.0313
M1,Male,74,2025,0.0291,0.0280,0.0301,0.0272,0.0308,0.0263,0.0321
M1,Male,74,2026,0.0289,0.0277,0.0301,0.0267,0.0311,0.0256,0.0325
M1,Male,74,2027,0.0280,0.0266,0.0293,0.0254,0.0305,0.0242,0.0320
M1,Male,74,2028,0.0285,0.0269,0.0299,0.0257,0.0315,0.0245,0.0330
M1,Male,74,2029,0.0276,0.0259,0.0293,0.0245,0.0311,0.0232,0.0327
M1,Male,74,2030,0.0276,0.0256,0.0294,0.0242,0.0313,0.0227,0.0334
M1,Male,74,2031,0.0275,0.0253,0.0296,0.0238,0.0316,0.0224,0.0340
M1,Male,74,2032,0.0268,0.0245,0.0289,0.0228,0.0312,0.0211,0.0339
M1,Male,74,2033,0.0270,0.0245,0.0294,0.0227,0.0318,0.0209,0.0347
M1,Male,74,2034,0.0265,0.0238,0.0291,0.0218,0.0316,0.0199,0.0348
M1,Male,74,2035,0.0262,0.0233,0.0291,0.0213,0.0318,0.0192,0.0353
M1,Male,74,2036,0.0262,0.0230,0.0292,0.0209,0.0324,0.0187,0.0366
M1,Male,74,2037,0.0256,0.0223,0.0287,0.0201,0.0320,0.0176,0.0362
M1,Male,74,2038,0.0257,0.0221,0.0290,0.0198,0.0324,0.0174,0.0369
M1,Male,74,2039,0.0253,0.0216,0.0288,0.0193,0.0325,0.0168,0.0378
M1,Male,74,2040,0.0250,0.0210,0.0286,0.0185,0.0326,0.0161,0.0382
M1,Male,75,2021,0.0347,0.0343,0.0352,0.0338,0.0356,0.0334,0.0362
M1,Male,75,2022,0.0337,0.0330,0.0343,0.0325,0.0349,0.0320,0.0355
M1,Male,75,2023,0.0347,0.0339,0.0354,0.0332,0.0362,0.0325,0.0369
M1,Male,75,2024,0.0331,0.0322,0.0341,0.0313,0.0350,0.0304,0.0359
M1,Male,75,2025,0.0334,0.0322,0.0346,0.0313,0.0354,0.0303,0.0368
M1,Male,75,2026,0.0333,0.0319,0.0346,0.0308,0.0358,0.0295,0.0373
M1,Male,75,2027,0.0322,0.0307,0.0337,0.0293,0.0350,0.0279,0.0368
M1,Male,75,2028,0.0328,0.0310,0.0344,0.0297,0.0362,0.0282,0.0379
M1,Male,75,2029,0.0318,0.0298,0.0337,0.0283,0.0357,0.0268,0.0375
M1,Male,75,2030,0.0317,0.0295,0.0338,0.0278,0.0360,0.0262,0.0383
M1,Male,75,2031,0.0317,0.0292,0.0340,0.0274,0.0363,0.0258,0.0390
M1,Male,75,2032,0.0308,0.0282,0.0333,0.0263,0.0358,0.0244,0.0389
M1,Male,75,2033,0.0311,0.0282,0.0338,0.0262,0.0365,0.0242,0.0398
M1,Male,75,2034,0.0305,0.0274,0.0335,0.0252,0.0363,0.0230,0.0400
M1,Male,75,2035,0.0302,0.0269,0.0334,0.0246,0.0366,0.0222,0.0405
M1,Male,75,2036,0.0302,0.0266,0.0336,0.0242,0.0372,0.0216,0.0420
M1,Male,75,2037,0.0295,0.0257,0.0330,0.0232,0.0368,0.0204,0.0415
M1,Male,75,2038,0.0296,0.0256,0.0334,0.0228,0.0372,0.0202,0.0423
M1,Male,75,2039,0.0291,0.0249,0.0331,0.0223,0.0373,0.0195,0.0434
M1,Male,75,2040,0.0288,0.0243,0.0329,0.0213,0.0374,0.0186,0.0438
M1,Male,76,2021,0.0378,0.0373,0.0383,0.0368,0.0388,0.0363,0.0394
M1,Male,76,2022,0.0367,0.0360,0.0373,0.0354,0.0380,0.0348,0.0386
M1,Male,76,2023,0.0377,0.0370,0.0386,0.0362,0.0394,0.0354,0.0402
M1,Male,76,2024,0.0361,0.0351,0.0372,0.0341,0.0381,0.0331,0.0391
M1,Male,76,2025,0.0364,0.0351,0.0376,0.0341,0.0386,0.0330,0.0401
M1,Male,76,2026,0.0362,0.0347,0.0377,0.0336,0.0389,0.0322,0.0406
M1,Male,76,2027,0.0351,0.0334,0.0367,0.0319,0.0381,0.0305,0.0400
M1,Male,76,2028,0.0358,0.0338,0.0375,0.0323,0.0394,0.0308,0.0412
M1,Male,76,2029,0.0347,0.0325,0.0367,0.0308,0.0389,0.0292,0.0408
M1,Male,76,2030,0.0346,0.0321,0.0368,0.0304,0.0392,0.0286,0.0417
M1,Male,76,2031,0.0345,0.0318,0.0370,0.0299,0.0395,0.0282,0.0424
M1,Male,76,2032,0.0336,0.0308,0.0363,0.0287,0.0390,0.0267,0.0423
M1,Male,76,2033,0.0339,0.0308,0.0369,0.0286,0.0397,0.0264,0.0433
M1,Male,76,2034,0.0332,0.0299,0.0364,0.0276,0.0395,0.0252,0.0435
M1,Male,76,2035,0.0329,0.0294,0.0364,0.0268,0.0398,0.0242,0.0440
M1,Male,76,2036,0.0329,0.0290,0.0366,0.0264,0.0405,0.0237,0.0456
M1,Male,76,2037,0.0322,0.0281,0.0359,0.0254,0.0400,0.0223,0.0450
M1,Male,76,2038,0.0322,0.0279,0.0364,0.0250,0.0405,0.0221,0.0460
M1,Male,76,2039,0.0318,0.0272,0.0361,0.0244,0.0406,0.0213,0.0471
M1,Male,76,2040,0.0314,0.0265,0.0358,0.0234,0.0407,0.0204,0.0476
M1,Male,77,2021,0.0401,0.0395,0.0406,0.0390,0.0410,0.0385,0.0417
M1,Male,77,2022,0.0389,0.0381,0.0395,0.0376,0.0403,0.0370,0.0409
M1,Male,77,2023,0.0400,0.0392,0.0408,0.0383,0.0417,0.0376,0.0425
M1,Male,77,2024,0.0382,0.0372,0.0394,0.0362,0.0403,0.0352,0.0414
M1,Male,77,2025,0.0386,0.0372,0.0398,0.0362,0.0408,0.0350,0.0424
M1,Male,77,2026,0.0384,0.0369,0.0399,0.0356,0.0412,0.0342,0.0429
M1,Male,77,2027,0.0372,0.0355,0.0389,0.0339,0.0403,0.0324,0.0423
M1,Male,77,2028,0.0379,0.0359,0.0397,0.0344,0.0417,0.0327,0.0435
M1,Male,77,2029,0.0368,0.0345,0.0388,0.0328,0.0411,0.0311,0.0431
M1,Male,77,2030,0.0367,0.0341,0.0390,0.0323,0.0415,0.0305,0.0440
M1,Male,77,2031,0.0366,0.0338,0.0392,0.0318,0.0418,0.0300,0.0448
M1,Male,77,2032,0.0357,0.0327,0.0384,0.0305,0.0413,0.0284,0.0447
M1,Male,77,2033,0.0360,0.0328,0.0390,0.0304,0.0420,0.0282,0.0457
M1,Male,77,2034,0.0353,0.0319,0.0386,0.0293,0.0418,0.0269,0.0459
M1,Male,77,2035,0.0350,0.0313,0.0386,0.0286,0.0421,0.0259,0.0464
M1,Male,77,2036,0.0349,0.0309,0.0388,0.0282,0.0428,0.0253,0.0481
M1,Male,77,2037,0.0342,0.0299,0.0381,0.0271,0.0423,0.0239,0.0475
M1,Male,77,2038,0.0342,0.0297,0.0385,0.0267,0.0428,0.0236,0.0485
M1,Male,77,2039,0.0338,0.0290,0.0382,0.0260,0.0429,0.0228,0.0496
M1,Male,77,2040,0.0334,0.0283,0.0380,0.0250,0.0430,0.0218,0.0502
M1,Male,78,2021,0.0448,0.0443,0.0454,0.0437,0.0459,0.0432,0.0466
M1,Male,78,2022,0.0435,0.0428,0.0443,0.0421,0.0451,0.0414,0.0458
M1,Male,78,2023,0.0447,0.0439,0.0457,0.0430,0.0466,0.0421,0.0475
M1,Male,78,2024,0.0429,0.0417,0.0441,0.0406,0.0451,0.0395,0.0463
M1,Male,78,2025,0.0432,0.0418,0.0446,0.0406,0.0457,0.0393,0.0474
M1,Male,78,2026,0.0430,0.0413,0.0447,0.0400,0.0461,0.0385,0.0479
M1,Male,78,2027,0.0417,0.0398,0.0436,0.0381,0.0452,0.0364,0.0473
M1,Male,78,2028,0.0425,0.0403,0.0444,0.0386,0.0466,0.0368,0.0486
M1,Male,78,2029,0.0413,0.0388,0.0435,0.0369,0.0460,0.0350,0.0482
M1,Male,78,2030,0.0412,0.0384,0.0436,0.0364,0.0464,0.0343,0.0492
M1,Male,78,2031,0.0411,0.0380,0.0439,0.0358,0.0467,0.0338,0.0500
M1,Male,78,2032,0.0400,0.0368,0.0431,0.0344,0.0462,0.0321,0.0499
M1,Male,78,2033,0.0404,0.0368,0.0437,0.0343,0.0470,0.0318,0.0510
M1,Male,78,2034,0.0396,0.0358,0.0433,0.0331,0.0467,0.0304,0.0512
M1,Male,78,2035,0.0393,0.0352,0.0432,0.0323,0.0471,0.0293,0.0518
M1,Male,78,2036,0.0392,0.0347,0.0434,0.0318,0.0478,0.0286,0.0536
M1,Male,78,2037,0.0384,0.0337,0.0427,0.0306,0.0473,0.0270,0.0530
M1,Male,78,2038,0.0385,0.0335,0.0432,0.0301,0.0479,0.0267,0.0540
M1,Male,78,2039,0.0379,0.0327,0.0429,0.0294,0.0479,0.0259,0.0553
M1,Male,78,2040,0.0375,0.0319,0.0425,0.0282,0.0481,0.0248,0.0558
M1,Male,79,2021,0.0477,0.0471,0.0483,0.0466,0.0488,0.0460,0.0496
M1,Male,79,2022,0.0464,0.0456,0.0471,0.0449,0.0480,0.0442,0.0487
M1,Male,79,2023,0.0476,0.0467,0.0486,0.0458,0.0496,0.0449,0.0505
M1,Male,79,2024,0.0457,0.0445,0.0470,0.0434,0.0480,0.0422,0.0492
M1,Male,79,2025,0.0461,0.0445,0.0475,0.0434,0.0486,0.0420,0.0504
M1,Male,79,2026,0.0458,0.0441,0.0476,0.0427,0.0490,0.0411,0.0509
M1,Male,79,2027,0.0445,0.0425,0.0464,0.0408,0.0481,0.0390,0.0503
M1,Male,79,2028,0.0453,0.0430,0.0473,0.0412,0.0496,0.0394,0.0517
M1,Male,79,2029,0.0440,0.0415,0.0464,0.0394,0.0489,0.0375,0.0512
M1,Male,79,2030,0.0439,0.0410,0.0465,0.0389,0.0493,0.0368,0.0522
M1,Male,79,2031,0.0439,0.0406,0.0468,0.0384,0.0497,0.0363,0.0531
M1,Male,79,2032,0.0428,0.0394,0.0459,0.0369,0.0491,0.0344,0.0530
M1,Male,79,2033,0.0431,0.0394,0.0466,0.0367,0.0499,0.0341,0.0541
M1,Male,79,2034,0.0423,0.0384,0.0461,0.0355,0.0497,0.0327,0.0543
M1,Male,79,2035,0.0419,0.0377,0.0461,0.0346,0.0501,0.0315,0.0549
M1,Male,79,2036,0.0419,0.0372,0.0463,0.0342,0.0508,0.0308,0.0568
M1,Male,79,2037,0.0410,0.0362,0.0455,0.0329,0.0503,0.0292,0.0562
M1,Male,79,2038,0.0411,0.0360,0.0460,0.0324,0.0509,0.0288,0.0572
M1,Male,79,2039,0.0406,0.0351,0.0457,0.0316,0.0509,0.0279,0.0585
M1,Male,79,2040,0.0401,0.0343,0.0453,0.0304,0.0511,0.0268,0.0591
M1,Male,80,2021,0.0565,0.0558,0.0572,0.0552,0.0577,0.0545,0.0586
M1,Male,80,2022,0.0550,0.0540,0.0558,0.0533,0.0568,0.0525,0.0576
M1,Male,80,2023,0.0564,0.0553,0.0575,0.0543,0.0586,0.0533,0.0596
M1,Male,80,2024,0.0542,0.0528,0.0556,0.0515,0.0569,0.0502,0.0582
M1,Male,80,2025,0.0546,0.0529,0.0562,0.0515,0.0575,0.0500,0.0595
M1,Male,80,2026,0.0544,0.0524,0.0564,0.0508,0.0580,0.0490,0.0601
M1,Male,80,2027,0.0529,0.0506,0.0550,0.0486,0.0569,0.0466,0.0594
M1,Male,80,2028,0.0537,0.0511,0.0561,0.0491,0.0586,0.0470,0.0610
M1,Male,80,2029,0.0523,0.0494,0.0550,0.0471,0.0579,0.0449,0.0605
M1,Male,80,2030,0.0522,0.0488,0.0551,0.0464,0.0583,0.0440,0.0616
M1,Male,80,2031,0.0521,0.0484,0.0555,0.0458,0.0587,0.0434,0.0626
M1,Male,80,2032,0.0509,0.0470,0.0544,0.0441,0.0581,0.0413,0.0624
M1,Male,80,2033,0.0513,0.0470,0.0552,0.0440,0.0590,0.0410,0.0638
M1,Male,80,2034,0.0503,0.0458,0.0547,0.0425,0.0587,0.0393,0.0640
M1,Male,80,2035,0.0499,0.0451,0.0546,0.0415,0.0591,0.0379,0.0646
M1,Male,80,2036,0.0499,0.0445,0.0549,0.0410,0.0600,0.0371,0.0667
M1,Male,80,2037,0.0489,0.0433,0.0540,0.0395,0.0594,0.0352,0.0660
M1,Male,80,2038,0.0490,0.0431,0.0545,0.0390,0.0601,0.0348,0.0672
M1,Male,80,2039,0.0483,0.0421,0.0542,0.0381,0.0601,0.0338,0.0687
M1,Male,80,2040,0.0478,0.0411,0.0538,0.0367,0.0603,0.0325,0.0693
M1,Male,81,2021,0.0616,0.0609,0.0623,0.0602,0.0629,0.0595,0.0638
M1,Male,81,2022,0.0600,0.0590,0.0609,0.0583,0.0619,0.0574,0.0627
M1,Male,81,2023,0.0615,0.0604,0.0627,0.0593,0.0638,0.0582,0.0649
M1,Male,81,2024,0.0592,0.0577,0.0607,0.0564,0.0620,0.0550,0.0634
M1,Male,81,2025,0.0596,0.0578,0.0613,0.0564,0.0626,0.0548,0.0647
M1,Male,81,2026,0.0594,0.0573,0.0614,0.0556,0.0631,0.0537,0.0654
M1,Male,81,2027,0.0578,0.0554,0.0601,0.0533,0.0620,0.0512,0.0647
M1,Male,81,2028,0.0587,0.0559,0.0611,0.0539,0.0638,0.0516,0.0663
M1,Male,81,2029,0.0572,0.0541,0.0600,0.0517,0.0630,0.0494,0.0657
M1,Male,81,2030,0.0571,0.0536,0.0601,0.0511,0.0635,0.0485,0.0669
M1,Male,81,2031,0.0570,0.0531,0.0605,0.0504,0.0639,0.0479,0.0679
M1,Male,81,2032,0.0557,0.0516,0.0594,0.0486,0.0632,0.0456,0.0678
M1,Male,81,2033,0.0561,0.0517,0.0603,0.0484,0.0642,0.0453,0.0692
M1,Male,81,2034,0.0551,0.0504,0.0597,0.0469,0.0639,0.0434,0.0694
M1,Male,81,2035,0.0547,0.0496,0.0596,0.0459,0.0644,0.0420,0.0701
M1,Male,81,2036,0.0547,0.0490,0.0599,0.0453,0.0653,0.0412,0.0723
M1,Male,81,2037,0.0536,0.0478,0.0590,0.0437,0.0646,0.0391,0.0715
M1,Male,81,2038,0.0537,0.0475,0.0596,0.0431,0.0653,0.0388,0.0728
M1,Male,81,2039,0.0531,0.0464,0.0592,0.0422,0.0654,0.0376,0.0743
M1,Male,81,2040,0.0525,0.0454,0.0588,0.0407,0.0656,0.0362,0.0750
M1,Male,82,2021,0.0680,0.0673,0.0688,0.0666,0.0694,0.0658,0.0703
M1,Male,82,2022,0.0663,0.0653,0.0673,0.0645,0.0683,0.0636,0.0692
M1,Male,82,2023,0.0679,0.0667,0.0691,0.0656,0.0703,0.0645,0.0715
M1,Male,82,2024,0.0654,0.0639,0.0671,0.0625,0.0684,0.0610,0.0699
M1,Male,82,2025,0.0659,0.0640,0.0677,0.0625,0.0691,0.0608,0.0713
M1,Male,82,2026,0.0656,0.0634,0.0679,0.0617,0.0696,0.0596,0.0720
M1,Male,82,2027,0.0640,0.0615,0.0664,0.0592,0.0684,0.0569,0.0713
M1,Male,82,2028,0.0650,0.0620,0.0675,0.0598,0.0703,0.0574,0.0729
M1,Male,82,2029,0.0633,0.0601,0.0663,0.0575,0.0695,0.0550,0.0724
M1,Male,82,2030,0.0632,0.0595,0.0665,0.0568,0.0700,0.0541,0.0736
M1,Male,82,2031,0.0631,0.0590,0.0669,0.0561,0.0705,0.0534,0.0747
M1,Male,82,2032,0.0617,0.0574,0.0657,0.0542,0.0698,0.0510,0.0746
M1,Male,82,2033,0.0622,0.0575,0.0666,0.0540,0.0708,0.0506,0.0760
M1,Male,82,2034,0.0612,0.0561,0.0660,0.0524,0.0705,0.0487,0.0762
M1,Male,82,2035,0.0607,0.0553,0.0659,0.0513,0.0709,0.0471,0.0769
M1,Male,82,2036,0.0607,0.0547,0.0662,0.0506,0.0719,0.0462,0.0792
M1,Male,82,2037,0.0596,0.0533,0.0652,0.0490,0.0712,0.0440,0.0785
M1,Male,82,2038,0.0596,0.0530,0.0659,0.0483,0.0719,0.0436,0.0798
M1,Male,82,2039,0.0589,0.0519,0.0654,0.0473,0.0720,0.0424,0.0814
M1,Male,82,2040,0.0584,0.0508,0.0650,0.0457,0.0722,0.0408,0.0821
M1,Male,83,2021,0.0777,0.0769,0.0785,0.0761,0.0792,0.0753,0.0802
M1,Male,83,2022,0.0759,0.0747,0.0769,0.0738,0.0780,0.0729,0.0790
M1,Male,83,2023,0.0776,0.0763,0.0789,0.0750,0.0802,0.0738,0.0814
M1,Male,83,2024,0.0749,0.0732,0.0767,0.0717,0.0781,0.0700,0.0797
M1,Male,83,2025,0.0754,0.0733,0.0774,0.0717,0.0789,0.0698,0.0812
M1,Male,83,2026,0.0751,0.0727,0.0775,0.0708,0.0794,0.0686,0.0820
M1,Male,83,2027,0.0733,0.0706,0.0759,0.0681,0.0781,0.0656,0.0812
M1,Male,83,2028,0.0744,0.0712,0.0771,0.0688,0.0802,0.0661,0.0830
M1,Male,83,2029,0.0726,0.0691,0.0758,0.0662,0.0793,0.0635,0.0824
M1,Male,83,2030,0.0725,0.0684,0.0760,0.0655,0.0799,0.0625,0.0837
M1,Male,83,2031,0.0724,0.0679,0.0764,0.0647,0.0803,0.0617,0.0849
M1,Male,83,2032,0.0709,0.0662,0.0752,0.0626,0.0796,0.0591,0.0847
M1,Male,83,2033,0.0714,0.0662,0.0761,0.0624,0.0807,0.0587,0.0863
M1,Male,83,2034,0.0702,0.0647,0.0755,0.0606,0.0803,0.0565,0.0865
M1,Male,83,2035,0.0697,0.0638,0.0754,0.0594,0.0808,0.0548,0.0873
M1,Male,83,2036,0.0697,0.0631,0.0757,0.0587,0.0819,0.0538,0.0898
M1,Male,83,2037,0.0685,0.0616,0.0747,0.0569,0.0811,0.0514,0.0890
M1,Male,83,2038,0.0686,0.0613,0.0753,0.0562,0.0819,0.0509,0.0904
M1,Male,83,2039,0.0678,0.0601,0.0749,0.0551,0.0820,0.0496,0.0920
M1,Male,83,2040,0.0672,0.0589,0.0744,0.0533,0.0822,0.0479,0.0928
M1,Male,84,2021,0.0874,0.0865,0.0883,0.0857,0.0890,0.0849,0.0900
M1,Male,84,2022,0.0855,0.0843,0.0866,0.0833,0.0877,0.0823,0.0888
M1,Male,84,2023,0.0873,0.0859,0.0887,0.0846,0.0900,0.0833,0.0914
M1,Male,84,2024,0.0844,0.0827,0.0863,0.0810,0.0879,0.0793,0.0896
M1,Male,84,2025,0.0850,0.0828,0.0871,0.0810,0.0887,0.0790,0.0912
M1,Male,84,2026,0.0847,0.0821,0.0872,0.0801,0.0892,0.0777,0.0920
M1,Male,84,2027,0.0828,0.0798,0.0855,0.0772,0.0879,0.0745,0.0911
M1,Male,84,2028,0.0839,0.0805,0.0868,0.0779,0.0901,0.0751,0.0930
M1,Male,84,2029,0.0820,0.0782,0.0854,0.0752,0.0891,0.0723,0.0924
M1,Male,84,2030,0.0818,0.0775,0.0856,0.0744,0.0897,0.0712,0.0938
M1,Male,84,2031,0.0818,0.0770,0.0861,0.0736,0.0902,0.0704,0.0950
M1,Male,84,2032,0.0802,0.0751,0.0848,0.0713,0.0894,0.0675,0.0949
M1,Male,84,2033,0.0807,0.0752,0.0858,0.0711,0.0906,0.0671,0.0965
M1,Male,84,2034,0.0795,0.0736,0.0850,0.0692,0.0902,0.0648,0.0968
M1,Male,84,2035,0.0789,0.0726,0.0850,0.0679,0.0907,0.0629,0.0976
M1,Male,84,2036,0.0789,0.0719,0.0853,0.0671,0.0918,0.0618,0.1002
M1,Male,84,2037,0.0776,0.0702,0.0842,0.0651,0.0910,0.0592,0.0993
M1,Male,84,2038,0.0777,0.0699,0.0849,0.0644,0.0919,0.0587,0.1008
M1,Male,84,2039,0.0769,0.0686,0.0844,0.0632,0.0920,0.0572,0.1025
M1,Male,84,2040,0.0762,0.0673,0.0840,0.0612,0.0922,0.0553,0.1034
M1,Male,85,2021,0.1036,0.1026,0.1045,0.1017,0.1053,0.1008,0.1065
M1,Male,85,2022,0.1014,0.1001,0.1027,0.0991,0.1040,0.0979,0.1051
M1,Male,85,2023,0.1034,0.1020,0.1050,0.1005,0.1065,0.0990,0.1079
M1,Male,85,2024,0.1003,0.0983,0.1024,0.0965,0.1041,0.0946,0.1060
M1,Male,85,2025,0.1009,0.0985,0.1032,0.0965,0.1050,0.0943,0.1078
M1,Male,85,2026,0.1006,0.0977,0.1034,0.0954,0.1056,0.0928,0.1086
M1,Male,85,2027,0.0984,0.0952,0.1015,0.0922,0.1041,0.0893,0.1077
M1,Male,85,2028,0.0997,0.0959,0.1029,0.0930,0.1065,0.0899,0.1098
M1,Male,85,2029,0.0976,0.0934,0.1014,0.0900,0.1055,0.0868,0.1091
M1,Male,85,2030,0.0974,0.0926,0.1016,0.0891,0.1061,0.0855,0.1106
M1,Male,85,2031,0.0973,0.0920,0.1021,0.0882,0.1067,0.0846,0.1120
M1,Male,85,2032,0.0955,0.0899,0.1006,0.0856,0.1058,0.0814,0.1118
M1,Male,85,2033,0.0961,0.0900,0.1018,0.0854,0.1071,0.0809,0.1136
M1,Male,85,2034,0.0948,0.0882,0.1010,0.0833,0.1067,0.0783,0.1139
M1,Male,85,2035,0.0942,0.0871,0.1009,0.0818,0.1073,0.0762,0.1148
M1,Male,85,2036,0.0942,0.0863,0.1013,0.0809,0.1085,0.0750,0.1176
M1,Male,85,2037,0.0927,0.0845,0.1000,0.0787,0.1076,0.0719,0.1167
M1,Male,85,2038,0.0928,0.0841,0.1008,0.0778,0.1085,0.0714,0.1183
M1,Male,85,2039,0.0919,0.0826,0.1003,0.0765,0.1086,0.0697,0.1202
M1,Male,85,2040,0.0911,0.0811,0.0998,0.0743,0.1089,0.0676,0.1211
M1,Male,86,2021,0.1124,0.1114,0.1133,0.1105,0.1141,0.1095,0.1153
M1,Male,86,2022,0.1102,0.1089,0.1114,0.1078,0.1127,0.1066,0.1139
M1,Male,86,2023,0.1122,0.1107,0.1138,0.1092,0.1153,0.1078,0.1168
M1,Male,86,2024,0.1090,0.1070,0.1111,0.1052,0.1129,0.1032,0.1148
M1,Male,86,2025,0.1097,0.1072,0.1120,0.1052,0.1138,0.1030,0.1166
M1,Male,86,2026,0.1093,0.1064,0.1122,0.1041,0.1144,0.1014,0.1175
M1,Male,86,2027,0.1071,0.1039,0.1103,0.1009,0.1129,0.0978,0.1165
M1,Male,86,2028,0.1084,0.1046,0.1117,0.1017,0.1153,0.0985,0.1186
M1,Male,86,2029,0.1063,0.1020,0.1102,0.0986,0.1143,0.0953,0.1179
M1,Male,86,2030,0.1061,0.1013,0.1104,0.0977,0.1150,0.0939,0.1195
M1,Male,86,2031,0.1060,0.1006,0.1109,0.0967,0.1155,0.0930,0.1209
M1,Male,86,2032,0.1042,0.0985,0.1094,0.0941,0.1146,0.0898,0.1207
M1,Male,86,2033,0.1048,0.0985,0.1105,0.0939,0.1159,0.0892,0.1224
M1,Male,86,2034,0.1034,0.0968,0.1097,0.0917,0.1155,0.0865,0.1227
M1,Male,86,2035,0.1028,0.0956,0.1097,0.0901,0.1161,0.0844,0.1236
M1,Male,86,2036,0.1028,0.0948,0.1100,0.0893,0.1173,0.0831,0.1265
M1,Male,86,2037,0.1013,0.0929,0.1088,0.0870,0.1164,0.0800,0.1255
M1,Male,86,2038,0.1014,0.0925,0.1096,0.0861,0.1174,0.0794,0.1272
M1,Male,86,2039,0.1005,0.0910,0.1090,0.0847,0.1175,0.0777,0.1291
M1,Male,86,2040,0.0997,0.0895,0.1085,0.0824,0.1177,0.0754,0.1300
M1,Male,87,2021,0.1298,0.1288,0.1308,0.1278,0.1317,0.1267,0.1330
M1,Male,87,2022,0.1275,0.1260,0.1288,0.1249,0.1302,0.1236,0.1315
M1,Male,87,2023,0.1296,0.1280,0.1313,0.1264,0.1330,0.1248,0.1346
M1,Male,87,2024,0.1262,0.1240,0.1285,0.1221,0.1304,0.1199,0.1324
M1,Male,87,2025,0.1269,0.1242,0.1294,0.1220,0.1313,0.1196,0.1343
M1,Male,87,2026,0.1265,0.1234,0.1296,0.1209,0.1320,0.1179,0.1353
M1,Male,87,2027,0.1242,0.1206,0.1275,0.1173,0.1304,0.1140,0.1343
M1,Male,87,2028,0.1255,0.1214,0.1291,0.1182,0.1330,0.1147,0.1366
M1,Male,87,2029,0.1232,0.1186,0.1274,0.1148,0.1319,0.1112,0.1358
M1,Male,87,2030,0.1230,0.1178,0.1276,0.1138,0.1326,0.1098,0.1375
M1,Male,87,2031,0.1230,0.1171,0.1282,0.1128,0.1332,0.1088,0.1390
M1,Male,87,2032,0.1210,0.1147,0.1266,0.1099,0.1322,0.1052,0.1387
M1,Male,87,2033,0.1216,0.1148,0.1278,0.1097,0.1336,0.1046,0.1407
M1,Male,87,2034,0.1201,0.1128,0.1269,0.1073,0.1332,0.1016,0.1410
M1,Male,87,2035,0.1195,0.1116,0.1269,0.1056,0.1338,0.0993,0.1420
M1,Male,87,2036,0.1194,0.1107,0.1273,0.1047,0.1351,0.0979,0.1450
M1,Male,87,2037,0.1178,0.1086,0.1259,0.1021,0.1342,0.0944,0.1440
M1,Male,87,2038,0.1180,0.1082,0.1268,0.1011,0.1352,0.0938,0.1457
M1,Male,87,2039,0.1169,0.1065,0.1262,0.0996,0.1353,0.0918,0.1478
M1,Male,87,2040,0.1161,0.1049,0.1256,0.0971,0.1356,0.0893,0.1487
M1,Male,88,2021,0.1460,0.1450,0.1471,0.1440,0.1480,0.1429,0.1493
M1,Male,88,2022,0.1436,0.1421,0.1450,0.1409,0.1465,0.1396,0.1477
M1,Male,88,2023,0.1459,0.1442,0.1476,0.1425,0.1493,0.1409,0.1509
M1,Male,88,2024,0.1423,0.1401,0.1447,0.1381,0.1466,0.1358,0.1487
M1,Male,88,2025,0.1430,0.1403,0.1456,0.1380,0.1476,0.1355,0.1507
M1,Male,88,2026,0.1426,0.1394,0.1458,0.1368,0.1483,0.1338,0.1517
M1,Male,88,2027,0.1402,0.1365,0.1437,0.1331,0.1466,0.1297,0.1506
M1,Male,88,2028,0.1416,0.1373,0.1453,0.1341,0.1493,0.1304,0.1530
M1,Male,88,2029,0.1393,0.1345,0.1436,0.1306,0.1482,0.1268,0.1522
M1,Male,88,2030,0.1391,0.1336,0.1438,0.1295,0.1489,0.1253,0.1539
M1,Male,88,2031,0.1390,0.1329,0.1444,0.1285,0.1495,0.1243,0.1554
M1,Male,88,2032,0.1369,0.1305,0.1427,0.1255,0.1485,0.1205,0.1552
M1,Male,88,2033,0.1376,0.1305,0.1440,0.1253,0.1499,0.1199,0.1571
M1,Male,88,2034,0.1361,0.1285,0.1431,0.1227,0.1495,0.1168,0.1575
M1,Male,88,2035,0.1354,0.1272,0.1431,0.1210,0.1501,0.1143,0.1585
M1,Male,88,2036,0.1354,0.1262,0.1434,0.1200,0.1515,0.1128,0.1616
M1,Male,88,2037,0.1337,0.1241,0.1420,0.1173,0.1505,0.1092,0.1605
M1,Male,88,2038,0.1338,0.1236,0.1429,0.1163,0.1516,0.1085,0.1623
M1,Male,88,2039,0.1328,0.1219,0.1423,0.1146,0.1517,0.1064,0.1644
M1,Male,88,2040,0.1319,0.1202,0.1417,0.1120,0.1520,0.1038,0.1653
M1,Male,89,2021,0.1666,0.1655,0.1677,0.1645,0.1686,0.1634,0.1699
M1,Male,89,2022,0.1641,0.1626,0.1655,0.1614,0.1670,0.1600,0.1683
M1,Male,89,2023,0.1664,0.1647,0.1682,0.1630,0.1699,0.1613,0.1716
M1,Male,89,2024,0.1628,0.1605,0.1652,0.1584,0.1672,0.1561,0.1693
M1,Male,89,2025,0.1635,0.1607,0.1662,0.1584,0.1682,0.1558,0.1713
M1,Male,89,2026,0.1631,0.1598,0.1663,0.1571,0.1689,0.1540,0.1723
M1,Male,89,2027,0.1606,0.1568,0.1642,0.1533,0.1672,0.1498,0.1712
M1,Male,89,2028,0.1621,0.1577,0.1659,0.1543,0.1699,0.1505,0.1736
M1,Male,89,2029,0.1596,0.1547,0.1641,0.1507,0.1688,0.1468,0.1729
M1,Male,89,2030,0.1595,0.1538,0.1643,0.1496,0.1695,0.1452,0.1746
M1,Male,89,2031,0.1594,0.1531,0.1649,0.1485,0.1701,0.1441,0.1761
M1,Male,89,2032,0.1572,0.1506,0.1632,0.1454,0.1691,0.1402,0.1759
M1,Male,89,2033,0.1579,0.1506,0.1645,0.1452,0.1706,0.1396,0.1779
M1,Male,89,2034,0.1563,0.1485,0.1636,0.1425,0.1701,0.1363,0.1782
M1,Male,89,2035,0.1557,0.1472,0.1635,0.1407,0.1708,0.1337,0.1792
M1,Male,89,2036,0.1556,0.1462,0.1639,0.1396,0.1722,0.1322,0.1824
M1,Male,89,2037,0.1539,0.1440,0.1625,0.1368,0.1712,0.1283,0.1813
M1,Male,89,2038,0.1540,0.1435,0.1634,0.1358,0.1722,0.1276,0.1831
M1,Male,89,2039,0.1529,0.1417,0.1628,0.1341,0.1723,0.1254,0.1852
M1,Male,89,2040,0.1520,0.1399,0.1622,0.1313,0.1726,0.1226,0.1862
M1,Male,90,2021,0.1836,0.1824,0.1847,0.1814,0.1856,0.1802,0.1870
M1,Male,90,2022,0.1810,0.1794,0.1825,0.1781,0.1840,0.1767,0.1854
M1,Male,90,2023,0.1834,0.1816,0.1852,0.1798,0.1870,0.1781,0.1888
M1,Male,90,2024,0.1796,0.1772,0.1821,0.1750,0.1842,0.1726,0.1864
M1,Male,90,2025,0.1804,0.1774,0.1831,0.1750,0.1852,0.1723,0.1885
M1,Male,90,2026,0.1799,0.1765,0.1833,0.1737,0.1860,0.1704,0.1896
M1,Male,90,2027,0.1773,0.1734,0.1811,0.1697,0.1842,0.1660,0.1884
M1,Male,90,2028,0.1789,0.1742,0.1828,0.1707,0.1871,0.1668,0.1909
M1,Male,90,2029,0.1763,0.1712,0.1810,0.1669,0.1859,0.1628,0.1901
M1,Male,90,2030,0.1761,0.1702,0.1812,0.1658,0.1866,0.1612,0.1919
M1,Male,90,2031,0.1760,0.1694,0.1818,0.1646,0.1873,0.1600,0.1935
M1,Male,90,2032,0.1738,0.1668,0.1800,0.1613,0.1862,0.1559,0.1933
M1,Male,90,2033,0.1745,0.1669,0.1814,0.1611,0.1877,0.1552,0.1954
M1,Male,90,2034,0.1729,0.1647,0.1804,0.1583,0.1872,0.1518,0.1957
M1,Male,90,2035,0.1721,0.1632,0.1804,0.1564,0.1879,0.1490,0.1967
M1,Male,90,2036,0.1721,0.1622,0.1808,0.1553,0.1894,0.1474,0.2000
M1,Male,90,2037,0.1703,0.1598,0.1793,0.1523,0.1883,0.1433,0.1989
M1,Male,90,2038,0.1704,0.1593,0.1803,0.1512,0.1895,0.1425,0.2008
M1,Male,90,2039,0.1693,0.1574,0.1796,0.1494,0.1896,0.1402,0.2030
M1,Male,90,2040,0.1683,0.1556,0.1790,0.1464,0.1899,0.1373,0.2040
M1,Male,91,2021,0.2021,0.2010,0.2032,0.1999,0.2041,0.1988,0.2055
M1,Male,91,2022,0.1996,0.1981,0.2010,0.1968,0.2025,0.1954,0.2039
M1,Male,91,2023,0.2019,0.2002,0.2037,0.1985,0.2055,0.1968,0.2071
M1,Male,91,2024,0.1983,0.1959,0.2007,0.1938,0.2027,0.1914,0.2048
M1,Male,91,2025,0.1990,0.1961,0.2017,0.1938,0.2037,0.1911,0.2069
M1,Male,91,2026,0.1986,0.1952,0.2019,0.1925,0.2045,0.1893,0.2079
M1,Male,91,2027,0.1961,0.1922,0.1997,0.1886,0.2027,0.1850,0.2068
M1,Male,91,2028,0.1975,0.1930,0.2014,0.1896,0.2055,0.1857,0.2092
M1,Male,91,2029,0.1951,0.1900,0.1996,0.1859,0.2043,0.1818,0.2084
M1,Male,91,2030,0.1949,0.1891,0.1998,0.1848,0.2051,0.1802,0.2102
M1,Male,91,2031,0.1948,0.1884,0.2004,0.1836,0.2057,0.1791,0.2117
M1,Male,91,2032,0.1926,0.1858,0.1987,0.1804,0.2046,0.1750,0.2115
M1,Male,91,2033,0.1933,0.1858,0.2000,0.1802,0.2061,0.1743,0.2135
M1,Male,91,2034,0.1917,0.1837,0.1991,0.1774,0.2057,0.1710,0.2138
M1,Male,91,2035,0.1910,0.1822,0.1990,0.1755,0.2063,0.1682,0.2148
M1,Male,91,2036,0.1909,0.1812,0.1994,0.1744,0.2077,0.1666,0.2179
M1,Male,91,2037,0.1892,0.1789,0.1979,0.1715,0.2067,0.1625,0.2169
M1,Male,91,2038,0.1893,0.1784,0.1989,0.1704,0.2078,0.1617,0.2187
M1,Male,91,2039,0.1882,0.1765,0.1983,0.1686,0.2079,0.1594,0.2208
M1,Male,91,2040,0.1873,0.1747,0.1976,0.1656,0.2082,0.1564,0.2217
M1,Male,92,2021,0.2237,0.2227,0.2248,0.2217,0.2256,0.2206,0.2269
M1,Male,92,2022,0.2214,0.2199,0.2227,0.2187,0.2242,0.2174,0.2254
M1,Male,92,2023,0.2236,0.2219,0.2253,0.2203,0.2269,0.2186,0.2285
M1,Male,92,2024,0.2201,0.2178,0.2224,0.2158,0.2243,0.2135,0.2264
M1,Male,92,2025,0.2208,0.2180,0.2233,0.2158,0.2253,0.2132,0.2283
M1,Male,92,2026,0.2204,0.2172,0.2235,0.2145,0.2260,0.2114,0.2293
M1,Male,92,2027,0.2179,0.2142,0.2214,0.2108,0.2243,0.2073,0.2282
M1,Male,92,2028,0.2194,0.2150,0.2230,0.2117,0.2270,0.2080,0.2305
M1,Male,92,2029,0.2170,0.2121,0.2213,0.2081,0.2259,0.2042,0.2298
M1,Male,92,2030,0.2168,0.2112,0.2215,0.2071,0.2266,0.2027,0.2314
M1,Male,92,2031,0.2167,0.2105,0.2221,0.2060,0.2272,0.2016,0.2329
M1,Male,92,2032,0.2146,0.2080,0.2205,0.2028,0.2262,0.1976,0.2327
M1,Male,92,2033,0.2153,0.2081,0.2217,0.2026,0.2276,0.1970,0.2346
M1,Male,92,2034,0.2137,0.2060,0.2208,0.1999,0.2271,0.1936,0.2349
M1,Male,92,2035,0.2131,0.2046,0.2208,0.1981,0.2278,0.1909,0.2358
M1,Male,92,2036,0.2130,0.2036,0.2212,0.1970,0.2291,0.1894,0.2388
M1,Male,92,2037,0.2113,0.2014,0.2198,0.1942,0.2281,0.1853,0.2378
M1,Male,92,2038,0.2115,0.2009,0.2207,0.1931,0.2292,0.1846,0.2395
M1,Male,92,2039,0.2104,0.1991,0.2201,0.1913,0.2293,0.1823,0.2415
M1,Male,92,2040,0.2095,0.1973,0.2195,0.1884,0.2296,0.1794,0.2424
M1,Male,93,2021,0.2455,0.2444,0.2465,0.2433,0.2474,0.2422,0.2487
M1,Male,93,2022,0.2430,0.2415,0.2444,0.2402,0.2459,0.2389,0.2472
M1,Male,93,2023,0.2453,0.2436,0.2470,0.2419,0.2487,0.2402,0.2504
M1,Male,93,2024,0.2417,0.2394,0.2441,0.2373,0.2460,0.2349,0.2481
M1,Male,93,2025,0.2424,0.2395,0.2450,0.2372,0.2470,0.2346,0.2502
M1,Male,93,2026,0.2420,0.2387,0.2452,0.2360,0.2478,0.2328,0.2511
M1,Male,93,2027,0.2395,0.2357,0.2431,0.2321,0.2461,0.2285,0.2501
M1,Male,93,2028,0.2409,0.2365,0.2447,0.2331,0.2488,0.2292,0.2524
M1,Male,93,2029,0.2385,0.2335,0.2430,0.2294,0.2476,0.2253,0.2517
M1,Male,93,2030,0.2383,0.2326,0.2432,0.2283,0.2484,0.2237,0.2533
M1,Male,93,2031,0.2382,0.2319,0.2438,0.2271,0.2490,0.2226,0.2548
M1,Male,93,2032,0.2361,0.2293,0.2421,0.2239,0.2479,0.2185,0.2546
M1,Male,93,2033,0.2368,0.2293,0.2434,0.2237,0.2494,0.2178,0.2566
M1,Male,93,2034,0.2352,0.2272,0.2425,0.2209,0.2489,0.2144,0.2569
M1,Male,93,2035,0.2345,0.2257,0.2424,0.2190,0.2496,0.2116,0.2579
M1,Male,93,2036,0.2344,0.2247,0.2428,0.2179,0.2510,0.2099,0.2609
M1,Male,93,2037,0.2327,0.2224,0.2414,0.2149,0.2500,0.2057,0.2599
M1,Male,93,2038,0.2328,0.2219,0.2423,0.2138,0.2510,0.2049,0.2616
M1,Male,93,2039,0.2317,0.2200,0.2417,0.2119,0.2511,0.2026,0.2636
M1,Male,93,2040,0.2308,0.2181,0.2411,0.2089,0.2514,0.1995,0.2646
M1,Male,94,2021,0.2719,0.2709,0.2729,0.2700,0.2737,0.2690,0.2749
M1,Male,94,2022,0.2697,0.2683,0.2709,0.2671,0.2723,0.2659,0.2735
M1,Male,94,2023,0.2718,0.2702,0.2734,0.2687,0.2749,0.2671,0.2764
M1,Male,94,2024,0.2684,0.2663,0.2707,0.2644,0.2725,0.2622,0.2744
M1,Male,94,2025,0.2691,0.2665,0.2715,0.2644,0.2734,0.2619,0.2762
M1,Male,94,2026,0.2687,0.2657,0.2717,0.2632,0.2740,0.2603,0.2771
M1,Male,94,2027,0.2664,0.2629,0.2697,0.2596,0.2725,0.2563,0.2762
M1,Male,94,2028,0.2678,0.2637,0.2713,0.2605,0.2750,0.2570,0.2783
M1,Male,94,2029,0.2655,0.2609,0.2696,0.2571,0.2739,0.2533,0.2776
M1,Male,94,2030,0.2654,0.2601,0.2698,0.2561,0.2746,0.2518,0.2791
M1,Male,94,2031,0.2653,0.2594,0.2704,0.2550,0.2752,0.2508,0.2805
M1,Male,94,2032,0.2633,0.2570,0.2688,0.2520,0.2742,0.2470,0.2803
M1,Male,94,2033,0.2639,0.2570,0.2700,0.2518,0.2755,0.2463,0.2821
M1,Male,94,2034,0.2625,0.2550,0.2692,0.2492,0.2751,0.2431,0.2824
M1,Male,94,2035,0.2618,0.2537,0.2691,0.2474,0.2757,0.2404,0.2833
M1,Male,94,2036,0.2618,0.2528,0.2695,0.2464,0.2770,0.2389,0.2860
M1,Male,94,2037,0.2601,0.2506,0.2682,0.2436,0.2761,0.2350,0.2851
M1,Male,94,2038,0.2603,0.2501,0.2690,0.2425,0.2770,0.2342,0.2867
M1,Male,94,2039,0.2592,0.2484,0.2684,0.2408,0.2771,0.2320,0.2885
M1,Male,94,2040,0.2584,0.2466,0.2679,0.2380,0.2774,0.2290,0.2894
M1,Male,95,2021,0.2937,0.2927,0.2947,0.2918,0.2954,0.2909,0.2966
M1,Male,95,2022,0.2915,0.2902,0.2928,0.2891,0.2941,0.2879,0.2952
M1,Male,95,2023,0.2936,0.2921,0.2951,0.2905,0.2966,0.2891,0.2980
M1,Male,95,2024,0.2903,0.2883,0.2925,0.2864,0.2942,0.2843,0.2961
M1,Male,95,2025,0.2910,0.2884,0.2933,0.2864,0.2951,0.2840,0.2979
M1,Male,95,2026,0.2906,0.2877,0.2935,0.2853,0.2957,0.2824,0.2987
M1,Male,95,2027,0.2884,0.2850,0.2916,0.2818,0.2942,0.2785,0.2978
M1,Male,95,2028,0.2897,0.2857,0.2931,0.2827,0.2966,0.2792,0.2999
M1,Male,95,2029,0.2875,0.2831,0.2915,0.2794,0.2956,0.2757,0.2992
M1,Male,95,2030,0.2874,0.2822,0.2917,0.2784,0.2963,0.2742,0.3007
M1,Male,95,2031,0.2873,0.2816,0.2922,0.2773,0.2968,0.2732,0.3020
M1,Male,95,2032,0.2854,0.2793,0.2907,0.2744,0.2959,0.2695,0.3018
M1,Male,95,2033,0.2860,0.2793,0.2919,0.2742,0.2972,0.2689,0.3035
M1,Male,95,2034,0.2845,0.2774,0.2910,0.2717,0.2968,0.2657,0.3038
M1,Male,95,2035,0.2839,0.2761,0.2910,0.2699,0.2974,0.2631,0.3046
M1,Male,95,2036,0.2839,0.2751,0.2913,0.2689,0.2986,0.2616,0.3073
M1,Male,95,2037,0.2823,0.2731,0.2901,0.2662,0.2977,0.2578,0.3064
M1,Male,95,2038,0.2824,0.2726,0.2909,0.2652,0.2986,0.2570,0.3079
M1,Male,95,2039,0.2814,0.2709,0.2903,0.2635,0.2987,0.2548,0.3097
M1,Male,95,2040,0.2806,0.2692,0.2898,0.2607,0.2990,0.2520,0.3105
M1,Male,96,2021,0.3154,0.3147,0.3162,0.3140,0.3167,0.3133,0.3176
M1,Male,96,2022,0.3138,0.3128,0.3147,0.3120,0.3157,0.3111,0.3166
M1,Male,96,2023,0.3153,0.3142,0.3165,0.3131,0.3176,0.3120,0.3187
M1,Male,96,2024,0.3129,0.3114,0.3145,0.3100,0.3158,0.3084,0.3172
M1,Male,96,2025,0.3134,0.3115,0.3152,0.3100,0.3165,0.3082,0.3185
M1,Male,96,2026,0.3131,0.3109,0.3153,0.3091,0.3170,0.3070,0.3192
M1,Male,96,2027,0.3115,0.3089,0.3139,0.3065,0.3158,0.3040,0.3185
M1,Male,96,2028,0.3124,0.3095,0.3150,0.3072,0.3176,0.3046,0.3200
M1,Male,96,2029,0.3108,0.3075,0.3138,0.3047,0.3169,0.3019,0.3195
M1,Male,96,2030,0.3107,0.3068,0.3139,0.3039,0.3174,0.3008,0.3206
M1,Male,96,2031,0.3106,0.3063,0.3143,0.3031,0.3178,0.3000,0.3216
M1,Male,96,2032,0.3092,0.3046,0.3132,0.3009,0.3171,0.2972,0.3215
M1,Male,96,2033,0.3097,0.3046,0.3141,0.3007,0.3180,0.2967,0.3227
M1,Male,96,2034,0.3086,0.3031,0.3135,0.2988,0.3177,0.2943,0.3229
M1,Male,96,2035,0.3081,0.3022,0.3134,0.2975,0.3182,0.2923,0.3236
M1,Male,96,2036,0.3081,0.3015,0.3137,0.2967,0.3191,0.2912,0.3255
M1,Male,96,2037,0.3069,0.2999,0.3127,0.2947,0.3184,0.2882,0.3249
M1,Male,96,2038,0.3070,0.2995,0.3133,0.2939,0.3191,0.2876,0.3260
M1,Male,96,2039,0.3062,0.2982,0.3129,0.2926,0.3192,0.2859,0.3273
M1,Male,96,2040,0.3056,0.2969,0.3125,0.2905,0.3194,0.2837,0.3279
M1,Male,97,2021,0.3341,0.3336,0.3347,0.3331,0.3351,0.3326,0.3357
M1,Male,97,2022,0.3329,0.3322,0.3336,0.3316,0.3343,0.3309,0.3350
M1,Male,97,2023,0.3341,0.3332,0.3349,0.3324,0.3357,0.3316,0.3365
M1,Male,97,2024,0.3323,0.3312,0.3335,0.3301,0.3344,0.3289,0.3354
M1,Male,97,2025,0.3326,0.3312,0.3339,0.3301,0.3349,0.3288,0.3364
M1,Male,97,2026,0.3324,0.3308,0.3340,0.3295,0.3353,0.3279,0.3369
M1,Male,97,2027,0.3312,0.3293,0.3330,0.3275,0.3344,0.3257,0.3364
M1,Male,97,2028,0.3319,0.3297,0.3338,0.3280,0.3357,0.3261,0.3375
M1,Male,97,2029,0.3307,0.3283,0.3329,0.3262,0.3352,0.3241,0.3371
M1,Male,97,2030,0.3306,0.3278,0.3330,0.3256,0.3355,0.3233,0.3379
M1,Male,97,2031,0.3306,0.3274,0.3333,0.3250,0.3358,0.3227,0.3387
M1,Male,97,2032,0.3295,0.3261,0.3325,0.3234,0.3353,0.3206,0.3386
M1,Male,97,2033,0.3299,0.3262,0.3331,0.3233,0.3360,0.3203,0.3395
M1,Male,97,2034,0.3291,0.3251,0.3327,0.3219,0.3358,0.3185,0.3396
M1,Male,97,2035,0.3287,0.3243,0.3327,0.3209,0.3361,0.3170,0.3401
M1,Male,97,2036,0.3287,0.3238,0.3328,0.3203,0.3368,0.3161,0.3415
M1,Male,97,2037,0.3278,0.3226,0.3321,0.3188,0.3363,0.3139,0.3411
M1,Male,97,2038,0.3279,0.3224,0.3326,0.3182,0.3368,0.3135,0.3419
M1,Male,97,2039,0.3273,0.3214,0.3323,0.3172,0.3369,0.3122,0.3428
M1,Male,97,2040,0.3269,0.3204,0.3320,0.3156,0.3370,0.3106,0.3433
M1,Male,98,2021,0.3612,0.3609,0.3615,0.3607,0.3617,0.3604,0.3621
M1,Male,98,2022,0.3606,0.3602,0.3609,0.3598,0.3613,0.3595,0.3617
M1,Male,98,2023,0.3612,0.3607,0.3617,0.3603,0.3621,0.3598,0.3625
M1,Male,98,2024,0.3602,0.3596,0.3609,0.3590,0.3614,0.3584,0.3619
M1,Male,98,2025,0.3604,0.3596,0.3611,0.3590,0.3616,0.3583,0.3625
M1,Male,98,2026,0.3603,0.3594,0.3612,0.3587,0.3618,0.3578,0.3627
M1,Male,98,2027,0.3596,0.3586,0.3606,0.3576,0.3614,0.3566,0.3624
M1,Male,98,2028,0.3600,0.3588,0.3610,0.3579,0.3621,0.3568,0.3631
M1,Male,98,2029,0.3594,0.3580,0.3606,0.3569,0.3618,0.3557,0.3629
M1,Male,98,2030,0.3593,0.3577,0.3606,0.3566,0.3620,0.3553,0.3633
M1,Male,98,2031,0.3593,0.3575,0.3608,0.3562,0.3622,0.3550,0.3637
M1,Male,98,2032,0.3587,0.3568,0.3603,0.3553,0.3619,0.3538,0.3636
M1,Male,98,2033,0.3589,0.3568,0.3607,0.3553,0.3623,0.3536,0.3642
M1,Male,98,2034,0.3585,0.3562,0.3604,0.3545,0.3622,0.3526,0.3642
M1,Male,98,2035,0.3583,0.3558,0.3604,0.3539,0.3623,0.3518,0.3645
M1,Male,98,2036,0.3583,0.3556,0.3605,0.3536,0.3627,0.3513,0.3653
M1,Male,98,2037,0.3578,0.3549,0.3601,0.3528,0.3624,0.3501,0.3650
M1,Male,98,2038,0.3578,0.3548,0.3604,0.3524,0.3627,0.3498,0.3654
M1,Male,98,2039,0.3575,0.3542,0.3602,0.3519,0.3627,0.3491,0.3660
M1,Male,98,2040,0.3572,0.3537,0.3601,0.3510,0.3628,0.3482,0.3662
M1,Male,99,2021,0.3945,0.3931,0.3959,0.3918,0.3969,0.3905,0.3986
M1,Male,99,2022,0.3914,0.3895,0.3932,0.3879,0.3950,0.3862,0.3967
M1,Male,99,2023,0.3943,0.3922,0.3965,0.3900,0.3986,0.3879,0.4006
M1,Male,99,2024,0.3897,0.3868,0.3928,0.3842,0.3952,0.3812,0.3979
M1,Male,99,2025,0.3907,0.3870,0.3940,0.3841,0.3965,0.3808,0.4004
M1,Male,99,2026,0.3901,0.3860,0.3942,0.3825,0.3974,0.3785,0.4016
M1,Male,99,2027,0.3870,0.3821,0.3915,0.3776,0.3953,0.3730,0.4002
M1,Male,99,2028,0.3888,0.3832,0.3936,0.3789,0.3986,0.3739,0.4032
M1,Male,99,2029,0.3858,0.3794,0.3914,0.3741,0.3972,0.3689,0.4022
M1,Male,99,2030,0.3855,0.3782,0.3916,0.3727,0.3981,0.3668,0.4043
M1,Male,99,2031,0.3854,0.3773,0.3924,0.3712,0.3989,0.3654,0.4062
M1,Male,99,2032,0.3827,0.3740,0.3903,0.3670,0.3976,0.3601,0.4059
M1,Male,99,2033,0.3836,0.3741,0.3919,0.3668,0.3994,0.3591,0.4083
M1,Male,99,2034,0.3815,0.3713,0.3907,0.3632,0.3988,0.3546,0.4087
M1,Male,99,2035,0.3806,0.3694,0.3907,0.3607,0.3997,0.3509,0.4099
M1,Male,99,2036,0.3806,0.3681,0.3912,0.3592,0.4014,0.3488,0.4136
M1,Male,99,2037,0.3783,0.3651,0.3894,0.3553,0.4001,0.3432,0.4124
M1,Male,99,2038,0.3785,0.3645,0.3905,0.3538,0.4014,0.3422,0.4145
M1,Male,99,2039,0.3771,0.3620,0.3897,0.3515,0.4016,0.3390,0.4170
M1,Male,99,2040,0.3759,0.3596,0.3890,0.3475,0.4020,0.3349,0.4181
M1,Male,100,2021,0.4489,0.4474,0.4504,0.4459,0.4517,0.4443,0.4535
M1,Male,100,2022,0.4454,0.4432,0.4474,0.4415,0.4495,0.4396,0.4514
M1,Male,100,2023,0.4487,0.4463,0.4512,0.4438,0.4536,0.4414,0.4558
M1,Male,100,2024,0.4435,0.4402,0.4469,0.4372,0.4497,0.4338,0.4527
M1,Male,100,2025,0.4446,0.4405,0.4483,0.4372,0.4511,0.4334,0.4555
M1,Male,100,2026,0.4440,0.4392,0.4486,0.4353,0.4522,0.4308,0.4569
M1,Male,100,2027,0.4404,0.4349,0.4455,0.4298,0.4498,0.4245,0.4554
M1,Male,100,2028,0.4425,0.4361,0.4479,0.4312,0.4536,0.4256,0.4587
M1,Male,100,2029,0.4390,0.4318,0.4454,0.4258,0.4520,0.4199,0.4576
M1,Male,100,2030,0.4387,0.4305,0.4457,0.4242,0.4530,0.4175,0.4600
M1,Male,100,2031,0.4386,0.4294,0.4465,0.4225,0.4539,0.4158,0.4621
M1,Male,100,2032,0.4355,0.4257,0.4441,0.4177,0.4524,0.4098,0.4618
M1,Male,100,2033,0.4365,0.4257,0.4460,0.4174,0.4545,0.4087,0.4645
M1,Male,100,2034,0.4342,0.4226,0.4446,0.4133,0.4538,0.4036,0.4649
M1,Male,100,2035,0.4332,0.4205,0.4446,0.4105,0.4548,0.3994,0.4663
M1,Male,100,2036,0.4331,0.4190,0.4451,0.4088,0.4567,0.3969,0.4705
M1,Male,100,2037,0.4306,0.4156,0.4431,0.4044,0.4553,0.3905,0.4691
M1,Male,100,2038,0.4308,0.4148,0.4444,0.4027,0.4568,0.3893,0.4715
M1,Male,100,2039,0.4292,0.4120,0.4435,0.3999,0.4569,0.3857,0.4743
M1,Male,100,2040,0.4278,0.4092,0.4427,0.3954,0.4573,0.3810,0.4755
M2,Male,18,2021,0.0003,0.0003,0.0004,0.0003,0.0004,0.0003,0.0004
M2,Male,18,2022,0.0003,0.0003,0.0003,0.0003,0.0004,0.0003,0.0004
M2,Male,18,2023,0.0003,0.0003,0.0003,0.0003,0.0003,0.0002,0.0003
M2,Male,18,2024,0.0003,0.0003,0.0003,0.0002,0.0003,0.0002,0.0003
M2,Male,18,2025,0.0003,0.0002,0.0003,0.0002,0.0003,0.0002,0.0003
M2,Male,18,2026,0.0002,0.0002,0.0003,0.0002,0.0003,0.0002,0.0003
M2,Male,18,2027,0.0002,0.0002,0.0003,0.0002,0.0003,0.0002,0.0003
M2,Male,18,2028,0.0002,0.0002,0.0003,0.0002,0.0003,0.0001,0.0003
M2,Male,18,2029,0.0002,0.0002,0.0002,0.0001,0.0003,0.0001,0.0003
M2,Male,18,2030,0.0002,0.0002,0.0002,0.0001,0.0003,0.0001,0.0003
M2,Male,18,2031,0.0002,0.0001,0.0002,0.0001,0.0003,0.0001,0.0003
M2,Male,18,2032,0.0002,0.0001,0.0002,0.0001,0.0003,0.0001,0.0003
M2,Male,18,2033,0.0002,0.0001,0.0002,0.0001,0.0003,0.0001,0.0003
M2,Male,18,2034,0.0001,0.0001,0.0002,0.0001,0.0003,0.0001,0.0004
M2,Male,18,2035,0.0001,0.0001,0.0002,0.0001,0.0003,0.0001,0.0004
M2,Male,18,2036,0.0001,0.0001,0.0002,0.0001,0.0003,0.0000,0.0004
M2,Male,18,2037,0.0001,0.0001,0.0002,0.0001,0.0003,0.0000,0.0004
M2,Male,18,2038,0.0001,0.0001,0.0002,0.0000,0.0003,0.0000,0.0004
M2,Male,18,2039,0.0001,0.0001,0.0002,0.0000,0.0002,0.0000,0.0004
M2,Male,18,2040,0.0001,0.0001,0.0002,0.0000,0.0003,0.0000,0.0004
M2,Male,19,2021,0.0003,0.0003,0.0003,0.0003,0.0003,0.0003,0.0003
M2,Male,19,2022,0.0003,0.0003,0.0003,0.0003,0.0004,0.0003,0.0004
M2,Male,19,2023,0.0003,0.0003,0.0003,0.0003,0.0004,0.0003,0.0004
M2,Male,19,2024,0.0003,0.0003,0.0003,0.0002,0.0003,0.0002,0.0003
M2,Male,19,2025,0.0003,0.0003,0.0003,0.0002,0.0003,0.0002,0.0003
M2,Male,19,2026,0.0003,0.0002,0.0003,0.0002,0.0003,0.0002,0.0003
M2,Male,19,2027,0.0002,0.0002,0.0003,0.0002,0.0003,0.0002,0.0003
M2,Male,19,2028,0.0002,0.0002,0.0003,0.0002,0.0003,0.0001,0.0003
M2,Male,19,2029,0.0002,0.0002,0.0002,0.0002,0.0003,0.0001,0.0003
M2,Male,19,2030,0.0002,0.0002,0.0002,0.0001,0.0003,0.0001,0.0003
M2,Male,19,2031,0.0002,0.0001,0.0002,0.0001,0.0003,0.0001,0.0003
M2,Male,19,2032,0.0002,0.0001,0.0002,0.0001,0.0003,0.0001,0.0003
M2,Male,19,2033,0.0002,0.0001,0.0002,0.0001,0.0003,0.0001,0.0003
M2,Male,19,2034,0.0001,0.0001,0.0002,0.0001,0.0003,0.0001,0.0003
M2,Male,19,2035,0.0001,0.0001,0.0002,0.0001,0.0003,0.0001,0.0003
M2,Male,19,2036,0.0001,0.0001,0.0002,0.0001,0.0003,0.0000,0.0003
M2,Male,19,2037,0.0001,0.0001,0.0002,0.0001,0.0002,0.0000,0.0003
M2,Male,19,2038,0.0001,0.0001,0.0002,0.0001,0.0002,0.0000,0.0004
M2,Male,19,2039,0.0001,0.0001,0.0002,0.0000,0.0002,0.0000,0.0004
M2,Male,19,2040,0.0001,0.0001,0.0002,0.0000,0.0002,0.0000,0.0004
M2,Male,20,2021,0.0004,0.0004,0.0004,0.0004,0.0004,0.0004,0.0004
M2,Male,20,2022,0.0003,0.0003,0.0003,0.0003,0.0003,0.0003,0.0003
M2,Male,20,2023,0.0003,0.0003,0.0003,0.0003,0.0004,0.0003,0.0004
M2,Male,20,2024,0.0003,0.0003,0.0003,0.0003,0.0003,0.0003,0.0004
M2,Male,20,2025,0.0003,0.0003,0.0003,0.0002,0.0003,0.0002,0.0003
M2,Male,20,2026,0.0003,0.0002,0.0003,0.0002,0.0003,0.0002,0.0003
M2,Male,20,2027,0.0003,0.0002,0.0003,0.0002,0.0003,0.0002,0.0003
M2,Male,20,2028,0.0002,0.0002,0.0003,0.0002,0.0003,0.0002,0.0003
M2,Male,20,2029,0.0002,0.0002,0.0002,0.0002,0.0003,0.0001,0.0003
M2,Male,20,2030,0.0002,0.0002,0.0002,0.0002,0.0003,0.0001,0.0003
M2,Male,20,2031,0.0002,0.0002,0.0002,0.0001,0.0003,0.0001,0.0003
M2,Male,20,2032,0.0002,0.0001,0.0002,0.0001,0.0003,0.0001,0.0003
M2,Male,20,2033,0.0002,0.0001,0.0002,0.0001,0.0003,0.0001,0.0003
M2,Male,20,2034,0.0002,0.0001,0.0002,0.0001,0.0003,0.0001,0.0003
M2,Male,20,2035,0.0001,0.0001,0.0002,0.0001,0.0003,0.0001,0.0003
M2,Male,20,2036,0.0001,0.0001,0.0002,0.0001,0.0003,0.0001,0.0003
M2,Male,20,2037,0.0001,0.0001,0.0002,0.0001,0.0002,0.0000,0.0003
M2,Male,20,2038,0.0001,0.0001,0.0002,0.0001,0.0002,0.0000,0.0003
M2,Male,20,2039,0.0001,0.0001,0.0002,0.0001,0.0002,0.0000,0.0004
M2,Male,20,2040,0.0001,0.0001,0.0002,0.0000,0.0002,0.0000,0.0004
M2,Male,21,2021,0.0004,0.0004,0.0004,0.0004,0.0004,0.0004,0.0004
M2,Male,21,2022,0.0004,0.0004,0.0004,0.0004,0.0004,0.0004,0.0004
M2,Male,21,2023,0.0003,0.0003,0.0003,0.0003,0.0003,0.0003,0.0003
M2,Male,21,2024,0.0003,0.0003,0.0003,0.0003,0.0004,0.0003,0.0004
M2,Male,21,2025,0.0003,0.0003,0.0003,0.0003,0.0004,0.0003,0.0004
M2,Male,21,2026,0.0003,0.0003,0.0003,0.0002,0.0003,0.0002,0.0003
M2,Male,21,2027,0.0003,0.0002,0.0003,0.0002,0.0003,0.0002,0.0003
M2,Male,21,2028,0.0003,0.0002,0.0003,0.0002,0.0003,0.0002,0.0003
M2,Male,21,2029,0.0002,0.0002,0.0003,0.0002,0.0003,0.0002,0.0003
M2,Male,21,2030,0.0002,0.0002,0.0002,0.0002,0.0003,0.0001,0.0003
M2,Male,21,2031,0.0002,0.0002,0.0002,0.0001,0.0003,0.0001,0.0003
M2,Male,21,2032,0.0002,0.0002,0.0002,0.0001,0.0003,0.0001,0.0003
M2,Male,21,2033,0.0002,0.0001,0.0002,0.0001,0.0003,0.0001,0.0003
M2,Male,21,2034,0.0002,0.0001,0.0002,0.0001,0.0003,0.0001,0.0003
M2,Male,21,2035,0.0002,0.0001,0.0002,0.0001,0.0003,0.0001,0.0003
M2,Male,21,2036,0.0001,0.0001,0.0002,0.0001,0.0003,0.0001,0.0003
M2,Male,21,2037,0.0001,0.0001,0.0002,0.0001,0.0003,0.0001,0.0003
M2,Male,21,2038,0.0001,0.0001,0.0002,0.0001,0.0002,0.0000,0.0003
M2,Male,21,2039,0.0001,0.0001,0.0002,0.0001,0.0002,0.0000,0.0003
M2,Male,21,2040,0.0001,0.0001,0.0002,0.0000,0.0002,0.0000,0.0004
M2,Male,22,2021,0.0004,0.0004,0.0004,0.0004,0.0004,0.0004,0.0004
M2,Male,22,2022,0.0004,0.0004,0.0004,0.0004,0.0004,0.0004,0.0004
M2,Male,22,2023,0.0004,0.0004,0.0004,0.0004,0.0004,0.0004,0.0004
M2,Male,22,2024,0.0003,0.0003,0.0003,0.0003,0.0003,0.0003,0.0003
M2,Male,22,2025,0.0003,0.0003,0.0003,0.0003,0.0003,0.0003,0.0004
M2,Male,22,2026,0.0003,0.0003,0.0003,0.0003,0.0003,0.0003,0.0004
M2,Male,22,2027,0.0003,0.0002,0.0003,0.0002,0.0003,0.0002,0.0003
M2,Male,22,2028,0.0003,0.0002,0.0003,0.0002,0.0003,0.0002,0.0003
M2,Male,22,2029,0.0002,0.0002,0.0003,0.0002,0.0003,0.0002,0.0003
M2,Male,22,2030,0.0002,0.0002,0.0002,0.0002,0.0003,0.0002,0.0003
M2,Male,22,2031,0.0002,0.0002,0.0002,0.0002,0.0003,0.0001,0.0003
M2,Male,22,2032,0.0002,0.0002,0.0002,0.0001,0.0003,0.0001,0.0003
M2,Male,22,2033,0.0002,0.0001,0.0002,0.0001,0.0003,0.0001,0.0003
M2,Male,22,2034,0.0002,0.0001,0.0002,0.0001,0.0003,0.0001,0.0003
M2,Male,22,2035,0.0002,0.0001,0.0002,0.0001,0.0002,0.0001,0.0003
M2,Male,22,2036,0.0001,0.0001,0.0002,0.0001,0.0002,0.0001,0.0003
M2,Male,22,2037,0.0001,0.0001,0.0002,0.0001,0.0002,0.0001,0.0003
M2,Male,22,2038,0.0001,0.0001,0.0002,0.0001,0.0002,0.0000,0.0003
M2,Male,22,2039,0.0001,0.0001,0.0002,0.0001,0.0002,0.0000,0.0003
M2,Male,22,2040,0.0001,0.0001,0.0002,0.0001,0.0002,0.0000,0.0003
M2,Male,23,2021,0.0004,0.0004,0.0004,0.0004,0.0004,0.0004,0.0004
M2,Male,23,2022,0.0004,0.0004,0.0004,0.0004,0.0004,0.0004,0.0004
M2,Male,23,2023,0.0004,0.0004,0.0004,0.0004,0.0004,0.0004,0.0004
M2,Male,23,2024,0.0004,0.0004,0.0004,0.0004,0.0004,0.0004,0.0005
M2,Male,23,2025,0.0003,0.0003,0.0003,0.0003,0.0003,0.0003,0.0003
M2,Male,23,2026,0.0003,0.0003,0.0003,0.0003,0.0004,0.0003,0.0004
M2,Male,23,2027,0.0003,0.0003,0.0003,0.0003,0.0004,0.0003,0.0004
M2,Male,23,2028,0.0003,0.0003,0.0003,0.0002,0.0003,0.0002,0.0003
M2,Male,23,2029,0.0003,0.0002,0.0003,0.0002,0.0003,0.0002,0.0004
M2,Male,23,2030,0.0003,0.0002,0.0003,0.0002,0.0003,0.0002,0.0004
M2,Male,23,2031,0.0002,0.0002,0.0003,0.0002,0.0003,0.0002,0.0003
M2,Male,23,2032,0.0002,0.0002,0.0003,0.0002,0.0003,0.0001,0.0003
M2,Male,23,2033,0.0002,0.0002,0.0002,0.0001,0.0003,0.0001,0.0003
M2,Male,23,2034,0.0002,0.0002,0.0002,0.0001,0.0003,0.0001,0.0003
M2,Male,23,2035,0.0002,0.0001,0.0002,0.0001,0.0003,0.0001,0.0003
M2,Male,23,2036,0.0002,0.0001,0.0002,0.0001,0.0003,0.0001,0.0003
M2,Male,23,2037,0.0002,0.0001,0.0002,0.0001,0.0003,0.0001,0.0003
M2,Male,23,2038,0.0001,0.0001,0.0002,0.0001,0.0003,0.0001,0.0003
M2,Male,23,2039,0.0001,0.0001,0.0002,0.0001,0.0003,0.0001,0.0003
M2,Male,23,2040,0.0001,0.0001,0.0002,0.0001,0.0003,0.0000,0.0004
M2,Male,24,2021,0.0004,0.0004,0.0004,0.0004,0.0004,0.0004,0.0004
M2,Male,24,2022,0.0004,0.0004,0.0004,0.0004,0.0004,0.0004,0.0004
M2,Male,24,2023,0.0004,0.0004,0.0004,0.0004,0.0004,0.0004,0.0004
M2,Male,24,2024,0.0004,0.0004,0.0004,0.0004,0.0004,0.0004,0.0004
M2,Male,24,2025,0.0004,0.0004,0.0004,0.0004,0.0004,0.0004,0.0005
M2,Male,24,2026,0.0003,0.0003,0.0003,0.0003,0.0003,0.0003,0.0003
M2,Male,24,2027,0.0003,0.0003,0.0003,0.0003,0.0004,0.0003,0.0004
M2,Male,24,2028,0.0003,0.0003,0.0003,0.0003,0.0004,0.0003,0.0004
M2,Male,24,2029,0.0003,0.0003,0.0003,0.0002,0.0003,0.0002,0.0003
M2,Male,24,2030,0.0003,0.0002,0.0003,0.0002,0.0003,0.0002,0.0004
M2,Male,24,2031,0.0003,0.0002,0.0003,0.0002,0.0003,0.0002,0.0004
M2,Male,24,2032,0.0002,0.0002,0.0003,0.0002,0.0003,0.0002,0.0003
M2,Male,24,2033,0.0002,0.0002,0.0003,0.0002,0.0003,0.0001,0.0003
M2,Male,24,2034,0.0002,0.0002,0.0002,0.0001,0.0003,0.0001,0.0003
M2,Male,24,2035,0.0002,0.0002,0.0002,0.0001,0.0003,0.0001,0.0003
M2,Male,24,2036,0.0002,0.0001,0.0002,0.0001,0.0003,0.0001,0.0003
M2,Male,24,2037,0.0002,0.0001,0.0002,0.0001,0.0003,0.0001,0.0003
M2,Male,24,2038,0.0002,0.0001,0.0002,0.0001,0.0003,0.0001,0.0003
M2,Male,24,2039,0.0001,0.0001,0.0002,0.0001,0.0003,0.0001,0.0003
M2,Male,24,2040,0.0001,0.0001,0.0002,0.0001,0.0003,0.0001,0.0003
M2,Male,25,2021,0.0004,0.0004,0.0004,0.0004,0.0004,0.0004,0.0004
M2,Male,25,2022,0.0004,0.0004,0.0004,0.0004,0.0004,0.0004,0.0004
M2,Male,25,2023,0.0004,0.0004,0.0004,0.0004,0.0004,0.0004,0.0004
M2,Male,25,2024,0.0004,0.0004,0.0004,0.0003,0.0004,0.0003,0.0004
M2,Male,25,2025,0.0004,0.0004,0.0004,0.0004,0.0004,0.0003,0.0004
M2,Male,25,2026,0.0004,0.0004,0.0004,0.0004,0.0004,0.0004,0.0004
M2,Male,25,2027,0.0003,0.0003,0.0003,0.0003,0.0003,0.0003,0.0003
M2,Male,25,2028,0.0003,0.0003,0.0003,0.0003,0.0003,0.0003,0.0004
M2,Male,25,2029,0.0003,0.0003,0.0003,0.0003,0.0003,0.0002,0.0004
M2,Male,25,2030,0.0003,0.0002,0.0003,0.0002,0.0003,0.0002,0.0003
M2,Male,25,2031,0.0002,0.0002,0.0003,0.0002,0.0003,0.0002,0.0003
M2,Male,25,2032,0.0002,0.0002,0.0003,0.0002,0.0003,0.0002,0.0003
M2,Male,25,2033,0.0002,0.0002,0.0002,0.0002,0.0003,0.0001,0.0003
M2,Male,25,2034,0.0002,0.0002,0.0002,0.0002,0.0003,0.0001,0.0003
M2,Male,25,2035,0.0002,0.0002,0.0002,0.0001,0.0003,0.0001,0.0003
M2,Male,25,2036,0.0002,0.0001,0.0002,0.0001,0.0003,0.0001,0.0003
M2,Male,25,2037,0.0002,0.0001,0.0002,0.0001,0.0003,0.0001,0.0003
M2,Male,25,2038,0.0002,0.0001,0.0002,0.0001,0.0002,0.0001,0.0003
M2,Male,25,2039,0.0001,0.0001,0.0002,0.0001,0.0002,0.0001,0.0003
M2,Male,25,2040,0.0001,0.0001,0.0002,0.0001,0.0002,0.0001,0.0003
M2,Male,26,2021,0.0004,0.0004,0.0004,0.0004,0.0004,0.0004,0.0004
M2,Male,26,2022,0.0004,0.0004,0.0004,0.0004,0.0004,0.0004,0.0004
M2,Male,26,2023,0.0004,0.0004,0.0004,0.0004,0.0004,0.0004,0.0004
M2,Male,26,2024,0.0004,0.0004,0.0004,0.0003,0.0004,0.0003,0.0004
M2,Male,26,2025,0.0003,0.0003,0.0003,0.0003,0.0004,0.0003,0.0004
M2,Male,26,2026,0.0003,0.0003,0.0004,0.0003,0.0004,0.0003,0.0004
M2,Male,26,2027,0.0004,0.0004,0.0004,0.0003,0.0004,0.0003,0.0004
M2,Male,26,2028,0.0003,0.0003,0.0003,0.0002,0.0003,0.0002,0.0003
M2,Male,26,2029,0.0003,0.0003,0.0003,0.0003,0.0003,0.0002,0.0003
M2,Male,26,2030,0.0003,0.0003,0.0003,0.0002,0.0003,0.0002,0.0003
M2,Male,26,2031,0.0002,0.0002,0.0003,0.0002,0.0003,0.0002,0.0003
M2,Male,26,2032,0.0002,0.0002,0.0003,0.0002,0.0003,0.0002,0.0003
M2,Male,26,2033,0.0002,0.0002,0.0002,0.0002,0.0003,0.0002,0.0003
M2,Male,26,2034,0.0002,0.0002,0.0002,0.0002,0.0003,0.0001,0.0003
M2,Male,26,2035,0.0002,0.0002,0.0002,0.0001,0.0003,0.0001,0.0003
M2,Male,26,2036,0.0002,0.0001,0.0002,0.0001,0.0003,0.0001,0.0003
M2,Male,26,2037,0.0002,0.0001,0.0002,0.0001,0.0002,0.0001,0.0003
M2,Male,26,2038,0.0002,0.0001,0.0002,0.0001,0.0002,0.0001,0.0003
M2,Male,26,2039,0.0001,0.0001,0.0002,0.0001,0.0002,0.0001,0.0003
M2,Male,26,2040,0.0001,0.0001,0.0002,0.0001,0.0002,0.0001,0.0003
M2,Male,27,2021,0.0004,0.0004,0.0004,0.0004,0.0004,0.0004,0.0004
M2,Male,27,2022,0.0004,0.0004,0.0004,0.0004,0.0004,0.0004,0.0004
M2,Male,27,2023,0.0004,0.0004,0.0004,0.0004,0.0004,0.0004,0.0004
M2,Male,27,2024,0.0004,0.0004,0.0004,0.0004,0.0004,0.0003,0.0004
M2,Male,27,2025,0.0004,0.0004,0.0004,0.0003,0.0004,0.0003,0.0004
M2,Male,27,2026,0.0003,0.0003,0.0004,0.0003,0.0004,0.0003,0.0004
M2,Male,27,2027,0.0003,0.0003,0.0004,0.0003,0.0004,0.0003,0.0004
M2,Male,27,2028,0.0004,0.0003,0.0004,0.0003,0.0004,0.0003,0.0004
M2,Male,27,2029,0.0003,0.0003,0.0003,0.0002,0.0003,0.0002,0.0003
M2,Male,27,2030,0.0003,0.0003,0.0003,0.0003,0.0003,0.0002,0.0003
M2,Male,27,2031,0.0003,0.0003,0.0003,0.0002,0.0003,0.0002,0.0003
M2,Male,27,2032,0.0002,0.0002,0.0003,0.0002,0.0003,0.0002,0.0003
M2,Male,27,2033,0.0002,0.0002,0.0003,0.0002,0.0003,0.0002,0.0003
M2,Male,27,2034,0.0002,0.0002,0.0002,0.0002,0.0003,0.0002,0.0003
M2,Male,27,2035,0.0002,0.0002,0.0002,0.0002,0.0003,0.0001,0.0003
M2,Male,27,2036,0.0002,0.0002,0.0002,0.0001,0.0003,0.0001,0.0003
M2,Male,27,2037,0.0002,0.0001,0.0002,0.0001,0.0003,0.0001,0.0003
M2,Male,27,2038,0.0002,0.0001,0.0002,0.0001,0.0002,0.0001,0.0003
M2,Male,27,2039,0.0002,0.0001,0.0002,0.0001,0.0002,0.0001,0.0003
M2,Male,27,2040,0.0001,0.0001,0.0002,0.0001,0.0002,0.0001,0.0003
M2,Male,28,2021,0.0004,0.0004,0.0004,0.0004,0.0004,0.0004,0.0004
M2,Male,28,2022,0.0004,0.0004,0.0004,0.0004,0.0004,0.0004,0.0004
M2,Male,28,2023,0.0004,0.0004,0.0004,0.0004,0.0004,0.0004,0.0004
M2,Male,28,2024,0.0004,0.0003,0.0004,0.0003,0.0004,0.0003,0.0004
M2,Male,28,2025,0.0003,0.0003,0.0004,0.0003,0.0004,0.0003,0.0004
M2,Male,28,2026,0.0003,0.0003,0.0003,0.0003,0.0004,0.0003,0.0004
M2,Male,28,2027,0.0003,0.0003,0.0003,0.0003,0.0003,0.0003,0.0003
M2,Male,28,2028,0.0003,0.0003,0.0003,0.0003,0.0003,0.0003,0.0004
M2,Male,28,2029,0.0003,0.0003,0.0004,0.0003,0.0004,0.0003,0.0004
M2,Male,28,2030,0.0002,0.0002,0.0003,0.0002,0.0003,0.0002,0.0003
M2,Male,28,2031,0.0003,0.0002,0.0003,0.0002,0.0003,0.0002,0.0003
M2,Male,28,2032,0.0003,0.0002,0.0003,0.0002,0.0003,0.0002,0.0003
M2,Male,28,2033,0.0002,0.0002,0.0002,0.0002,0.0003,0.0002,0.0003
M2,Male,28,2034,0.0002,0.0002,0.0002,0.0002,0.0003,0.0002,0.0003
M2,Male,28,2035,0.0002,0.0002,0.0002,0.0002,0.0003,0.0001,0.0003
M2,Male,28,2036,0.0002,0.0002,0.0002,0.0001,0.0002,0.0001,0.0003
M2,Male,28,2037,0.0002,0.0001,0.0002,0.0001,0.0002,0.0001,0.0003
M2,Male,28,2038,0.0002,0.0001,0.0002,0.0001,0.0002,0.0001,0.0003
M2,Male,28,2039,0.0002,0.0001,0.0002,0.0001,0.0002,0.0001,0.0003
M2,Male,28,2040,0.0001,0.0001,0.0002,0.0001,0.0002,0.0001,0.0003
M2,Male,29,2021,0.0005,0.0005,0.0005,0.0005,0.0005,0.0005,0.0005
M2,Male,29,2022,0.0005,0.0005,0.0005,0.0004,0.0005,0.0004,0.0005
M2,Male,29,2023,0.0005,0.0005,0.0005,0.0005,0.0005,0.0004,0.0005
M2,Male,29,2024,0.0004,0.0004,0.0004,0.0004,0.0005,0.0004,0.0005
M2,Male,29,2025,0.0004,0.0004,0.0004,0.0004,0.0004,0.0004,0.0005
M2,Male,29,2026,0.0004,0.0004,0.0004,0.0004,0.0004,0.0004,0.0005
M2,Male,29,2027,0.0004,0.0004,0.0004,0.0004,0.0004,0.0004,0.0004
M2,Male,29,2028,0.0004,0.0004,0.0004,0.0003,0.0004,0.0003,0.0004
M2,Male,29,2029,0.0004,0.0004,0.0004,0.0003,0.0004,0.0003,0.0004
M2,Male,29,2030,0.0004,0.0004,0.0004,0.0004,0.0004,0.0003,0.0005
M2,Male,29,2031,0.0003,0.0003,0.0003,0.0003,0.0003,0.0002,0.0004
M2,Male,29,2032,0.0003,0.0003,0.0003,0.0003,0.0004,0.0002,0.0004
M2,Male,29,2033,0.0003,0.0003,0.0003,0.0003,0.0004,0.0002,0.0004
M2,Male,29,2034,0.0003,0.0002,0.0003,0.0002,0.0003,0.0002,0.0003
M2,Male,29,2035,0.0003,0.0002,0.0003,0.0002,0.0003,0.0002,0.0004
M2,Male,29,2036,0.0002,0.0002,0.0003,0.0002,0.0003,0.0002,0.0004
M2,Male,29,2037,0.0002,0.0002,0.0002,0.0002,0.0003,0.0001,0.0003
M2,Male,29,2038,0.0002,0.0002,0.0002,0.0001,0.0003,0.0001,0.0003
M2,Male,29,2039,0.0002,0.0002,0.0002,0.0001,0.0003,0.0001,0.0003
M2,Male,29,2040,0.0002,0.0001,0.0002,0.0001,0.0003,0.0001,0.0003
M2,Male,30,2021,0.0005,0.0005,0.0005,0.0005,0.0005,0.0005,0.0005
M2,Male,30,2022,0.0005,0.0005,0.0005,0.0005,0.0005,0.0005,0.0005
M2,Male,30,2023,0.0005,0.0005,0.0005,0.0005,0.0005,0.0005,0.0005
M2,Male,30,2024,0.0005,0.0005,0.0005,0.0005,0.0005,0.0004,0.0005
M2,Male,30,2025,0.0005,0.0004,0.0005,0.0004,0.0005,0.0004,0.0005
M2,Male,30,2026,0.0004,0.0004,0.0005,0.0004,0.0005,0.0004,0.0005
M2,Male,30,2027,0.0004,0.0004,0.0004,0.0004,0.0005,0.0004,0.0005
M2,Male,30,2028,0.0004,0.0004,0.0004,0.0004,0.0005,0.0004,0.0005
M2,Male,30,2029,0.0004,0.0004,0.0004,0.0003,0.0004,0.0003,0.0004
M2,Male,30,2030,0.0004,0.0004,0.0004,0.0004,0.0004,0.0003,0.0005
M2,Male,30,2031,0.0004,0.0004,0.0004,0.0004,0.0005,0.0003,0.0005
M2,Male,30,2032,0.0003,0.0003,0.0003,0.0003,0.0003,0.0003,0.0004
M2,Male,30,2033,0.0003,0.0003,0.0003,0.0003,0.0004,0.0003,0.0004
M2,Male,30,2034,0.0003,0.0003,0.0003,0.0003,0.0004,0.0002,0.0004
M2,Male,30,2035,0.0003,0.0002,0.0003,0.0002,0.0003,0.0002,0.0004
M2,Male,30,2036,0.0003,0.0002,0.0003,0.0002,0.0003,0.0002,0.0004
M2,Male,30,2037,0.0002,0.0002,0.0003,0.0002,0.0003,0.0002,0.0004
M2,Male,30,2038,0.0002,0.0002,0.0003,0.0002,0.0003,0.0001,0.0003
M2,Male,30,2039,0.0002,0.0002,0.0003,0.0002,0.0003,0.0001,0.0003
M2,Male,30,2040,0.0002,0.0002,0.0002,0.0001,0.0003,0.0001,0.0004
M2,Male,31,2021,0.0005,0.0005,0.0005,0.0005,0.0005,0.0005,0.0005
M2,Male,31,2022,0.0005,0.0005,0.0005,0.0005,0.0005,0.0005,0.0005
M2,Male,31,2023,0.0005,0.0005,0.0005,0.0005,0.0005,0.0005,0.0005
M2,Male,31,2024,0.0005,0.0004,0.0005,0.0004,0.0005,0.0004,0.0005
M2,Male,31,2025,0.0005,0.0005,0.0005,0.0004,0.0005,0.0004,0.0005
M2,Male,31,2026,0.0004,0.0004,0.0005,0.0004,0.0005,0.0004,0.0005
M2,Male,31,2027,0.0004,0.0004,0.0004,0.0004,0.0005,0.0004,0.0005
M2,Male,31,2028,0.0004,0.0004,0.0004,0.0004,0.0004,0.0004,0.0005
M2,Male,31,2029,0.0004,0.0004,0.0004,0.0004,0.0004,0.0003,0.0005
M2,Male,31,2030,0.0004,0.0003,0.0004,0.0003,0.0004,0.0003,0.0004
M2,Male,31,2031,0.0004,0.0004,0.0004,0.0003,0.0004,0.0003,0.0004
M2,Male,31,2032,0.0004,0.0004,0.0004,0.0004,0.0004,0.0003,0.0005
M2,Male,31,2033,0.0003,0.0003,0.0003,0.0003,0.0003,0.0002,0.0004
M2,Male,31,2034,0.0003,0.0003,0.0003,0.0003,0.0004,0.0002,0.0004
M2,Male,31,2035,0.0003,0.0003,0.0003,0.0003,0.0004,0.0002,0.0004
M2,Male,31,2036,0.0003,0.0002,0.0003,0.0002,0.0003,0.0002,0.0003
M2,Male,31,2037,0.0003,0.0002,0.0003,0.0002,0.0003,0.0002,0.0004
M2,Male,31,2038,0.0002,0.0002,0.0003,0.0002,0.0003,0.0002,0.0004
M2,Male,31,2039,0.0002,0.0002,0.0003,0.0002,0.0003,0.0001,0.0003
M2,Male,31,2040,0.0002,0.0002,0.0002,0.0001,0.0003,0.0001,0.0003
M2,Male,32,2021,0.0006,0.0006,0.0006,0.0006,0.0006,0.0006,0.0006
M2,Male,32,2022,0.0005,0.0005,0.0005,0.0005,0.0005,0.0005,0.0006
M2,Male,32,2023,0.0005,0.0005,0.0005,0.0005,0.0006,0.0005,0.0006
M2,Male,32,2024,0.0005,0.0005,0.0005,0.0005,0.0005,0.0005,0.0005
M2,Male,32,2025,0.0005,0.0005,0.0005,0.0005,0.0005,0.0004,0.0005
M2,Male,32,2026,0.0005,0.0005,0.0005,0.0005,0.0005,0.0004,0.0005
M2,Male,32,2027,0.0005,0.0004,0.0005,0.0004,0.0005,0.0004,0.0005
M2,Male,32,2028,0.0004,0.0004,0.0005,0.0004,0.0005,0.0004,0.0005
M2,Male,32,2029,0.0004,0.0004,0.0005,0.0004,0.0005,0.0004,0.0005
M2,Male,32,2030,0.0004,0.0004,0.0004,0.0004,0.0005,0.0004,0.0005
M2,Male,32,2031,0.0004,0.0004,0.0004,0.0003,0.0004,0.0003,0.0005
M2,Male,32,2032,0.0004,0.0004,0.0004,0.0004,0.0004,0.0003,0.0005
M2,Male,32,2033,0.0004,0.0004,0.0004,0.0004,0.0005,0.0003,0.0005
M2,Male,32,2034,0.0003,0.0003,0.0003,0.0003,0.0004,0.0002,0.0004
M2,Male,32,2035,0.0003,0.0003,0.0004,0.0003,0.0004,0.0002,0.0004
M2,Male,32,2036,0.0003,0.0003,0.0003,0.0003,0.0004,0.0002,0.0004
M2,Male,32,2037,0.0003,0.0002,0.0003,0.0002,0.0003,0.0002,0.0004
M2,Male,32,2038,0.0003,0.0002,0.0003,0.0002,0.0003,0.0002,0.0004
M2,Male,32,2039,0.0003,0.0002,0.0003,0.0002,0.0003,0.0002,0.0004
M2,Male,32,2040,0.0002,0.0002,0.0003,0.0002,0.0003,0.0001,0.0004
M2,Male,33,2021,0.0006,0.0006,0.0007,0.0006,0.0007,0.0006,0.0007
M2,Male,33,2022,0.0006,0.0006,0.0006,0.0006,0.0006,0.0006,0.0006
M2,Male,33,2023,0.0006,0.0006,0.0006,0.0006,0.0006,0.0006,0.0006
M2,Male,33,2024,0.0006,0.0006,0.0006,0.0006,0.0006,0.0005,0.0006
M2,Male,33,2025,0.0005,0.0005,0.0006,0.0005,0.0006,0.0005,0.0006
M2,Male,33,2026,0.0005,0.0005,0.0006,0.0005,0.0006,0.0005,0.0006
M2,Male,33,2027,0.0005,0.0005,0.0006,0.0005,0.0006,0.0005,0.0006
M2,Male,33,2028,0.0005,0.0005,0.0005,0.0005,0.0006,0.0005,0.0006
M2,Male,33,2029,0.0005,0.0005,0.0005,0.0004,0.0005,0.0004,0.0006
M2,Male,33,2030,0.0005,0.0004,0.0005,0.0004,0.0005,0.0004,0.0005
M2,Male,33,2031,0.0005,0.0004,0.0005,0.0004,0.0005,0.0004,0.0005
M2,Male,33,2032,0.0004,0.0004,0.0005,0.0004,0.0005,0.0004,0.0005
M2,Male,33,2033,0.0004,0.0004,0.0005,0.0004,0.0005,0.0004,0.0005
M2,Male,33,2034,0.0005,0.0004,0.0005,0.0004,0.0005,0.0004,0.0006
M2,Male,33,2035,0.0003,0.0003,0.0004,0.0003,0.0004,0.0003,0.0004
M2,Male,33,2036,0.0004,0.0003,0.0004,0.0003,0.0004,0.0003,0.0005
M2,Male,33,2037,0.0003,0.0003,0.0004,0.0003,0.0004,0.0003,0.0005
M2,Male,33,2038,0.0003,0.0003,0.0003,0.0002,0.0004,0.0002,0.0004
M2,Male,33,2039,0.0003,0.0003,0.0003,0.0002,0.0004,0.0002,0.0004
M2,Male,33,2040,0.0003,0.0002,0.0003,0.0002,0.0004,0.0002,0.0004
M2,Male,34,2021,0.0007,0.0007,0.0007,0.0007,0.0007,0.0007,0.0007
M2,Male,34,2022,0.0007,0.0007,0.0007,0.0006,0.0007,0.0006,0.0007
M2,Male,34,2023,0.0007,0.0006,0.0007,0.0006,0.0007,0.0006,0.0007
M2,Male,34,2024,0.0006,0.0006,0.0006,0.0006,0.0006,0.0006,0.0006
M2,Male,34,2025,0.0006,0.0006,0.0006,0.0006,0.0006,0.0006,0.0007
M2,Male,34,2026,0.0006,0.0005,0.0006,0.0005,0.0006,0.0005,0.0006
M2,Male,34,2027,0.0005,0.0005,0.0006,0.0005,0.0006,0.0005,0.0006
M2,Male,34,2028,0.0006,0.0005,0.0006,0.0005,0.0006,0.0005,0.0006
M2,Male,34,2029,0.0005,0.0005,0.0006,0.0005,0.0006,0.0005,0.0006
M2,Male,34,2030,0.0005,0.0005,0.0005,0.0005,0.0006,0.0004,0.0006
M2,Male,34,2031,0.0005,0.0005,0.0005,0.0004,0.0005,0.0004,0.0006
M2,Male,34,2032,0.0005,0.0004,0.0005,0.0004,0.0005,0.0004,0.0006
M2,Male,34,2033,0.0004,0.0004,0.0005,0.0004,0.0005,0.0004,0.0005
M2,Male,34,2034,0.0005,0.0004,0.0005,0.0004,0.0005,0.0004,0.0006
M2,Male,34,2035,0.0005,0.0004,0.0005,0.0004,0.0006,0.0004,0.0006
M2,Male,34,2036,0.0004,0.0003,0.0004,0.0003,0.0004,0.0003,0.0005
M2,Male,34,2037,0.0004,0.0003,0.0004,0.0003,0.0004,0.0003,0.0005
M2,Male,34,2038,0.0004,0.0003,0.0004,0.0003,0.0004,0.0003,0.0005
M2,Male,34,2039,0.0003,0.0003,0.0003,0.0002,0.0004,0.0002,0.0004
M2,Male,34,2040,0.0003,0.0003,0.0003,0.0002,0.0004,0.0002,0.0004
M2,Male,35,2021,0.0007,0.0007,0.0007,0.0007,0.0008,0.0007,0.0008
M2,Male,35,2022,0.0007,0.0007,0.0007,0.0007,0.0007,0.0007,0.0008
M2,Male,35,2023,0.0007,0.0007,0.0007,0.0007,0.0007,0.0007,0.0007
M2,Male,35,2024,0.0007,0.0007,0.0007,0.0006,0.0007,0.0006,0.0007
M2,Male,35,2025,0.0006,0.0006,0.0007,0.0006,0.0007,0.0006,0.0007
M2,Male,35,2026,0.0006,0.0006,0.0007,0.0006,0.0007,0.0006,0.0007
M2,Male,35,2027,0.0006,0.0006,0.0006,0.0005,0.0006,0.0005,0.0006
M2,Male,35,2028,0.0006,0.0006,0.0006,0.0005,0.0006,0.0005,0.0007
M2,Male,35,2029,0.0006,0.0006,0.0006,0.0005,0.0006,0.0005,0.0007
M2,Male,35,2030,0.0006,0.0005,0.0006,0.0005,0.0006,0.0005,0.0006
M2,Male,35,2031,0.0005,0.0005,0.0006,0.0005,0.0006,0.0005,0.0006
M2,Male,35,2032,0.0005,0.0005,0.0005,0.0005,0.0006,0.0004,0.0006
M2,Male,35,2033,0.0005,0.0005,0.0005,0.0004,0.0006,0.0004,0.0006
M2,Male,35,2034,0.0005,0.0004,0.0005,0.0004,0.0005,0.0004,0.0006
M2,Male,35,2035,0.0005,0.0004,0.0005,0.0004,0.0006,0.0004,0.0006
M2,Male,35,2036,0.0005,0.0005,0.0005,0.0004,0.0006,0.0004,0.0006
M2,Male,35,2037,0.0004,0.0003,0.0004,0.0003,0.0004,0.0003,0.0005
M2,Male,35,2038,0.0004,0.0003,0.0004,0.0003,0.0005,0.0003,0.0005
M2,Male,35,2039,0.0004,0.0003,0.0004,0.0003,0.0005,0.0003,0.0005
M2,Male,35,2040,0.0003,0.0003,0.0004,0.0003,0.0004,0.0002,0.0005
M2,Male,36,2021,0.0009,0.0009,0.0009,0.0008,0.0009,0.0008,0.0009
M2,Male,36,2022,0.0008,0.0008,0.0008,0.0008,0.0008,0.0008,0.0009
M2,Male,36,2023,0.0008,0.0008,0.0008,0.0008,0.0009,0.0008,0.0009
M2,Male,36,2024,0.0008,0.0008,0.0008,0.0007,0.0008,0.0007,0.0008
M2,Male,36,2025,0.0008,0.0007,0.0008,0.0007,0.0008,0.0007,0.0008
M2,Male,36,2026,0.0007,0.0007,0.0007,0.0007,0.0008,0.0007,0.0008
M2,Male,36,2027,0.0007,0.0007,0.0007,0.0007,0.0008,0.0006,0.0008
M2,Male,36,2028,0.0007,0.0006,0.0007,0.0006,0.0007,0.0006,0.0007
M2,Male,36,2029,0.0007,0.0006,0.0007,0.0006,0.0007,0.0006,0.0007
M2,Male,36,2030,0.0007,0.0006,0.0007,0.0006,0.0007,0.0006,0.0008
M2,Male,36,2031,0.0006,0.0006,0.0007,0.0006,0.0007,0.0005,0.0007
M2,Male,36,2032,0.0006,0.0006,0.0006,0.0005,0.0007,0.0005,0.0007
M2,Male,36,2033,0.0006,0.0005,0.0006,0.0005,0.0007,0.0005,0.0007
M2,Male,36,2034,0.0006,0.0005,0.0006,0.0005,0.0006,0.0005,0.0007
M2,Male,36,2035,0.0005,0.0005,0.0006,0.0004,0.0006,0.0004,0.0007
M2,Male,36,2036,0.0005,0.0005,0.0006,0.0005,0.0006,0.0004,0.0007
M2,Male,36,2037,0.0006,0.0005,0.0006,0.0005,0.0007,0.0004,0.0007
M2,Male,36,2038,0.0004,0.0004,0.0005,0.0003,0.0005,0.0003,0.0006
M2,Male,36,2039,0.0004,0.0004,0.0005,0.0004,0.0005,0.0003,0.0006
M2,Male,36,2040,0.0004,0.0004,0.0005,0.0003,0.0005,0.0003,0.0006
M2,Male,37,2021,0.0010,0.0010,0.0011,0.0010,0.0011,0.0010,0.0011
M2,Male,37,2022,0.0010,0.0010,0.0010,0.0009,0.0010,0.0009,0.0010
M2,Male,37,2023,0.0010,0.0009,0.0010,0.0009,0.0010,0.0009,0.0010
M2,Male,37,2024,0.0009,0.0009,0.0010,0.0009,0.0010,0.0009,0.0010
M2,Male,37,2025,0.0009,0.0009,0.0009,0.0008,0.0009,0.0008,0.0010
M2,Male,37,2026,0.0009,0.0008,0.0009,0.0008,0.0009,0.0008,0.0010
M2,Male,37,2027,0.0008,0.0008,0.0008,0.0008,0.0009,0.0007,0.0009
M2,Male,37,2028,0.0008,0.0008,0.0008,0.0007,0.0009,0.0007,0.0009
M2,Male,37,2029,0.0007,0.0007,0.0008,0.0007,0.0008,0.0007,0.0009
M2,Male,37,2030,0.0007,0.0007,0.0008,0.0007,0.0008,0.0006,0.0009
M2,Male,37,2031,0.0007,0.0007,0.0008,0.0007,0.0008,0.0006,0.0009
M2,Male,37,2032,0.0007,0.0007,0.0008,0.0006,0.0008,0.0006,0.0009
M2,Male,37,2033,0.0007,0.0006,0.0007,0.0006,0.0008,0.0006,0.0008
M2,Male,37,2034,0.0007,0.0006,0.0007,0.0006,0.0008,0.0005,0.0008
M2,Male,37,2035,0.0006,0.0006,0.0007,0.0005,0.0007,0.0005,0.0008
M2,Male,37,2036,0.0006,0.0005,0.0006,0.0005,0.0007,0.0005,0.0008
M2,Male,37,2037,0.0006,0.0005,0.0007,0.0005,0.0007,0.0005,0.0008
M2,Male,37,2038,0.0006,0.0006,0.0007,0.0005,0.0008,0.0005,0.0009
M2,Male,37,2039,0.0005,0.0004,0.0005,0.0004,0.0006,0.0003,0.0007
M2,Male,37,2040,0.0005,0.0004,0.0006,0.0004,0.0006,0.0003,0.0007
M2,Male,38,2021,0.0010,0.0010,0.0010,0.0010,0.0010,0.0010,0.0011
M2,Male,38,2022,0.0010,0.0010,0.0010,0.0010,0.0010,0.0009,0.0010
M2,Male,38,2023,0.0009,0.0009,0.0010,0.0009,0.0010,0.0009,0.0010
M2,Male,38,2024,0.0009,0.0009,0.0009,0.0009,0.0009,0.0008,0.0010
M2,Male,38,2025,0.0009,0.0009,0.0009,0.0008,0.0009,0.0008,0.0010
M2,Male,38,2026,0.0009,0.0008,0.0009,0.0008,0.0009,0.0008,0.0009
M2,Male,38,2027,0.0008,0.0008,0.0009,0.0008,0.0009,0.0007,0.0009
M2,Male,38,2028,0.0008,0.0008,0.0008,0.0007,0.0009,0.0007,0.0009
M2,Male,38,2029,0.0008,0.0007,0.0008,0.0007,0.0008,0.0007,0.0009
M2,Male,38,2030,0.0007,0.0007,0.0008,0.0007,0.0008,0.0006,0.0008
M2,Male,38,2031,0.0007,0.0007,0.0008,0.0006,0.0008,0.0006,0.0008
M2,Male,38,2032,0.0007,0.0007,0.0008,0.0006,0.0008,0.0006,0.0009
M2,Male,38,2033,0.0007,0.0006,0.0007,0.0006,0.0008,0.0006,0.0008
M2,Male,38,2034,0.0007,0.0006,0.0007,0.0006,0.0008,0.0005,0.0008
M2,Male,38,2035,0.0006,0.0006,0.0007,0.0005,0.0007,0.0005,0.0008
M2,Male,38,2036,0.0006,0.0006,0.0007,0.0005,0.0007,0.0005,0.0008
M2,Male,38,2037,0.0006,0.0005,0.0006,0.0005,0.0007,0.0004,0.0007
M2,Male,38,2038,0.0006,0.0005,0.0006,0.0005,0.0007,0.0004,0.0008
M2,Male,38,2039,0.0006,0.0005,0.0007,0.0005,0.0007,0.0005,0.0008
M2,Male,38,2040,0.0005,0.0004,0.0005,0.0004,0.0006,0.0003,0.0006
M2,Male,39,2021,0.0012,0.0011,0.0012,0.0011,0.0012,0.0011,0.0012
M2,Male,39,2022,0.0011,0.0011,0.0011,0.0011,0.0012,0.0011,0.0012
M2,Male,39,2023,0.0011,0.0011,0.0011,0.0011,0.0012,0.0011,0.0012
M2,Male,39,2024,0.0010,0.0010,0.0011,0.0010,0.0011,0.0010,0.0011
M2,Male,39,2025,0.0010,0.0010,0.0010,0.0010,0.0011,0.0009,0.0011
M2,Male,39,2026,0.0010,0.0010,0.0010,0.0009,0.0011,0.0009,0.0011
M2,Male,39,2027,0.0010,0.0009,0.0010,0.0009,0.0010,0.0009,0.0011
M2,Male,39,2028,0.0009,0.0009,0.0010,0.0009,0.0010,0.0008,0.0011
M2,Male,39,2029,0.0009,0.0008,0.0009,0.0008,0.0010,0.0008,0.0010
M2,Male,39,2030,0.0009,0.0008,0.0009,0.0008,0.0010,0.0007,0.0010
M2,Male,39,2031,0.0008,0.0008,0.0008,0.0007,0.0009,0.0007,0.0009
M2,Male,39,2032,0.0008,0.0007,0.0008,0.0007,0.0009,0.0007,0.0010
M2,Male,39,2033,0.0008,0.0007,0.0009,0.0007,0.0009,0.0007,0.0010
M2,Male,39,2034,0.0008,0.0007,0.0008,0.0006,0.0009,0.0006,0.0009
M2,Male,39,2035,0.0007,0.0007,0.0008,0.0006,0.0008,0.0006,0.0009
M2,Male,39,2036,0.0007,0.0006,0.0008,0.0006,0.0008,0.0005,0.0009
M2,Male,39,2037,0.0007,0.0006,0.0007,0.0006,0.0008,0.0005,0.0009
M2,Male,39,2038,0.0006,0.0006,0.0007,0.0005,0.0008,0.0005,0.0008
M2,Male,39,2039,0.0006,0.0006,0.0007,0.0005,0.0008,0.0005,0.0009
M2,Male,39,2040,0.0007,0.0006,0.0008,0.0005,0.0009,0.0005,0.0010
M2,Male,40,2021,0.0012,0.0012,0.0013,0.0012,0.0013,0.0012,0.0013
M2,Male,40,2022,0.0012,0.0012,0.0012,0.0012,0.0012,0.0012,0.0013
M2,Male,40,2023,0.0012,0.0012,0.0012,0.0012,0.0013,0.0012,0.0013
M2,Male,40,2024,0.0012,0.0011,0.0012,0.0011,0.0012,0.0011,0.0012
M2,Male,40,2025,0.0011,0.0011,0.0011,0.0010,0.0012,0.0010,0.0012
M2,Male,40,2026,0.0011,0.0010,0.0011,0.0010,0.0011,0.0010,0.0012
M2,Male,40,2027,0.0010,0.0010,0.0011,0.0010,0.0011,0.0009,0.0012
M2,Male,40,2028,0.0010,0.0010,0.0011,0.0009,0.0011,0.0009,0.0011
M2,Male,40,2029,0.0010,0.0009,0.0010,0.0009,0.0011,0.0009,0.0011
M2,Male,40,2030,0.0009,0.0009,0.0010,0.0008,0.0010,0.0008,0.0011
M2,Male,40,2031,0.0009,0.0009,0.0010,0.0008,0.0010,0.0008,0.0011
M2,Male,40,2032,0.0008,0.0008,0.0009,0.0008,0.0009,0.0007,0.0010
M2,Male,40,2033,0.0008,0.0008,0.0009,0.0007,0.0009,0.0007,0.0010
M2,Male,40,2034,0.0008,0.0008,0.0009,0.0007,0.0010,0.0007,0.0010
M2,Male,40,2035,0.0008,0.0007,0.0009,0.0007,0.0009,0.0006,0.0010
M2,Male,40,2036,0.0008,0.0007,0.0008,0.0007,0.0009,0.0006,0.0010
M2,Male,40,2037,0.0007,0.0007,0.0008,0.0006,0.0009,0.0006,0.0010
M2,Male,40,2038,0.0007,0.0006,0.0008,0.0006,0.0009,0.0005,0.0010
M2,Male,40,2039,0.0007,0.0006,0.0007,0.0005,0.0008,0.0005,0.0009
M2,Male,40,2040,0.0007,0.0006,0.0008,0.0005,0.0009,0.0005,0.0010
M2,Male,41,2021,0.0014,0.0014,0.0014,0.0014,0.0015,0.0014,0.0015
M2,Male,41,2022,0.0014,0.0013,0.0014,0.0013,0.0014,0.0013,0.0014
M2,Male,41,2023,0.0014,0.0013,0.0014,0.0013,0.0014,0.0013,0.0014
M2,Male,41,2024,0.0013,0.0013,0.0014,0.0013,0.0014,0.0012,0.0014
M2,Male,41,2025,0.0013,0.0013,0.0013,0.0012,0.0014,0.0012,0.0014
M2,Male,41,2026,0.0012,0.0012,0.0013,0.0012,0.0013,0.0011,0.0013
M2,Male,41,2027,0.0012,0.0011,0.0012,0.0011,0.0013,0.0011,0.0013
M2,Male,41,2028,0.0012,0.0011,0.0012,0.0011,0.0013,0.0010,0.0013
M2,Male,41,2029,0.0011,0.0011,0.0012,0.0010,0.0012,0.0010,0.0013
M2,Male,41,2030,0.0011,0.0010,0.0011,0.0010,0.0012,0.0009,0.0013
M2,Male,41,2031,0.0010,0.0010,0.0011,0.0009,0.0011,0.0009,0.0012
M2,Male,41,2032,0.0010,0.0009,0.0011,0.0009,0.0011,0.0008,0.0012
M2,Male,41,2033,0.0009,0.0009,0.0010,0.0008,0.0011,0.0008,0.0011
M2,Male,41,2034,0.0009,0.0009,0.0010,0.0008,0.0011,0.0008,0.0011
M2,Male,41,2035,0.0009,0.0009,0.0010,0.0008,0.0011,0.0007,0.0012
M2,Male,41,2036,0.0009,0.0008,0.0010,0.0008,0.0010,0.0007,0.0011
M2,Male,41,2037,0.0008,0.0008,0.0009,0.0007,0.0010,0.0007,0.0011
M2,Male,41,2038,0.0008,0.0007,0.0009,0.0007,0.0010,0.0006,0.0011
M2,Male,41,2039,0.0008,0.0007,0.0009,0.0006,0.0010,0.0006,0.0011
M2,Male,41,2040,0.0007,0.0007,0.0008,0.0006,0.0009,0.0005,0.0010
M2,Male,42,2021,0.0014,0.0014,0.0014,0.0013,0.0014,0.0013,0.0014
M2,Male,42,2022,0.0014,0.0013,0.0014,0.0013,0.0014,0.0013,0.0014
M2,Male,42,2023,0.0013,0.0013,0.0014,0.0013,0.0014,0.0013,0.0014
M2,Male,42,2024,0.0013,0.0013,0.0013,0.0012,0.0014,0.0012,0.0014
M2,Male,42,2025,0.0013,0.0013,0.0013,0.0012,0.0013,0.0012,0.0014
M2,Male,42,2026,0.0013,0.0012,0.0013,0.0012,0.0013,0.0011,0.0014
M2,Male,42,2027,0.0012,0.0011,0.0012,0.0011,0.0013,0.0011,0.0013
M2,Male,42,2028,0.0011,0.0011,0.0012,0.0011,0.0012,0.0010,0.0013
M2,Male,42,2029,0.0011,0.0011,0.0012,0.0010,0.0012,0.0010,0.0013
M2,Male,42,2030,0.0011,0.0010,0.0011,0.0010,0.0012,0.0009,0.0012
M2,Male,42,2031,0.0010,0.0010,0.0011,0.0009,0.0012,0.0009,0.0012
M2,Male,42,2032,0.0010,0.0009,0.0010,0.0009,0.0011,0.0008,0.0012
M2,Male,42,2033,0.0010,0.0009,0.0010,0.0009,0.0011,0.0008,0.0012
M2,Male,42,2034,0.0009,0.0008,0.0010,0.0008,0.0010,0.0007,0.0011
M2,Male,42,2035,0.0009,0.0008,0.0010,0.0008,0.0010,0.0007,0.0011
M2,Male,42,2036,0.0009,0.0008,0.0010,0.0008,0.0011,0.0007,0.0012
M2,Male,42,2037,0.0008,0.0008,0.0009,0.0007,0.0010,0.0007,0.0011
M2,Male,42,2038,0.0008,0.0007,0.0009,0.0007,0.0010,0.0006,0.0011
M2,Male,42,2039,0.0008,0.0007,0.0009,0.0006,0.0010,0.0006,0.0011
M2,Male,42,2040,0.0008,0.0007,0.0009,0.0006,0.0010,0.0006,0.0011
M2,Male,43,2021,0.0017,0.0017,0.0017,0.0017,0.0017,0.0016,0.0017
M2,Male,43,2022,0.0017,0.0016,0.0017,0.0016,0.0017,0.0016,0.0017
M2,Male,43,2023,0.0017,0.0017,0.0017,0.0016,0.0017,0.0016,0.0018
M2,Male,43,2024,0.0016,0.0016,0.0016,0.0015,0.0017,0.0015,0.0017
M2,Male,43,2025,0.0016,0.0015,0.0016,0.0015,0.0017,0.0015,0.0017
M2,Male,43,2026,0.0016,0.0015,0.0016,0.0015,0.0017,0.0014,0.0017
M2,Male,43,2027,0.0015,0.0015,0.0016,0.0014,0.0016,0.0014,0.0017
M2,Male,43,2028,0.0014,0.0014,0.0015,0.0013,0.0016,0.0013,0.0016
M2,Male,43,2029,0.0014,0.0013,0.0014,0.0013,0.0015,0.0012,0.0016
M2,Male,43,2030,0.0014,0.0013,0.0014,0.0013,0.0015,0.0012,0.0016
M2,Male,43,2031,0.0013,0.0012,0.0014,0.0012,0.0015,0.0011,0.0015
M2,Male,43,2032,0.0013,0.0012,0.0014,0.0011,0.0014,0.0011,0.0015
M2,Male,43,2033,0.0012,0.0011,0.0013,0.0011,0.0014,0.0010,0.0014
M2,Male,43,2034,0.0012,0.0011,0.0013,0.0010,0.0014,0.0010,0.0015
M2,Male,43,2035,0.0011,0.0010,0.0012,0.0010,0.0013,0.0009,0.0014
M2,Male,43,2036,0.0011,0.0010,0.0012,0.0009,0.0013,0.0009,0.0014
M2,Male,43,2037,0.0011,0.0010,0.0012,0.0009,0.0013,0.0009,0.0014
M2,Male,43,2038,0.0010,0.0009,0.0011,0.0009,0.0013,0.0008,0.0014
M2,Male,43,2039,0.0010,0.0009,0.0011,0.0008,0.0012,0.0008,0.0013
M2,Male,43,2040,0.0010,0.0009,0.0011,0.0008,0.0012,0.0007,0.0013
M2,Male,44,2021,0.0018,0.0017,0.0018,0.0017,0.0018,0.0017,0.0018
M2,Male,44,2022,0.0018,0.0018,0.0018,0.0018,0.0019,0.0017,0.0019
M2,Male,44,2023,0.0018,0.0018,0.0018,0.0018,0.0019,0.0017,0.0019
M2,Male,44,2024,0.0018,0.0018,0.0018,0.0017,0.0019,0.0017,0.0019
M2,Male,44,2025,0.0017,0.0017,0.0018,0.0016,0.0018,0.0016,0.0019
M2,Male,44,2026,0.0017,0.0017,0.0018,0.0016,0.0018,0.0016,0.0019
M2,Male,44,2027,0.0017,0.0016,0.0017,0.0016,0.0018,0.0015,0.0018
M2,Male,44,2028,0.0016,0.0016,0.0017,0.0015,0.0018,0.0015,0.0018
M2,Male,44,2029,0.0015,0.0015,0.0016,0.0014,0.0017,0.0014,0.0017
M2,Male,44,2030,0.0015,0.0014,0.0016,0.0014,0.0016,0.0013,0.0017
M2,Male,44,2031,0.0015,0.0014,0.0016,0.0013,0.0016,0.0013,0.0017
M2,Male,44,2032,0.0014,0.0013,0.0015,0.0013,0.0016,0.0012,0.0017
M2,Male,44,2033,0.0014,0.0013,0.0015,0.0012,0.0016,0.0011,0.0017
M2,Male,44,2034,0.0013,0.0012,0.0014,0.0011,0.0015,0.0011,0.0016
M2,Male,44,2035,0.0013,0.0012,0.0014,0.0011,0.0015,0.0010,0.0016
M2,Male,44,2036,0.0012,0.0011,0.0013,0.0010,0.0014,0.0009,0.0015
M2,Male,44,2037,0.0012,0.0011,0.0013,0.0010,0.0014,0.0009,0.0015
M2,Male,44,2038,0.0012,0.0011,0.0013,0.0010,0.0014,0.0009,0.0016
M2,Male,44,2039,0.0011,0.0010,0.0012,0.0009,0.0014,0.0008,0.0015
M2,Male,44,2040,0.0011,0.0010,0.0012,0.0009,0.0013,0.0008,0.0015
M2,Male,45,2021,0.0019,0.0018,0.0019,0.0018,0.0019,0.0018,0.0019
M2,Male,45,2022,0.0018,0.0018,0.0018,0.0018,0.0019,0.0017,0.0019
M2,Male,45,2023,0.0019,0.0019,0.0019,0.0018,0.0020,0.0018,0.0020
M2,Male,45,2024,0.0019,0.0018,0.0019,0.0018,0.0019,0.0017,0.0020
M2,Male,45,2025,0.0019,0.0018,0.0019,0.0018,0.0020,0.0017,0.0020
M2,Male,45,2026,0.0018,0.0018,0.0019,0.0017,0.0019,0.0017,0.0020
M2,Male,45,2027,0.0018,0.0017,0.0018,0.0017,0.0019,0.0016,0.0019
M2,Male,45,2028,0.0017,0.0017,0.0018,0.0016,0.0019,0.0016,0.0020
M2,Male,45,2029,0.0017,0.0016,0.0018,0.0016,0.0018,0.0015,0.0019
M2,Male,45,2030,0.0016,0.0015,0.0017,0.0015,0.0018,0.0014,0.0018
M2,Male,45,2031,0.0015,0.0015,0.0016,0.0014,0.0017,0.0013,0.0018
M2,Male,45,2032,0.0015,0.0014,0.0016,0.0014,0.0017,0.0013,0.0018
M2,Male,45,2033,0.0015,0.0014,0.0016,0.0013,0.0017,0.0012,0.0018
M2,Male,45,2034,0.0014,0.0013,0.0015,0.0012,0.0016,0.0012,0.0017
M2,Male,45,2035,0.0013,0.0012,0.0014,0.0012,0.0016,0.0011,0.0017
M2,Male,45,2036,0.0013,0.0012,0.0014,0.0011,0.0016,0.0010,0.0017
M2,Male,45,2037,0.0012,0.0011,0.0013,0.0010,0.0015,0.0010,0.0016
M2,Male,45,2038,0.0012,0.0011,0.0013,0.0010,0.0015,0.0009,0.0016
M2,Male,45,2039,0.0012,0.0011,0.0014,0.0010,0.0015,0.0009,0.0017
M2,Male,45,2040,0.0012,0.0010,0.0013,0.0009,0.0014,0.0008,0.0016
M2,Male,46,2021,0.0020,0.0019,0.0020,0.0019,0.0020,0.0019,0.0020
M2,Male,46,2022,0.0020,0.0020,0.0020,0.0019,0.0021,0.0019,0.0021
M2,Male,46,2023,0.0020,0.0019,0.0020,0.0019,0.0020,0.0019,0.0021
M2,Male,46,2024,0.0020,0.0020,0.0021,0.0019,0.0021,0.0019,0.0022
M2,Male,46,2025,0.0020,0.0020,0.0021,0.0019,0.0021,0.0019,0.0022
M2,Male,46,2026,0.0020,0.0020,0.0021,0.0019,0.0022,0.0019,0.0022
M2,Male,46,2027,0.0019,0.0019,0.0020,0.0018,0.0021,0.0018,0.0021
M2,Male,46,2028,0.0019,0.0018,0.0020,0.0018,0.0021,0.0017,0.0022
M2,Male,46,2029,0.0019,0.0018,0.0020,0.0017,0.0021,0.0017,0.0021
M2,Male,46,2030,0.0018,0.0017,0.0019,0.0017,0.0020,0.0016,0.0021
M2,Male,46,2031,0.0017,0.0016,0.0018,0.0016,0.0019,0.0015,0.0020
M2,Male,46,2032,0.0017,0.0016,0.0018,0.0015,0.0019,0.0014,0.0020
M2,Male,46,2033,0.0016,0.0015,0.0018,0.0015,0.0019,0.0014,0.0020
M2,Male,46,2034,0.0016,0.0015,0.0017,0.0014,0.0018,0.0013,0.0020
M2,Male,46,2035,0.0015,0.0014,0.0017,0.0013,0.0018,0.0012,0.0019
M2,Male,46,2036,0.0014,0.0013,0.0016,0.0012,0.0017,0.0011,0.0019
M2,Male,46,2037,0.0014,0.0013,0.0016,0.0012,0.0017,0.0011,0.0019
M2,Male,46,2038,0.0013,0.0012,0.0015,0.0011,0.0016,0.0010,0.0018
M2,Male,46,2039,0.0013,0.0012,0.0015,0.0011,0.0016,0.0010,0.0018
M2,Male,46,2040,0.0013,0.0012,0.0015,0.0011,0.0016,0.0010,0.0018
M2,Male,47,2021,0.0022,0.0022,0.0022,0.0022,0.0022,0.0021,0.0023
M2,Male,47,2022,0.0021,0.0021,0.0022,0.0021,0.0022,0.0021,0.0022
M2,Male,47,2023,0.0022,0.0022,0.0023,0.0022,0.0023,0.0021,0.0023
M2,Male,47,2024,0.0021,0.0021,0.0022,0.0021,0.0022,0.0020,0.0023
M2,Male,47,2025,0.0022,0.0022,0.0023,0.0021,0.0024,0.0021,0.0024
M2,Male,47,2026,0.0022,0.0022,0.0023,0.0021,0.0024,0.0020,0.0024
M2,Male,47,2027,0.0022,0.0021,0.0023,0.0021,0.0024,0.0020,0.0024
M2,Male,47,2028,0.0021,0.0021,0.0022,0.0020,0.0023,0.0019,0.0024
M2,Male,47,2029,0.0021,0.0020,0.0022,0.0019,0.0023,0.0018,0.0024
M2,Male,47,2030,0.0021,0.0020,0.0022,0.0019,0.0023,0.0018,0.0024
M2,Male,47,2031,0.0020,0.0019,0.0021,0.0018,0.0022,0.0017,0.0024
M2,Male,47,2032,0.0019,0.0018,0.0020,0.0017,0.0021,0.0016,0.0023
M2,Male,47,2033,0.0018,0.0017,0.0020,0.0016,0.0021,0.0015,0.0022
M2,Male,47,2034,0.0018,0.0017,0.0019,0.0016,0.0021,0.0015,0.0022
M2,Male,47,2035,0.0017,0.0016,0.0019,0.0015,0.0020,0.0014,0.0022
M2,Male,47,2036,0.0017,0.0016,0.0018,0.0014,0.0020,0.0013,0.0022
M2,Male,47,2037,0.0016,0.0015,0.0017,0.0013,0.0019,0.0012,0.0021
M2,Male,47,2038,0.0016,0.0014,0.0017,0.0013,0.0019,0.0012,0.0021
M2,Male,47,2039,0.0015,0.0013,0.0016,0.0012,0.0018,0.0011,0.0020
M2,Male,47,2040,0.0014,0.0013,0.0016,0.0012,0.0018,0.0011,0.0020
M2,Male,48,2021,0.0026,0.0025,0.0026,0.0025,0.0026,0.0025,0.0027
M2,Male,48,2022,0.0026,0.0025,0.0026,0.0025,0.0026,0.0024,0.0027
M2,Male,48,2023,0.0026,0.0025,0.0026,0.0025,0.0026,0.0024,0.0027
M2,Male,48,2024,0.0026,0.0025,0.0026,0.0025,0.0027,0.0024,0.0027
M2,Male,48,2025,0.0025,0.0025,0.0026,0.0024,0.0026,0.0024,0.0027
M2,Male,48,2026,0.0026,0.0026,0.0027,0.0025,0.0028,0.0024,0.0029
M2,Male,48,2027,0.0026,0.0025,0.0027,0.0024,0.0028,0.0023,0.0028
M2,Male,48,2028,0.0026,0.0025,0.0027,0.0024,0.0028,0.0023,0.0029
M2,Male,48,2029,0.0025,0.0024,0.0026,0.0023,0.0027,0.0022,0.0028
M2,Male,48,2030,0.0025,0.0023,0.0026,0.0022,0.0027,0.0021,0.0028
M2,Male,48,2031,0.0024,0.0023,0.0026,0.0022,0.0027,0.0021,0.0028
M2,Male,48,2032,0.0024,0.0022,0.0025,0.0021,0.0026,0.0020,0.0028
M2,Male,48,2033,0.0022,0.0021,0.0024,0.0020,0.0025,0.0018,0.0027
M2,Male,48,2034,0.0021,0.0020,0.0023,0.0019,0.0025,0.0018,0.0026
M2,Male,48,2035,0.0021,0.0020,0.0023,0.0018,0.0025,0.0017,0.0026
M2,Male,48,2036,0.0020,0.0019,0.0022,0.0017,0.0024,0.0016,0.0026
M2,Male,48,2037,0.0020,0.0018,0.0022,0.0017,0.0023,0.0015,0.0026
M2,Male,48,2038,0.0019,0.0017,0.0020,0.0016,0.0022,0.0014,0.0025
M2,Male,48,2039,0.0018,0.0017,0.0020,0.0015,0.0022,0.0014,0.0025
M2,Male,48,2040,0.0017,0.0015,0.0019,0.0014,0.0021,0.0013,0.0023
M2,Male,49,2021,0.0029,0.0029,0.0030,0.0029,0.0030,0.0029,0.0030
M2,Male,49,2022,0.0029,0.0028,0.0029,0.0028,0.0029,0.0027,0.0030
M2,Male,49,2023,0.0029,0.0028,0.0029,0.0028,0.0030,0.0028,0.0030
M2,Male,49,2024,0.0028,0.0028,0.0029,0.0027,0.0029,0.0026,0.0030
M2,Male,49,2025,0.0029,0.0028,0.0030,0.0027,0.0030,0.0027,0.0031
M2,Male,49,2026,0.0028,0.0027,0.0029,0.0027,0.0030,0.0026,0.0031
M2,Male,49,2027,0.0029,0.0028,0.0030,0.0027,0.0031,0.0026,0.0032
M2,Male,49,2028,0.0029,0.0028,0.0030,0.0027,0.0031,0.0026,0.0032
M2,Male,49,2029,0.0029,0.0028,0.0030,0.0027,0.0032,0.0026,0.0033
M2,Male,49,2030,0.0028,0.0027,0.0029,0.0026,0.0031,0.0024,0.0032
M2,Male,49,2031,0.0028,0.0026,0.0029,0.0025,0.0030,0.0024,0.0032
M2,Male,49,2032,0.0027,0.0025,0.0029,0.0024,0.0030,0.0023,0.0032
M2,Male,49,2033,0.0026,0.0025,0.0028,0.0023,0.0030,0.0022,0.0032
M2,Male,49,2034,0.0025,0.0023,0.0027,0.0022,0.0028,0.0020,0.0030
M2,Male,49,2035,0.0024,0.0022,0.0026,0.0021,0.0028,0.0019,0.0030
M2,Male,49,2036,0.0024,0.0022,0.0026,0.0020,0.0028,0.0019,0.0030
M2,Male,49,2037,0.0023,0.0021,0.0025,0.0019,0.0027,0.0018,0.0029
M2,Male,49,2038,0.0022,0.0020,0.0024,0.0018,0.0027,0.0017,0.0029
M2,Male,49,2039,0.0021,0.0019,0.0023,0.0017,0.0025,0.0016,0.0028
M2,Male,49,2040,0.0021,0.0019,0.0023,0.0017,0.0025,0.0015,0.0028
M2,Male,50,2021,0.0032,0.0032,0.0033,0.0032,0.0033,0.0031,0.0033
M2,Male,50,2022,0.0032,0.0031,0.0032,0.0031,0.0033,0.0031,0.0033
M2,Male,50,2023,0.0032,0.0031,0.0032,0.0031,0.0033,0.0030,0.0033
M2,Male,50,2024,0.0031,0.0031,0.0032,0.0030,0.0033,0.0029,0.0033
M2,Male,50,2025,0.0031,0.0030,0.0032,0.0029,0.0032,0.0029,0.0033
M2,Male,50,2026,0.0032,0.0031,0.0033,0.0030,0.0034,0.0029,0.0035
M2,Male,50,2027,0.0031,0.0030,0.0032,0.0029,0.0033,0.0028,0.0034
M2,Male,50,2028,0.0032,0.0031,0.0033,0.0030,0.0035,0.0029,0.0036
M2,Male,50,2029,0.0032,0.0030,0.0033,0.0029,0.0035,0.0028,0.0036
M2,Male,50,2030,0.0032,0.0030,0.0033,0.0029,0.0035,0.0027,0.0037
M2,Male,50,2031,0.0031,0.0029,0.0032,0.0028,0.0034,0.0026,0.0036
M2,Male,50,2032,0.0030,0.0028,0.0032,0.0027,0.0034,0.0025,0.0036
M2,Male,50,2033,0.0030,0.0028,0.0032,0.0026,0.0034,0.0024,0.0036
M2,Male,50,2034,0.0029,0.0027,0.0031,0.0025,0.0033,0.0023,0.0036
M2,Male,50,2035,0.0027,0.0025,0.0029,0.0023,0.0031,0.0022,0.0034
M2,Male,50,2036,0.0026,0.0024,0.0028,0.0022,0.0031,0.0021,0.0034
M2,Male,50,2037,0.0026,0.0024,0.0028,0.0022,0.0031,0.0020,0.0034
M2,Male,50,2038,0.0025,0.0022,0.0027,0.0021,0.0030,0.0019,0.0033
M2,Male,50,2039,0.0024,0.0022,0.0027,0.0020,0.0029,0.0018,0.0033
M2,Male,50,2040,0.0023,0.0020,0.0025,0.0018,0.0028,0.0017,0.0031
M2,Male,51,2021,0.0035,0.0034,0.0035,0.0034,0.0035,0.0034,0.0036
M2,Male,51,2022,0.0035,0.0034,0.0035,0.0034,0.0035,0.0033,0.0036
M2,Male,51,2023,0.0035,0.0034,0.0036,0.0034,0.0036,0.0033,0.0037
M2,Male,51,2024,0.0034,0.0033,0.0034,0.0032,0.0035,0.0031,0.0036
M2,Male,51,2025,0.0034,0.0033,0.0035,0.0032,0.0036,0.0031,0.0037
M2,Male,51,2026,0.0033,0.0032,0.0034,0.0031,0.0035,0.0031,0.0037
M2,Male,51,2027,0.0034,0.0033,0.0035,0.0032,0.0036,0.0031,0.0037
M2,Male,51,2028,0.0033,0.0032,0.0035,0.0031,0.0036,0.0030,0.0037
M2,Male,51,2029,0.0034,0.0033,0.0036,0.0032,0.0038,0.0030,0.0039
M2,Male,51,2030,0.0034,0.0032,0.0036,0.0031,0.0038,0.0029,0.0039
M2,Male,51,2031,0.0034,0.0032,0.0036,0.0031,0.0038,0.0029,0.0040
M2,Male,51,2032,0.0033,0.0031,0.0035,0.0029,0.0037,0.0027,0.0039
M2,Male,51,2033,0.0032,0.0030,0.0034,0.0029,0.0037,0.0027,0.0039
M2,Male,51,2034,0.0032,0.0029,0.0034,0.0028,0.0037,0.0026,0.0039
M2,Male,51,2035,0.0031,0.0028,0.0033,0.0027,0.0036,0.0025,0.0039
M2,Male,51,2036,0.0029,0.0027,0.0032,0.0025,0.0034,0.0023,0.0037
M2,Male,51,2037,0.0028,0.0026,0.0031,0.0024,0.0034,0.0022,0.0037
M2,Male,51,2038,0.0028,0.0025,0.0031,0.0023,0.0034,0.0021,0.0037
M2,Male,51,2039,0.0027,0.0024,0.0030,0.0022,0.0033,0.0020,0.0036
M2,Male,51,2040,0.0026,0.0023,0.0029,0.0021,0.0032,0.0019,0.0036
M2,Male,52,2021,0.0038,0.0038,0.0039,0.0038,0.0039,0.0037,0.0040
M2,Male,52,2022,0.0037,0.0037,0.0038,0.0036,0.0038,0.0036,0.0039
M2,Male,52,2023,0.0038,0.0037,0.0039,0.0037,0.0039,0.0036,0.0040
M2,Male,52,2024,0.0037,0.0036,0.0038,0.0036,0.0039,0.0035,0.0040
M2,Male,52,2025,0.0037,0.0036,0.0038,0.0035,0.0038,0.0034,0.0040
M2,Male,52,2026,0.0037,0.0036,0.0038,0.0035,0.0039,0.0034,0.0040
M2,Male,52,2027,0.0036,0.0035,0.0037,0.0033,0.0038,0.0032,0.0040
M2,Male,52,2028,0.0037,0.0035,0.0038,0.0034,0.0040,0.0033,0.0041
M2,Male,52,2029,0.0036,0.0034,0.0038,0.0033,0.0039,0.0031,0.0041
M2,Male,52,2030,0.0037,0.0035,0.0039,0.0034,0.0041,0.0032,0.0043
M2,Male,52,2031,0.0037,0.0035,0.0039,0.0033,0.0041,0.0031,0.0043
M2,Male,52,2032,0.0037,0.0034,0.0039,0.0033,0.0041,0.0031,0.0044
M2,Male,52,2033,0.0035,0.0033,0.0038,0.0031,0.0040,0.0029,0.0043
M2,Male,52,2034,0.0035,0.0032,0.0038,0.0030,0.0040,0.0028,0.0043
M2,Male,52,2035,0.0034,0.0032,0.0037,0.0030,0.0040,0.0028,0.0043
M2,Male,52,2036,0.0033,0.0031,0.0036,0.0029,0.0039,0.0026,0.0043
M2,Male,52,2037,0.0031,0.0029,0.0035,0.0026,0.0038,0.0024,0.0041
M2,Male,52,2038,0.0030,0.0027,0.0034,0.0025,0.0037,0.0023,0.0040
M2,Male,52,2039,0.0030,0.0027,0.0033,0.0025,0.0037,0.0023,0.0041
M2,Male,52,2040,0.0029,0.0026,0.0032,0.0023,0.0036,0.0021,0.0040
M2,Male,53,2021,0.0043,0.0042,0.0043,0.0042,0.0044,0.0042,0.0044
M2,Male,53,2022,0.0042,0.0042,0.0043,0.0041,0.0044,0.0041,0.0044
M2,Male,53,2023,0.0042,0.0041,0.0043,0.0041,0.0043,0.0040,0.0044
M2,Male,53,2024,0.0042,0.0041,0.0043,0.0040,0.0043,0.0039,0.0044
M2,Male,53,2025,0.0042,0.0041,0.0043,0.0040,0.0044,0.0039,0.0045
M2,Male,53,2026,0.0041,0.0040,0.0042,0.0038,0.0043,0.0037,0.0045
M2,Male,53,2027,0.0040,0.0039,0.0042,0.0038,0.0043,0.0036,0.0045
M2,Male,53,2028,0.0040,0.0038,0.0042,0.0037,0.0043,0.0036,0.0045
M2,Male,53,2029,0.0041,0.0039,0.0043,0.0038,0.0045,0.0036,0.0046
M2,Male,53,2030,0.0040,0.0038,0.0042,0.0036,0.0044,0.0034,0.0046
M2,Male,53,2031,0.0041,0.0039,0.0044,0.0037,0.0046,0.0035,0.0049
M2,Male,53,2032,0.0041,0.0038,0.0043,0.0037,0.0046,0.0034,0.0049
M2,Male,53,2033,0.0041,0.0038,0.0044,0.0036,0.0047,0.0034,0.0050
M2,Male,53,2034,0.0039,0.0036,0.0042,0.0034,0.0045,0.0032,0.0049
M2,Male,53,2035,0.0039,0.0036,0.0042,0.0033,0.0045,0.0031,0.0049
M2,Male,53,2036,0.0038,0.0035,0.0042,0.0033,0.0045,0.0030,0.0049
M2,Male,53,2037,0.0037,0.0034,0.0041,0.0031,0.0044,0.0029,0.0049
M2,Male,53,2038,0.0035,0.0031,0.0039,0.0029,0.0043,0.0027,0.0047
M2,Male,53,2039,0.0034,0.0030,0.0038,0.0028,0.0041,0.0025,0.0046
M2,Male,53,2040,0.0033,0.0030,0.0037,0.0027,0.0042,0.0024,0.0047
M2,Male,54,2021,0.0048,0.0047,0.0048,0.0047,0.0049,0.0046,0.0050
M2,Male,54,2022,0.0046,0.0046,0.0047,0.0045,0.0048,0.0044,0.0048
M2,Male,54,2023,0.0047,0.0046,0.0048,0.0045,0.0048,0.0045,0.0049
M2,Male,54,2024,0.0045,0.0044,0.0046,0.0043,0.0047,0.0042,0.0048
M2,Male,54,2025,0.0045,0.0044,0.0047,0.0043,0.0048,0.0042,0.0049
M2,Male,54,2026,0.0045,0.0044,0.0047,0.0043,0.0048,0.0042,0.0050
M2,Male,54,2027,0.0044,0.0042,0.0046,0.0041,0.0047,0.0040,0.0049
M2,Male,54,2028,0.0044,0.0042,0.0046,0.0041,0.0048,0.0039,0.0050
M2,Male,54,2029,0.0043,0.0041,0.0045,0.0040,0.0047,0.0038,0.0049
M2,Male,54,2030,0.0044,0.0042,0.0047,0.0040,0.0049,0.0038,0.0051
M2,Male,54,2031,0.0043,0.0041,0.0046,0.0039,0.0048,0.0037,0.0051
M2,Male,54,2032,0.0045,0.0042,0.0048,0.0040,0.0051,0.0037,0.0054
M2,Male,54,2033,0.0044,0.0041,0.0047,0.0039,0.0051,0.0037,0.0054
M2,Male,54,2034,0.0044,0.0041,0.0048,0.0038,0.0051,0.0036,0.0055
M2,Male,54,2035,0.0043,0.0039,0.0046,0.0037,0.0050,0.0034,0.0054
M2,Male,54,2036,0.0042,0.0038,0.0046,0.0036,0.0050,0.0033,0.0054
M2,Male,54,2037,0.0041,0.0038,0.0045,0.0035,0.0050,0.0032,0.0055
M2,Male,54,2038,0.0040,0.0036,0.0044,0.0033,0.0049,0.0031,0.0054
M2,Male,54,2039,0.0038,0.0034,0.0042,0.0031,0.0046,0.0028,0.0052
M2,Male,54,2040,0.0037,0.0033,0.0041,0.0029,0.0046,0.0026,0.0051
M2,Male,55,2021,0.0054,0.0054,0.0055,0.0053,0.0056,0.0053,0.0056
M2,Male,55,2022,0.0053,0.0052,0.0054,0.0051,0.0055,0.0051,0.0055
M2,Male,55,2023,0.0052,0.0051,0.0053,0.0051,0.0054,0.0050,0.0055
M2,Male,55,2024,0.0051,0.0050,0.0053,0.0049,0.0054,0.0048,0.0055
M2,Male,55,2025,0.0050,0.0049,0.0052,0.0048,0.0053,0.0047,0.0055
M2,Male,55,2026,0.0051,0.0049,0.0052,0.0048,0.0054,0.0046,0.0056
M2,Male,55,2027,0.0050,0.0048,0.0052,0.0047,0.0054,0.0045,0.0056
M2,Male,55,2028,0.0049,0.0047,0.0051,0.0045,0.0053,0.0044,0.0056
M2,Male,55,2029,0.0049,0.0047,0.0051,0.0045,0.0054,0.0043,0.0056
M2,Male,55,2030,0.0048,0.0046,0.0051,0.0044,0.0053,0.0041,0.0056
M2,Male,55,2031,0.0049,0.0046,0.0052,0.0044,0.0055,0.0042,0.0058
M2,Male,55,2032,0.0048,0.0045,0.0051,0.0043,0.0054,0.0040,0.0058
M2,Male,55,2033,0.0050,0.0046,0.0053,0.0044,0.0057,0.0041,0.0061
M2,Male,55,2034,0.0049,0.0045,0.0053,0.0042,0.0057,0.0040,0.0062
M2,Male,55,2035,0.0049,0.0045,0.0053,0.0042,0.0058,0.0039,0.0063
M2,Male,55,2036,0.0047,0.0043,0.0052,0.0040,0.0056,0.0037,0.0062
M2,Male,55,2037,0.0047,0.0042,0.0051,0.0039,0.0056,0.0036,0.0062
M2,Male,55,2038,0.0046,0.0041,0.0051,0.0038,0.0056,0.0035,0.0062
M2,Male,55,2039,0.0045,0.0040,0.0050,0.0036,0.0055,0.0033,0.0062
M2,Male,55,2040,0.0042,0.0038,0.0047,0.0033,0.0053,0.0030,0.0060
M2,Male,56,2021,0.0061,0.0060,0.0062,0.0060,0.0062,0.0059,0.0063
M2,Male,56,2022,0.0059,0.0058,0.0060,0.0057,0.0060,0.0056,0.0061
M2,Male,56,2023,0.0059,0.0057,0.0060,0.0056,0.0061,0.0056,0.0062
M2,Male,56,2024,0.0056,0.0055,0.0057,0.0053,0.0059,0.0052,0.0060
M2,Male,56,2025,0.0056,0.0054,0.0058,0.0053,0.0059,0.0052,0.0061
M2,Male,56,2026,0.0055,0.0053,0.0057,0.0051,0.0059,0.0050,0.0061
M2,Male,56,2027,0.0054,0.0052,0.0057,0.0051,0.0059,0.0049,0.0061
M2,Male,56,2028,0.0055,0.0052,0.0057,0.0050,0.0060,0.0048,0.0062
M2,Male,56,2029,0.0053,0.0051,0.0056,0.0049,0.0058,0.0046,0.0061
M2,Male,56,2030,0.0053,0.0050,0.0056,0.0048,0.0059,0.0045,0.0062
M2,Male,56,2031,0.0052,0.0049,0.0056,0.0047,0.0059,0.0044,0.0062
M2,Male,56,2032,0.0053,0.0050,0.0057,0.0047,0.0060,0.0044,0.0065
M2,Male,56,2033,0.0052,0.0048,0.0056,0.0045,0.0060,0.0042,0.0064
M2,Male,56,2034,0.0054,0.0050,0.0058,0.0046,0.0063,0.0043,0.0068
M2,Male,56,2035,0.0053,0.0049,0.0058,0.0045,0.0063,0.0042,0.0068
M2,Male,56,2036,0.0053,0.0048,0.0058,0.0045,0.0064,0.0041,0.0070
M2,Male,56,2037,0.0051,0.0046,0.0057,0.0042,0.0062,0.0039,0.0069
M2,Male,56,2038,0.0050,0.0045,0.0056,0.0041,0.0062,0.0038,0.0069
M2,Male,56,2039,0.0050,0.0044,0.0056,0.0040,0.0062,0.0036,0.0069
M2,Male,56,2040,0.0048,0.0043,0.0055,0.0038,0.0061,0.0034,0.0069
M2,Male,57,2021,0.0065,0.0064,0.0066,0.0063,0.0066,0.0063,0.0067
M2,Male,57,2022,0.0063,0.0062,0.0064,0.0061,0.0065,0.0060,0.0066
M2,Male,57,2023,0.0062,0.0061,0.0063,0.0060,0.0064,0.0059,0.0065
M2,Male,57,2024,0.0060,0.0058,0.0061,0.0057,0.0063,0.0055,0.0064
M2,Male,57,2025,0.0058,0.0057,0.0060,0.0055,0.0062,0.0054,0.0064
M2,Male,57,2026,0.0058,0.0056,0.0060,0.0054,0.0062,0.0053,0.0064
M2,Male,57,2027,0.0056,0.0054,0.0059,0.0052,0.0061,0.0050,0.0063
M2,Male,57,2028,0.0057,0.0054,0.0059,0.0052,0.0062,0.0050,0.0065
M2,Male,57,2029,0.0056,0.0054,0.0059,0.0051,0.0062,0.0049,0.0065
M2,Male,57,2030,0.0055,0.0052,0.0058,0.0050,0.0061,0.0047,0.0064
M2,Male,57,2031,0.0055,0.0051,0.0058,0.0049,0.0062,0.0046,0.0066
M2,Male,57,2032,0.0054,0.0050,0.0058,0.0048,0.0061,0.0044,0.0066
M2,Male,57,2033,0.0055,0.0051,0.0059,0.0048,0.0064,0.0044,0.0068
M2,Male,57,2034,0.0054,0.0049,0.0058,0.0046,0.0063,0.0043,0.0068
M2,Male,57,2035,0.0056,0.0051,0.0061,0.0047,0.0066,0.0044,0.0072
M2,Male,57,2036,0.0055,0.0050,0.0060,0.0046,0.0066,0.0042,0.0073
M2,Male,57,2037,0.0055,0.0049,0.0061,0.0045,0.0067,0.0041,0.0075
M2,Male,57,2038,0.0053,0.0047,0.0059,0.0043,0.0066,0.0039,0.0073
M2,Male,57,2039,0.0052,0.0046,0.0059,0.0042,0.0065,0.0038,0.0073
M2,Male,57,2040,0.0051,0.0045,0.0058,0.0040,0.0065,0.0036,0.0074
M2,Male,58,2021,0.0074,0.0073,0.0075,0.0072,0.0076,0.0071,0.0077
M2,Male,58,2022,0.0071,0.0070,0.0072,0.0069,0.0073,0.0068,0.0074
M2,Male,58,2023,0.0070,0.0069,0.0072,0.0068,0.0073,0.0067,0.0074
M2,Male,58,2024,0.0067,0.0065,0.0069,0.0064,0.0070,0.0062,0.0072
M2,Male,58,2025,0.0066,0.0064,0.0068,0.0062,0.0070,0.0061,0.0072
M2,Male,58,2026,0.0065,0.0062,0.0067,0.0060,0.0069,0.0059,0.0072
M2,Male,58,2027,0.0064,0.0061,0.0066,0.0059,0.0069,0.0057,0.0071
M2,Male,58,2028,0.0062,0.0060,0.0065,0.0057,0.0068,0.0055,0.0071
M2,Male,58,2029,0.0062,0.0059,0.0066,0.0057,0.0069,0.0054,0.0072
M2,Male,58,2030,0.0062,0.0059,0.0066,0.0056,0.0069,0.0053,0.0073
M2,Male,58,2031,0.0061,0.0057,0.0065,0.0054,0.0068,0.0051,0.0073
M2,Male,58,2032,0.0060,0.0056,0.0065,0.0053,0.0069,0.0049,0.0074
M2,Male,58,2033,0.0059,0.0055,0.0064,0.0052,0.0069,0.0048,0.0074
M2,Male,58,2034,0.0061,0.0055,0.0066,0.0052,0.0071,0.0048,0.0077
M2,Male,58,2035,0.0059,0.0054,0.0065,0.0050,0.0070,0.0046,0.0076
M2,Male,58,2036,0.0062,0.0056,0.0068,0.0051,0.0074,0.0047,0.0081
M2,Male,58,2037,0.0061,0.0054,0.0067,0.0050,0.0074,0.0045,0.0082
M2,Male,58,2038,0.0061,0.0054,0.0068,0.0049,0.0076,0.0045,0.0084
M2,Male,58,2039,0.0058,0.0052,0.0066,0.0047,0.0073,0.0042,0.0082
M2,Male,58,2040,0.0057,0.0051,0.0065,0.0045,0.0073,0.0040,0.0083
M2,Male,59,2021,0.0082,0.0081,0.0083,0.0080,0.0084,0.0079,0.0085
M2,Male,59,2022,0.0079,0.0077,0.0080,0.0076,0.0081,0.0075,0.0082
M2,Male,59,2023,0.0077,0.0076,0.0079,0.0075,0.0080,0.0073,0.0082
M2,Male,59,2024,0.0074,0.0072,0.0076,0.0070,0.0078,0.0068,0.0080
M2,Male,59,2025,0.0072,0.0070,0.0075,0.0068,0.0076,0.0066,0.0079
M2,Male,59,2026,0.0071,0.0069,0.0074,0.0066,0.0076,0.0064,0.0079
M2,Male,59,2027,0.0068,0.0066,0.0071,0.0063,0.0074,0.0061,0.0077
M2,Male,59,2028,0.0068,0.0065,0.0072,0.0063,0.0075,0.0060,0.0078
M2,Male,59,2029,0.0067,0.0063,0.0070,0.0061,0.0074,0.0057,0.0077
M2,Male,59,2030,0.0067,0.0063,0.0071,0.0060,0.0075,0.0057,0.0079
M2,Male,59,2031,0.0066,0.0062,0.0071,0.0059,0.0075,0.0055,0.0080
M2,Male,59,2032,0.0065,0.0060,0.0069,0.0057,0.0074,0.0053,0.0080
M2,Male,59,2033,0.0065,0.0060,0.0070,0.0056,0.0075,0.0052,0.0080
M2,Male,59,2034,0.0064,0.0058,0.0069,0.0054,0.0075,0.0050,0.0081
M2,Male,59,2035,0.0065,0.0059,0.0071,0.0055,0.0077,0.0050,0.0084
M2,Male,59,2036,0.0063,0.0057,0.0070,0.0053,0.0076,0.0048,0.0084
M2,Male,59,2037,0.0066,0.0059,0.0073,0.0054,0.0081,0.0049,0.0090
M2,Male,59,2038,0.0065,0.0058,0.0072,0.0052,0.0081,0.0048,0.0090
M2,Male,59,2039,0.0065,0.0057,0.0073,0.0052,0.0081,0.0047,0.0092
M2,Male,59,2040,0.0062,0.0055,0.0071,0.0049,0.0080,0.0043,0.0091
M2,Male,60,2021,0.0091,0.0089,0.0092,0.0088,0.0093,0.0087,0.0094
M2,Male,60,2022,0.0088,0.0086,0.0089,0.0085,0.0091,0.0084,0.0092
M2,Male,60,2023,0.0086,0.0084,0.0088,0.0083,0.0089,0.0081,0.0091
M2,Male,60,2024,0.0082,0.0080,0.0084,0.0078,0.0086,0.0075,0.0088
M2,Male,60,2025,0.0080,0.0078,0.0083,0.0075,0.0085,0.0074,0.0088
M2,Male,60,2026,0.0078,0.0075,0.0081,0.0073,0.0084,0.0070,0.0087
M2,Male,60,2027,0.0076,0.0073,0.0079,0.0070,0.0082,0.0067,0.0085
M2,Male,60,2028,0.0074,0.0071,0.0078,0.0068,0.0081,0.0065,0.0085
M2,Male,60,2029,0.0073,0.0070,0.0077,0.0066,0.0081,0.0063,0.0085
M2,Male,60,2030,0.0071,0.0067,0.0076,0.0064,0.0080,0.0060,0.0085
M2,Male,60,2031,0.0072,0.0067,0.0077,0.0063,0.0081,0.0059,0.0087
M2,Male,60,2032,0.0071,0.0066,0.0076,0.0062,0.0082,0.0058,0.0088
M2,Male,60,2033,0.0069,0.0064,0.0075,0.0060,0.0081,0.0056,0.0087
M2,Male,60,2034,0.0069,0.0063,0.0075,0.0059,0.0082,0.0054,0.0089
M2,Male,60,2035,0.0068,0.0062,0.0075,0.0057,0.0081,0.0053,0.0089
M2,Male,60,2036,0.0070,0.0063,0.0077,0.0058,0.0084,0.0052,0.0093
M2,Male,60,2037,0.0068,0.0061,0.0076,0.0055,0.0084,0.0050,0.0093
M2,Male,60,2038,0.0070,0.0062,0.0079,0.0056,0.0089,0.0052,0.0099
M2,Male,60,2039,0.0069,0.0061,0.0079,0.0055,0.0088,0.0049,0.0099
M2,Male,60,2040,0.0069,0.0061,0.0079,0.0054,0.0090,0.0048,0.0102
M2,Male,61,2021,0.0103,0.0102,0.0104,0.0101,0.0106,0.0099,0.0107
M2,Male,61,2022,0.0099,0.0098,0.0101,0.0096,0.0103,0.0095,0.0104
M2,Male,61,2023,0.0099,0.0097,0.0101,0.0095,0.0103,0.0094,0.0105
M2,Male,61,2024,0.0094,0.0091,0.0096,0.0089,0.0099,0.0086,0.0101
M2,Male,61,2025,0.0091,0.0088,0.0094,0.0086,0.0097,0.0084,0.0100
M2,Male,61,2026,0.0089,0.0086,0.0092,0.0083,0.0096,0.0080,0.0099
M2,Male,61,2027,0.0085,0.0082,0.0089,0.0079,0.0093,0.0076,0.0096
M2,Male,61,2028,0.0084,0.0080,0.0088,0.0077,0.0093,0.0073,0.0097
M2,Male,61,2029,0.0082,0.0077,0.0086,0.0074,0.0091,0.0070,0.0095
M2,Male,61,2030,0.0081,0.0076,0.0086,0.0073,0.0091,0.0068,0.0096
M2,Male,61,2031,0.0079,0.0074,0.0085,0.0070,0.0090,0.0065,0.0096
M2,Male,61,2032,0.0079,0.0073,0.0085,0.0069,0.0091,0.0064,0.0098
M2,Male,61,2033,0.0079,0.0073,0.0085,0.0068,0.0092,0.0063,0.0099
M2,Male,61,2034,0.0077,0.0070,0.0084,0.0065,0.0091,0.0060,0.0099
M2,Male,61,2035,0.0076,0.0069,0.0084,0.0064,0.0091,0.0059,0.0100
M2,Male,61,2036,0.0075,0.0068,0.0083,0.0062,0.0092,0.0056,0.0101
M2,Male,61,2037,0.0077,0.0069,0.0086,0.0062,0.0095,0.0057,0.0106
M2,Male,61,2038,0.0075,0.0066,0.0084,0.0060,0.0094,0.0055,0.0105
M2,Male,61,2039,0.0078,0.0068,0.0088,0.0061,0.0098,0.0055,0.0112
M2,Male,61,2040,0.0077,0.0068,0.0088,0.0059,0.0099,0.0052,0.0113
M2,Male,62,2021,0.0112,0.0111,0.0114,0.0110,0.0115,0.0108,0.0117
M2,Male,62,2022,0.0109,0.0107,0.0111,0.0105,0.0113,0.0104,0.0115
M2,Male,62,2023,0.0108,0.0106,0.0111,0.0104,0.0113,0.0102,0.0115
M2,Male,62,2024,0.0104,0.0101,0.0107,0.0098,0.0109,0.0096,0.0112
M2,Male,62,2025,0.0101,0.0098,0.0104,0.0094,0.0107,0.0092,0.0111
M2,Male,62,2026,0.0098,0.0094,0.0101,0.0091,0.0105,0.0088,0.0109
M2,Male,62,2027,0.0094,0.0090,0.0098,0.0087,0.0103,0.0083,0.0106
M2,Male,62,2028,0.0092,0.0087,0.0096,0.0084,0.0101,0.0080,0.0106
M2,Male,62,2029,0.0090,0.0085,0.0095,0.0081,0.0100,0.0076,0.0105
M2,Male,62,2030,0.0087,0.0082,0.0093,0.0078,0.0098,0.0073,0.0104
M2,Male,62,2031,0.0087,0.0081,0.0093,0.0076,0.0098,0.0071,0.0105
M2,Male,62,2032,0.0084,0.0078,0.0091,0.0074,0.0097,0.0068,0.0105
M2,Male,62,2033,0.0084,0.0078,0.0092,0.0073,0.0099,0.0067,0.0106
M2,Male,62,2034,0.0084,0.0076,0.0092,0.0071,0.0100,0.0066,0.0109
M2,Male,62,2035,0.0082,0.0074,0.0090,0.0068,0.0098,0.0063,0.0108
M2,Male,62,2036,0.0082,0.0073,0.0090,0.0067,0.0100,0.0061,0.0110
M2,Male,62,2037,0.0080,0.0071,0.0090,0.0065,0.0100,0.0059,0.0111
M2,Male,62,2038,0.0082,0.0072,0.0092,0.0065,0.0104,0.0059,0.0116
M2,Male,62,2039,0.0080,0.0070,0.0091,0.0063,0.0101,0.0056,0.0116
M2,Male,62,2040,0.0083,0.0073,0.0095,0.0064,0.0108,0.0056,0.0124
M2,Male,63,2021,0.0126,0.0124,0.0127,0.0123,0.0129,0.0121,0.0131
M2,Male,63,2022,0.0121,0.0119,0.0124,0.0117,0.0126,0.0115,0.0128
M2,Male,63,2023,0.0121,0.0119,0.0124,0.0117,0.0126,0.0115,0.0129
M2,Male,63,2024,0.0116,0.0113,0.0119,0.0110,0.0122,0.0107,0.0126
M2,Male,63,2025,0.0114,0.0111,0.0118,0.0107,0.0121,0.0104,0.0126
M2,Male,63,2026,0.0110,0.0106,0.0114,0.0102,0.0119,0.0099,0.0123
M2,Male,63,2027,0.0105,0.0101,0.0110,0.0097,0.0115,0.0093,0.0119
M2,Male,63,2028,0.0103,0.0098,0.0109,0.0094,0.0114,0.0090,0.0119
M2,Male,63,2029,0.0100,0.0094,0.0105,0.0090,0.0111,0.0085,0.0117
M2,Male,63,2030,0.0097,0.0092,0.0104,0.0087,0.0110,0.0082,0.0117
M2,Male,63,2031,0.0095,0.0088,0.0102,0.0084,0.0108,0.0078,0.0116
M2,Male,63,2032,0.0094,0.0087,0.0101,0.0082,0.0108,0.0075,0.0117
M2,Male,63,2033,0.0092,0.0084,0.0100,0.0079,0.0108,0.0073,0.0116
M2,Male,63,2034,0.0092,0.0083,0.0101,0.0077,0.0109,0.0071,0.0119
M2,Male,63,2035,0.0091,0.0082,0.0100,0.0076,0.0110,0.0070,0.0121
M2,Male,63,2036,0.0089,0.0080,0.0099,0.0073,0.0109,0.0066,0.0121
M2,Male,63,2037,0.0089,0.0079,0.0100,0.0072,0.0111,0.0065,0.0124
M2,Male,63,2038,0.0087,0.0077,0.0098,0.0069,0.0111,0.0063,0.0124
M2,Male,63,2039,0.0089,0.0078,0.0101,0.0070,0.0114,0.0062,0.0130
M2,Male,63,2040,0.0087,0.0076,0.0100,0.0067,0.0113,0.0059,0.0130
M2,Male,64,2021,0.0136,0.0134,0.0138,0.0133,0.0140,0.0131,0.0142
M2,Male,64,2022,0.0133,0.0131,0.0136,0.0129,0.0138,0.0126,0.0140
M2,Male,64,2023,0.0132,0.0130,0.0135,0.0127,0.0138,0.0125,0.0141
M2,Male,64,2024,0.0128,0.0124,0.0131,0.0121,0.0134,0.0117,0.0138
M2,Male,64,2025,0.0125,0.0121,0.0129,0.0117,0.0133,0.0114,0.0138
M2,Male,64,2026,0.0122,0.0118,0.0127,0.0114,0.0132,0.0110,0.0137
M2,Male,64,2027,0.0117,0.0112,0.0122,0.0107,0.0127,0.0103,0.0132
M2,Male,64,2028,0.0114,0.0108,0.0120,0.0103,0.0125,0.0098,0.0131
M2,Male,64,2029,0.0110,0.0104,0.0116,0.0099,0.0123,0.0093,0.0129
M2,Male,64,2030,0.0106,0.0100,0.0114,0.0095,0.0120,0.0089,0.0127
M2,Male,64,2031,0.0105,0.0097,0.0112,0.0092,0.0119,0.0086,0.0127
M2,Male,64,2032,0.0101,0.0093,0.0109,0.0088,0.0117,0.0081,0.0127
M2,Male,64,2033,0.0101,0.0092,0.0109,0.0086,0.0118,0.0079,0.0127
M2,Male,64,2034,0.0098,0.0089,0.0107,0.0082,0.0117,0.0076,0.0128
M2,Male,64,2035,0.0098,0.0088,0.0108,0.0082,0.0118,0.0075,0.0130
M2,Male,64,2036,0.0098,0.0087,0.0109,0.0080,0.0120,0.0072,0.0133
M2,Male,64,2037,0.0095,0.0084,0.0107,0.0077,0.0119,0.0069,0.0133
M2,Male,64,2038,0.0095,0.0083,0.0107,0.0075,0.0121,0.0068,0.0136
M2,Male,64,2039,0.0093,0.0082,0.0106,0.0073,0.0119,0.0065,0.0136
M2,Male,64,2040,0.0095,0.0083,0.0110,0.0073,0.0124,0.0064,0.0143
M2,Male,65,2021,0.0152,0.0150,0.0154,0.0148,0.0156,0.0146,0.0158
M2,Male,65,2022,0.0148,0.0145,0.0151,0.0142,0.0153,0.0140,0.0156
M2,Male,65,2023,0.0149,0.0146,0.0152,0.0143,0.0155,0.0140,0.0159
M2,Male,65,2024,0.0143,0.0139,0.0147,0.0135,0.0150,0.0131,0.0155
M2,Male,65,2025,0.0141,0.0136,0.0146,0.0132,0.0150,0.0128,0.0156
M2,Male,65,2026,0.0137,0.0132,0.0143,0.0127,0.0148,0.0123,0.0154
M2,Male,65,2027,0.0133,0.0127,0.0139,0.0122,0.0145,0.0117,0.0151
M2,Male,65,2028,0.0129,0.0122,0.0136,0.0117,0.0142,0.0111,0.0149
M2,Male,65,2029,0.0124,0.0117,0.0131,0.0112,0.0139,0.0105,0.0146
M2,Male,65,2030,0.0120,0.0113,0.0129,0.0107,0.0137,0.0100,0.0145
M2,Male,65,2031,0.0117,0.0108,0.0125,0.0102,0.0134,0.0095,0.0143
M2,Male,65,2032,0.0114,0.0105,0.0123,0.0099,0.0132,0.0091,0.0144
M2,Male,65,2033,0.0111,0.0102,0.0121,0.0095,0.0131,0.0087,0.0141
M2,Male,65,2034,0.0110,0.0099,0.0121,0.0092,0.0132,0.0085,0.0144
M2,Male,65,2035,0.0107,0.0096,0.0118,0.0089,0.0130,0.0081,0.0143
M2,Male,65,2036,0.0107,0.0096,0.0120,0.0088,0.0133,0.0079,0.0147
M2,Male,65,2037,0.0107,0.0095,0.0120,0.0085,0.0134,0.0077,0.0151
M2,Male,65,2038,0.0104,0.0091,0.0118,0.0082,0.0133,0.0074,0.0150
M2,Male,65,2039,0.0104,0.0090,0.0119,0.0080,0.0133,0.0072,0.0153
M2,Male,65,2040,0.0102,0.0089,0.0118,0.0077,0.0134,0.0068,0.0155
M2,Male,66,2021,0.0164,0.0161,0.0166,0.0159,0.0168,0.0157,0.0171
M2,Male,66,2022,0.0160,0.0157,0.0163,0.0154,0.0166,0.0152,0.0169
M2,Male,66,2023,0.0161,0.0157,0.0164,0.0154,0.0168,0.0151,0.0171
M2,Male,66,2024,0.0156,0.0151,0.0161,0.0147,0.0165,0.0143,0.0170
M2,Male,66,2025,0.0153,0.0148,0.0158,0.0143,0.0163,0.0139,0.0169
M2,Male,66,2026,0.0150,0.0144,0.0156,0.0139,0.0163,0.0135,0.0169
M2,Male,66,2027,0.0145,0.0138,0.0152,0.0133,0.0159,0.0127,0.0164
M2,Male,66,2028,0.0142,0.0135,0.0150,0.0129,0.0158,0.0123,0.0166
M2,Male,66,2029,0.0136,0.0129,0.0145,0.0123,0.0153,0.0115,0.0161
M2,Male,66,2030,0.0132,0.0123,0.0141,0.0117,0.0150,0.0109,0.0159
M2,Male,66,2031,0.0128,0.0119,0.0138,0.0112,0.0147,0.0104,0.0158
M2,Male,66,2032,0.0124,0.0113,0.0134,0.0107,0.0144,0.0098,0.0156
M2,Male,66,2033,0.0121,0.0111,0.0132,0.0103,0.0144,0.0095,0.0155
M2,Male,66,2034,0.0118,0.0106,0.0130,0.0098,0.0142,0.0090,0.0155
M2,Male,66,2035,0.0117,0.0105,0.0129,0.0096,0.0142,0.0088,0.0157
M2,Male,66,2036,0.0114,0.0102,0.0127,0.0093,0.0141,0.0083,0.0157
M2,Male,66,2037,0.0114,0.0101,0.0129,0.0091,0.0144,0.0082,0.0162
M2,Male,66,2038,0.0113,0.0099,0.0129,0.0089,0.0146,0.0080,0.0164
M2,Male,66,2039,0.0111,0.0096,0.0127,0.0085,0.0143,0.0076,0.0164
M2,Male,66,2040,0.0110,0.0096,0.0128,0.0083,0.0146,0.0073,0.0169
M2,Male,67,2021,0.0179,0.0176,0.0181,0.0174,0.0184,0.0171,0.0186
M2,Male,67,2022,0.0176,0.0172,0.0179,0.0169,0.0182,0.0166,0.0186
M2,Male,67,2023,0.0177,0.0174,0.0181,0.0170,0.0185,0.0167,0.0189
M2,Male,67,2024,0.0171,0.0166,0.0176,0.0161,0.0181,0.0156,0.0186
M2,Male,67,2025,0.0170,0.0164,0.0176,0.0159,0.0181,0.0155,0.0189
M2,Male,67,2026,0.0166,0.0160,0.0173,0.0154,0.0180,0.0149,0.0188
M2,Male,67,2027,0.0161,0.0154,0.0169,0.0148,0.0177,0.0141,0.0183
M2,Male,67,2028,0.0158,0.0150,0.0167,0.0143,0.0175,0.0136,0.0184
M2,Male,67,2029,0.0154,0.0145,0.0163,0.0138,0.0173,0.0129,0.0182
M2,Male,67,2030,0.0148,0.0138,0.0158,0.0131,0.0168,0.0123,0.0178
M2,Male,67,2031,0.0143,0.0133,0.0154,0.0125,0.0164,0.0116,0.0176
M2,Male,67,2032,0.0139,0.0127,0.0150,0.0120,0.0161,0.0110,0.0176
M2,Male,67,2033,0.0134,0.0123,0.0146,0.0114,0.0159,0.0105,0.0172
M2,Male,67,2034,0.0132,0.0119,0.0145,0.0109,0.0158,0.0101,0.0173
M2,Male,67,2035,0.0128,0.0114,0.0141,0.0105,0.0155,0.0096,0.0172
M2,Male,67,2036,0.0127,0.0113,0.0141,0.0103,0.0157,0.0092,0.0175
M2,Male,67,2037,0.0123,0.0109,0.0139,0.0098,0.0156,0.0088,0.0176
M2,Male,67,2038,0.0123,0.0108,0.0140,0.0097,0.0159,0.0087,0.0180
M2,Male,67,2039,0.0123,0.0107,0.0141,0.0095,0.0159,0.0084,0.0183
M2,Male,67,2040,0.0120,0.0104,0.0139,0.0090,0.0159,0.0079,0.0184
M2,Male,68,2021,0.0197,0.0194,0.0199,0.0191,0.0202,0.0189,0.0205
M2,Male,68,2022,0.0195,0.0191,0.0199,0.0187,0.0202,0.0184,0.0206
M2,Male,68,2023,0.0198,0.0193,0.0202,0.0189,0.0206,0.0186,0.0211
M2,Male,68,2024,0.0192,0.0186,0.0197,0.0181,0.0203,0.0175,0.0209
M2,Male,68,2025,0.0189,0.0183,0.0197,0.0177,0.0202,0.0172,0.0211
M2,Male,68,2026,0.0188,0.0180,0.0196,0.0174,0.0204,0.0168,0.0212
M2,Male,68,2027,0.0181,0.0173,0.0190,0.0166,0.0199,0.0158,0.0206
M2,Male,68,2028,0.0179,0.0170,0.0189,0.0162,0.0199,0.0154,0.0209
M2,Male,68,2029,0.0173,0.0163,0.0184,0.0155,0.0195,0.0145,0.0206
M2,Male,68,2030,0.0169,0.0158,0.0181,0.0150,0.0193,0.0140,0.0204
M2,Male,68,2031,0.0163,0.0151,0.0175,0.0142,0.0187,0.0132,0.0201
M2,Male,68,2032,0.0157,0.0144,0.0170,0.0135,0.0183,0.0124,0.0199
M2,Male,68,2033,0.0153,0.0139,0.0167,0.0130,0.0181,0.0119,0.0196
M2,Male,68,2034,0.0148,0.0133,0.0162,0.0122,0.0178,0.0113,0.0195
M2,Male,68,2035,0.0144,0.0129,0.0160,0.0119,0.0176,0.0108,0.0195
M2,Male,68,2036,0.0140,0.0125,0.0157,0.0114,0.0175,0.0102,0.0195
M2,Male,68,2037,0.0139,0.0123,0.0157,0.0110,0.0176,0.0099,0.0199
M2,Male,68,2038,0.0136,0.0118,0.0154,0.0106,0.0176,0.0095,0.0198
M2,Male,68,2039,0.0136,0.0118,0.0156,0.0104,0.0176,0.0093,0.0203
M2,Male,68,2040,0.0135,0.0117,0.0157,0.0101,0.0180,0.0088,0.0209
M2,Male,69,2021,0.0214,0.0210,0.0217,0.0208,0.0220,0.0205,0.0223
M2,Male,69,2022,0.0210,0.0205,0.0214,0.0202,0.0218,0.0198,0.0222
M2,Male,69,2023,0.0214,0.0209,0.0219,0.0205,0.0224,0.0201,0.0229
M2,Male,69,2024,0.0209,0.0203,0.0215,0.0197,0.0221,0.0190,0.0228
M2,Male,69,2025,0.0208,0.0201,0.0216,0.0194,0.0222,0.0188,0.0231
M2,Male,69,2026,0.0205,0.0197,0.0213,0.0189,0.0222,0.0183,0.0232
M2,Male,69,2027,0.0200,0.0191,0.0210,0.0183,0.0220,0.0175,0.0228
M2,Male,69,2028,0.0196,0.0186,0.0208,0.0178,0.0218,0.0169,0.0230
M2,Male,69,2029,0.0192,0.0181,0.0204,0.0172,0.0216,0.0161,0.0228
M2,Male,69,2030,0.0186,0.0174,0.0200,0.0165,0.0213,0.0154,0.0226
M2,Male,69,2031,0.0182,0.0169,0.0196,0.0159,0.0210,0.0147,0.0226
M2,Male,69,2032,0.0175,0.0160,0.0189,0.0151,0.0204,0.0137,0.0222
M2,Male,69,2033,0.0169,0.0154,0.0185,0.0143,0.0201,0.0131,0.0218
M2,Male,69,2034,0.0164,0.0148,0.0181,0.0136,0.0198,0.0125,0.0218
M2,Male,69,2035,0.0158,0.0142,0.0176,0.0130,0.0194,0.0118,0.0215
M2,Male,69,2036,0.0155,0.0138,0.0174,0.0126,0.0194,0.0112,0.0217
M2,Male,69,2037,0.0151,0.0133,0.0171,0.0119,0.0192,0.0107,0.0217
M2,Male,69,2038,0.0149,0.0130,0.0170,0.0116,0.0194,0.0105,0.0219
M2,Male,69,2039,0.0146,0.0126,0.0168,0.0112,0.0190,0.0099,0.0220
M2,Male,69,2040,0.0146,0.0126,0.0170,0.0109,0.0195,0.0095,0.0227
M2,Male,70,2021,0.0225,0.0222,0.0229,0.0219,0.0232,0.0216,0.0235
M2,Male,70,2022,0.0224,0.0219,0.0229,0.0215,0.0233,0.0212,0.0237
M2,Male,70,2023,0.0227,0.0222,0.0232,0.0217,0.0237,0.0213,0.0243
M2,Male,70,2024,0.0223,0.0216,0.0230,0.0210,0.0236,0.0203,0.0243
M2,Male,70,2025,0.0223,0.0215,0.0231,0.0208,0.0238,0.0202,0.0248
M2,Male,70,2026,0.0221,0.0212,0.0230,0.0204,0.0240,0.0197,0.0250
M2,Male,70,2027,0.0215,0.0205,0.0226,0.0196,0.0236,0.0187,0.0245
M2,Male,70,2028,0.0214,0.0203,0.0226,0.0193,0.0238,0.0183,0.0250
M2,Male,70,2029,0.0207,0.0195,0.0220,0.0185,0.0233,0.0173,0.0247
M2,Male,70,2030,0.0203,0.0189,0.0218,0.0179,0.0232,0.0167,0.0246
M2,Male,70,2031,0.0198,0.0183,0.0213,0.0172,0.0228,0.0159,0.0245
M2,Male,70,2032,0.0192,0.0176,0.0209,0.0166,0.0225,0.0151,0.0246
M2,Male,70,2033,0.0185,0.0169,0.0203,0.0156,0.0221,0.0143,0.0239
M2,Male,70,2034,0.0179,0.0161,0.0197,0.0148,0.0217,0.0135,0.0238
M2,Male,70,2035,0.0173,0.0155,0.0193,0.0142,0.0213,0.0129,0.0236
M2,Male,70,2036,0.0168,0.0149,0.0188,0.0135,0.0210,0.0121,0.0235
M2,Male,70,2037,0.0164,0.0144,0.0186,0.0130,0.0209,0.0116,0.0237
M2,Male,70,2038,0.0160,0.0139,0.0182,0.0124,0.0208,0.0111,0.0235
M2,Male,70,2039,0.0158,0.0137,0.0183,0.0121,0.0207,0.0107,0.0239
M2,Male,70,2040,0.0154,0.0134,0.0180,0.0115,0.0207,0.0100,0.0241
M2,Male,71,2021,0.0247,0.0243,0.0250,0.0240,0.0254,0.0236,0.0257
M2,Male,71,2022,0.0247,0.0242,0.0252,0.0238,0.0257,0.0234,0.0262
M2,Male,71,2023,0.0254,0.0248,0.0260,0.0243,0.0265,0.0238,0.0271
M2,Male,71,2024,0.0247,0.0240,0.0255,0.0232,0.0262,0.0225,0.0270
M2,Male,71,2025,0.0249,0.0240,0.0258,0.0232,0.0266,0.0225,0.0277
M2,Male,71,2026,0.0248,0.0238,0.0258,0.0229,0.0269,0.0221,0.0281
M2,Male,71,2027,0.0242,0.0231,0.0255,0.0221,0.0267,0.0211,0.0277
M2,Male,71,2028,0.0240,0.0227,0.0254,0.0217,0.0267,0.0205,0.0281
M2,Male,71,2029,0.0236,0.0222,0.0251,0.0211,0.0266,0.0197,0.0281
M2,Male,71,2030,0.0229,0.0214,0.0246,0.0203,0.0262,0.0189,0.0279
M2,Male,71,2031,0.0225,0.0208,0.0243,0.0196,0.0260,0.0181,0.0280
M2,Male,71,2032,0.0218,0.0200,0.0237,0.0188,0.0256,0.0171,0.0279
M2,Male,71,2033,0.0213,0.0195,0.0234,0.0180,0.0255,0.0165,0.0276
M2,Male,71,2034,0.0205,0.0184,0.0226,0.0169,0.0249,0.0155,0.0273
M2,Male,71,2035,0.0198,0.0177,0.0220,0.0162,0.0243,0.0147,0.0269
M2,Male,71,2036,0.0193,0.0170,0.0216,0.0155,0.0241,0.0138,0.0270
M2,Male,71,2037,0.0186,0.0163,0.0211,0.0147,0.0237,0.0131,0.0268
M2,Male,71,2038,0.0182,0.0158,0.0208,0.0141,0.0237,0.0127,0.0269
M2,Male,71,2039,0.0177,0.0153,0.0204,0.0135,0.0231,0.0119,0.0268
M2,Male,71,2040,0.0175,0.0152,0.0205,0.0131,0.0235,0.0113,0.0274
M2,Male,72,2021,0.0261,0.0257,0.0265,0.0254,0.0269,0.0250,0.0273
M2,Male,72,2022,0.0260,0.0255,0.0266,0.0250,0.0271,0.0246,0.0276
M2,Male,72,2023,0.0270,0.0264,0.0276,0.0258,0.0282,0.0253,0.0289
M2,Male,72,2024,0.0266,0.0258,0.0274,0.0250,0.0282,0.0242,0.0290
M2,Male,72,2025,0.0265,0.0256,0.0276,0.0247,0.0284,0.0240,0.0296
M2,Male,72,2026,0.0266,0.0255,0.0278,0.0246,0.0289,0.0237,0.0302
M2,Male,72,2027,0.0262,0.0250,0.0275,0.0239,0.0288,0.0228,0.0299
M2,Male,72,2028,0.0260,0.0247,0.0276,0.0235,0.0290,0.0223,0.0306
M2,Male,72,2029,0.0255,0.0240,0.0271,0.0228,0.0288,0.0213,0.0304
M2,Male,72,2030,0.0251,0.0234,0.0270,0.0222,0.0288,0.0207,0.0306
M2,Male,72,2031,0.0245,0.0227,0.0265,0.0213,0.0284,0.0197,0.0305
M2,Male,72,2032,0.0239,0.0219,0.0260,0.0206,0.0281,0.0188,0.0307
M2,Male,72,2033,0.0233,0.0212,0.0255,0.0197,0.0279,0.0180,0.0302
M2,Male,72,2034,0.0228,0.0204,0.0251,0.0187,0.0276,0.0172,0.0304
M2,Male,72,2035,0.0218,0.0195,0.0243,0.0178,0.0268,0.0162,0.0298
M2,Male,72,2036,0.0211,0.0187,0.0237,0.0170,0.0265,0.0151,0.0297
M2,Male,72,2037,0.0205,0.0180,0.0233,0.0161,0.0262,0.0144,0.0297
M2,Male,72,2038,0.0198,0.0172,0.0226,0.0153,0.0259,0.0138,0.0293
M2,Male,72,2039,0.0194,0.0168,0.0224,0.0148,0.0255,0.0130,0.0295
M2,Male,72,2040,0.0189,0.0163,0.0220,0.0140,0.0254,0.0121,0.0296
M2,Male,73,2021,0.0284,0.0280,0.0289,0.0276,0.0293,0.0272,0.0297
M2,Male,73,2022,0.0281,0.0275,0.0287,0.0270,0.0292,0.0266,0.0298
M2,Male,73,2023,0.0290,0.0283,0.0296,0.0277,0.0303,0.0271,0.0310
M2,Male,73,2024,0.0288,0.0279,0.0297,0.0271,0.0305,0.0262,0.0314
M2,Male,73,2025,0.0291,0.0281,0.0302,0.0271,0.0311,0.0263,0.0324
M2,Male,73,2026,0.0289,0.0278,0.0302,0.0267,0.0315,0.0258,0.0329
M2,Male,73,2027,0.0286,0.0273,0.0301,0.0261,0.0315,0.0249,0.0328
M2,Male,73,2028,0.0287,0.0272,0.0304,0.0259,0.0320,0.0245,0.0337
M2,Male,73,2029,0.0282,0.0266,0.0300,0.0252,0.0318,0.0235,0.0337
M2,Male,73,2030,0.0277,0.0258,0.0297,0.0244,0.0317,0.0228,0.0337
M2,Male,73,2031,0.0274,0.0253,0.0296,0.0238,0.0317,0.0220,0.0341
M2,Male,73,2032,0.0266,0.0243,0.0289,0.0228,0.0312,0.0208,0.0340
M2,Male,73,2033,0.0261,0.0237,0.0286,0.0220,0.0312,0.0201,0.0338
M2,Male,73,2034,0.0253,0.0227,0.0280,0.0209,0.0308,0.0191,0.0339
M2,Male,73,2035,0.0247,0.0220,0.0274,0.0201,0.0304,0.0183,0.0337
M2,Male,73,2036,0.0238,0.0210,0.0267,0.0191,0.0298,0.0170,0.0334
M2,Male,73,2037,0.0229,0.0201,0.0260,0.0180,0.0293,0.0161,0.0332
M2,Male,73,2038,0.0223,0.0193,0.0255,0.0172,0.0291,0.0155,0.0330
M2,Male,73,2039,0.0216,0.0186,0.0249,0.0164,0.0283,0.0145,0.0328
M2,Male,73,2040,0.0211,0.0182,0.0247,0.0157,0.0284,0.0136,0.0332
M2,Male,74,2021,0.0308,0.0304,0.0313,0.0300,0.0317,0.0295,0.0322
M2,Male,74,2022,0.0302,0.0296,0.0308,0.0290,0.0314,0.0285,0.0320
M2,Male,74,2023,0.0309,0.0302,0.0316,0.0295,0.0323,0.0289,0.0330
M2,Male,74,2024,0.0305,0.0295,0.0314,0.0286,0.0323,0.0277,0.0333
M2,Male,74,2025,0.0311,0.0300,0.0323,0.0289,0.0332,0.0281,0.0346
M2,Male,74,2026,0.0313,0.0301,0.0327,0.0289,0.0341,0.0279,0.0355
M2,Male,74,2027,0.0307,0.0293,0.0323,0.0280,0.0338,0.0267,0.0352
M2,Male,74,2028,0.0310,0.0293,0.0328,0.0280,0.0345,0.0265,0.0363
M2,Male,74,2029,0.0306,0.0289,0.0326,0.0274,0.0346,0.0256,0.0366
M2,Male,74,2030,0.0302,0.0282,0.0325,0.0267,0.0346,0.0249,0.0368
M2,Male,74,2031,0.0298,0.0275,0.0321,0.0258,0.0344,0.0239,0.0370
M2,Male,74,2032,0.0293,0.0267,0.0318,0.0252,0.0343,0.0229,0.0375
M2,Male,74,2033,0.0285,0.0260,0.0313,0.0241,0.0341,0.0220,0.0369
M2,Male,74,2034,0.0280,0.0251,0.0309,0.0230,0.0339,0.0211,0.0373
M2,Male,74,2035,0.0271,0.0242,0.0302,0.0222,0.0333,0.0201,0.0370
M2,Male,74,2036,0.0265,0.0235,0.0298,0.0213,0.0332,0.0190,0.0372
M2,Male,74,2037,0.0255,0.0223,0.0289,0.0200,0.0325,0.0179,0.0369
M2,Male,74,2038,0.0246,0.0214,0.0281,0.0190,0.0321,0.0171,0.0364
M2,Male,74,2039,0.0239,0.0206,0.0276,0.0182,0.0313,0.0161,0.0363
M2,Male,74,2040,0.0231,0.0200,0.0270,0.0172,0.0311,0.0149,0.0363
M2,Male,75,2021,0.0336,0.0331,0.0341,0.0327,0.0346,0.0322,0.0351
M2,Male,75,2022,0.0339,0.0332,0.0346,0.0326,0.0352,0.0320,0.0359
M2,Male,75,2023,0.0343,0.0335,0.0351,0.0328,0.0359,0.0322,0.0367
M2,Male,75,2024,0.0336,0.0326,0.0347,0.0316,0.0356,0.0306,0.0367
M2,Male,75,2025,0.0341,0.0329,0.0354,0.0318,0.0365,0.0309,0.0380
M2,Male,75,2026,0.0346,0.0333,0.0361,0.0320,0.0377,0.0309,0.0393
M2,Male,75,2027,0.0345,0.0329,0.0362,0.0314,0.0379,0.0300,0.0394
M2,Male,75,2028,0.0344,0.0326,0.0364,0.0311,0.0384,0.0295,0.0404
M2,Male,75,2029,0.0343,0.0323,0.0365,0.0307,0.0386,0.0286,0.0409
M2,Male,75,2030,0.0340,0.0317,0.0365,0.0301,0.0389,0.0280,0.0413
M2,Male,75,2031,0.0337,0.0311,0.0363,0.0293,0.0389,0.0271,0.0418
M2,Male,75,2032,0.0330,0.0301,0.0358,0.0284,0.0386,0.0259,0.0421
M2,Male,75,2033,0.0326,0.0297,0.0357,0.0275,0.0389,0.0252,0.0421
M2,Male,75,2034,0.0317,0.0285,0.0350,0.0262,0.0385,0.0240,0.0423
M2,Male,75,2035,0.0310,0.0277,0.0345,0.0254,0.0381,0.0230,0.0422
M2,Male,75,2036,0.0302,0.0267,0.0339,0.0243,0.0378,0.0216,0.0423
M2,Male,75,2037,0.0295,0.0259,0.0334,0.0232,0.0375,0.0208,0.0425
M2,Male,75,2038,0.0283,0.0246,0.0323,0.0219,0.0369,0.0197,0.0418
M2,Male,75,2039,0.0274,0.0236,0.0316,0.0208,0.0358,0.0184,0.0414
M2,Male,75,2040,0.0266,0.0230,0.0310,0.0198,0.0357,0.0172,0.0416
M2,Male,76,2021,0.0377,0.0371,0.0382,0.0366,0.0387,0.0361,0.0393
M2,Male,76,2022,0.0360,0.0353,0.0368,0.0346,0.0374,0.0340,0.0381
M2,Male,76,2023,0.0375,0.0367,0.0384,0.0359,0.0392,0.0352,0.0401
M2,Male,76,2024,0.0364,0.0353,0.0376,0.0343,0.0386,0.0332,0.0397
M2,Male,76,2025,0.0366,0.0354,0.0380,0.0342,0.0392,0.0332,0.0408
M2,Male,76,2026,0.0370,0.0355,0.0386,0.0342,0.0402,0.0330,0.0419
M2,Male,76,2027,0.0371,0.0354,0.0390,0.0339,0.0408,0.0323,0.0424
M2,Male,76,2028,0.0376,0.0356,0.0397,0.0340,0.0418,0.0322,0.0440
M2,Male,76,2029,0.0371,0.0350,0.0395,0.0332,0.0418,0.0310,0.0442
M2,Male,76,2030,0.0370,0.0346,0.0398,0.0328,0.0423,0.0306,0.0450
M2,Male,76,2031,0.0369,0.0341,0.0398,0.0321,0.0426,0.0297,0.0457
M2,Male,76,2032,0.0363,0.0332,0.0394,0.0313,0.0425,0.0285,0.0463
M2,Male,76,2033,0.0357,0.0326,0.0391,0.0302,0.0426,0.0276,0.0461
M2,Male,76,2034,0.0353,0.0317,0.0389,0.0291,0.0427,0.0267,0.0469
M2,Male,76,2035,0.0343,0.0306,0.0380,0.0281,0.0420,0.0255,0.0465
M2,Male,76,2036,0.0336,0.0298,0.0377,0.0271,0.0420,0.0241,0.0469
M2,Male,76,2037,0.0327,0.0287,0.0370,0.0258,0.0415,0.0231,0.0470
M2,Male,76,2038,0.0319,0.0277,0.0364,0.0247,0.0415,0.0222,0.0469
M2,Male,76,2039,0.0307,0.0265,0.0354,0.0234,0.0400,0.0207,0.0463
M2,Male,76,2040,0.0296,0.0256,0.0345,0.0221,0.0397,0.0192,0.0462
M2,Male,77,2021,0.0413,0.0407,0.0419,0.0402,0.0425,0.0396,0.0431
M2,Male,77,2022,0.0407,0.0398,0.0415,0.0391,0.0422,0.0384,0.0430
M2,Male,77,2023,0.0402,0.0393,0.0411,0.0384,0.0419,0.0377,0.0429
M2,Male,77,2024,0.0401,0.0390,0.0414,0.0378,0.0425,0.0366,0.0438
M2,Male,77,2025,0.0400,0.0387,0.0415,0.0373,0.0427,0.0363,0.0445
M2,Male,77,2026,0.0401,0.0385,0.0418,0.0371,0.0435,0.0358,0.0454
M2,Male,77,2027,0.0400,0.0382,0.0420,0.0366,0.0439,0.0349,0.0456
M2,Male,77,2028,0.0408,0.0387,0.0431,0.0370,0.0454,0.0351,0.0477
M2,Male,77,2029,0.0409,0.0385,0.0434,0.0366,0.0459,0.0343,0.0485
M2,Male,77,2030,0.0404,0.0378,0.0434,0.0359,0.0462,0.0335,0.0490
M2,Male,77,2031,0.0406,0.0375,0.0437,0.0353,0.0467,0.0328,0.0501
M2,Male,77,2032,0.0401,0.0367,0.0435,0.0347,0.0468,0.0317,0.0510
M2,Male,77,2033,0.0397,0.0363,0.0434,0.0337,0.0472,0.0308,0.0510
M2,Male,77,2034,0.0390,0.0351,0.0430,0.0323,0.0471,0.0297,0.0516
M2,Male,77,2035,0.0384,0.0344,0.0426,0.0316,0.0469,0.0287,0.0519
M2,Male,77,2036,0.0375,0.0333,0.0419,0.0303,0.0467,0.0271,0.0521
M2,Male,77,2037,0.0367,0.0323,0.0415,0.0291,0.0465,0.0261,0.0525
M2,Male,77,2038,0.0357,0.0311,0.0406,0.0278,0.0462,0.0250,0.0521
M2,Male,77,2039,0.0348,0.0302,0.0401,0.0267,0.0453,0.0237,0.0522
M2,Male,77,2040,0.0335,0.0290,0.0390,0.0251,0.0446,0.0218,0.0519
M2,Male,78,2021,0.0438,0.0431,0.0444,0.0426,0.0450,0.0420,0.0456
M2,Male,78,2022,0.0446,0.0437,0.0455,0.0430,0.0463,0.0422,0.0471
M2,Male,78,2023,0.0453,0.0443,0.0463,0.0434,0.0473,0.0426,0.0483
M2,Male,78,2024,0.0430,0.0418,0.0443,0.0406,0.0455,0.0393,0.0468
M2,Male,78,2025,0.0441,0.0427,0.0458,0.0412,0.0471,0.0401,0.0489
M2,Male,78,2026,0.0438,0.0421,0.0456,0.0406,0.0475,0.0392,0.0494
M2,Male,78,2027,0.0434,0.0414,0.0455,0.0397,0.0476,0.0379,0.0493
M2,Male,78,2028,0.0440,0.0418,0.0464,0.0399,0.0488,0.0379,0.0513
M2,Male,78,2029,0.0444,0.0419,0.0471,0.0399,0.0498,0.0373,0.0526
M2,Male,78,2030,0.0445,0.0417,0.0477,0.0396,0.0507,0.0370,0.0537
M2,Male,78,2031,0.0443,0.0411,0.0476,0.0387,0.0509,0.0359,0.0545
M2,Male,78,2032,0.0441,0.0404,0.0478,0.0382,0.0513,0.0349,0.0558
M2,Male,78,2033,0.0439,0.0401,0.0479,0.0373,0.0520,0.0342,0.0561
M2,Male,78,2034,0.0434,0.0391,0.0477,0.0360,0.0521,0.0332,0.0571
M2,Male,78,2035,0.0425,0.0382,0.0470,0.0350,0.0517,0.0319,0.0571
M2,Male,78,2036,0.0421,0.0374,0.0470,0.0341,0.0522,0.0305,0.0580
M2,Male,78,2037,0.0409,0.0361,0.0462,0.0325,0.0516,0.0292,0.0582
M2,Male,78,2038,0.0401,0.0350,0.0455,0.0313,0.0517,0.0283,0.0582
M2,Male,78,2039,0.0390,0.0339,0.0448,0.0300,0.0505,0.0267,0.0580
M2,Male,78,2040,0.0381,0.0331,0.0442,0.0287,0.0505,0.0250,0.0585
M2,Male,79,2021,0.0494,0.0487,0.0501,0.0481,0.0507,0.0474,0.0515
M2,Male,79,2022,0.0477,0.0468,0.0487,0.0460,0.0494,0.0452,0.0503
M2,Male,79,2023,0.0502,0.0491,0.0513,0.0481,0.0523,0.0472,0.0534
M2,Male,79,2024,0.0490,0.0476,0.0504,0.0463,0.0517,0.0448,0.0532
M2,Male,79,2025,0.0477,0.0462,0.0494,0.0446,0.0508,0.0434,0.0528
M2,Male,79,2026,0.0488,0.0469,0.0507,0.0452,0.0527,0.0437,0.0549
M2,Male,79,2027,0.0478,0.0457,0.0501,0.0438,0.0523,0.0419,0.0542
M2,Male,79,2028,0.0481,0.0458,0.0508,0.0437,0.0533,0.0416,0.0559
M2,Male,79,2029,0.0483,0.0456,0.0512,0.0435,0.0541,0.0407,0.0570
M2,Male,79,2030,0.0488,0.0457,0.0522,0.0435,0.0555,0.0407,0.0587
M2,Male,79,2031,0.0492,0.0457,0.0529,0.0431,0.0564,0.0401,0.0603
M2,Male,79,2032,0.0486,0.0447,0.0526,0.0422,0.0564,0.0387,0.0613
M2,Male,79,2033,0.0487,0.0446,0.0530,0.0415,0.0575,0.0381,0.0619
M2,Male,79,2034,0.0484,0.0437,0.0531,0.0404,0.0580,0.0372,0.0633
M2,Male,79,2035,0.0477,0.0429,0.0527,0.0394,0.0578,0.0360,0.0637
M2,Male,79,2036,0.0470,0.0419,0.0523,0.0383,0.0580,0.0343,0.0644
M2,Male,79,2037,0.0463,0.0410,0.0521,0.0370,0.0582,0.0333,0.0654
M2,Male,79,2038,0.0451,0.0395,0.0511,0.0354,0.0579,0.0320,0.0650
M2,Male,79,2039,0.0442,0.0385,0.0506,0.0342,0.0569,0.0304,0.0652
M2,Male,79,2040,0.0430,0.0375,0.0498,0.0326,0.0567,0.0285,0.0655
M2,Male,80,2021,0.0541,0.0533,0.0548,0.0527,0.0555,0.0520,0.0562
M2,Male,80,2022,0.0554,0.0543,0.0564,0.0534,0.0573,0.0526,0.0583
M2,Male,80,2023,0.0551,0.0540,0.0563,0.0529,0.0574,0.0520,0.0586
M2,Male,80,2024,0.0558,0.0542,0.0574,0.0527,0.0588,0.0512,0.0604
M2,Male,80,2025,0.0558,0.0541,0.0578,0.0523,0.0593,0.0510,0.0616
M2,Male,80,2026,0.0542,0.0522,0.0563,0.0504,0.0585,0.0487,0.0608
M2,Male,80,2027,0.0547,0.0524,0.0572,0.0503,0.0597,0.0482,0.0618
M2,Male,80,2028,0.0545,0.0519,0.0574,0.0497,0.0602,0.0473,0.0631
M2,Male,80,2029,0.0544,0.0515,0.0575,0.0491,0.0606,0.0461,0.0638
M2,Male,80,2030,0.0546,0.0513,0.0583,0.0488,0.0618,0.0458,0.0653
M2,Male,80,2031,0.0555,0.0516,0.0595,0.0488,0.0633,0.0455,0.0676
M2,Male,80,2032,0.0556,0.0512,0.0599,0.0485,0.0642,0.0445,0.0695
M2,Male,80,2033,0.0552,0.0507,0.0600,0.0473,0.0649,0.0436,0.0697
M2,Male,80,2034,0.0552,0.0500,0.0604,0.0463,0.0657,0.0428,0.0716
M2,Male,80,2035,0.0548,0.0494,0.0602,0.0455,0.0659,0.0416,0.0724
M2,Male,80,2036,0.0542,0.0485,0.0602,0.0444,0.0664,0.0399,0.0735
M2,Male,80,2037,0.0532,0.0473,0.0597,0.0428,0.0663,0.0387,0.0742
M2,Male,80,2038,0.0526,0.0462,0.0593,0.0416,0.0669,0.0377,0.0748
M2,Male,80,2039,0.0512,0.0448,0.0584,0.0399,0.0654,0.0357,0.0746
M2,Male,80,2040,0.0502,0.0439,0.0578,0.0383,0.0656,0.0336,0.0754
M2,Male,81,2021,0.0623,0.0614,0.0631,0.0607,0.0638,0.0599,0.0647
M2,Male,81,2022,0.0590,0.0579,0.0601,0.0570,0.0610,0.0561,0.0620
M2,Male,81,2023,0.0622,0.0610,0.0635,0.0598,0.0647,0.0588,0.0660
M2,Male,81,2024,0.0596,0.0581,0.0613,0.0565,0.0628,0.0549,0.0645
M2,Male,81,2025,0.0618,0.0600,0.0639,0.0581,0.0656,0.0566,0.0680
M2,Male,81,2026,0.0617,0.0595,0.0640,0.0575,0.0664,0.0557,0.0689
M2,Male,81,2027,0.0592,0.0568,0.0619,0.0546,0.0644,0.0523,0.0666
M2,Male,81,2028,0.0607,0.0579,0.0638,0.0555,0.0668,0.0529,0.0699
M2,Male,81,2029,0.0599,0.0568,0.0633,0.0543,0.0666,0.0511,0.0700
M2,Male,81,2030,0.0598,0.0563,0.0638,0.0537,0.0674,0.0504,0.0711
M2,Male,81,2031,0.0604,0.0564,0.0646,0.0534,0.0686,0.0498,0.0731
M2,Male,81,2032,0.0610,0.0563,0.0656,0.0535,0.0701,0.0492,0.0757
M2,Male,81,2033,0.0614,0.0566,0.0665,0.0529,0.0718,0.0488,0.0769
M2,Male,81,2034,0.0609,0.0554,0.0664,0.0514,0.0721,0.0476,0.0783
M2,Male,81,2035,0.0608,0.0551,0.0667,0.0509,0.0728,0.0467,0.0796
M2,Male,81,2036,0.0605,0.0544,0.0670,0.0500,0.0737,0.0451,0.0813
M2,Male,81,2037,0.0598,0.0533,0.0667,0.0484,0.0739,0.0439,0.0824
M2,Male,81,2038,0.0588,0.0519,0.0660,0.0469,0.0741,0.0426,0.0826
M2,Male,81,2039,0.0581,0.0510,0.0659,0.0457,0.0735,0.0409,0.0834
M2,Male,81,2040,0.0566,0.0498,0.0649,0.0436,0.0732,0.0384,0.0837
M2,Male,82,2021,0.0682,0.0673,0.0690,0.0666,0.0699,0.0657,0.0708
M2,Male,82,2022,0.0683,0.0671,0.0695,0.0660,0.0705,0.0650,0.0717
M2,Male,82,2023,0.0666,0.0653,0.0679,0.0641,0.0691,0.0630,0.0705
M2,Male,82,2024,0.0677,0.0660,0.0695,0.0643,0.0711,0.0625,0.0730
M2,Male,82,2025,0.0664,0.0645,0.0686,0.0625,0.0704,0.0610,0.0729
M2,Male,82,2026,0.0686,0.0663,0.0711,0.0642,0.0737,0.0622,0.0764
M2,Male,82,2027,0.0677,0.0650,0.0707,0.0626,0.0735,0.0601,0.0759
M2,Male,82,2028,0.0660,0.0630,0.0693,0.0605,0.0724,0.0578,0.0756
M2,Male,82,2029,0.0671,0.0637,0.0707,0.0609,0.0743,0.0575,0.0779
M2,Male,82,2030,0.0663,0.0625,0.0705,0.0597,0.0744,0.0562,0.0784
M2,Male,82,2031,0.0665,0.0622,0.0710,0.0589,0.0752,0.0551,0.0800
M2,Male,82,2032,0.0668,0.0618,0.0716,0.0587,0.0764,0.0542,0.0823
M2,Male,82,2033,0.0677,0.0626,0.0732,0.0586,0.0788,0.0542,0.0842
M2,Male,82,2034,0.0681,0.0620,0.0740,0.0577,0.0801,0.0536,0.0868
M2,Male,82,2035,0.0674,0.0612,0.0737,0.0567,0.0802,0.0522,0.0875
M2,Male,82,2036,0.0675,0.0608,0.0744,0.0561,0.0817,0.0507,0.0898
M2,Male,82,2037,0.0671,0.0600,0.0746,0.0547,0.0823,0.0497,0.0915
M2,Male,82,2038,0.0663,0.0588,0.0742,0.0533,0.0830,0.0486,0.0921
M2,Male,82,2039,0.0652,0.0575,0.0737,0.0517,0.0819,0.0465,0.0926
M2,Male,82,2040,0.0644,0.0569,0.0735,0.0501,0.0827,0.0443,0.0941
M2,Male,83,2021,0.0761,0.0752,0.0771,0.0744,0.0779,0.0735,0.0789
M2,Male,83,2022,0.0757,0.0744,0.0770,0.0733,0.0781,0.0722,0.0793
M2,Male,83,2023,0.0778,0.0764,0.0793,0.0750,0.0807,0.0738,0.0822
M2,Male,83,2024,0.0733,0.0715,0.0752,0.0697,0.0769,0.0679,0.0788
M2,Male,83,2025,0.0762,0.0741,0.0786,0.0719,0.0806,0.0703,0.0833
M2,Male,83,2026,0.0747,0.0722,0.0773,0.0699,0.0799,0.0679,0.0827
M2,Male,83,2027,0.0763,0.0734,0.0794,0.0707,0.0825,0.0680,0.0851
M2,Male,83,2028,0.0764,0.0731,0.0800,0.0703,0.0834,0.0672,0.0870
M2,Male,83,2029,0.0738,0.0702,0.0776,0.0673,0.0814,0.0636,0.0852
M2,Male,83,2030,0.0750,0.0709,0.0796,0.0678,0.0838,0.0640,0.0881
M2,Male,83,2031,0.0746,0.0699,0.0793,0.0664,0.0839,0.0623,0.0890
M2,Male,83,2032,0.0744,0.0690,0.0796,0.0657,0.0846,0.0609,0.0909
M2,Male,83,2033,0.0749,0.0695,0.0807,0.0653,0.0867,0.0606,0.0924
M2,Male,83,2034,0.0760,0.0695,0.0823,0.0649,0.0888,0.0604,0.0959
M2,Male,83,2035,0.0762,0.0695,0.0830,0.0646,0.0900,0.0596,0.0978
M2,Male,83,2036,0.0757,0.0685,0.0832,0.0634,0.0909,0.0576,0.0996
M2,Male,83,2037,0.0757,0.0681,0.0839,0.0623,0.0922,0.0568,0.1019
M2,Male,83,2038,0.0753,0.0671,0.0838,0.0610,0.0934,0.0558,0.1031
M2,Male,83,2039,0.0745,0.0660,0.0837,0.0595,0.0926,0.0538,0.1041
M2,Male,83,2040,0.0732,0.0650,0.0831,0.0575,0.0930,0.0511,0.1053
M2,Male,84,2021,0.0864,0.0854,0.0874,0.0845,0.0883,0.0835,0.0894
M2,Male,84,2022,0.0841,0.0827,0.0854,0.0815,0.0866,0.0803,0.0879
M2,Male,84,2023,0.0857,0.0842,0.0873,0.0828,0.0887,0.0815,0.0903
M2,Male,84,2024,0.0853,0.0833,0.0874,0.0813,0.0892,0.0792,0.0913
M2,Male,84,2025,0.0821,0.0799,0.0846,0.0777,0.0866,0.0759,0.0894
M2,Male,84,2026,0.0851,0.0824,0.0880,0.0800,0.0909,0.0777,0.0939
M2,Male,84,2027,0.0825,0.0795,0.0858,0.0767,0.0889,0.0739,0.0916
M2,Male,84,2028,0.0855,0.0819,0.0893,0.0789,0.0930,0.0756,0.0968
M2,Male,84,2029,0.0848,0.0809,0.0890,0.0777,0.0932,0.0736,0.0973
M2,Male,84,2030,0.0821,0.0778,0.0869,0.0745,0.0913,0.0705,0.0957
M2,Male,84,2031,0.0839,0.0788,0.0890,0.0751,0.0939,0.0706,0.0993
M2,Male,84,2032,0.0829,0.0772,0.0884,0.0737,0.0938,0.0684,0.1004
M2,Male,84,2033,0.0830,0.0772,0.0891,0.0727,0.0954,0.0677,0.1014
M2,Male,84,2034,0.0836,0.0768,0.0903,0.0719,0.0971,0.0671,0.1045
M2,Male,84,2035,0.0846,0.0774,0.0918,0.0722,0.0992,0.0668,0.1074
M2,Male,84,2036,0.0851,0.0774,0.0931,0.0718,0.1014,0.0655,0.1105
M2,Male,84,2037,0.0845,0.0763,0.0931,0.0701,0.1020,0.0642,0.1122
M2,Male,84,2038,0.0845,0.0757,0.0937,0.0691,0.1038,0.0635,0.1141
M2,Male,84,2039,0.0841,0.0749,0.0940,0.0679,0.1035,0.0616,0.1158
M2,Male,84,2040,0.0831,0.0742,0.0938,0.0660,0.1044,0.0589,0.1175
M2,Male,85,2021,0.0989,0.0978,0.1000,0.0969,0.1010,0.0958,0.1021
M2,Male,85,2022,0.0971,0.0956,0.0986,0.0943,0.0998,0.0930,0.1013
M2,Male,85,2023,0.0968,0.0952,0.0985,0.0936,0.1000,0.0923,0.1017
M2,Male,85,2024,0.0956,0.0935,0.0979,0.0914,0.0998,0.0892,0.1021
M2,Male,85,2025,0.0971,0.0947,0.0999,0.0922,0.1021,0.0902,0.1052
M2,Male,85,2026,0.0933,0.0905,0.0963,0.0880,0.0993,0.0856,0.1025
M2,Male,85,2027,0.0958,0.0925,0.0994,0.0895,0.1028,0.0864,0.1058
M2,Male,85,2028,0.0941,0.0904,0.0982,0.0873,0.1020,0.0838,0.1059
M2,Male,85,2029,0.0967,0.0925,0.1012,0.0890,0.1056,0.0845,0.1101
M2,Male,85,2030,0.0961,0.0913,0.1013,0.0877,0.1062,0.0832,0.1111
M2,Male,85,2031,0.0935,0.0881,0.0989,0.0841,0.1040,0.0794,0.1097
M2,Male,85,2032,0.0950,0.0888,0.1010,0.0849,0.1067,0.0792,0.1138
M2,Male,85,2033,0.0942,0.0879,0.1008,0.0831,0.1074,0.0777,0.1138
M2,Male,85,2034,0.0943,0.0870,0.1014,0.0817,0.1087,0.0766,0.1165
M2,Male,85,2035,0.0949,0.0872,0.1025,0.0816,0.1103,0.0759,0.1189
M2,Male,85,2036,0.0962,0.0879,0.1047,0.0819,0.1135,0.0751,0.1231
M2,Male,85,2037,0.0967,0.0878,0.1060,0.0810,0.1155,0.0745,0.1264
M2,Male,85,2038,0.0960,0.0865,0.1058,0.0794,0.1166,0.0732,0.1275
M2,Male,85,2039,0.0961,0.0862,0.1068,0.0785,0.1170,0.0716,0.1300
M2,Male,85,2040,0.0956,0.0858,0.1071,0.0768,0.1185,0.0690,0.1324
M2,Male,86,2021,0.1148,0.1136,0.1159,0.1126,0.1170,0.1114,0.1183
M2,Male,86,2022,0.1090,0.1074,0.1105,0.1060,0.1118,0.1047,0.1133
M2,Male,86,2023,0.1094,0.1077,0.1112,0.1061,0.1128,0.1047,0.1146
M2,Male,86,2024,0.1059,0.1037,0.1083,0.1016,0.1103,0.0992,0.1126
M2,Male,86,2025,0.1068,0.1042,0.1096,0.1016,0.1119,0.0996,0.1151
M2,Male,86,2026,0.1081,0.1051,0.1113,0.1023,0.1146,0.0998,0.1179
M2,Male,86,2027,0.1030,0.0997,0.1067,0.0966,0.1101,0.0935,0.1131
M2,Male,86,2028,0.1070,0.1031,0.1113,0.0998,0.1154,0.0960,0.1195
M2,Male,86,2029,0.1044,0.1001,0.1090,0.0966,0.1135,0.0920,0.1179
M2,Male,86,2030,0.1073,0.1023,0.1128,0.0985,0.1179,0.0938,0.1229
M2,Male,86,2031,0.1072,0.1014,0.1129,0.0971,0.1184,0.0920,0.1244
M2,Male,86,2032,0.1037,0.0974,0.1099,0.0934,0.1158,0.0875,0.1229
M2,Male,86,2033,0.1058,0.0992,0.1127,0.0941,0.1196,0.0883,0.1263
M2,Male,86,2034,0.1049,0.0973,0.1123,0.0917,0.1198,0.0863,0.1278
M2,Male,86,2035,0.1049,0.0970,0.1128,0.0911,0.1208,0.0851,0.1296
M2,Male,86,2036,0.1058,0.0972,0.1145,0.0909,0.1235,0.0838,0.1333
M2,Male,86,2037,0.1071,0.0979,0.1168,0.0908,0.1265,0.0839,0.1377
M2,Male,86,2038,0.1077,0.0977,0.1180,0.0901,0.1292,0.0836,0.1404
M2,Male,86,2039,0.1071,0.0967,0.1182,0.0885,0.1286,0.0812,0.1420
M2,Male,86,2040,0.1071,0.0968,0.1192,0.0873,0.1310,0.0789,0.1453
M2,Male,87,2021,0.1269,0.1256,0.1281,0.1245,0.1292,0.1233,0.1305
M2,Male,87,2022,0.1288,0.1270,0.1305,0.1254,0.1319,0.1240,0.1336
M2,Male,87,2023,0.1249,0.1231,0.1268,0.1213,0.1286,0.1198,0.1305
M2,Male,87,2024,0.1221,0.1197,0.1246,0.1173,0.1268,0.1148,0.1293
M2,Male,87,2025,0.1204,0.1177,0.1234,0.1149,0.1258,0.1128,0.1292
M2,Male,87,2026,0.1210,0.1178,0.1244,0.1149,0.1278,0.1122,0.1314
M2,Male,87,2027,0.1215,0.1178,0.1255,0.1144,0.1294,0.1109,0.1326
M2,Male,87,2028,0.1172,0.1132,0.1217,0.1096,0.1259,0.1058,0.1302
M2,Male,87,2029,0.1209,0.1162,0.1259,0.1123,0.1307,0.1073,0.1356
M2,Male,87,2030,0.1181,0.1128,0.1238,0.1089,0.1290,0.1039,0.1342
M2,Male,87,2031,0.1218,0.1157,0.1280,0.1110,0.1339,0.1055,0.1402
M2,Male,87,2032,0.1211,0.1141,0.1278,0.1097,0.1342,0.1031,0.1420
M2,Male,87,2033,0.1176,0.1107,0.1249,0.1053,0.1322,0.0991,0.1391
M2,Male,87,2034,0.1199,0.1117,0.1279,0.1056,0.1359,0.0997,0.1445
M2,Male,87,2035,0.1188,0.1102,0.1272,0.1039,0.1357,0.0974,0.1450
M2,Male,87,2036,0.1190,0.1098,0.1283,0.1031,0.1378,0.0954,0.1481
M2,Male,87,2037,0.1199,0.1100,0.1301,0.1024,0.1403,0.0951,0.1520
M2,Male,87,2038,0.1214,0.1107,0.1324,0.1026,0.1442,0.0955,0.1560
M2,Male,87,2039,0.1222,0.1109,0.1341,0.1021,0.1453,0.0941,0.1595
M2,Male,87,2040,0.1214,0.1103,0.1342,0.1000,0.1468,0.0909,0.1618
M2,Male,88,2021,0.1435,0.1421,0.1447,0.1410,0.1459,0.1398,0.1472
M2,Male,88,2022,0.1395,0.1377,0.1412,0.1362,0.1427,0.1347,0.1443
M2,Male,88,2023,0.1444,0.1424,0.1464,0.1405,0.1482,0.1389,0.1503
M2,Male,88,2024,0.1366,0.1342,0.1392,0.1317,0.1415,0.1291,0.1441
M2,Male,88,2025,0.1359,0.1330,0.1390,0.1302,0.1415,0.1279,0.1450
M2,Male,88,2026,0.1337,0.1305,0.1372,0.1275,0.1407,0.1247,0.1443
M2,Male,88,2027,0.1334,0.1296,0.1375,0.1261,0.1413,0.1226,0.1446
M2,Male,88,2028,0.1354,0.1311,0.1401,0.1273,0.1445,0.1232,0.1491
M2,Male,88,2029,0.1298,0.1252,0.1348,0.1213,0.1396,0.1163,0.1444
M2,Male,88,2030,0.1340,0.1285,0.1399,0.1243,0.1454,0.1191,0.1507
M2,Male,88,2031,0.1314,0.1252,0.1376,0.1206,0.1434,0.1150,0.1497
M2,Male,88,2032,0.1349,0.1277,0.1418,0.1232,0.1484,0.1164,0.1563
M2,Male,88,2033,0.1345,0.1272,0.1421,0.1215,0.1497,0.1149,0.1569
M2,Male,88,2034,0.1308,0.1225,0.1388,0.1163,0.1469,0.1103,0.1554
M2,Male,88,2035,0.1331,0.1243,0.1418,0.1177,0.1505,0.1109,0.1600
M2,Male,88,2036,0.1322,0.1227,0.1417,0.1158,0.1513,0.1078,0.1617
M2,Male,88,2037,0.1323,0.1223,0.1427,0.1144,0.1530,0.1069,0.1647
M2,Male,88,2038,0.1333,0.1224,0.1443,0.1141,0.1562,0.1068,0.1680
M2,Male,88,2039,0.1352,0.1236,0.1473,0.1145,0.1586,0.1062,0.1728
M2,Male,88,2040,0.1359,0.1245,0.1491,0.1137,0.1619,0.1041,0.1771
M2,Male,89,2021,0.1643,0.1629,0.1655,0.1617,0.1668,0.1605,0.1681
M2,Male,89,2022,0.1606,0.1588,0.1624,0.1572,0.1639,0.1557,0.1657
M2,Male,89,2023,0.1591,0.1572,0.1611,0.1553,0.1630,0.1536,0.1650
M2,Male,89,2024,0.1608,0.1582,0.1636,0.1556,0.1659,0.1528,0.1687
M2,Male,89,2025,0.1547,0.1518,0.1580,0.1489,0.1605,0.1466,0.1641
M2,Male,89,2026,0.1536,0.1502,0.1572,0.1471,0.1608,0.1442,0.1645
M2,Male,89,2027,0.1502,0.1463,0.1543,0.1428,0.1582,0.1391,0.1616
M2,Male,89,2028,0.1513,0.1469,0.1561,0.1431,0.1606,0.1389,0.1651
M2,Male,89,2029,0.1527,0.1477,0.1579,0.1436,0.1630,0.1382,0.1680
M2,Male,89,2030,0.1467,0.1412,0.1526,0.1370,0.1580,0.1318,0.1633
M2,Male,89,2031,0.1518,0.1453,0.1582,0.1404,0.1642,0.1345,0.1707
M2,Male,89,2032,0.1484,0.1412,0.1553,0.1366,0.1618,0.1297,0.1696
M2,Male,89,2033,0.1528,0.1452,0.1605,0.1393,0.1683,0.1325,0.1756
M2,Male,89,2034,0.1523,0.1435,0.1607,0.1370,0.1691,0.1306,0.1779
M2,Male,89,2035,0.1480,0.1391,0.1567,0.1324,0.1655,0.1253,0.1749
M2,Male,89,2036,0.1509,0.1411,0.1607,0.1339,0.1705,0.1255,0.1810
M2,Male,89,2037,0.1497,0.1394,0.1603,0.1313,0.1708,0.1234,0.1826
M2,Male,89,2038,0.1500,0.1388,0.1612,0.1302,0.1732,0.1227,0.1850
M2,Male,89,2039,0.1512,0.1395,0.1635,0.1301,0.1748,0.1215,0.1889
M2,Male,89,2040,0.1532,0.1415,0.1666,0.1303,0.1795,0.1203,0.1947
M2,Male,90,2021,0.1830,0.1815,0.1843,0.1803,0.1856,0.1790,0.1871
M2,Male,90,2022,0.1796,0.1777,0.1815,0.1760,0.1831,0.1744,0.1849
M2,Male,90,2023,0.1787,0.1766,0.1808,0.1746,0.1828,0.1729,0.1849
M2,Male,90,2024,0.1733,0.1706,0.1761,0.1679,0.1785,0.1651,0.1813
M2,Male,90,2025,0.1776,0.1744,0.1810,0.1712,0.1838,0.1687,0.1877
M2,Male,90,2026,0.1707,0.1671,0.1744,0.1638,0.1782,0.1608,0.1821
M2,Male,90,2027,0.1683,0.1642,0.1727,0.1604,0.1768,0.1565,0.1804
M2,Male,90,2028,0.1662,0.1616,0.1711,0.1576,0.1757,0.1532,0.1804
M2,Male,90,2029,0.1665,0.1613,0.1719,0.1570,0.1771,0.1515,0.1823
M2,Male,90,2030,0.1680,0.1621,0.1744,0.1576,0.1802,0.1519,0.1859
M2,Male,90,2031,0.1621,0.1555,0.1686,0.1505,0.1747,0.1445,0.1813
M2,Male,90,2032,0.1670,0.1593,0.1743,0.1544,0.1812,0.1471,0.1894
M2,Male,90,2033,0.1637,0.1560,0.1717,0.1499,0.1795,0.1429,0.1869
M2,Male,90,2034,0.1684,0.1592,0.1772,0.1524,0.1859,0.1456,0.1951
M2,Male,90,2035,0.1678,0.1582,0.1771,0.1510,0.1864,0.1434,0.1963
M2,Male,90,2036,0.1634,0.1533,0.1734,0.1459,0.1835,0.1371,0.1943
M2,Male,90,2037,0.1664,0.1555,0.1775,0.1469,0.1884,0.1385,0.2007
M2,Male,90,2038,0.1652,0.1535,0.1769,0.1445,0.1893,0.1365,0.2015
M2,Male,90,2039,0.1656,0.1534,0.1783,0.1436,0.1900,0.1345,0.2044
M2,Male,90,2040,0.1668,0.1547,0.1806,0.1430,0.1938,0.1326,0.2093
M2,Male,91,2021,0.2013,0.1999,0.2026,0.1988,0.2039,0.1974,0.2053
M2,Male,91,2022,0.1999,0.1980,0.2017,0.1963,0.2033,0.1948,0.2051
M2,Male,91,2023,0.1993,0.1973,0.2014,0.1953,0.2033,0.1936,0.2054
M2,Male,91,2024,0.1945,0.1918,0.1973,0.1892,0.1997,0.1864,0.2024
M2,Male,91,2025,0.1913,0.1883,0.1946,0.1852,0.1972,0.1828,0.2009
M2,Male,91,2026,0.1956,0.1920,0.1993,0.1887,0.2031,0.1856,0.2070
M2,Male,91,2027,0.1871,0.1831,0.1914,0.1794,0.1954,0.1755,0.1989
M2,Male,91,2028,0.1862,0.1816,0.1910,0.1777,0.1956,0.1733,0.2002
M2,Male,91,2029,0.1829,0.1779,0.1882,0.1737,0.1932,0.1682,0.1982
M2,Male,91,2030,0.1834,0.1777,0.1896,0.1733,0.1952,0.1677,0.2006
M2,Male,91,2031,0.1857,0.1791,0.1922,0.1740,0.1983,0.1679,0.2049
M2,Male,91,2032,0.1787,0.1713,0.1856,0.1667,0.1922,0.1596,0.2000
M2,Male,91,2033,0.1845,0.1768,0.1923,0.1707,0.2001,0.1636,0.2073
M2,Male,91,2034,0.1810,0.1721,0.1893,0.1655,0.1976,0.1589,0.2062
M2,Male,91,2035,0.1859,0.1765,0.1950,0.1694,0.2040,0.1618,0.2136
M2,Male,91,2036,0.1855,0.1754,0.1955,0.1679,0.2054,0.1590,0.2160
M2,Male,91,2037,0.1807,0.1701,0.1914,0.1618,0.2018,0.1535,0.2134
M2,Male,91,2038,0.1840,0.1725,0.1955,0.1635,0.2075,0.1555,0.2193
M2,Male,91,2039,0.1829,0.1709,0.1952,0.1612,0.2065,0.1521,0.2204
M2,Male,91,2040,0.1832,0.1714,0.1966,0.1599,0.2093,0.1495,0.2241
M2,Male,92,2021,0.2264,0.2250,0.2277,0.2239,0.2289,0.2226,0.2302
M2,Male,92,2022,0.2248,0.2229,0.2266,0.2213,0.2281,0.2198,0.2298
M2,Male,92,2023,0.2262,0.2242,0.2282,0.2223,0.2301,0.2206,0.2322
M2,Male,92,2024,0.2218,0.2192,0.2245,0.2166,0.2269,0.2138,0.2295
M2,Male,92,2025,0.2191,0.2162,0.2224,0.2131,0.2250,0.2107,0.2286
M2,Male,92,2026,0.2153,0.2118,0.2189,0.2087,0.2225,0.2057,0.2262
M2,Male,92,2027,0.2189,0.2149,0.2232,0.2111,0.2272,0.2072,0.2307
M2,Male,92,2028,0.2113,0.2068,0.2161,0.2029,0.2205,0.1986,0.2250
M2,Male,92,2029,0.2093,0.2044,0.2145,0.2002,0.2195,0.1948,0.2244
M2,Male,92,2030,0.2060,0.2004,0.2120,0.1961,0.2174,0.1906,0.2226
M2,Male,92,2031,0.2071,0.2007,0.2135,0.1958,0.2193,0.1897,0.2256
M2,Male,92,2032,0.2091,0.2016,0.2160,0.1969,0.2225,0.1897,0.2302
M2,Male,92,2033,0.2019,0.1945,0.2093,0.1886,0.2167,0.1818,0.2235
M2,Male,92,2034,0.2082,0.1994,0.2165,0.1928,0.2246,0.1862,0.2330
M2,Male,92,2035,0.2043,0.1952,0.2129,0.1883,0.2215,0.1810,0.2306
M2,Male,92,2036,0.2100,0.2001,0.2198,0.1926,0.2294,0.1838,0.2395
M2,Male,92,2037,0.2095,0.1989,0.2201,0.1905,0.2304,0.1821,0.2417
M2,Male,92,2038,0.2043,0.1931,0.2153,0.1843,0.2268,0.1765,0.2380
M2,Male,92,2039,0.2081,0.1963,0.2202,0.1866,0.2312,0.1775,0.2445
M2,Male,92,2040,0.2068,0.1952,0.2199,0.1838,0.2321,0.1734,0.2462
M2,Male,93,2021,0.2479,0.2465,0.2492,0.2454,0.2505,0.2441,0.2519
M2,Male,93,2022,0.2500,0.2480,0.2518,0.2463,0.2534,0.2448,0.2552
M2,Male,93,2023,0.2512,0.2491,0.2533,0.2471,0.2552,0.2454,0.2574
M2,Male,93,2024,0.2489,0.2462,0.2517,0.2434,0.2542,0.2405,0.2570
M2,Male,93,2025,0.2466,0.2435,0.2501,0.2403,0.2528,0.2378,0.2565
M2,Male,93,2026,0.2435,0.2398,0.2472,0.2365,0.2510,0.2333,0.2549
M2,Male,93,2027,0.2381,0.2340,0.2425,0.2302,0.2467,0.2262,0.2502
M2,Male,93,2028,0.2437,0.2389,0.2488,0.2347,0.2535,0.2301,0.2582
M2,Male,93,2029,0.2344,0.2292,0.2398,0.2248,0.2450,0.2191,0.2501
M2,Male,93,2030,0.2324,0.2265,0.2387,0.2220,0.2444,0.2162,0.2499
M2,Male,93,2031,0.2293,0.2227,0.2359,0.2175,0.2420,0.2112,0.2484
M2,Male,93,2032,0.2300,0.2223,0.2372,0.2174,0.2438,0.2099,0.2518
M2,Male,93,2033,0.2325,0.2246,0.2405,0.2183,0.2483,0.2110,0.2555
M2,Male,93,2034,0.2247,0.2157,0.2331,0.2089,0.2413,0.2021,0.2499
M2,Male,93,2035,0.2314,0.2218,0.2405,0.2145,0.2495,0.2067,0.2590
M2,Male,93,2036,0.2274,0.2172,0.2373,0.2096,0.2471,0.2005,0.2574
M2,Male,93,2037,0.2335,0.2224,0.2445,0.2136,0.2552,0.2048,0.2669
M2,Male,93,2038,0.2330,0.2211,0.2446,0.2117,0.2568,0.2033,0.2684
M2,Male,93,2039,0.2275,0.2153,0.2399,0.2053,0.2511,0.1958,0.2647
M2,Male,93,2040,0.2315,0.2193,0.2451,0.2073,0.2578,0.1964,0.2724
M2,Male,94,2021,0.2727,0.2713,0.2739,0.2703,0.2751,0.2690,0.2763
M2,Male,94,2022,0.2746,0.2728,0.2764,0.2712,0.2778,0.2697,0.2795
M2,Male,94,2023,0.2797,0.2778,0.2817,0.2759,0.2836,0.2742,0.2856
M2,Male,94,2024,0.2773,0.2747,0.2800,0.2721,0.2823,0.2694,0.2849
M2,Male,94,2025,0.2775,0.2745,0.2807,0.2714,0.2833,0.2690,0.2869
M2,Male,94,2026,0.2747,0.2713,0.2783,0.2680,0.2819,0.2650,0.2856
M2,Male,94,2027,0.2702,0.2662,0.2744,0.2625,0.2784,0.2587,0.2817
M2,Male,94,2028,0.2661,0.2617,0.2709,0.2578,0.2753,0.2534,0.2797
M2,Male,94,2029,0.2712,0.2661,0.2764,0.2618,0.2814,0.2562,0.2863
M2,Male,94,2030,0.2614,0.2558,0.2674,0.2514,0.2728,0.2458,0.2780
M2,Male,94,2031,0.2599,0.2534,0.2661,0.2485,0.2719,0.2424,0.2781
M2,Male,94,2032,0.2559,0.2487,0.2627,0.2440,0.2690,0.2368,0.2765
M2,Male,94,2033,0.2571,0.2497,0.2646,0.2437,0.2720,0.2367,0.2787
M2,Male,94,2034,0.2599,0.2511,0.2681,0.2445,0.2760,0.2378,0.2842
M2,Male,94,2035,0.2513,0.2423,0.2598,0.2355,0.2681,0.2281,0.2768
M2,Male,94,2036,0.2589,0.2491,0.2685,0.2417,0.2778,0.2328,0.2876
M2,Male,94,2037,0.2545,0.2441,0.2648,0.2358,0.2746,0.2274,0.2854
M2,Male,94,2038,0.2612,0.2499,0.2723,0.2409,0.2837,0.2327,0.2947
M2,Male,94,2039,0.2609,0.2490,0.2729,0.2392,0.2836,0.2299,0.2965
M2,Male,94,2040,0.2549,0.2433,0.2676,0.2319,0.2794,0.2214,0.2929
M2,Male,95,2021,0.2923,0.2911,0.2935,0.2900,0.2946,0.2888,0.2959
M2,Male,95,2022,0.2924,0.2907,0.2941,0.2891,0.2955,0.2877,0.2971
M2,Male,95,2023,0.2972,0.2953,0.2991,0.2935,0.3008,0.2919,0.3027
M2,Male,95,2024,0.2990,0.2965,0.3016,0.2940,0.3038,0.2913,0.3063
M2,Male,95,2025,0.2988,0.2960,0.3020,0.2930,0.3045,0.2907,0.3079
M2,Male,95,2026,0.2987,0.2953,0.3022,0.2922,0.3057,0.2893,0.3092
M2,Male,95,2027,0.2948,0.2909,0.2989,0.2873,0.3027,0.2835,0.3060
M2,Male,95,2028,0.2916,0.2873,0.2963,0.2834,0.3005,0.2791,0.3048
M2,Male,95,2029,0.2865,0.2816,0.2915,0.2775,0.2962,0.2722,0.3009
M2,Male,95,2030,0.2919,0.2863,0.2978,0.2820,0.3031,0.2764,0.3082
M2,Male,95,2031,0.2822,0.2759,0.2883,0.2711,0.2939,0.2651,0.2999
M2,Male,95,2032,0.2800,0.2729,0.2867,0.2683,0.2928,0.2612,0.3000
M2,Male,95,2033,0.2764,0.2691,0.2836,0.2633,0.2907,0.2565,0.2972
M2,Male,95,2034,0.2776,0.2691,0.2855,0.2627,0.2931,0.2562,0.3009
M2,Male,95,2035,0.2804,0.2715,0.2888,0.2646,0.2970,0.2573,0.3056
M2,Male,95,2036,0.2716,0.2623,0.2807,0.2551,0.2895,0.2466,0.2988
M2,Male,95,2037,0.2795,0.2693,0.2896,0.2611,0.2992,0.2528,0.3097
M2,Male,95,2038,0.2750,0.2641,0.2855,0.2554,0.2963,0.2476,0.3067
M2,Male,95,2039,0.2822,0.2706,0.2938,0.2610,0.3041,0.2519,0.3165
M2,Male,95,2040,0.2817,0.2703,0.2942,0.2590,0.3058,0.2485,0.3189
M2,Male,96,2021,0.3163,0.3153,0.3173,0.3145,0.3182,0.3135,0.3192
M2,Male,96,2022,0.3145,0.3131,0.3158,0.3119,0.3169,0.3107,0.3182
M2,Male,96,2023,0.3170,0.3155,0.3185,0.3140,0.3199,0.3128,0.3214
M2,Male,96,2024,0.3189,0.3169,0.3210,0.3149,0.3228,0.3128,0.3248
M2,Male,96,2025,0.3231,0.3208,0.3256,0.3184,0.3276,0.3165,0.3303
M2,Male,96,2026,0.3227,0.3200,0.3255,0.3175,0.3283,0.3151,0.3311
M2,Male,96,2027,0.3218,0.3186,0.3251,0.3157,0.3282,0.3126,0.3307
M2,Male,96,2028,0.3192,0.3157,0.3229,0.3126,0.3264,0.3090,0.3298
M2,Male,96,2029,0.3151,0.3112,0.3192,0.3079,0.3231,0.3035,0.3268
M2,Male,96,2030,0.3101,0.3056,0.3148,0.3022,0.3190,0.2977,0.3230
M2,Male,96,2031,0.3163,0.3111,0.3213,0.3071,0.3258,0.3022,0.3307
M2,Male,96,2032,0.3058,0.3000,0.3111,0.2962,0.3161,0.2904,0.3219
M2,Male,96,2033,0.3040,0.2981,0.3099,0.2934,0.3156,0.2878,0.3208
M2,Male,96,2034,0.3003,0.2934,0.3066,0.2882,0.3127,0.2829,0.3189
M2,Male,96,2035,0.3016,0.2944,0.3083,0.2889,0.3148,0.2829,0.3216
M2,Male,96,2036,0.3048,0.2971,0.3122,0.2911,0.3194,0.2840,0.3269
M2,Male,96,2037,0.2956,0.2875,0.3036,0.2809,0.3112,0.2742,0.3194
M2,Male,96,2038,0.3041,0.2952,0.3127,0.2881,0.3214,0.2815,0.3297
M2,Male,96,2039,0.2995,0.2903,0.3087,0.2826,0.3169,0.2752,0.3266
M2,Male,96,2040,0.3071,0.2979,0.3172,0.2886,0.3264,0.2799,0.3368
M2,Male,97,2021,0.3337,0.3328,0.3344,0.3322,0.3351,0.3314,0.3359
M2,Male,97,2022,0.3343,0.3332,0.3354,0.3322,0.3363,0.3313,0.3373
M2,Male,97,2023,0.3343,0.3331,0.3355,0.3320,0.3366,0.3310,0.3378
M2,Male,97,2024,0.3345,0.3329,0.3361,0.3313,0.3375,0.3296,0.3391
M2,Male,97,2025,0.3383,0.3365,0.3403,0.3346,0.3418,0.3331,0.3440
M2,Male,97,2026,0.3424,0.3402,0.3446,0.3382,0.3468,0.3363,0.3491
M2,Male,97,2027,0.3413,0.3388,0.3440,0.3365,0.3464,0.3340,0.3485
M2,Male,97,2028,0.3415,0.3387,0.3445,0.3362,0.3473,0.3334,0.3500
M2,Male,97,2029,0.3383,0.3352,0.3416,0.3325,0.3446,0.3289,0.3476
M2,Male,97,2030,0.3344,0.3308,0.3382,0.3280,0.3415,0.3244,0.3448
M2,Male,97,2031,0.3296,0.3255,0.3336,0.3224,0.3372,0.3184,0.3410
M2,Male,97,2032,0.3357,0.3309,0.3400,0.3279,0.3440,0.3231,0.3487
M2,Male,97,2033,0.3253,0.3206,0.3300,0.3167,0.3346,0.3122,0.3387
M2,Male,97,2034,0.3236,0.3180,0.3286,0.3138,0.3335,0.3094,0.3385
M2,Male,97,2035,0.3197,0.3140,0.3251,0.3095,0.3302,0.3047,0.3356
M2,Male,97,2036,0.3213,0.3151,0.3272,0.3103,0.3329,0.3046,0.3388
M2,Male,97,2037,0.3246,0.3180,0.3311,0.3125,0.3372,0.3070,0.3439
M2,Male,97,2038,0.3153,0.3083,0.3221,0.3026,0.3289,0.2974,0.3354
M2,Male,97,2039,0.3242,0.3167,0.3316,0.3104,0.3382,0.3044,0.3459
M2,Male,97,2040,0.3195,0.3122,0.3275,0.3048,0.3347,0.2979,0.3429
M2,Male,98,2021,0.3586,0.3581,0.3591,0.3576,0.3596,0.3571,0.3601
M2,Male,98,2022,0.3581,0.3573,0.3588,0.3567,0.3594,0.3561,0.3601
M2,Male,98,2023,0.3602,0.3594,0.3610,0.3586,0.3618,0.3579,0.3626
M2,Male,98,2024,0.3585,0.3574,0.3596,0.3563,0.3605,0.3552,0.3616
M2,Male,98,2025,0.3601,0.3589,0.3615,0.3576,0.3625,0.3566,0.3640
M2,Male,98,2026,0.3639,0.3625,0.3654,0.3611,0.3669,0.3598,0.3684
M2,Male,98,2027,0.3677,0.3660,0.3695,0.3645,0.3711,0.3628,0.3725
M2,Male,98,2028,0.3676,0.3657,0.3696,0.3640,0.3715,0.3621,0.3733
M2,Male,98,2029,0.3674,0.3653,0.3696,0.3634,0.3717,0.3610,0.3737
M2,Male,98,2030,0.3643,0.3619,0.3669,0.3600,0.3692,0.3575,0.3713
M2,Male,98,2031,0.3607,0.3579,0.3633,0.3557,0.3658,0.3530,0.3684
M2,Male,98,2032,0.3555,0.3524,0.3584,0.3503,0.3611,0.3471,0.3642
M2,Male,98,2033,0.3621,0.3589,0.3654,0.3562,0.3685,0.3531,0.3713
M2,Male,98,2034,0.3515,0.3477,0.3550,0.3448,0.3583,0.3419,0.3616
M2,Male,98,2035,0.3497,0.3458,0.3534,0.3428,0.3569,0.3394,0.3605
M2,Male,98,2036,0.3460,0.3418,0.3500,0.3385,0.3538,0.3346,0.3578
M2,Male,98,2037,0.3477,0.3432,0.3521,0.3395,0.3562,0.3357,0.3606
M2,Male,98,2038,0.3513,0.3465,0.3560,0.3425,0.3607,0.3389,0.3651
M2,Male,98,2039,0.3418,0.3368,0.3468,0.3326,0.3511,0.3285,0.3563
M2,Male,98,2040,0.3512,0.3461,0.3566,0.3411,0.3615,0.3362,0.3670
M2,Male,99,2021,0.3963,0.3945,0.3980,0.3930,0.3996,0.3913,0.4014
M2,Male,99,2022,0.3920,0.3895,0.3944,0.3873,0.3964,0.3853,0.3986
M2,Male,99,2023,0.3938,0.3911,0.3965,0.3885,0.3990,0.3862,0.4017
M2,Male,99,2024,0.3924,0.3888,0.3960,0.3853,0.3992,0.3815,0.4028
M2,Male,99,2025,0.3915,0.3874,0.3960,0.3833,0.3994,0.3800,0.4043
M2,Male,99,2026,0.3928,0.3881,0.3978,0.3836,0.4027,0.3794,0.4077
M2,Male,99,2027,0.3951,0.3895,0.4009,0.3844,0.4064,0.3789,0.4110
M2,Male,99,2028,0.3999,0.3936,0.4066,0.3880,0.4128,0.3817,0.4189
M2,Male,99,2029,0.3985,0.3914,0.4058,0.3854,0.4127,0.3775,0.4195
M2,Male,99,2030,0.3976,0.3895,0.4061,0.3832,0.4137,0.3752,0.4210
M2,Male,99,2031,0.3942,0.3850,0.4031,0.3778,0.4113,0.3690,0.4199
M2,Male,99,2032,0.3891,0.3786,0.3988,0.3718,0.4077,0.3613,0.4182
M2,Male,99,2033,0.3832,0.3726,0.3938,0.3640,0.4041,0.3539,0.4136
M2,Male,99,2034,0.3898,0.3773,0.4013,0.3677,0.4125,0.3580,0.4239
M2,Male,99,2035,0.3775,0.3647,0.3897,0.3547,0.4014,0.3440,0.4137
M2,Male,99,2036,0.3752,0.3614,0.3885,0.3509,0.4014,0.3382,0.4149
M2,Male,99,2037,0.3705,0.3558,0.3849,0.3439,0.3986,0.3320,0.4135
M2,Male,99,2038,0.3717,0.3559,0.3870,0.3433,0.4026,0.3317,0.4174
M2,Male,99,2039,0.3751,0.3585,0.3917,0.3447,0.4065,0.3315,0.4240
M2,Male,99,2040,0.3643,0.3481,0.3820,0.3320,0.3982,0.3170,0.4166
M2,Male,100,2021,0.4238,0.4219,0.4256,0.4203,0.4273,0.4185,0.4292
M2,Male,100,2022,0.4245,0.4219,0.4271,0.4196,0.4292,0.4174,0.4316
M2,Male,100,2023,0.4240,0.4212,0.4269,0.4184,0.4295,0.4160,0.4324
M2,Male,100,2024,0.4208,0.4170,0.4247,0.4133,0.4280,0.4092,0.4318
M2,Male,100,2025,0.4225,0.4182,0.4272,0.4137,0.4309,0.4102,0.4360
M2,Male,100,2026,0.4212,0.4161,0.4264,0.4114,0.4316,0.4070,0.4369
M2,Male,100,2027,0.4209,0.4150,0.4270,0.4095,0.4328,0.4038,0.4376
M2,Male,100,2028,0.4252,0.4185,0.4323,0.4127,0.4387,0.4060,0.4452
M2,Male,100,2029,0.4287,0.4212,0.4364,0.4148,0.4437,0.4065,0.4508
M2,Male,100,2030,0.4274,0.4188,0.4364,0.4122,0.4444,0.4036,0.4521
M2,Male,100,2031,0.4271,0.4173,0.4366,0.4097,0.4452,0.4003,0.4544
M2,Male,100,2032,0.4227,0.4116,0.4330,0.4043,0.4425,0.3931,0.4536
M2,Male,100,2033,0.4181,0.4067,0.4294,0.3975,0.4403,0.3867,0.4503
M2,Male,100,2034,0.4120,0.3988,0.4242,0.3887,0.4360,0.3784,0.4479
M2,Male,100,2035,0.4184,0.4045,0.4314,0.3938,0.4439,0.3821,0.4570
M2,Male,100,2036,0.4062,0.3915,0.4204,0.3802,0.4341,0.3665,0.4483
M2,Male,100,2037,0.4037,0.3879,0.4191,0.3751,0.4336,0.3622,0.4494
M2,Male,100,2038,0.3988,0.3820,0.4150,0.3684,0.4315,0.3560,0.4472
M2,Male,100,2039,0.4002,0.3825,0.4177,0.3678,0.4333,0.3537,0.4517
M2,Male,100,2040,0.4034,0.3859,0.4225,0.3684,0.4398,0.3520,0.4594
M5,Male,18,2021,0.0003,0.0003,0.0003,0.0003,0.0003,0.0003,0.0004
M5,Male,18,2022,0.0003,0.0003,0.0003,0.0003,0.0003,0.0003,0.0003
M5,Male,18,2023,0.0003,0.0003,0.0003,0.0003,0.0003,0.0003,0.0004
M5,Male,18,2024,0.0003,0.0003,0.0003,0.0003,0.0003,0.0003,0.0004
M5,Male,18,2025,0.0003,0.0003,0.0003,0.0003,0.0003,0.0003,0.0003
M5,Male,18,2026,0.0003,0.0003,0.0003,0.0003,0.0003,0.0003,0.0004
M5,Male,18,2027,0.0003,0.0003,0.0003,0.0003,0.0003,0.0002,0.0004
M5,Male,18,2028,0.0003,0.0003,0.0003,0.0003,0.0003,0.0002,0.0004
M5,Male,18,2029,0.0003,0.0003,0.0003,0.0002,0.0003,0.0002,0.0004
M5,Male,18,2030,0.0003,0.0003,0.0003,0.0002,0.0003,0.0002,0.0004
M5,Male,18,2031,0.0003,0.0003,0.0003,0.0002,0.0003,0.0002,0.0004
M5,Male,18,2032,0.0003,0.0003,0.0003,0.0002,0.0003,0.0002,0.0004
M5,Male,18,2033,0.0003,0.0002,0.0003,0.0002,0.0003,0.0002,0.0004
M5,Male,18,2034,0.0003,0.0002,0.0003,0.0002,0.0003,0.0002,0.0004
M5,Male,18,2035,0.0003,0.0002,0.0003,0.0002,0.0003,0.0002,0.0004
M5,Male,18,2036,0.0003,0.0002,0.0003,0.0002,0.0003,0.0002,0.0004
M5,Male,18,2037,0.0003,0.0002,0.0003,0.0002,0.0003,0.0002,0.0004
M5,Male,18,2038,0.0003,0.0002,0.0003,0.0002,0.0003,0.0002,0.0004
M5,Male,18,2039,0.0003,0.0002,0.0003,0.0002,0.0003,0.0002,0.0004
M5,Male,18,2040,0.0002,0.0002,0.0003,0.0002,0.0003,0.0001,0.0004
M5,Male,19,2021,0.0004,0.0004,0.0004,0.0004,0.0005,0.0004,0.0005
M5,Male,19,2022,0.0004,0.0004,0.0004,0.0004,0.0004,0.0004,0.0005
M5,Male,19,2023,0.0004,0.0004,0.0004,0.0004,0.0005,0.0004,0.0005
M5,Male,19,2024,0.0004,0.0004,0.0004,0.0004,0.0004,0.0004,0.0005
M5,Male,19,2025,0.0004,0.0004,0.0004,0.0004,0.0004,0.0004,0.0005
M5,Male,19,2026,0.0004,0.0004,0.0004,0.0004,0.0004,0.0003,0.0005
M5,Male,19,2027,0.0004,0.0004,0.0004,0.0003,0.0004,0.0003,0.0005
M5,Male,19,2028,0.0004,0.0004,0.0004,0.0003,0.0004,0.0003,0.0005
M5,Male,19,2029,0.0004,0.0004,0.0004,0.0003,0.0004,0.0003,0.0005
M5,Male,19,2030,0.0004,0.0003,0.0004,0.0003,0.0004,0.0003,0.0005
M5,Male,19,2031,0.0004,0.0003,0.0004,0.0003,0.0004,0.0003,0.0005
M5,Male,19,2032,0.0004,0.0003,0.0004,0.0003,0.0004,0.0003,0.0005
M5,Male,19,2033,0.0004,0.0003,0.0004,0.0003,0.0004,0.0003,0.0005
M5,Male,19,2034,0.0004,0.0003,0.0004,0.0003,0.0004,0.0002,0.0005
M5,Male,19,2035,0.0004,0.0003,0.0004,0.0003,0.0004,0.0002,0.0005
M5,Male,19,2036,0.0003,0.0003,0.0004,0.0003,0.0004,0.0002,0.0005
M5,Male,19,2037,0.0003,0.0003,0.0004,0.0003,0.0005,0.0002,0.0005
M5,Male,19,2038,0.0003,0.0003,0.0004,0.0002,0.0005,0.0002,0.0005
M5,Male,19,2039,0.0003,0.0003,0.0004,0.0002,0.0005,0.0002,0.0005
M5,Male,19,2040,0.0003,0.0003,0.0004,0.0002,0.0005,0.0002,0.0006
M5,Male,20,2021,0.0004,0.0004,0.0004,0.0004,0.0004,0.0004,0.0004
M5,Male,20,2022,0.0004,0.0004,0.0004,0.0004,0.0004,0.0004,0.0004
M5,Male,20,2023,0.0004,0.0004,0.0004,0.0004,0.0004,0.0004,0.0004
M5,Male,20,2024,0.0004,0.0004,0.0004,0.0004,0.0004,0.0003,0.0004
M5,Male,20,2025,0.0004,0.0004,0.0004,0.0003,0.0004,0.0003,0.0004
M5,Male,20,2026,0.0004,0.0004,0.0004,0.0003,0.0004,0.0003,0.0004
M5,Male,20,2027,0.0004,0.0003,0.0004,0.0003,0.0004,0.0003,0.0004
M5,Male,20,2028,0.0004,0.0003,0.0004,0.0003,0.0004,0.0003,0.0004
M5,Male,20,2029,0.0004,0.0003,0.0004,0.0003,0.0004,0.0003,0.0005
M5,Male,20,2030,0.0004,0.0003,0.0004,0.0003,0.0004,0.0003,0.0005
M5,Male,20,2031,0.0004,0.0003,0.0004,0.0003,0.0004,0.0003,0.0005
M5,Male,20,2032,0.0003,0.0003,0.0004,0.0003,0.0004,0.0003,0.0005
M5,Male,20,2033,0.0003,0.0003,0.0004,0.0003,0.0004,0.0003,0.0005
M5,Male,20,2034,0.0003,0.0003,0.0004,0.0003,0.0004,0.0002,0.0005
M5,Male,20,2035,0.0003,0.0003,0.0004,0.0003,0.0004,0.0002,0.0005
M5,Male,20,2036,0.0003,0.0003,0.0004,0.0002,0.0004,0.0002,0.0005
M5,Male,20,2037,0.0003,0.0003,0.0004,0.0002,0.0004,0.0002,0.0005
M5,Male,20,2038,0.0003,0.0003,0.0004,0.0002,0.0004,0.0002,0.0005
M5,Male,20,2039,0.0003,0.0003,0.0004,0.0002,0.0004,0.0002,0.0005
M5,Male,20,2040,0.0003,0.0003,0.0004,0.0002,0.0004,0.0002,0.0005
M5,Male,21,2021,0.0004,0.0004,0.0004,0.0004,0.0004,0.0004,0.0004
M5,Male,21,2022,0.0004,0.0004,0.0004,0.0004,0.0004,0.0004,0.0004
M5,Male,21,2023,0.0004,0.0004,0.0004,0.0004,0.0004,0.0003,0.0004
M5,Male,21,2024,0.0004,0.0004,0.0004,0.0004,0.0004,0.0003,0.0004
M5,Male,21,2025,0.0004,0.0004,0.0004,0.0003,0.0004,0.0003,0.0004
M5,Male,21,2026,0.0004,0.0003,0.0004,0.0003,0.0004,0.0003,0.0004
M5,Male,21,2027,0.0004,0.0003,0.0004,0.0003,0.0004,0.0003,0.0004
M5,Male,21,2028,0.0004,0.0003,0.0004,0.0003,0.0004,0.0003,0.0004
M5,Male,21,2029,0.0004,0.0003,0.0004,0.0003,0.0004,0.0003,0.0004
M5,Male,21,2030,0.0003,0.0003,0.0004,0.0003,0.0004,0.0003,0.0004
M5,Male,21,2031,0.0003,0.0003,0.0004,0.0003,0.0004,0.0003,0.0004
M5,Male,21,2032,0.0003,0.0003,0.0004,0.0003,0.0004,0.0003,0.0004
M5,Male,21,2033,0.0003,0.0003,0.0004,0.0003,0.0004,0.0002,0.0005
M5,Male,21,2034,0.0003,0.0003,0.0004,0.0003,0.0004,0.0002,0.0005
M5,Male,21,2035,0.0003,0.0003,0.0004,0.0002,0.0004,0.0002,0.0005
M5,Male,21,2036,0.0003,0.0003,0.0004,0.0002,0.0004,0.0002,0.0005
M5,Male,21,2037,0.0003,0.0003,0.0004,0.0002,0.0004,0.0002,0.0005
M5,Male,21,2038,0.0003,0.0003,0.0004,0.0002,0.0004,0.0002,0.0005
M5,Male,21,2039,0.0003,0.0003,0.0004,0.0002,0.0004,0.0002,0.0005
M5,Male,21,2040,0.0003,0.0003,0.0004,0.0002,0.0004,0.0002,0.0005
M5,Male,22,2021,0.0004,0.0004,0.0004,0.0004,0.0004,0.0004,0.0004
M5,Male,22,2022,0.0004,0.0004,0.0004,0.0004,0.0004,0.0004,0.0004
M5,Male,22,2023,0.0004,0.0004,0.0004,0.0004,0.0004,0.0004,0.0004
M5,Male,22,2024,0.0004,0.0004,0.0004,0.0004,0.0004,0.0003,0.0004
M5,Male,22,2025,0.0004,0.0004,0.0004,0.0003,0.0004,0.0003,0.0004
M5,Male,22,2026,0.0004,0.0004,0.0004,0.0003,0.0004,0.0003,0.0004
M5,Male,22,2027,0.0004,0.0003,0.0004,0.0003,0.0004,0.0003,0.0004
M5,Male,22,2028,0.0004,0.0003,0.0004,0.0003,0.0004,0.0003,0.0004
M5,Male,22,2029,0.0004,0.0003,0.0004,0.0003,0.0004,0.0003,0.0004
M5,Male,22,2030,0.0004,0.0003,0.0004,0.0003,0.0004,0.0003,0.0004
M5,Male,22,2031,0.0003,0.0003,0.0004,0.0003,0.0004,0.0003,0.0005
M5,Male,22,2032,0.0003,0.0003,0.0004,0.0003,0.0004,0.0003,0.0005
M5,Male,22,2033,0.0003,0.0003,0.0004,0.0003,0.0004,0.0002,0.0005
M5,Male,22,2034,0.0003,0.0003,0.0004,0.0003,0.0004,0.0002,0.0005
M5,Male,22,2035,0.0003,0.0003,0.0004,0.0003,0.0004,0.0002,0.0005
M5,Male,22,2036,0.0003,0.0003,0.0004,0.0002,0.0004,0.0002,0.0005
M5,Male,22,2037,0.0003,0.0003,0.0004,0.0002,0.0004,0.0002,0.0005
M5,Male,22,2038,0.0003,0.0003,0.0004,0.0002,0.0004,0.0002,0.0005
M5,Male,22,2039,0.0003,0.0003,0.0004,0.0002,0.0004,0.0002,0.0005
M5,Male,22,2040,0.0003,0.0003,0.0004,0.0002,0.0004,0.0002,0.0005
M5,Male,23,2021,0.0004,0.0004,0.0005,0.0004,0.0005,0.0004,0.0005
M5,Male,23,2022,0.0004,0.0004,0.0004,0.0004,0.0005,0.0004,0.0005
M5,Male,23,2023,0.0004,0.0004,0.0005,0.0004,0.0005,0.0004,0.0005
M5,Male,23,2024,0.0004,0.0004,0.0004,0.0004,0.0005,0.0004,0.0005
M5,Male,23,2025,0.0004,0.0004,0.0004,0.0004,0.0005,0.0004,0.0005
M5,Male,23,2026,0.0004,0.0004,0.0004,0.0004,0.0005,0.0004,0.0005
M5,Male,23,2027,0.0004,0.0004,0.0004,0.0004,0.0005,0.0003,0.0005
M5,Male,23,2028,0.0004,0.0004,0.0004,0.0004,0.0005,0.0003,0.0005
M5,Male,23,2029,0.0004,0.0004,0.0004,0.0003,0.0005,0.0003,0.0005
M5,Male,23,2030,0.0004,0.0004,0.0004,0.0003,0.0005,0.0003,0.0005
M5,Male,23,2031,0.0004,0.0004,0.0004,0.0003,0.0005,0.0003,0.0005
M5,Male,23,2032,0.0004,0.0003,0.0004,0.0003,0.0005,0.0003,0.0005
M5,Male,23,2033,0.0004,0.0003,0.0004,0.0003,0.0005,0.0003,0.0005
M5,Male,23,2034,0.0004,0.0003,0.0004,0.0003,0.0005,0.0003,0.0005
M5,Male,23,2035,0.0004,0.0003,0.0004,0.0003,0.0005,0.0002,0.0005
M5,Male,23,2036,0.0004,0.0003,0.0004,0.0003,0.0005,0.0002,0.0005
M5,Male,23,2037,0.0004,0.0003,0.0004,0.0003,0.0005,0.0002,0.0006
M5,Male,23,2038,0.0004,0.0003,0.0004,0.0003,0.0005,0.0002,0.0006
M5,Male,23,2039,0.0003,0.0003,0.0004,0.0003,0.0005,0.0002,0.0006
M5,Male,23,2040,0.0003,0.0003,0.0004,0.0002,0.0005,0.0002,0.0006
M5,Male,24,2021,0.0005,0.0004,0.0005,0.0004,0.0005,0.0004,0.0005
M5,Male,24,2022,0.0004,0.0004,0.0005,0.0004,0.0005,0.0004,0.0005
M5,Male,24,2023,0.0004,0.0004,0.0005,0.0004,0.0005,0.0004,0.0005
M5,Male,24,2024,0.0004,0.0004,0.0005,0.0004,0.0005,0.0004,0.0005
M5,Male,24,2025,0.0004,0.0004,0.0004,0.0004,0.0005,0.0004,0.0005
M5,Male,24,2026,0.0004,0.0004,0.0004,0.0004,0.0005,0.0004,0.0005
M5,Male,24,2027,0.0004,0.0004,0.0004,0.0004,0.0005,0.0004,0.0005
M5,Male,24,2028,0.0004,0.0004,0.0004,0.0004,0.0005,0.0003,0.0005
M5,Male,24,2029,0.0004,0.0004,0.0004,0.0004,0.0005,0.0003,0.0005
M5,Male,24,2030,0.0004,0.0004,0.0004,0.0003,0.0005,0.0003,0.0005
M5,Male,24,2031,0.0004,0.0004,0.0004,0.0003,0.0005,0.0003,0.0005
M5,Male,24,2032,0.0004,0.0004,0.0004,0.0003,0.0005,0.0003,0.0005
M5,Male,24,2033,0.0004,0.0003,0.0004,0.0003,0.0005,0.0003,0.0005
M5,Male,24,2034,0.0004,0.0003,0.0004,0.0003,0.0005,0.0003,0.0005
M5,Male,24,2035,0.0004,0.0003,0.0004,0.0003,0.0005,0.0003,0.0005
M5,Male,24,2036,0.0004,0.0003,0.0004,0.0003,0.0005,0.0002,0.0006
M5,Male,24,2037,0.0004,0.0003,0.0004,0.0003,0.0005,0.0002,0.0006
M5,Male,24,2038,0.0004,0.0003,0.0004,0.0003,0.0005,0.0002,0.0006
M5,Male,24,2039,0.0004,0.0003,0.0004,0.0003,0.0005,0.0002,0.0006
M5,Male,24,2040,0.0004,0.0003,0.0004,0.0002,0.0005,0.0002,0.0006
M5,Male,25,2021,0.0004,0.0004,0.0004,0.0004,0.0005,0.0004,0.0005
M5,Male,25,2022,0.0004,0.0004,0.0004,0.0004,0.0004,0.0004,0.0005
M5,Male,25,2023,0.0004,0.0004,0.0004,0.0004,0.0005,0.0004,0.0005
M5,Male,25,2024,0.0004,0.0004,0.0004,0.0004,0.0004,0.0004,0.0005
M5,Male,25,2025,0.0004,0.0004,0.0004,0.0004,0.0004,0.0004,0.0005
M5,Male,25,2026,0.0004,0.0004,0.0004,0.0004,0.0005,0.0004,0.0005
M5,Male,25,2027,0.0004,0.0004,0.0004,0.0004,0.0004,0.0003,0.0005
M5,Male,25,2028,0.0004,0.0004,0.0004,0.0003,0.0005,0.0003,0.0005
M5,Male,25,2029,0.0004,0.0004,0.0004,0.0003,0.0005,0.0003,0.0005
M5,Male,25,2030,0.0004,0.0004,0.0004,0.0003,0.0004,0.0003,0.0005
M5,Male,25,2031,0.0004,0.0004,0.0004,0.0003,0.0005,0.0003,0.0005
M5,Male,25,2032,0.0004,0.0003,0.0004,0.0003,0.0005,0.0003,0.0005
M5,Male,25,2033,0.0004,0.0003,0.0004,0.0003,0.0005,0.0003,0.0005
M5,Male,25,2034,0.0004,0.0003,0.0004,0.0003,0.0005,0.0003,0.0005
M5,Male,25,2035,0.0004,0.0003,0.0004,0.0003,0.0005,0.0002,0.0005
M5,Male,25,2036,0.0004,0.0003,0.0004,0.0003,0.0005,0.0002,0.0005
M5,Male,25,2037,0.0004,0.0003,0.0004,0.0003,0.0005,0.0002,0.0005
M5,Male,25,2038,0.0003,0.0003,0.0004,0.0003,0.0005,0.0002,0.0006
M5,Male,25,2039,0.0003,0.0003,0.0004,0.0002,0.0005,0.0002,0.0006
M5,Male,25,2040,0.0003,0.0003,0.0004,0.0002,0.0005,0.0002,0.0006
M5,Male,26,2021,0.0004,0.0004,0.0004,0.0004,0.0005,0.0004,0.0005
M5,Male,26,2022,0.0004,0.0004,0.0004,0.0004,0.0004,0.0004,0.0005
M5,Male,26,2023,0.0004,0.0004,0.0004,0.0004,0.0005,0.0004,0.0005
M5,Male,26,2024,0.0004,0.0004,0.0004,0.0004,0.0004,0.0004,0.0005
M5,Male,26,2025,0.0004,0.0004,0.0004,0.0004,0.0004,0.0004,0.0005
M5,Male,26,2026,0.0004,0.0004,0.0004,0.0004,0.0004,0.0004,0.0005
M5,Male,26,2027,0.0004,0.0004,0.0004,0.0004,0.0004,0.0003,0.0005
M5,Male,26,2028,0.0004,0.0004,0.0004,0.0003,0.0004,0.0003,0.0005
M5,Male,26,2029,0.0004,0.0004,0.0004,0.0003,0.0004,0.0003,0.0005
M5,Male,26,2030,0.0004,0.0004,0.0004,0.0003,0.0004,0.0003,0.0005
M5,Male,26,2031,0.0004,0.0003,0.0004,0.0003,0.0005,0.0003,0.0005
M5,Male,26,2032,0.0004,0.0003,0.0004,0.0003,0.0005,0.0003,0.0005
M5,Male,26,2033,0.0004,0.0003,0.0004,0.0003,0.0005,0.0003,0.0005
M5,Male,26,2034,0.0004,0.0003,0.0004,0.0003,0.0005,0.0003,0.0005
M5,Male,26,2035,0.0004,0.0003,0.0004,0.0003,0.0005,0.0002,0.0005
M5,Male,26,2036,0.0004,0.0003,0.0004,0.0003,0.0005,0.0002,0.0005
M5,Male,26,2037,0.0004,0.0003,0.0004,0.0003,0.0005,0.0002,0.0005
M5,Male,26,2038,0.0003,0.0003,0.0004,0.0003,0.0005,0.0002,0.0005
M5,Male,26,2039,0.0003,0.0003,0.0004,0.0002,0.0005,0.0002,0.0006
M5,Male,26,2040,0.0003,0.0003,0.0004,0.0002,0.0005,0.0002,0.0006
M5,Male,27,2021,0.0004,0.0004,0.0004,0.0004,0.0004,0.0004,0.0005
M5,Male,27,2022,0.0004,0.0004,0.0004,0.0004,0.0004,0.0004,0.0005
M5,Male,27,2023,0.0004,0.0004,0.0004,0.0004,0.0004,0.0004,0.0005
M5,Male,27,2024,0.0004,0.0004,0.0004,0.0004,0.0004,0.0004,0.0005
M5,Male,27,2025,0.0004,0.0004,0.0004,0.0004,0.0004,0.0004,0.0005
M5,Male,27,2026,0.0004,0.0004,0.0004,0.0004,0.0004,0.0003,0.0005
M5,Male,27,2027,0.0004,0.0004,0.0004,0.0004,0.0004,0.0003,0.0005
M5,Male,27,2028,0.0004,0.0004,0.0004,0.0003,0.0004,0.0003,0.0005
M5,Male,27,2029,0.0004,0.0004,0.0004,0.0003,0.0004,0.0003,0.0005
M5,Male,27,2030,0.0004,0.0003,0.0004,0.0003,0.0004,0.0003,0.0005
M5,Male,27,2031,0.0004,0.0003,0.0004,0.0003,0.0004,0.0003,0.0005
M5,Male,27,2032,0.0004,0.0003,0.0004,0.0003,0.0004,0.0003,0.0005
M5,Male,27,2033,0.0004,0.0003,0.0004,0.0003,0.0004,0.0003,0.0005
M5,Male,27,2034,0.0004,0.0003,0.0004,0.0003,0.0004,0.0003,0.0005
M5,Male,27,2035,0.0004,0.0003,0.0004,0.0003,0.0004,0.0002,0.0005
M5,Male,27,2036,0.0004,0.0003,0.0004,0.0003,0.0004,0.0002,0.0005
M5,Male,27,2037,0.0003,0.0003,0.0004,0.0003,0.0005,0.0002,0.0005
M5,Male,27,2038,0.0003,0.0003,0.0004,0.0003,0.0005,0.0002,0.0005
M5,Male,27,2039,0.0003,0.0003,0.0004,0.0002,0.0005,0.0002,0.0005
M5,Male,27,2040,0.0003,0.0003,0.0004,0.0002,0.0005,0.0002,0.0006
M5,Male,28,2021,0.0004,0.0004,0.0004,0.0004,0.0004,0.0004,0.0004
M5,Male,28,2022,0.0004,0.0004,0.0004,0.0004,0.0004,0.0004,0.0004
M5,Male,28,2023,0.0004,0.0004,0.0004,0.0004,0.0004,0.0004,0.0004
M5,Male,28,2024,0.0004,0.0004,0.0004,0.0004,0.0004,0.0003,0.0004
M5,Male,28,2025,0.0004,0.0004,0.0004,0.0003,0.0004,0.0003,0.0004
M5,Male,28,2026,0.0004,0.0004,0.0004,0.0003,0.0004,0.0003,0.0004
M5,Male,28,2027,0.0004,0.0003,0.0004,0.0003,0.0004,0.0003,0.0004
M5,Male,28,2028,0.0004,0.0003,0.0004,0.0003,0.0004,0.0003,0.0004
M5,Male,28,2029,0.0004,0.0003,0.0004,0.0003,0.0004,0.0003,0.0004
M5,Male,28,2030,0.0004,0.0003,0.0004,0.0003,0.0004,0.0003,0.0005
M5,Male,28,2031,0.0004,0.0003,0.0004,0.0003,0.0004,0.0003,0.0005
M5,Male,28,2032,0.0003,0.0003,0.0004,0.0003,0.0004,0.0003,0.0005
M5,Male,28,2033,0.0003,0.0003,0.0004,0.0003,0.0004,0.0003,0.0005
M5,Male,28,2034,0.0003,0.0003,0.0004,0.0003,0.0004,0.0002,0.0005
M5,Male,28,2035,0.0003,0.0003,0.0004,0.0003,0.0004,0.0002,0.0005
M5,Male,28,2036,0.0003,0.0003,0.0004,0.0003,0.0004,0.0002,0.0005
M5,Male,28,2037,0.0003,0.0003,0.0004,0.0002,0.0004,0.0002,0.0005
M5,Male,28,2038,0.0003,0.0003,0.0004,0.0002,0.0004,0.0002,0.0005
M5,Male,28,2039,0.0003,0.0003,0.0004,0.0002,0.0004,0.0002,0.0005
M5,Male,28,2040,0.0003,0.0003,0.0004,0.0002,0.0004,0.0002,0.0005
M5,Male,29,2021,0.0005,0.0005,0.0005,0.0005,0.0005,0.0005,0.0005
M5,Male,29,2022,0.0005,0.0005,0.0005,0.0005,0.0005,0.0005,0.0005
M5,Male,29,2023,0.0005,0.0005,0.0005,0.0005,0.0005,0.0005,0.0005
M5,Male,29,2024,0.0005,0.0005,0.0005,0.0005,0.0005,0.0004,0.0005
M5,Male,29,2025,0.0005,0.0005,0.0005,0.0004,0.0005,0.0004,0.0005
M5,Male,29,2026,0.0005,0.0005,0.0005,0.0004,0.0005,0.0004,0.0006
M5,Male,29,2027,0.0005,0.0004,0.0005,0.0004,0.0005,0.0004,0.0006
M5,Male,29,2028,0.0005,0.0004,0.0005,0.0004,0.0005,0.0004,0.0006
M5,Male,29,2029,0.0005,0.0004,0.0005,0.0004,0.0005,0.0004,0.0006
M5,Male,29,2030,0.0005,0.0004,0.0005,0.0004,0.0005,0.0004,0.0006
M5,Male,29,2031,0.0004,0.0004,0.0005,0.0004,0.0005,0.0003,0.0006
M5,Male,29,2032,0.0004,0.0004,0.0005,0.0004,0.0005,0.0003,0.0006
M5,Male,29,2033,0.0004,0.0004,0.0005,0.0004,0.0005,0.0003,0.0006
M5,Male,29,2034,0.0004,0.0004,0.0005,0.0003,0.0005,0.0003,0.0006
M5,Male,29,2035,0.0004,0.0004,0.0005,0.0003,0.0005,0.0003,0.0006
M5,Male,29,2036,0.0004,0.0004,0.0005,0.0003,0.0005,0.0003,0.0006
M5,Male,29,2037,0.0004,0.0004,0.0005,0.0003,0.0005,0.0003,0.0006
M5,Male,29,2038,0.0004,0.0004,0.0005,0.0003,0.0005,0.0003,0.0006
M5,Male,29,2039,0.0004,0.0003,0.0005,0.0003,0.0006,0.0002,0.0007
M5,Male,29,2040,0.0004,0.0003,0.0005,0.0003,0.0006,0.0002,0.0007
M5,Male,30,2021,0.0005,0.0005,0.0005,0.0005,0.0006,0.0005,0.0006
M5,Male,30,2022,0.0005,0.0005,0.0005,0.0005,0.0005,0.0005,0.0006
M5,Male,30,2023,0.0005,0.0005,0.0005,0.0005,0.0006,0.0005,0.0006
M5,Male,30,2024,0.0005,0.0005,0.0005,0.0005,0.0005,0.0005,0.0006
M5,Male,30,2025,0.0005,0.0005,0.0005,0.0005,0.0005,0.0005,0.0006
M5,Male,30,2026,0.0005,0.0005,0.0005,0.0005,0.0006,0.0004,0.0006
M5,Male,30,2027,0.0005,0.0005,0.0005,0.0004,0.0005,0.0004,0.0006
M5,Male,30,2028,0.0005,0.0005,0.0005,0.0004,0.0006,0.0004,0.0006
M5,Male,30,2029,0.0005,0.0005,0.0005,0.0004,0.0006,0.0004,0.0006
M5,Male,30,2030,0.0005,0.0004,0.0005,0.0004,0.0006,0.0004,0.0006
M5,Male,30,2031,0.0005,0.0004,0.0005,0.0004,0.0006,0.0004,0.0006
M5,Male,30,2032,0.0005,0.0004,0.0005,0.0004,0.0006,0.0004,0.0006
M5,Male,30,2033,0.0005,0.0004,0.0005,0.0004,0.0006,0.0003,0.0006
M5,Male,30,2034,0.0005,0.0004,0.0005,0.0004,0.0006,0.0003,0.0006
M5,Male,30,2035,0.0005,0.0004,0.0005,0.0004,0.0006,0.0003,0.0006
M5,Male,30,2036,0.0004,0.0004,0.0005,0.0003,0.0006,0.0003,0.0007
M5,Male,30,2037,0.0004,0.0004,0.0005,0.0003,0.0006,0.0003,0.0007
M5,Male,30,2038,0.0004,0.0004,0.0005,0.0003,0.0006,0.0003,0.0007
M5,Male,30,2039,0.0004,0.0004,0.0005,0.0003,0.0006,0.0003,0.0007
M5,Male,30,2040,0.0004,0.0004,0.0005,0.0003,0.0006,0.0003,0.0007
M5,Male,31,2021,0.0005,0.0005,0.0006,0.0005,0.0006,0.0005,0.0006
M5,Male,31,2022,0.0005,0.0005,0.0005,0.0005,0.0006,0.0005,0.0006
M5,Male,31,2023,0.0005,0.0005,0.0006,0.0005,0.0006,0.0005,0.0006
M5,Male,31,2024,0.0005,0.0005,0.0005,0.0005,0.0006,0.0005,0.0006
M5,Male,31,2025,0.0005,0.0005,0.0005,0.0005,0.0006,0.0005,0.0006
M5,Male,31,2026,0.0005,0.0005,0.0005,0.0005,0.0006,0.0004,0.0006
M5,Male,31,2027,0.0005,0.0005,0.0005,0.0005,0.0006,0.0004,0.0006
M5,Male,31,2028,0.0005,0.0005,0.0005,0.0004,0.0006,0.0004,0.0006
M5,Male,31,2029,0.0005,0.0005,0.0005,0.0004,0.0006,0.0004,0.0006
M5,Male,31,2030,0.0005,0.0005,0.0005,0.0004,0.0006,0.0004,0.0006
M5,Male,31,2031,0.0005,0.0004,0.0005,0.0004,0.0006,0.0004,0.0006
M5,Male,31,2032,0.0005,0.0004,0.0005,0.0004,0.0006,0.0004,0.0006
M5,Male,31,2033,0.0005,0.0004,0.0005,0.0004,0.0006,0.0003,0.0006
M5,Male,31,2034,0.0005,0.0004,0.0005,0.0004,0.0006,0.0003,0.0006
M5,Male,31,2035,0.0005,0.0004,0.0005,0.0004,0.0006,0.0003,0.0007
M5,Male,31,2036,0.0005,0.0004,0.0005,0.0003,0.0006,0.0003,0.0007
M5,Male,31,2037,0.0005,0.0004,0.0005,0.0003,0.0006,0.0003,0.0007
M5,Male,31,2038,0.0004,0.0004,0.0005,0.0003,0.0006,0.0003,0.0007
M5,Male,31,2039,0.0004,0.0004,0.0005,0.0003,0.0006,0.0003,0.0007
M5,Male,31,2040,0.0004,0.0004,0.0005,0.0003,0.0006,0.0003,0.0007
M5,Male,32,2021,0.0006,0.0006,0.0006,0.0006,0.0006,0.0006,0.0006
M5,Male,32,2022,0.0006,0.0006,0.0006,0.0005,0.0006,0.0005,0.0006
M5,Male,32,2023,0.0006,0.0006,0.0006,0.0005,0.0006,0.0005,0.0006
M5,Male,32,2024,0.0006,0.0005,0.0006,0.0005,0.0006,0.0005,0.0006
M5,Male,32,2025,0.0006,0.0005,0.0006,0.0005,0.0006,0.0005,0.0006
M5,Male,32,2026,0.0006,0.0005,0.0006,0.0005,0.0006,0.0005,0.0006
M5,Male,32,2027,0.0005,0.0005,0.0006,0.0005,0.0006,0.0005,0.0006
M5,Male,32,2028,0.0005,0.0005,0.0006,0.0005,0.0006,0.0005,0.0007
M5,Male,32,2029,0.0005,0.0005,0.0006,0.0005,0.0006,0.0004,0.0007
M5,Male,32,2030,0.0005,0.0005,0.0006,0.0005,0.0006,0.0004,0.0007
M5,Male,32,2031,0.0005,0.0005,0.0006,0.0004,0.0006,0.0004,0.0007
M5,Male,32,2032,0.0005,0.0005,0.0006,0.0004,0.0006,0.0004,0.0007
M5,Male,32,2033,0.0005,0.0005,0.0006,0.0004,0.0006,0.0004,0.0007
M5,Male,32,2034,0.0005,0.0005,0.0006,0.0004,0.0006,0.0004,0.0007
M5,Male,32,2035,0.0005,0.0004,0.0006,0.0004,0.0006,0.0003,0.0007
M5,Male,32,2036,0.0005,0.0004,0.0006,0.0004,0.0006,0.0003,0.0007
M5,Male,32,2037,0.0005,0.0004,0.0006,0.0004,0.0006,0.0003,0.0007
M5,Male,32,2038,0.0005,0.0004,0.0006,0.0004,0.0006,0.0003,0.0008
M5,Male,32,2039,0.0005,0.0004,0.0006,0.0003,0.0006,0.0003,0.0008
M5,Male,32,2040,0.0005,0.0004,0.0006,0.0003,0.0007,0.0003,0.0008
M5,Male,33,2021,0.0007,0.0007,0.0007,0.0007,0.0007,0.0006,0.0007
M5,Male,33,2022,0.0007,0.0006,0.0007,0.0006,0.0007,0.0006,0.0007
M5,Male,33,2023,0.0007,0.0006,0.0007,0.0006,0.0007,0.0006,0.0007
M5,Male,33,2024,0.0007,0.0006,0.0007,0.0006,0.0007,0.0006,0.0007
M5,Male,33,2025,0.0006,0.0006,0.0007,0.0006,0.0007,0.0006,0.0007
M5,Male,33,2026,0.0006,0.0006,0.0007,0.0006,0.0007,0.0006,0.0007
M5,Male,33,2027,0.0006,0.0006,0.0007,0.0006,0.0007,0.0005,0.0007
M5,Male,33,2028,0.0006,0.0006,0.0007,0.0006,0.0007,0.0005,0.0007
M5,Male,33,2029,0.0006,0.0006,0.0007,0.0005,0.0007,0.0005,0.0008
M5,Male,33,2030,0.0006,0.0006,0.0007,0.0005,0.0007,0.0005,0.0008
M5,Male,33,2031,0.0006,0.0006,0.0007,0.0005,0.0007,0.0005,0.0008
M5,Male,33,2032,0.0006,0.0005,0.0007,0.0005,0.0007,0.0004,0.0008
M5,Male,33,2033,0.0006,0.0005,0.0006,0.0005,0.0007,0.0004,0.0008
M5,Male,33,2034,0.0006,0.0005,0.0007,0.0005,0.0007,0.0004,0.0008
M5,Male,33,2035,0.0006,0.0005,0.0006,0.0004,0.0007,0.0004,0.0008
M5,Male,33,2036,0.0006,0.0005,0.0006,0.0004,0.0007,0.0004,0.0008
M5,Male,33,2037,0.0006,0.0005,0.0006,0.0004,0.0007,0.0004,0.0009
M5,Male,33,2038,0.0006,0.0005,0.0006,0.0004,0.0007,0.0004,0.0009
M5,Male,33,2039,0.0005,0.0005,0.0006,0.0004,0.0007,0.0003,0.0009
M5,Male,33,2040,0.0005,0.0005,0.0006,0.0004,0.0008,0.0003,0.0009
M5,Male,34,2021,0.0007,0.0007,0.0007,0.0007,0.0007,0.0007,0.0007
M5,Male,34,2022,0.0007,0.0007,0.0007,0.0007,0.0007,0.0006,0.0007
M5,Male,34,2023,0.0007,0.0007,0.0007,0.0007,0.0007,0.0006,0.0008
M5,Male,34,2024,0.0007,0.0007,0.0007,0.0006,0.0007,0.0006,0.0008
M5,Male,34,2025,0.0007,0.0006,0.0007,0.0006,0.0007,0.0006,0.0008
M5,Male,34,2026,0.0007,0.0006,0.0007,0.0006,0.0007,0.0006,0.0008
M5,Male,34,2027,0.0007,0.0006,0.0007,0.0006,0.0007,0.0006,0.0008
M5,Male,34,2028,0.0007,0.0006,0.0007,0.0006,0.0007,0.0005,0.0008
M5,Male,34,2029,0.0006,0.0006,0.0007,0.0006,0.0007,0.0005,0.0008
M5,Male,34,2030,0.0006,0.0006,0.0007,0.0005,0.0007,0.0005,0.0008
M5,Male,34,2031,0.0006,0.0006,0.0007,0.0005,0.0007,0.0005,0.0008
M5,Male,34,2032,0.0006,0.0006,0.0007,0.0005,0.0007,0.0005,0.0008
M5,Male,34,2033,0.0006,0.0006,0.0007,0.0005,0.0007,0.0005,0.0008
M5,Male,34,2034,0.0006,0.0005,0.0007,0.0005,0.0007,0.0004,0.0008
M5,Male,34,2035,0.0006,0.0005,0.0007,0.0005,0.0008,0.0004,0.0009
M5,Male,34,2036,0.0006,0.0005,0.0007,0.0005,0.0008,0.0004,0.0009
M5,Male,34,2037,0.0006,0.0005,0.0007,0.0004,0.0008,0.0004,0.0009
M5,Male,34,2038,0.0006,0.0005,0.0007,0.0004,0.0008,0.0004,0.0009
M5,Male,34,2039,0.0006,0.0005,0.0007,0.0004,0.0008,0.0004,0.0009
M5,Male,34,2040,0.0006,0.0005,0.0007,0.0004,0.0008,0.0003,0.0009
M5,Male,35,2021,0.0008,0.0008,0.0008,0.0007,0.0008,0.0007,0.0008
M5,Male,35,2022,0.0007,0.0007,0.0008,0.0007,0.0008,0.0007,0.0008
M5,Male,35,2023,0.0008,0.0007,0.0008,0.0007,0.0008,0.0007,0.0008
M5,Male,35,2024,0.0007,0.0007,0.0008,0.0007,0.0008,0.0007,0.0008
M5,Male,35,2025,0.0007,0.0007,0.0008,0.0007,0.0008,0.0007,0.0008
M5,Male,35,2026,0.0007,0.0007,0.0008,0.0007,0.0008,0.0006,0.0008
M5,Male,35,2027,0.0007,0.0007,0.0008,0.0006,0.0008,0.0006,0.0008
M5,Male,35,2028,0.0007,0.0007,0.0008,0.0006,0.0008,0.0006,0.0008
M5,Male,35,2029,0.0007,0.0007,0.0008,0.0006,0.0008,0.0006,0.0009
M5,Male,35,2030,0.0007,0.0006,0.0007,0.0006,0.0008,0.0005,0.0009
M5,Male,35,2031,0.0007,0.0006,0.0007,0.0006,0.0008,0.0005,0.0009
M5,Male,35,2032,0.0007,0.0006,0.0007,0.0006,0.0008,0.0005,0.0009
M5,Male,35,2033,0.0007,0.0006,0.0007,0.0005,0.0008,0.0005,0.0009
M5,Male,35,2034,0.0007,0.0006,0.0007,0.0005,0.0008,0.0005,0.0009
M5,Male,35,2035,0.0007,0.0006,0.0007,0.0005,0.0008,0.0005,0.0009
M5,Male,35,2036,0.0006,0.0006,0.0007,0.0005,0.0008,0.0004,0.0010
M5,Male,35,2037,0.0006,0.0006,0.0007,0.0005,0.0008,0.0004,0.0010
M5,Male,35,2038,0.0006,0.0005,0.0007,0.0005,0.0008,0.0004,0.0010
M5,Male,35,2039,0.0006,0.0005,0.0007,0.0005,0.0008,0.0004,0.0010
M5,Male,35,2040,0.0006,0.0005,0.0007,0.0004,0.0009,0.0004,0.0010
M5,Male,36,2021,0.0009,0.0009,0.0009,0.0009,0.0010,0.0009,0.0010
M5,Male,36,2022,0.0009,0.0009,0.0009,0.0009,0.0009,0.0008,0.0010
M5,Male,36,2023,0.0009,0.0009,0.0009,0.0009,0.0010,0.0008,0.0010
M5,Male,36,2024,0.0009,0.0009,0.0009,0.0008,0.0009,0.0008,0.0010
M5,Male,36,2025,0.0009,0.0008,0.0009,0.0008,0.0009,0.0008,0.0010
M5,Male,36,2026,0.0009,0.0008,0.0009,0.0008,0.0009,0.0008,0.0010
M5,Male,36,2027,0.0009,0.0008,0.0009,0.0008,0.0009,0.0007,0.0010
M5,Male,36,2028,0.0008,0.0008,0.0009,0.0008,0.0010,0.0007,0.0010
M5,Male,36,2029,0.0008,0.0008,0.0009,0.0007,0.0010,0.0007,0.0010
M5,Male,36,2030,0.0008,0.0008,0.0009,0.0007,0.0010,0.0007,0.0010
M5,Male,36,2031,0.0008,0.0008,0.0009,0.0007,0.0010,0.0006,0.0010
M5,Male,36,2032,0.0008,0.0007,0.0009,0.0007,0.0010,0.0006,0.0011
M5,Male,36,2033,0.0008,0.0007,0.0009,0.0007,0.0010,0.0006,0.0011
M5,Male,36,2034,0.0008,0.0007,0.0009,0.0006,0.0010,0.0006,0.0011
M5,Male,36,2035,0.0008,0.0007,0.0009,0.0006,0.0010,0.0005,0.0011
M5,Male,36,2036,0.0008,0.0007,0.0009,0.0006,0.0010,0.0005,0.0011
M5,Male,36,2037,0.0008,0.0007,0.0009,0.0006,0.0010,0.0005,0.0012
M5,Male,36,2038,0.0008,0.0007,0.0009,0.0006,0.0010,0.0005,0.0012
M5,Male,36,2039,0.0008,0.0006,0.0009,0.0006,0.0010,0.0005,0.0012
M5,Male,36,2040,0.0007,0.0006,0.0009,0.0005,0.0010,0.0005,0.0012
M5,Male,37,2021,0.0011,0.0011,0.0011,0.0010,0.0011,0.0010,0.0011
M5,Male,37,2022,0.0010,0.0010,0.0011,0.0010,0.0011,0.0010,0.0011
M5,Male,37,2023,0.0011,0.0010,0.0011,0.0010,0.0011,0.0010,0.0011
M5,Male,37,2024,0.0010,0.0010,0.0011,0.0010,0.0011,0.0009,0.0011
M5,Male,37,2025,0.0010,0.0010,0.0011,0.0009,0.0011,0.0009,0.0011
M5,Male,37,2026,0.0010,0.0010,0.0011,0.0009,0.0011,0.0009,0.0012
M5,Male,37,2027,0.0010,0.0009,0.0011,0.0009,0.0011,0.0009,0.0012
M5,Male,37,2028,0.0010,0.0009,0.0011,0.0009,0.0011,0.0008,0.0012
M5,Male,37,2029,0.0010,0.0009,0.0011,0.0009,0.0011,0.0008,0.0012
M5,Male,37,2030,0.0010,0.0009,0.0010,0.0008,0.0011,0.0008,0.0012
M5,Male,37,2031,0.0010,0.0009,0.0010,0.0008,0.0011,0.0008,0.0012
M5,Male,37,2032,0.0010,0.0009,0.0010,0.0008,0.0011,0.0007,0.0012
M5,Male,37,2033,0.0009,0.0008,0.0010,0.0008,0.0011,0.0007,0.0013
M5,Male,37,2034,0.0009,0.0008,0.0010,0.0007,0.0011,0.0007,0.0013
M5,Male,37,2035,0.0009,0.0008,0.0010,0.0007,0.0012,0.0006,0.0013
M5,Male,37,2036,0.0009,0.0008,0.0010,0.0007,0.0012,0.0006,0.0013
M5,Male,37,2037,0.0009,0.0008,0.0010,0.0007,0.0012,0.0006,0.0014
M5,Male,37,2038,0.0009,0.0008,0.0010,0.0007,0.0012,0.0006,0.0014
M5,Male,37,2039,0.0009,0.0008,0.0010,0.0006,0.0012,0.0005,0.0014
M5,Male,37,2040,0.0009,0.0007,0.0010,0.0006,0.0012,0.0005,0.0014
M5,Male,38,2021,0.0010,0.0010,0.0011,0.0010,0.0011,0.0010,0.0011
M5,Male,38,2022,0.0010,0.0010,0.0010,0.0010,0.0011,0.0010,0.0011
M5,Male,38,2023,0.0010,0.0010,0.0011,0.0010,0.0011,0.0010,0.0011
M5,Male,38,2024,0.0010,0.0010,0.0010,0.0009,0.0011,0.0009,0.0011
M5,Male,38,2025,0.0010,0.0010,0.0010,0.0009,0.0011,0.0009,0.0011
M5,Male,38,2026,0.0010,0.0009,0.0010,0.0009,0.0011,0.0009,0.0011
M5,Male,38,2027,0.0010,0.0009,0.0010,0.0009,0.0011,0.0008,0.0011
M5,Male,38,2028,0.0010,0.0009,0.0010,0.0009,0.0011,0.0008,0.0012
M5,Male,38,2029,0.0010,0.0009,0.0010,0.0008,0.0011,0.0008,0.0012
M5,Male,38,2030,0.0009,0.0009,0.0010,0.0008,0.0011,0.0008,0.0012
M5,Male,38,2031,0.0009,0.0009,0.0010,0.0008,0.0011,0.0007,0.0012
M5,Male,38,2032,0.0009,0.0008,0.0010,0.0008,0.0011,0.0007,0.0012
M5,Male,38,2033,0.0009,0.0008,0.0010,0.0007,0.0011,0.0007,0.0012
M5,Male,38,2034,0.0009,0.0008,0.0010,0.0007,0.0011,0.0006,0.0012
M5,Male,38,2035,0.0009,0.0008,0.0010,0.0007,0.0011,0.0006,0.0013
M5,Male,38,2036,0.0009,0.0008,0.0010,0.0007,0.0011,0.0006,0.0013
M5,Male,38,2037,0.0009,0.0008,0.0010,0.0007,0.0012,0.0006,0.0013
M5,Male,38,2038,0.0009,0.0007,0.0010,0.0006,0.0012,0.0006,0.0013
M5,Male,38,2039,0.0009,0.0007,0.0010,0.0006,0.0012,0.0005,0.0014
M5,Male,38,2040,0.0008,0.0007,0.0010,0.0006,0.0012,0.0005,0.0014
M5,Male,39,2021,0.0012,0.0012,0.0012,0.0012,0.0012,0.0011,0.0012
M5,Male,39,2022,0.0012,0.0011,0.0012,0.0011,0.0012,0.0011,0.0012
M5,Male,39,2023,0.0012,0.0011,0.0012,0.0011,0.0012,0.0011,0.0013
M5,Male,39,2024,0.0011,0.0011,0.0012,0.0011,0.0012,0.0010,0.0013
M5,Male,39,2025,0.0011,0.0011,0.0012,0.0010,0.0012,0.0010,0.0013
M5,Male,39,2026,0.0011,0.0011,0.0012,0.0010,0.0012,0.0010,0.0013
M5,Male,39,2027,0.0011,0.0010,0.0012,0.0010,0.0012,0.0009,0.0013
M5,Male,39,2028,0.0011,0.0010,0.0012,0.0010,0.0012,0.0009,0.0013
M5,Male,39,2029,0.0011,0.0010,0.0012,0.0009,0.0012,0.0009,0.0013
M5,Male,39,2030,0.0011,0.0010,0.0012,0.0009,0.0012,0.0009,0.0013
M5,Male,39,2031,0.0011,0.0010,0.0012,0.0009,0.0012,0.0008,0.0013
M5,Male,39,2032,0.0010,0.0010,0.0011,0.0009,0.0013,0.0008,0.0014
M5,Male,39,2033,0.0010,0.0009,0.0011,0.0008,0.0013,0.0008,0.0014
M5,Male,39,2034,0.0010,0.0009,0.0011,0.0008,0.0013,0.0007,0.0014
M5,Male,39,2035,0.0010,0.0009,0.0011,0.0008,0.0013,0.0007,0.0014
M5,Male,39,2036,0.0010,0.0009,0.0011,0.0008,0.0013,0.0007,0.0015
M5,Male,39,2037,0.0010,0.0009,0.0011,0.0008,0.0013,0.0007,0.0015
M5,Male,39,2038,0.0010,0.0008,0.0011,0.0007,0.0013,0.0006,0.0015
M5,Male,39,2039,0.0010,0.0008,0.0011,0.0007,0.0013,0.0006,0.0016
M5,Male,39,2040,0.0010,0.0008,0.0012,0.0007,0.0013,0.0006,0.0016
M5,Male,40,2021,0.0013,0.0013,0.0013,0.0013,0.0013,0.0012,0.0014
M5,Male,40,2022,0.0013,0.0012,0.0013,0.0012,0.0013,0.0012,0.0013
M5,Male,40,2023,0.0013,0.0012,0.0013,0.0012,0.0013,0.0012,0.0014
M5,Male,40,2024,0.0012,0.0012,0.0013,0.0012,0.0013,0.0011,0.0014
M5,Male,40,2025,0.0012,0.0012,0.0013,0.0011,0.0013,0.0011,0.0014
M5,Male,40,2026,0.0012,0.0012,0.0013,0.0011,0.0013,0.0011,0.0014
M5,Male,40,2027,0.0012,0.0011,0.0013,0.0011,0.0013,0.0010,0.0014
M5,Male,40,2028,0.0012,0.0011,0.0013,0.0011,0.0013,0.0010,0.0014
M5,Male,40,2029,0.0012,0.0011,0.0013,0.0010,0.0013,0.0010,0.0014
M5,Male,40,2030,0.0012,0.0011,0.0013,0.0010,0.0013,0.0009,0.0015
M5,Male,40,2031,0.0012,0.0011,0.0013,0.0010,0.0014,0.0009,0.0015
M5,Male,40,2032,0.0011,0.0010,0.0013,0.0010,0.0014,0.0009,0.0015
M5,Male,40,2033,0.0011,0.0010,0.0013,0.0009,0.0014,0.0008,0.0015
M5,Male,40,2034,0.0011,0.0010,0.0013,0.0009,0.0014,0.0008,0.0016
M5,Male,40,2035,0.0011,0.0010,0.0013,0.0009,0.0014,0.0008,0.0016
M5,Male,40,2036,0.0011,0.0010,0.0013,0.0009,0.0014,0.0008,0.0016
M5,Male,40,2037,0.0011,0.0009,0.0013,0.0008,0.0014,0.0007,0.0017
M5,Male,40,2038,0.0011,0.0009,0.0013,0.0008,0.0014,0.0007,0.0017
M5,Male,40,2039,0.0011,0.0009,0.0013,0.0008,0.0015,0.0007,0.0017
M5,Male,40,2040,0.0011,0.0009,0.0013,0.0008,0.0015,0.0006,0.0017
M5,Male,41,2021,0.0014,0.0014,0.0015,0.0014,0.0015,0.0014,0.0015
M5,Male,41,2022,0.0014,0.0014,0.0014,0.0013,0.0015,0.0013,0.0015
M5,Male,41,2023,0.0014,0.0014,0.0014,0.0013,0.0015,0.0013,0.0015
M5,Male,41,2024,0.0014,0.0013,0.0014,0.0013,0.0015,0.0013,0.0015
M5,Male,41,2025,0.0014,0.0013,0.0014,0.0013,0.0015,0.0012,0.0015
M5,Male,41,2026,0.0014,0.0013,0.0014,0.0013,0.0015,0.0012,0.0015
M5,Male,41,2027,0.0013,0.0013,0.0014,0.0012,0.0015,0.0012,0.0016
M5,Male,41,2028,0.0013,0.0013,0.0014,0.0012,0.0015,0.0011,0.0016
M5,Male,41,2029,0.0013,0.0012,0.0014,0.0011,0.0015,0.0011,0.0016
M5,Male,41,2030,0.0013,0.0012,0.0014,0.0011,0.0015,0.0010,0.0016
M5,Male,41,2031,0.0013,0.0012,0.0014,0.0011,0.0015,0.0010,0.0016
M5,Male,41,2032,0.0013,0.0012,0.0014,0.0011,0.0015,0.0010,0.0017
M5,Male,41,2033,0.0013,0.0011,0.0014,0.0010,0.0015,0.0009,0.0017
M5,Male,41,2034,0.0013,0.0011,0.0014,0.0010,0.0015,0.0009,0.0017
M5,Male,41,2035,0.0012,0.0011,0.0014,0.0010,0.0016,0.0009,0.0018
M5,Male,41,2036,0.0012,0.0011,0.0014,0.0009,0.0016,0.0008,0.0018
M5,Male,41,2037,0.0012,0.0010,0.0014,0.0009,0.0016,0.0008,0.0018
M5,Male,41,2038,0.0012,0.0010,0.0014,0.0009,0.0016,0.0008,0.0019
M5,Male,41,2039,0.0012,0.0010,0.0014,0.0009,0.0016,0.0007,0.0019
M5,Male,41,2040,0.0012,0.0010,0.0014,0.0008,0.0016,0.0007,0.0019
M5,Male,42,2021,0.0014,0.0014,0.0014,0.0014,0.0014,0.0013,0.0015
M5,Male,42,2022,0.0014,0.0013,0.0014,0.0013,0.0014,0.0013,0.0015
M5,Male,42,2023,0.0014,0.0013,0.0014,0.0013,0.0014,0.0013,0.0015
M5,Male,42,2024,0.0013,0.0013,0.0014,0.0013,0.0014,0.0012,0.0015
M5,Male,42,2025,0.0013,0.0013,0.0014,0.0012,0.0014,0.0012,0.0015
M5,Male,42,2026,0.0013,0.0013,0.0014,0.0012,0.0014,0.0012,0.0015
M5,Male,42,2027,0.0013,0.0012,0.0014,0.0012,0.0014,0.0011,0.0015
M5,Male,42,2028,0.0013,0.0012,0.0014,0.0012,0.0015,0.0011,0.0015
M5,Male,42,2029,0.0013,0.0012,0.0014,0.0011,0.0015,0.0011,0.0016
M5,Male,42,2030,0.0013,0.0012,0.0014,0.0011,0.0015,0.0010,0.0016
M5,Male,42,2031,0.0013,0.0012,0.0014,0.0011,0.0015,0.0010,0.0016
M5,Male,42,2032,0.0012,0.0011,0.0014,0.0010,0.0015,0.0009,0.0016
M5,Male,42,2033,0.0012,0.0011,0.0014,0.0010,0.0015,0.0009,0.0017
M5,Male,42,2034,0.0012,0.0011,0.0014,0.0010,0.0015,0.0009,0.0017
M5,Male,42,2035,0.0012,0.0011,0.0014,0.0010,0.0015,0.0009,0.0017
M5,Male,42,2036,0.0012,0.0010,0.0014,0.0009,0.0015,0.0008,0.0018
M5,Male,42,2037,0.0012,0.0010,0.0014,0.0009,0.0016,0.0008,0.0018
M5,Male,42,2038,0.0012,0.0010,0.0014,0.0009,0.0016,0.0008,0.0018
M5,Male,42,2039,0.0012,0.0010,0.0014,0.0009,0.0016,0.0007,0.0019
M5,Male,42,2040,0.0012,0.0010,0.0014,0.0008,0.0016,0.0007,0.0019
M5,Male,43,2021,0.0016,0.0016,0.0017,0.0016,0.0017,0.0016,0.0017
M5,Male,43,2022,0.0016,0.0016,0.0016,0.0015,0.0017,0.0015,0.0017
M5,Male,43,2023,0.0016,0.0016,0.0017,0.0015,0.0017,0.0015,0.0017
M5,Male,43,2024,0.0016,0.0015,0.0016,0.0015,0.0017,0.0015,0.0017
M5,Male,43,2025,0.0016,0.0015,0.0016,0.0015,0.0017,0.0014,0.0017
M5,Male,43,2026,0.0016,0.0015,0.0016,0.0014,0.0017,0.0014,0.0018
M5,Male,43,2027,0.0015,0.0015,0.0016,0.0014,0.0017,0.0013,0.0018
M5,Male,43,2028,0.0015,0.0014,0.0016,0.0014,0.0017,0.0013,0.0018
M5,Male,43,2029,0.0015,0.0014,0.0016,0.0013,0.0017,0.0012,0.0018
M5,Male,43,2030,0.0015,0.0014,0.0016,0.0013,0.0017,0.0012,0.0019
M5,Male,43,2031,0.0015,0.0014,0.0016,0.0013,0.0017,0.0012,0.0019
M5,Male,43,2032,0.0015,0.0013,0.0016,0.0012,0.0017,0.0011,0.0019
M5,Male,43,2033,0.0014,0.0013,0.0016,0.0012,0.0018,0.0011,0.0019
M5,Male,43,2034,0.0014,0.0013,0.0016,0.0012,0.0018,0.0010,0.0020
M5,Male,43,2035,0.0014,0.0013,0.0016,0.0011,0.0018,0.0010,0.0020
M5,Male,43,2036,0.0014,0.0012,0.0016,0.0011,0.0018,0.0010,0.0021
M5,Male,43,2037,0.0014,0.0012,0.0016,0.0011,0.0018,0.0009,0.0021
M5,Male,43,2038,0.0014,0.0012,0.0016,0.0010,0.0018,0.0009,0.0021
M5,Male,43,2039,0.0014,0.0012,0.0016,0.0010,0.0019,0.0008,0.0022
M5,Male,43,2040,0.0014,0.0011,0.0016,0.0010,0.0019,0.0008,0.0022
M5,Male,44,2021,0.0018,0.0018,0.0018,0.0018,0.0019,0.0017,0.0019
M5,Male,44,2022,0.0018,0.0017,0.0018,0.0017,0.0018,0.0017,0.0019
M5,Male,44,2023,0.0018,0.0017,0.0018,0.0017,0.0019,0.0017,0.0019
M5,Male,44,2024,0.0017,0.0017,0.0018,0.0016,0.0018,0.0016,0.0019
M5,Male,44,2025,0.0017,0.0017,0.0018,0.0016,0.0018,0.0016,0.0019
M5,Male,44,2026,0.0017,0.0016,0.0018,0.0016,0.0019,0.0015,0.0019
M5,Male,44,2027,0.0017,0.0016,0.0018,0.0015,0.0019,0.0015,0.0020
M5,Male,44,2028,0.0017,0.0016,0.0018,0.0015,0.0019,0.0014,0.0020
M5,Male,44,2029,0.0017,0.0016,0.0018,0.0015,0.0019,0.0014,0.0020
M5,Male,44,2030,0.0016,0.0015,0.0018,0.0014,0.0019,0.0013,0.0020
M5,Male,44,2031,0.0016,0.0015,0.0018,0.0014,0.0019,0.0013,0.0021
M5,Male,44,2032,0.0016,0.0015,0.0018,0.0013,0.0019,0.0012,0.0021
M5,Male,44,2033,0.0016,0.0014,0.0018,0.0013,0.0019,0.0012,0.0021
M5,Male,44,2034,0.0016,0.0014,0.0018,0.0013,0.0020,0.0011,0.0022
M5,Male,44,2035,0.0016,0.0014,0.0018,0.0012,0.0020,0.0011,0.0022
M5,Male,44,2036,0.0016,0.0014,0.0018,0.0012,0.0020,0.0011,0.0023
M5,Male,44,2037,0.0015,0.0013,0.0018,0.0012,0.0020,0.0010,0.0023
M5,Male,44,2038,0.0015,0.0013,0.0018,0.0011,0.0020,0.0010,0.0023
M5,Male,44,2039,0.0015,0.0013,0.0018,0.0011,0.0021,0.0009,0.0024
M5,Male,44,2040,0.0015,0.0013,0.0018,0.0011,0.0021,0.0009,0.0024
M5,Male,45,2021,0.0018,0.0018,0.0019,0.0018,0.0019,0.0018,0.0019
M5,Male,45,2022,0.0018,0.0018,0.0018,0.0017,0.0019,0.0017,0.0019
M5,Male,45,2023,0.0018,0.0018,0.0018,0.0017,0.0019,0.0017,0.0019
M5,Male,45,2024,0.0018,0.0017,0.0018,0.0017,0.0019,0.0016,0.0019
M5,Male,45,2025,0.0017,0.0017,0.0018,0.0016,0.0019,0.0016,0.0020
M5,Male,45,2026,0.0017,0.0017,0.0018,0.0016,0.0019,0.0015,0.0020
M5,Male,45,2027,0.0017,0.0016,0.0018,0.0016,0.0019,0.0015,0.0020
M5,Male,45,2028,0.0017,0.0016,0.0018,0.0015,0.0019,0.0014,0.0020
M5,Male,45,2029,0.0017,0.0016,0.0018,0.0015,0.0019,0.0014,0.0021
M5,Male,45,2030,0.0017,0.0016,0.0018,0.0014,0.0019,0.0013,0.0021
M5,Male,45,2031,0.0017,0.0015,0.0018,0.0014,0.0019,0.0013,0.0021
M5,Male,45,2032,0.0016,0.0015,0.0018,0.0014,0.0020,0.0013,0.0021
M5,Male,45,2033,0.0016,0.0015,0.0018,0.0013,0.0020,0.0012,0.0022
M5,Male,45,2034,0.0016,0.0014,0.0018,0.0013,0.0020,0.0012,0.0022
M5,Male,45,2035,0.0016,0.0014,0.0018,0.0013,0.0020,0.0011,0.0023
M5,Male,45,2036,0.0016,0.0014,0.0018,0.0012,0.0020,0.0011,0.0023
M5,Male,45,2037,0.0016,0.0014,0.0018,0.0012,0.0020,0.0010,0.0024
M5,Male,45,2038,0.0016,0.0013,0.0018,0.0012,0.0021,0.0010,0.0024
M5,Male,45,2039,0.0015,0.0013,0.0018,0.0011,0.0021,0.0010,0.0024
M5,Male,45,2040,0.0015,0.0013,0.0018,0.0011,0.0021,0.0009,0.0025
M5,Male,46,2021,0.0020,0.0020,0.0020,0.0020,0.0021,0.0019,0.0021
M5,Male,46,2022,0.0020,0.0019,0.0020,0.0019,0.0020,0.0019,0.0021
M5,Male,46,2023,0.0020,0.0019,0.0020,0.0019,0.0021,0.0019,0.0021
M5,Male,46,2024,0.0019,0.0019,0.0020,0.0018,0.0021,0.0018,0.0021
M5,Male,46,2025,0.0019,0.0019,0.0020,0.0018,0.0021,0.0017,0.0021
M5,Male,46,2026,0.0019,0.0018,0.0020,0.0018,0.0021,0.0017,0.0022
M5,Male,46,2027,0.0019,0.0018,0.0020,0.0017,0.0021,0.0016,0.0022
M5,Male,46,2028,0.0019,0.0018,0.0020,0.0017,0.0021,0.0016,0.0022
M5,Male,46,2029,0.0019,0.0017,0.0020,0.0016,0.0021,0.0015,0.0023
M5,Male,46,2030,0.0018,0.0017,0.0020,0.0016,0.0021,0.0015,0.0023
M5,Male,46,2031,0.0018,0.0017,0.0020,0.0016,0.0021,0.0014,0.0023
M5,Male,46,2032,0.0018,0.0016,0.0020,0.0015,0.0022,0.0014,0.0023
M5,Male,46,2033,0.0018,0.0016,0.0020,0.0015,0.0022,0.0013,0.0024
M5,Male,46,2034,0.0018,0.0016,0.0020,0.0014,0.0022,0.0013,0.0024
M5,Male,46,2035,0.0018,0.0016,0.0020,0.0014,0.0022,0.0012,0.0025
M5,Male,46,2036,0.0017,0.0015,0.0020,0.0014,0.0022,0.0012,0.0026
M5,Male,46,2037,0.0017,0.0015,0.0020,0.0013,0.0023,0.0011,0.0026
M5,Male,46,2038,0.0017,0.0015,0.0020,0.0013,0.0023,0.0011,0.0026
M5,Male,46,2039,0.0017,0.0014,0.0020,0.0013,0.0023,0.0010,0.0027
M5,Male,46,2040,0.0017,0.0014,0.0020,0.0012,0.0023,0.0010,0.0028
M5,Male,47,2021,0.0022,0.0022,0.0022,0.0022,0.0023,0.0021,0.0023
M5,Male,47,2022,0.0022,0.0021,0.0022,0.0021,0.0022,0.0020,0.0023
M5,Male,47,2023,0.0022,0.0021,0.0022,0.0021,0.0023,0.0020,0.0023
M5,Male,47,2024,0.0021,0.0021,0.0022,0.0020,0.0023,0.0020,0.0023
M5,Male,47,2025,0.0021,0.0020,0.0022,0.0020,0.0023,0.0019,0.0024
M5,Male,47,2026,0.0021,0.0020,0.0022,0.0019,0.0023,0.0019,0.0024
M5,Male,47,2027,0.0021,0.0020,0.0022,0.0019,0.0023,0.0018,0.0024
M5,Male,47,2028,0.0021,0.0019,0.0022,0.0018,0.0023,0.0018,0.0024
M5,Male,47,2029,0.0020,0.0019,0.0022,0.0018,0.0023,0.0017,0.0025
M5,Male,47,2030,0.0020,0.0019,0.0022,0.0018,0.0023,0.0016,0.0025
M5,Male,47,2031,0.0020,0.0018,0.0022,0.0017,0.0023,0.0016,0.0025
M5,Male,47,2032,0.0020,0.0018,0.0022,0.0017,0.0024,0.0015,0.0026
M5,Male,47,2033,0.0020,0.0018,0.0022,0.0016,0.0024,0.0015,0.0026
M5,Male,47,2034,0.0020,0.0018,0.0022,0.0016,0.0024,0.0014,0.0027
M5,Male,47,2035,0.0019,0.0017,0.0022,0.0015,0.0024,0.0014,0.0028
M5,Male,47,2036,0.0019,0.0017,0.0022,0.0015,0.0025,0.0013,0.0028
M5,Male,47,2037,0.0019,0.0016,0.0022,0.0015,0.0025,0.0013,0.0029
M5,Male,47,2038,0.0019,0.0016,0.0022,0.0014,0.0025,0.0012,0.0029
M5,Male,47,2039,0.0019,0.0016,0.0022,0.0014,0.0025,0.0012,0.0030
M5,Male,47,2040,0.0019,0.0016,0.0022,0.0013,0.0026,0.0011,0.0030
M5,Male,48,2021,0.0026,0.0026,0.0027,0.0026,0.0027,0.0025,0.0028
M5,Male,48,2022,0.0026,0.0025,0.0026,0.0025,0.0027,0.0024,0.0027
M5,Male,48,2023,0.0026,0.0025,0.0027,0.0025,0.0027,0.0024,0.0028
M5,Male,48,2024,0.0026,0.0025,0.0026,0.0024,0.0027,0.0024,0.0028
M5,Male,48,2025,0.0025,0.0024,0.0026,0.0024,0.0027,0.0023,0.0028
M5,Male,48,2026,0.0025,0.0024,0.0026,0.0023,0.0027,0.0022,0.0029
M5,Male,48,2027,0.0025,0.0024,0.0026,0.0023,0.0027,0.0022,0.0029
M5,Male,48,2028,0.0025,0.0023,0.0026,0.0022,0.0028,0.0021,0.0029
M5,Male,48,2029,0.0025,0.0023,0.0026,0.0022,0.0028,0.0020,0.0030
M5,Male,48,2030,0.0024,0.0023,0.0026,0.0021,0.0028,0.0019,0.0030
M5,Male,48,2031,0.0024,0.0022,0.0026,0.0021,0.0028,0.0019,0.0030
M5,Male,48,2032,0.0024,0.0022,0.0026,0.0020,0.0028,0.0018,0.0031
M5,Male,48,2033,0.0024,0.0021,0.0026,0.0019,0.0029,0.0018,0.0031
M5,Male,48,2034,0.0023,0.0021,0.0026,0.0019,0.0029,0.0017,0.0032
M5,Male,48,2035,0.0023,0.0021,0.0026,0.0019,0.0029,0.0016,0.0033
M5,Male,48,2036,0.0023,0.0020,0.0026,0.0018,0.0029,0.0016,0.0034
M5,Male,48,2037,0.0023,0.0020,0.0026,0.0017,0.0030,0.0015,0.0034
M5,Male,48,2038,0.0023,0.0019,0.0026,0.0017,0.0030,0.0014,0.0035
M5,Male,48,2039,0.0022,0.0019,0.0026,0.0017,0.0031,0.0014,0.0036
M5,Male,48,2040,0.0022,0.0019,0.0026,0.0016,0.0031,0.0013,0.0036
M5,Male,49,2021,0.0030,0.0029,0.0030,0.0029,0.0030,0.0029,0.0031
M5,Male,49,2022,0.0029,0.0028,0.0030,0.0028,0.0030,0.0027,0.0031
M5,Male,49,2023,0.0029,0.0029,0.0030,0.0028,0.0031,0.0027,0.0031
M5,Male,49,2024,0.0029,0.0028,0.0030,0.0027,0.0030,0.0026,0.0031
M5,Male,49,2025,0.0028,0.0027,0.0030,0.0027,0.0030,0.0026,0.0032
M5,Male,49,2026,0.0028,0.0027,0.0030,0.0026,0.0031,0.0025,0.0032
M5,Male,49,2027,0.0028,0.0026,0.0029,0.0025,0.0031,0.0024,0.0032
M5,Male,49,2028,0.0028,0.0026,0.0030,0.0025,0.0031,0.0024,0.0033
M5,Male,49,2029,0.0028,0.0026,0.0029,0.0024,0.0031,0.0023,0.0033
M5,Male,49,2030,0.0027,0.0025,0.0029,0.0024,0.0031,0.0022,0.0034
M5,Male,49,2031,0.0027,0.0025,0.0029,0.0023,0.0032,0.0021,0.0034
M5,Male,49,2032,0.0027,0.0024,0.0029,0.0023,0.0032,0.0021,0.0035
M5,Male,49,2033,0.0027,0.0024,0.0029,0.0022,0.0032,0.0020,0.0035
M5,Male,49,2034,0.0026,0.0024,0.0029,0.0021,0.0032,0.0019,0.0036
M5,Male,49,2035,0.0026,0.0023,0.0029,0.0021,0.0033,0.0019,0.0037
M5,Male,49,2036,0.0026,0.0023,0.0029,0.0020,0.0033,0.0018,0.0038
M5,Male,49,2037,0.0026,0.0022,0.0029,0.0020,0.0034,0.0017,0.0039
M5,Male,49,2038,0.0025,0.0022,0.0030,0.0019,0.0034,0.0016,0.0039
M5,Male,49,2039,0.0025,0.0021,0.0030,0.0019,0.0034,0.0016,0.0040
M5,Male,49,2040,0.0025,0.0021,0.0030,0.0018,0.0035,0.0015,0.0041
M5,Male,50,2021,0.0032,0.0032,0.0033,0.0032,0.0033,0.0031,0.0034
M5,Male,50,2022,0.0032,0.0031,0.0032,0.0031,0.0033,0.0030,0.0033
M5,Male,50,2023,0.0032,0.0031,0.0033,0.0031,0.0033,0.0030,0.0034
M5,Male,50,2024,0.0031,0.0030,0.0032,0.0030,0.0033,0.0029,0.0034
M5,Male,50,2025,0.0031,0.0030,0.0032,0.0029,0.0033,0.0028,0.0035
M5,Male,50,2026,0.0031,0.0030,0.0032,0.0029,0.0034,0.0028,0.0035
M5,Male,50,2027,0.0031,0.0029,0.0032,0.0028,0.0033,0.0026,0.0035
M5,Male,50,2028,0.0030,0.0029,0.0032,0.0027,0.0034,0.0026,0.0036
M5,Male,50,2029,0.0030,0.0028,0.0032,0.0027,0.0034,0.0025,0.0036
M5,Male,50,2030,0.0030,0.0028,0.0032,0.0026,0.0034,0.0024,0.0037
M5,Male,50,2031,0.0030,0.0027,0.0032,0.0025,0.0035,0.0023,0.0037
M5,Male,50,2032,0.0029,0.0027,0.0032,0.0025,0.0035,0.0023,0.0038
M5,Male,50,2033,0.0029,0.0026,0.0032,0.0024,0.0035,0.0022,0.0039
M5,Male,50,2034,0.0029,0.0026,0.0032,0.0023,0.0035,0.0021,0.0040
M5,Male,50,2035,0.0029,0.0025,0.0032,0.0023,0.0036,0.0020,0.0040
M5,Male,50,2036,0.0028,0.0025,0.0032,0.0022,0.0036,0.0019,0.0042
M5,Male,50,2037,0.0028,0.0024,0.0032,0.0022,0.0037,0.0019,0.0042
M5,Male,50,2038,0.0028,0.0024,0.0032,0.0021,0.0037,0.0018,0.0043
M5,Male,50,2039,0.0028,0.0023,0.0032,0.0021,0.0038,0.0017,0.0044
M5,Male,50,2040,0.0027,0.0023,0.0033,0.0020,0.0038,0.0017,0.0045
M5,Male,51,2021,0.0036,0.0035,0.0036,0.0035,0.0037,0.0034,0.0037
M5,Male,51,2022,0.0035,0.0034,0.0036,0.0034,0.0036,0.0033,0.0037
M5,Male,51,2023,0.0035,0.0034,0.0036,0.0034,0.0037,0.0033,0.0038
M5,Male,51,2024,0.0035,0.0034,0.0036,0.0033,0.0037,0.0032,0.0038
M5,Male,51,2025,0.0034,0.0033,0.0036,0.0032,0.0037,0.0031,0.0038
M5,Male,51,2026,0.0034,0.0033,0.0036,0.0032,0.0037,0.0030,0.0039
M5,Male,51,2027,0.0034,0.0032,0.0035,0.0031,0.0037,0.0029,0.0039
M5,Male,51,2028,0.0033,0.0032,0.0036,0.0030,0.0037,0.0028,0.0040
M5,Male,51,2029,0.0033,0.0031,0.0035,0.0029,0.0038,0.0027,0.0040
M5,Male,51,2030,0.0033,0.0031,0.0035,0.0029,0.0038,0.0026,0.0041
M5,Male,51,2031,0.0033,0.0030,0.0035,0.0028,0.0038,0.0026,0.0041
M5,Male,51,2032,0.0032,0.0029,0.0035,0.0027,0.0038,0.0025,0.0042
M5,Male,51,2033,0.0032,0.0029,0.0035,0.0026,0.0039,0.0024,0.0043
M5,Male,51,2034,0.0032,0.0029,0.0035,0.0026,0.0039,0.0023,0.0044
M5,Male,51,2035,0.0032,0.0028,0.0035,0.0025,0.0039,0.0022,0.0045
M5,Male,51,2036,0.0031,0.0027,0.0036,0.0025,0.0040,0.0021,0.0046
M5,Male,51,2037,0.0031,0.0027,0.0036,0.0024,0.0041,0.0020,0.0047
M5,Male,51,2038,0.0031,0.0026,0.0036,0.0023,0.0041,0.0020,0.0047
M5,Male,51,2039,0.0031,0.0026,0.0036,0.0023,0.0042,0.0019,0.0048
M5,Male,51,2040,0.0030,0.0025,0.0036,0.0022,0.0042,0.0018,0.0049
M5,Male,52,2021,0.0039,0.0038,0.0039,0.0038,0.0040,0.0037,0.0040
M5,Male,52,2022,0.0038,0.0037,0.0039,0.0037,0.0039,0.0036,0.0040
M5,Male,52,2023,0.0038,0.0038,0.0039,0.0037,0.0040,0.0036,0.0041
M5,Male,52,2024,0.0038,0.0037,0.0039,0.0036,0.0040,0.0035,0.0041
M5,Male,52,2025,0.0037,0.0036,0.0039,0.0035,0.0040,0.0034,0.0042
M5,Male,52,2026,0.0037,0.0036,0.0039,0.0034,0.0040,0.0033,0.0042
M5,Male,52,2027,0.0037,0.0035,0.0039,0.0033,0.0040,0.0032,0.0042
M5,Male,52,2028,0.0037,0.0034,0.0039,0.0033,0.0041,0.0031,0.0043
M5,Male,52,2029,0.0036,0.0034,0.0039,0.0032,0.0041,0.0030,0.0044
M5,Male,52,2030,0.0036,0.0033,0.0039,0.0031,0.0041,0.0029,0.0044
M5,Male,52,2031,0.0036,0.0033,0.0039,0.0030,0.0042,0.0028,0.0045
M5,Male,52,2032,0.0035,0.0032,0.0039,0.0030,0.0042,0.0027,0.0046
M5,Male,52,2033,0.0035,0.0032,0.0038,0.0029,0.0042,0.0026,0.0047
M5,Male,52,2034,0.0035,0.0031,0.0039,0.0028,0.0043,0.0025,0.0048
M5,Male,52,2035,0.0034,0.0031,0.0039,0.0027,0.0043,0.0024,0.0049
M5,Male,52,2036,0.0034,0.0030,0.0039,0.0027,0.0044,0.0023,0.0050
M5,Male,52,2037,0.0034,0.0029,0.0039,0.0026,0.0044,0.0022,0.0051
M5,Male,52,2038,0.0034,0.0029,0.0039,0.0025,0.0045,0.0021,0.0052
M5,Male,52,2039,0.0033,0.0028,0.0039,0.0025,0.0045,0.0021,0.0053
M5,Male,52,2040,0.0033,0.0028,0.0039,0.0024,0.0046,0.0020,0.0054
M5,Male,53,2021,0.0044,0.0044,0.0045,0.0043,0.0045,0.0043,0.0046
M5,Male,53,2022,0.0043,0.0043,0.0044,0.0042,0.0045,0.0041,0.0046
M5,Male,53,2023,0.0044,0.0043,0.0045,0.0042,0.0046,0.0041,0.0047
M5,Male,53,2024,0.0043,0.0042,0.0044,0.0041,0.0045,0.0040,0.0047
M5,Male,53,2025,0.0043,0.0041,0.0044,0.0040,0.0046,0.0039,0.0047
M5,Male,53,2026,0.0043,0.0041,0.0044,0.0039,0.0046,0.0038,0.0048
M5,Male,53,2027,0.0042,0.0040,0.0044,0.0038,0.0046,0.0036,0.0048
M5,Male,53,2028,0.0042,0.0039,0.0044,0.0037,0.0046,0.0035,0.0049
M5,Male,53,2029,0.0041,0.0039,0.0044,0.0037,0.0047,0.0034,0.0050
M5,Male,53,2030,0.0041,0.0038,0.0044,0.0036,0.0047,0.0033,0.0051
M5,Male,53,2031,0.0041,0.0038,0.0044,0.0035,0.0048,0.0032,0.0051
M5,Male,53,2032,0.0040,0.0037,0.0044,0.0034,0.0048,0.0031,0.0052
M5,Male,53,2033,0.0040,0.0036,0.0044,0.0033,0.0048,0.0030,0.0053
M5,Male,53,2034,0.0040,0.0036,0.0044,0.0032,0.0049,0.0029,0.0055
M5,Male,53,2035,0.0039,0.0035,0.0044,0.0031,0.0049,0.0028,0.0056
M5,Male,53,2036,0.0039,0.0034,0.0044,0.0031,0.0050,0.0027,0.0057
M5,Male,53,2037,0.0039,0.0034,0.0044,0.0030,0.0051,0.0026,0.0058
M5,Male,53,2038,0.0039,0.0033,0.0045,0.0029,0.0052,0.0025,0.0059
M5,Male,53,2039,0.0038,0.0032,0.0045,0.0028,0.0052,0.0024,0.0060
M5,Male,53,2040,0.0038,0.0032,0.0045,0.0027,0.0053,0.0023,0.0062
M5,Male,54,2021,0.0049,0.0049,0.0050,0.0048,0.0050,0.0047,0.0051
M5,Male,54,2022,0.0048,0.0047,0.0049,0.0046,0.0050,0.0046,0.0051
M5,Male,54,2023,0.0048,0.0047,0.0049,0.0046,0.0051,0.0046,0.0052
M5,Male,54,2024,0.0048,0.0046,0.0049,0.0045,0.0050,0.0044,0.0052
M5,Male,54,2025,0.0047,0.0046,0.0049,0.0044,0.0050,0.0043,0.0052
M5,Male,54,2026,0.0047,0.0045,0.0049,0.0044,0.0051,0.0042,0.0053
M5,Male,54,2027,0.0047,0.0044,0.0049,0.0042,0.0051,0.0040,0.0054
M5,Male,54,2028,0.0046,0.0044,0.0049,0.0041,0.0051,0.0039,0.0055
M5,Male,54,2029,0.0046,0.0043,0.0049,0.0041,0.0052,0.0038,0.0055
M5,Male,54,2030,0.0045,0.0042,0.0049,0.0039,0.0052,0.0036,0.0056
M5,Male,54,2031,0.0045,0.0042,0.0049,0.0039,0.0053,0.0036,0.0057
M5,Male,54,2032,0.0045,0.0041,0.0049,0.0038,0.0053,0.0034,0.0058
M5,Male,54,2033,0.0044,0.0040,0.0049,0.0037,0.0054,0.0033,0.0059
M5,Male,54,2034,0.0044,0.0040,0.0049,0.0036,0.0054,0.0032,0.0060
M5,Male,54,2035,0.0044,0.0039,0.0049,0.0035,0.0055,0.0031,0.0062
M5,Male,54,2036,0.0043,0.0038,0.0049,0.0034,0.0055,0.0030,0.0063
M5,Male,54,2037,0.0043,0.0037,0.0049,0.0033,0.0056,0.0028,0.0064
M5,Male,54,2038,0.0043,0.0037,0.0050,0.0032,0.0057,0.0027,0.0065
M5,Male,54,2039,0.0042,0.0036,0.0050,0.0031,0.0058,0.0026,0.0067
M5,Male,54,2040,0.0042,0.0035,0.0050,0.0030,0.0058,0.0025,0.0069
M5,Male,55,2021,0.0056,0.0056,0.0057,0.0055,0.0058,0.0055,0.0059
M5,Male,55,2022,0.0055,0.0054,0.0056,0.0053,0.0057,0.0052,0.0058
M5,Male,55,2023,0.0056,0.0055,0.0057,0.0053,0.0058,0.0053,0.0060
M5,Male,55,2024,0.0055,0.0053,0.0056,0.0052,0.0058,0.0051,0.0060
M5,Male,55,2025,0.0054,0.0052,0.0056,0.0051,0.0058,0.0049,0.0060
M5,Male,55,2026,0.0054,0.0052,0.0057,0.0050,0.0059,0.0048,0.0061
M5,Male,55,2027,0.0054,0.0051,0.0056,0.0049,0.0059,0.0047,0.0062
M5,Male,55,2028,0.0053,0.0050,0.0057,0.0048,0.0059,0.0045,0.0063
M5,Male,55,2029,0.0053,0.0050,0.0056,0.0047,0.0060,0.0044,0.0064
M5,Male,55,2030,0.0052,0.0049,0.0056,0.0045,0.0060,0.0042,0.0065
M5,Male,55,2031,0.0052,0.0048,0.0057,0.0045,0.0061,0.0041,0.0066
M5,Male,55,2032,0.0052,0.0047,0.0056,0.0043,0.0061,0.0039,0.0067
M5,Male,55,2033,0.0051,0.0046,0.0056,0.0042,0.0062,0.0038,0.0068
M5,Male,55,2034,0.0051,0.0045,0.0057,0.0041,0.0062,0.0037,0.0070
M5,Male,55,2035,0.0050,0.0045,0.0057,0.0040,0.0063,0.0036,0.0071
M5,Male,55,2036,0.0050,0.0044,0.0057,0.0039,0.0064,0.0034,0.0073
M5,Male,55,2037,0.0050,0.0043,0.0057,0.0038,0.0065,0.0033,0.0074
M5,Male,55,2038,0.0049,0.0042,0.0057,0.0037,0.0066,0.0032,0.0075
M5,Male,55,2039,0.0049,0.0042,0.0057,0.0036,0.0067,0.0030,0.0078
M5,Male,55,2040,0.0049,0.0041,0.0058,0.0035,0.0067,0.0029,0.0080
M5,Male,56,2021,0.0063,0.0062,0.0064,0.0062,0.0064,0.0061,0.0065
M5,Male,56,2022,0.0062,0.0061,0.0063,0.0060,0.0064,0.0059,0.0065
M5,Male,56,2023,0.0062,0.0061,0.0064,0.0060,0.0065,0.0059,0.0066
M5,Male,56,2024,0.0061,0.0059,0.0063,0.0058,0.0065,0.0056,0.0067
M5,Male,56,2025,0.0061,0.0059,0.0063,0.0057,0.0065,0.0055,0.0067
M5,Male,56,2026,0.0061,0.0058,0.0063,0.0056,0.0066,0.0054,0.0069
M5,Male,56,2027,0.0060,0.0057,0.0063,0.0054,0.0066,0.0052,0.0069
M5,Male,56,2028,0.0060,0.0056,0.0063,0.0054,0.0066,0.0050,0.0070
M5,Male,56,2029,0.0059,0.0055,0.0063,0.0052,0.0067,0.0049,0.0071
M5,Male,56,2030,0.0059,0.0054,0.0063,0.0051,0.0067,0.0047,0.0072
M5,Male,56,2031,0.0058,0.0054,0.0063,0.0050,0.0068,0.0046,0.0073
M5,Male,56,2032,0.0058,0.0053,0.0063,0.0049,0.0069,0.0044,0.0075
M5,Male,56,2033,0.0057,0.0052,0.0063,0.0047,0.0069,0.0043,0.0076
M5,Male,56,2034,0.0057,0.0051,0.0063,0.0046,0.0070,0.0042,0.0078
M5,Male,56,2035,0.0056,0.0050,0.0063,0.0045,0.0071,0.0040,0.0080
M5,Male,56,2036,0.0056,0.0049,0.0064,0.0044,0.0072,0.0038,0.0081
M5,Male,56,2037,0.0056,0.0048,0.0064,0.0043,0.0073,0.0037,0.0083
M5,Male,56,2038,0.0055,0.0047,0.0064,0.0041,0.0074,0.0035,0.0084
M5,Male,56,2039,0.0055,0.0047,0.0064,0.0041,0.0074,0.0034,0.0087
M5,Male,56,2040,0.0054,0.0046,0.0065,0.0039,0.0076,0.0033,0.0089
M5,Male,57,2021,0.0068,0.0067,0.0068,0.0066,0.0069,0.0065,0.0070
M5,Male,57,2022,0.0066,0.0065,0.0067,0.0064,0.0068,0.0063,0.0070
M5,Male,57,2023,0.0067,0.0065,0.0068,0.0064,0.0070,0.0063,0.0071
M5,Male,57,2024,0.0066,0.0064,0.0068,0.0062,0.0069,0.0061,0.0072
M5,Male,57,2025,0.0065,0.0063,0.0068,0.0061,0.0069,0.0059,0.0072
M5,Male,57,2026,0.0065,0.0063,0.0068,0.0060,0.0070,0.0058,0.0074
M5,Male,57,2027,0.0064,0.0061,0.0067,0.0058,0.0070,0.0056,0.0074
M5,Male,57,2028,0.0064,0.0060,0.0068,0.0057,0.0071,0.0054,0.0075
M5,Male,57,2029,0.0063,0.0059,0.0068,0.0056,0.0072,0.0052,0.0076
M5,Male,57,2030,0.0063,0.0058,0.0068,0.0055,0.0072,0.0050,0.0078
M5,Male,57,2031,0.0063,0.0058,0.0068,0.0054,0.0073,0.0049,0.0079
M5,Male,57,2032,0.0062,0.0056,0.0068,0.0052,0.0074,0.0047,0.0080
M5,Male,57,2033,0.0062,0.0056,0.0068,0.0051,0.0074,0.0046,0.0082
M5,Male,57,2034,0.0061,0.0055,0.0068,0.0050,0.0075,0.0045,0.0084
M5,Male,57,2035,0.0061,0.0054,0.0068,0.0048,0.0076,0.0043,0.0086
M5,Male,57,2036,0.0060,0.0053,0.0068,0.0047,0.0077,0.0041,0.0087
M5,Male,57,2037,0.0060,0.0052,0.0068,0.0046,0.0078,0.0039,0.0089
M5,Male,57,2038,0.0059,0.0051,0.0069,0.0044,0.0080,0.0038,0.0091
M5,Male,57,2039,0.0059,0.0050,0.0069,0.0044,0.0080,0.0036,0.0093
M5,Male,57,2040,0.0058,0.0049,0.0069,0.0042,0.0081,0.0035,0.0096
M5,Male,58,2021,0.0077,0.0077,0.0078,0.0076,0.0079,0.0075,0.0080
M5,Male,58,2022,0.0076,0.0074,0.0077,0.0073,0.0078,0.0072,0.0080
M5,Male,58,2023,0.0077,0.0075,0.0078,0.0074,0.0080,0.0072,0.0082
M5,Male,58,2024,0.0075,0.0073,0.0078,0.0071,0.0079,0.0069,0.0082
M5,Male,58,2025,0.0075,0.0072,0.0077,0.0070,0.0080,0.0068,0.0083
M5,Male,58,2026,0.0075,0.0072,0.0078,0.0069,0.0081,0.0066,0.0085
M5,Male,58,2027,0.0074,0.0070,0.0077,0.0067,0.0081,0.0064,0.0085
M5,Male,58,2028,0.0073,0.0069,0.0078,0.0066,0.0081,0.0062,0.0086
M5,Male,58,2029,0.0073,0.0068,0.0078,0.0064,0.0082,0.0060,0.0088
M5,Male,58,2030,0.0072,0.0067,0.0078,0.0063,0.0083,0.0058,0.0089
M5,Male,58,2031,0.0072,0.0066,0.0078,0.0062,0.0084,0.0057,0.0091
M5,Male,58,2032,0.0071,0.0065,0.0078,0.0060,0.0085,0.0054,0.0092
M5,Male,58,2033,0.0071,0.0064,0.0078,0.0059,0.0085,0.0053,0.0094
M5,Male,58,2034,0.0070,0.0063,0.0078,0.0057,0.0086,0.0051,0.0096
M5,Male,58,2035,0.0070,0.0062,0.0078,0.0056,0.0087,0.0049,0.0098
M5,Male,58,2036,0.0069,0.0061,0.0079,0.0054,0.0088,0.0047,0.0100
M5,Male,58,2037,0.0069,0.0060,0.0079,0.0053,0.0090,0.0045,0.0102
M5,Male,58,2038,0.0068,0.0059,0.0079,0.0051,0.0092,0.0044,0.0104
M5,Male,58,2039,0.0068,0.0057,0.0079,0.0050,0.0092,0.0042,0.0107
M5,Male,58,2040,0.0067,0.0056,0.0079,0.0049,0.0094,0.0040,0.0111
M5,Male,59,2021,0.0085,0.0084,0.0086,0.0083,0.0087,0.0082,0.0088
M5,Male,59,2022,0.0083,0.0082,0.0084,0.0080,0.0086,0.0079,0.0088
M5,Male,59,2023,0.0084,0.0082,0.0086,0.0081,0.0087,0.0079,0.0089
M5,Male,59,2024,0.0083,0.0080,0.0085,0.0078,0.0087,0.0076,0.0090
M5,Male,59,2025,0.0082,0.0079,0.0085,0.0077,0.0087,0.0074,0.0091
M5,Male,59,2026,0.0082,0.0079,0.0085,0.0076,0.0089,0.0073,0.0093
M5,Male,59,2027,0.0081,0.0077,0.0085,0.0074,0.0089,0.0070,0.0093
M5,Male,59,2028,0.0080,0.0076,0.0085,0.0073,0.0089,0.0068,0.0095
M5,Male,59,2029,0.0080,0.0075,0.0085,0.0071,0.0091,0.0066,0.0096
M5,Male,59,2030,0.0079,0.0074,0.0085,0.0069,0.0091,0.0063,0.0098
M5,Male,59,2031,0.0079,0.0073,0.0086,0.0068,0.0092,0.0062,0.0100
M5,Male,59,2032,0.0078,0.0071,0.0086,0.0066,0.0093,0.0060,0.0101
M5,Male,59,2033,0.0078,0.0070,0.0085,0.0064,0.0093,0.0058,0.0103
M5,Male,59,2034,0.0077,0.0069,0.0086,0.0063,0.0095,0.0057,0.0105
M5,Male,59,2035,0.0077,0.0068,0.0086,0.0061,0.0096,0.0054,0.0108
M5,Male,59,2036,0.0076,0.0067,0.0086,0.0060,0.0097,0.0052,0.0110
M5,Male,59,2037,0.0076,0.0066,0.0086,0.0058,0.0099,0.0050,0.0112
M5,Male,59,2038,0.0075,0.0064,0.0087,0.0056,0.0100,0.0048,0.0115
M5,Male,59,2039,0.0074,0.0063,0.0087,0.0055,0.0101,0.0046,0.0118
M5,Male,59,2040,0.0074,0.0062,0.0087,0.0053,0.0103,0.0044,0.0122
M5,Male,60,2021,0.0094,0.0093,0.0095,0.0092,0.0096,0.0090,0.0097
M5,Male,60,2022,0.0092,0.0090,0.0093,0.0089,0.0095,0.0087,0.0097
M5,Male,60,2023,0.0093,0.0091,0.0095,0.0089,0.0097,0.0088,0.0099
M5,Male,60,2024,0.0091,0.0089,0.0094,0.0086,0.0096,0.0084,0.0100
M5,Male,60,2025,0.0091,0.0088,0.0094,0.0085,0.0097,0.0082,0.0101
M5,Male,60,2026,0.0091,0.0087,0.0094,0.0084,0.0098,0.0080,0.0102
M5,Male,60,2027,0.0089,0.0085,0.0094,0.0082,0.0098,0.0078,0.0103
M5,Male,60,2028,0.0089,0.0084,0.0095,0.0080,0.0099,0.0075,0.0105
M5,Male,60,2029,0.0089,0.0083,0.0094,0.0078,0.0100,0.0073,0.0106
M5,Male,60,2030,0.0088,0.0082,0.0094,0.0076,0.0101,0.0070,0.0108
M5,Male,60,2031,0.0087,0.0081,0.0095,0.0075,0.0102,0.0069,0.0110
M5,Male,60,2032,0.0087,0.0079,0.0095,0.0073,0.0103,0.0066,0.0112
M5,Male,60,2033,0.0086,0.0078,0.0095,0.0071,0.0103,0.0064,0.0114
M5,Male,60,2034,0.0085,0.0077,0.0095,0.0070,0.0105,0.0063,0.0117
M5,Male,60,2035,0.0085,0.0075,0.0095,0.0068,0.0106,0.0060,0.0119
M5,Male,60,2036,0.0084,0.0074,0.0096,0.0066,0.0107,0.0057,0.0122
M5,Male,60,2037,0.0084,0.0073,0.0096,0.0064,0.0110,0.0055,0.0124
M5,Male,60,2038,0.0083,0.0071,0.0096,0.0062,0.0111,0.0053,0.0127
M5,Male,60,2039,0.0083,0.0070,0.0097,0.0061,0.0112,0.0051,0.0130
M5,Male,60,2040,0.0082,0.0069,0.0097,0.0059,0.0114,0.0049,0.0135
M5,Male,61,2021,0.0106,0.0105,0.0107,0.0103,0.0108,0.0102,0.0110
M5,Male,61,2022,0.0104,0.0102,0.0105,0.0100,0.0107,0.0098,0.0109
M5,Male,61,2023,0.0105,0.0102,0.0107,0.0101,0.0109,0.0099,0.0112
M5,Male,61,2024,0.0103,0.0100,0.0106,0.0098,0.0109,0.0095,0.0113
M5,Male,61,2025,0.0102,0.0099,0.0106,0.0096,0.0109,0.0092,0.0114
M5,Male,61,2026,0.0102,0.0098,0.0107,0.0095,0.0111,0.0091,0.0116
M5,Male,61,2027,0.0101,0.0096,0.0106,0.0092,0.0111,0.0088,0.0116
M5,Male,61,2028,0.0101,0.0095,0.0107,0.0091,0.0112,0.0085,0.0118
M5,Male,61,2029,0.0100,0.0094,0.0107,0.0088,0.0113,0.0083,0.0120
M5,Male,61,2030,0.0099,0.0092,0.0107,0.0086,0.0114,0.0079,0.0122
M5,Male,61,2031,0.0099,0.0091,0.0107,0.0085,0.0115,0.0078,0.0125
M5,Male,61,2032,0.0098,0.0089,0.0107,0.0082,0.0116,0.0075,0.0126
M5,Male,61,2033,0.0097,0.0088,0.0107,0.0080,0.0117,0.0073,0.0129
M5,Male,61,2034,0.0097,0.0087,0.0108,0.0079,0.0119,0.0071,0.0132
M5,Male,61,2035,0.0096,0.0085,0.0108,0.0077,0.0120,0.0067,0.0135
M5,Male,61,2036,0.0095,0.0084,0.0108,0.0075,0.0121,0.0065,0.0138
M5,Male,61,2037,0.0095,0.0082,0.0108,0.0073,0.0124,0.0063,0.0140
M5,Male,61,2038,0.0094,0.0081,0.0109,0.0070,0.0126,0.0060,0.0144
M5,Male,61,2039,0.0094,0.0079,0.0110,0.0069,0.0127,0.0057,0.0148
M5,Male,61,2040,0.0093,0.0078,0.0110,0.0067,0.0129,0.0056,0.0152
M5,Male,62,2021,0.0116,0.0115,0.0118,0.0113,0.0119,0.0112,0.0120
M5,Male,62,2022,0.0114,0.0112,0.0116,0.0110,0.0118,0.0108,0.0120
M5,Male,62,2023,0.0115,0.0112,0.0117,0.0110,0.0120,0.0108,0.0122
M5,Male,62,2024,0.0113,0.0110,0.0117,0.0107,0.0119,0.0104,0.0124
M5,Male,62,2025,0.0112,0.0109,0.0116,0.0105,0.0120,0.0101,0.0125
M5,Male,62,2026,0.0112,0.0108,0.0117,0.0104,0.0122,0.0100,0.0127
M5,Male,62,2027,0.0111,0.0106,0.0116,0.0101,0.0122,0.0096,0.0128
M5,Male,62,2028,0.0111,0.0104,0.0117,0.0100,0.0123,0.0094,0.0130
M5,Male,62,2029,0.0110,0.0103,0.0117,0.0097,0.0125,0.0091,0.0132
M5,Male,62,2030,0.0109,0.0101,0.0117,0.0095,0.0125,0.0087,0.0134
M5,Male,62,2031,0.0108,0.0100,0.0118,0.0093,0.0126,0.0085,0.0137
M5,Male,62,2032,0.0108,0.0098,0.0117,0.0091,0.0128,0.0082,0.0139
M5,Male,62,2033,0.0107,0.0097,0.0118,0.0089,0.0128,0.0080,0.0142
M5,Male,62,2034,0.0106,0.0095,0.0118,0.0087,0.0131,0.0078,0.0145
M5,Male,62,2035,0.0106,0.0094,0.0119,0.0084,0.0132,0.0074,0.0148
M5,Male,62,2036,0.0105,0.0092,0.0119,0.0083,0.0133,0.0071,0.0152
M5,Male,62,2037,0.0104,0.0090,0.0119,0.0080,0.0136,0.0069,0.0154
M5,Male,62,2038,0.0104,0.0089,0.0120,0.0077,0.0139,0.0066,0.0158
M5,Male,62,2039,0.0103,0.0087,0.0121,0.0076,0.0140,0.0063,0.0163
M5,Male,62,2040,0.0102,0.0086,0.0121,0.0073,0.0142,0.0061,0.0167
M5,Male,63,2021,0.0128,0.0127,0.0130,0.0125,0.0131,0.0124,0.0133
M5,Male,63,2022,0.0126,0.0123,0.0128,0.0121,0.0130,0.0119,0.0133
M5,Male,63,2023,0.0127,0.0124,0.0130,0.0122,0.0132,0.0120,0.0135
M5,Male,63,2024,0.0125,0.0121,0.0129,0.0118,0.0132,0.0115,0.0137
M5,Male,63,2025,0.0124,0.0120,0.0129,0.0116,0.0133,0.0112,0.0139
M5,Male,63,2026,0.0124,0.0120,0.0129,0.0115,0.0134,0.0110,0.0140
M5,Male,63,2027,0.0123,0.0117,0.0129,0.0112,0.0135,0.0106,0.0141
M5,Male,63,2028,0.0122,0.0115,0.0130,0.0111,0.0136,0.0104,0.0143
M5,Male,63,2029,0.0122,0.0114,0.0130,0.0107,0.0138,0.0101,0.0146
M5,Male,63,2030,0.0120,0.0112,0.0130,0.0105,0.0138,0.0097,0.0148
M5,Male,63,2031,0.0120,0.0111,0.0131,0.0103,0.0140,0.0094,0.0152
M5,Male,63,2032,0.0119,0.0109,0.0130,0.0100,0.0142,0.0091,0.0154
M5,Male,63,2033,0.0118,0.0107,0.0130,0.0098,0.0142,0.0088,0.0157
M5,Male,63,2034,0.0118,0.0105,0.0131,0.0096,0.0145,0.0086,0.0160
M5,Male,63,2035,0.0117,0.0103,0.0132,0.0093,0.0146,0.0082,0.0163
M5,Male,63,2036,0.0116,0.0102,0.0132,0.0091,0.0148,0.0079,0.0168
M5,Male,63,2037,0.0115,0.0100,0.0132,0.0088,0.0151,0.0076,0.0171
M5,Male,63,2038,0.0115,0.0098,0.0133,0.0086,0.0154,0.0073,0.0175
M5,Male,63,2039,0.0114,0.0097,0.0134,0.0084,0.0156,0.0070,0.0180
M5,Male,63,2040,0.0113,0.0095,0.0134,0.0081,0.0157,0.0068,0.0185
M5,Male,64,2021,0.0140,0.0138,0.0141,0.0136,0.0143,0.0135,0.0145
M5,Male,64,2022,0.0137,0.0134,0.0139,0.0132,0.0141,0.0130,0.0144
M5,Male,64,2023,0.0138,0.0135,0.0141,0.0133,0.0144,0.0130,0.0147
M5,Male,64,2024,0.0136,0.0132,0.0140,0.0129,0.0144,0.0125,0.0149
M5,Male,64,2025,0.0135,0.0131,0.0140,0.0127,0.0144,0.0122,0.0151
M5,Male,64,2026,0.0135,0.0130,0.0141,0.0125,0.0146,0.0120,0.0153
M5,Male,64,2027,0.0134,0.0127,0.0140,0.0122,0.0147,0.0116,0.0154
M5,Male,64,2028,0.0133,0.0126,0.0141,0.0120,0.0148,0.0113,0.0156
M5,Male,64,2029,0.0132,0.0124,0.0141,0.0117,0.0150,0.0109,0.0159
M5,Male,64,2030,0.0131,0.0122,0.0141,0.0114,0.0151,0.0105,0.0161
M5,Male,64,2031,0.0131,0.0121,0.0142,0.0113,0.0153,0.0103,0.0165
M5,Male,64,2032,0.0130,0.0119,0.0142,0.0109,0.0154,0.0099,0.0167
M5,Male,64,2033,0.0129,0.0117,0.0142,0.0107,0.0155,0.0096,0.0171
M5,Male,64,2034,0.0128,0.0115,0.0143,0.0105,0.0158,0.0094,0.0175
M5,Male,64,2035,0.0127,0.0113,0.0143,0.0102,0.0159,0.0089,0.0179
M5,Male,64,2036,0.0127,0.0111,0.0144,0.0100,0.0161,0.0086,0.0183
M5,Male,64,2037,0.0126,0.0109,0.0144,0.0096,0.0165,0.0083,0.0186
M5,Male,64,2038,0.0125,0.0107,0.0145,0.0094,0.0168,0.0080,0.0191
M5,Male,64,2039,0.0124,0.0106,0.0146,0.0092,0.0170,0.0076,0.0197
M5,Male,64,2040,0.0124,0.0104,0.0146,0.0089,0.0172,0.0074,0.0202
M5,Male,65,2021,0.0155,0.0153,0.0157,0.0151,0.0159,0.0149,0.0160
M5,Male,65,2022,0.0152,0.0149,0.0154,0.0147,0.0157,0.0144,0.0160
M5,Male,65,2023,0.0153,0.0150,0.0157,0.0148,0.0160,0.0145,0.0163
M5,Male,65,2024,0.0151,0.0147,0.0156,0.0143,0.0159,0.0139,0.0165
M5,Male,65,2025,0.0150,0.0145,0.0155,0.0141,0.0160,0.0135,0.0167
M5,Male,65,2026,0.0150,0.0145,0.0157,0.0139,0.0163,0.0133,0.0170
M5,Male,65,2027,0.0148,0.0141,0.0156,0.0136,0.0163,0.0129,0.0171
M5,Male,65,2028,0.0148,0.0140,0.0157,0.0134,0.0164,0.0125,0.0173
M5,Male,65,2029,0.0147,0.0138,0.0157,0.0130,0.0166,0.0122,0.0176
M5,Male,65,2030,0.0146,0.0136,0.0157,0.0127,0.0168,0.0117,0.0179
M5,Male,65,2031,0.0145,0.0134,0.0158,0.0125,0.0170,0.0114,0.0184
M5,Male,65,2032,0.0144,0.0132,0.0157,0.0122,0.0171,0.0110,0.0186
M5,Male,65,2033,0.0143,0.0130,0.0158,0.0119,0.0173,0.0107,0.0190
M5,Male,65,2034,0.0143,0.0128,0.0159,0.0116,0.0176,0.0104,0.0195
M5,Male,65,2035,0.0142,0.0126,0.0159,0.0113,0.0178,0.0099,0.0199
M5,Male,65,2036,0.0141,0.0124,0.0160,0.0111,0.0180,0.0096,0.0203
M5,Male,65,2037,0.0140,0.0122,0.0161,0.0107,0.0183,0.0093,0.0207
M5,Male,65,2038,0.0139,0.0119,0.0161,0.0104,0.0187,0.0089,0.0213
M5,Male,65,2039,0.0139,0.0118,0.0162,0.0102,0.0189,0.0085,0.0219
M5,Male,65,2040,0.0138,0.0115,0.0163,0.0099,0.0191,0.0082,0.0225
M5,Male,66,2021,0.0166,0.0164,0.0168,0.0162,0.0170,0.0160,0.0172
M5,Male,66,2022,0.0163,0.0160,0.0166,0.0157,0.0168,0.0155,0.0172
M5,Male,66,2023,0.0165,0.0161,0.0168,0.0158,0.0172,0.0155,0.0175
M5,Male,66,2024,0.0162,0.0158,0.0167,0.0153,0.0171,0.0149,0.0177
M5,Male,66,2025,0.0161,0.0156,0.0167,0.0151,0.0172,0.0145,0.0179
M5,Male,66,2026,0.0161,0.0155,0.0168,0.0149,0.0175,0.0143,0.0182
M5,Male,66,2027,0.0159,0.0152,0.0167,0.0145,0.0175,0.0138,0.0183
M5,Male,66,2028,0.0159,0.0150,0.0169,0.0144,0.0176,0.0135,0.0186
M5,Male,66,2029,0.0158,0.0148,0.0169,0.0140,0.0179,0.0131,0.0190
M5,Male,66,2030,0.0157,0.0146,0.0168,0.0137,0.0180,0.0126,0.0192
M5,Male,66,2031,0.0156,0.0144,0.0170,0.0135,0.0182,0.0123,0.0197
M5,Male,66,2032,0.0155,0.0142,0.0169,0.0131,0.0184,0.0118,0.0200
M5,Male,66,2033,0.0154,0.0140,0.0170,0.0127,0.0186,0.0115,0.0205
M5,Male,66,2034,0.0154,0.0138,0.0171,0.0125,0.0189,0.0112,0.0209
M5,Male,66,2035,0.0152,0.0135,0.0171,0.0121,0.0191,0.0107,0.0213
M5,Male,66,2036,0.0152,0.0133,0.0172,0.0119,0.0193,0.0103,0.0218
M5,Male,66,2037,0.0151,0.0131,0.0172,0.0116,0.0196,0.0100,0.0223
M5,Male,66,2038,0.0150,0.0129,0.0173,0.0112,0.0201,0.0095,0.0229
M5,Male,66,2039,0.0149,0.0127,0.0175,0.0110,0.0203,0.0091,0.0236
M5,Male,66,2040,0.0148,0.0124,0.0175,0.0107,0.0205,0.0089,0.0241
M5,Male,67,2021,0.0180,0.0178,0.0182,0.0176,0.0184,0.0173,0.0187
M5,Male,67,2022,0.0177,0.0173,0.0180,0.0170,0.0183,0.0168,0.0187
M5,Male,67,2023,0.0179,0.0175,0.0182,0.0172,0.0186,0.0168,0.0190
M5,Male,67,2024,0.0176,0.0171,0.0181,0.0166,0.0186,0.0162,0.0192
M5,Male,67,2025,0.0175,0.0169,0.0181,0.0164,0.0187,0.0158,0.0195
M5,Male,67,2026,0.0175,0.0168,0.0182,0.0162,0.0189,0.0155,0.0198
M5,Male,67,2027,0.0173,0.0165,0.0181,0.0158,0.0190,0.0150,0.0199
M5,Male,67,2028,0.0172,0.0163,0.0183,0.0156,0.0192,0.0146,0.0202
M5,Male,67,2029,0.0172,0.0161,0.0183,0.0152,0.0194,0.0142,0.0206
M5,Male,67,2030,0.0170,0.0158,0.0183,0.0148,0.0195,0.0137,0.0208
M5,Male,67,2031,0.0170,0.0157,0.0184,0.0146,0.0198,0.0133,0.0214
M5,Male,67,2032,0.0169,0.0154,0.0184,0.0142,0.0200,0.0129,0.0217
M5,Male,67,2033,0.0168,0.0152,0.0185,0.0138,0.0202,0.0124,0.0222
M5,Male,67,2034,0.0167,0.0150,0.0186,0.0136,0.0205,0.0122,0.0228
M5,Male,67,2035,0.0166,0.0147,0.0186,0.0132,0.0207,0.0116,0.0232
M5,Male,67,2036,0.0165,0.0145,0.0187,0.0130,0.0210,0.0112,0.0237
M5,Male,67,2037,0.0164,0.0142,0.0187,0.0126,0.0213,0.0108,0.0243
M5,Male,67,2038,0.0163,0.0140,0.0188,0.0122,0.0218,0.0104,0.0249
M5,Male,67,2039,0.0162,0.0138,0.0190,0.0120,0.0221,0.0100,0.0257
M5,Male,67,2040,0.0161,0.0135,0.0190,0.0116,0.0223,0.0097,0.0262
M5,Male,68,2021,0.0200,0.0197,0.0203,0.0195,0.0205,0.0192,0.0207
M5,Male,68,2022,0.0196,0.0192,0.0199,0.0189,0.0203,0.0186,0.0207
M5,Male,68,2023,0.0198,0.0194,0.0203,0.0191,0.0207,0.0186,0.0211
M5,Male,68,2024,0.0195,0.0190,0.0201,0.0185,0.0206,0.0180,0.0214
M5,Male,68,2025,0.0194,0.0188,0.0201,0.0182,0.0207,0.0175,0.0216
M5,Male,68,2026,0.0195,0.0187,0.0203,0.0180,0.0211,0.0173,0.0220
M5,Male,68,2027,0.0192,0.0183,0.0202,0.0175,0.0211,0.0166,0.0221
M5,Male,68,2028,0.0192,0.0181,0.0203,0.0173,0.0213,0.0163,0.0225
M5,Male,68,2029,0.0191,0.0179,0.0203,0.0169,0.0215,0.0158,0.0229
M5,Male,68,2030,0.0189,0.0176,0.0203,0.0165,0.0217,0.0153,0.0232
M5,Male,68,2031,0.0189,0.0174,0.0205,0.0162,0.0220,0.0149,0.0238
M5,Male,68,2032,0.0188,0.0171,0.0204,0.0158,0.0223,0.0143,0.0242
M5,Male,68,2033,0.0186,0.0169,0.0206,0.0154,0.0225,0.0138,0.0248
M5,Male,68,2034,0.0186,0.0166,0.0207,0.0151,0.0228,0.0136,0.0253
M5,Male,68,2035,0.0184,0.0163,0.0207,0.0147,0.0231,0.0129,0.0258
M5,Male,68,2036,0.0183,0.0162,0.0209,0.0144,0.0233,0.0124,0.0263
M5,Male,68,2037,0.0183,0.0158,0.0209,0.0140,0.0237,0.0121,0.0271
M5,Male,68,2038,0.0181,0.0156,0.0209,0.0136,0.0243,0.0116,0.0277
M5,Male,68,2039,0.0181,0.0153,0.0211,0.0134,0.0246,0.0111,0.0285
M5,Male,68,2040,0.0180,0.0150,0.0212,0.0129,0.0249,0.0108,0.0292
M5,Male,69,2021,0.0214,0.0212,0.0217,0.0209,0.0220,0.0206,0.0222
M5,Male,69,2022,0.0210,0.0206,0.0214,0.0203,0.0217,0.0200,0.0222
M5,Male,69,2023,0.0213,0.0208,0.0217,0.0204,0.0222,0.0200,0.0227
M5,Male,69,2024,0.0210,0.0204,0.0216,0.0198,0.0221,0.0193,0.0230
M5,Male,69,2025,0.0208,0.0201,0.0216,0.0195,0.0223,0.0188,0.0232
M5,Male,69,2026,0.0209,0.0201,0.0218,0.0194,0.0226,0.0185,0.0236
M5,Male,69,2027,0.0206,0.0196,0.0217,0.0188,0.0227,0.0178,0.0238
M5,Male,69,2028,0.0206,0.0194,0.0218,0.0186,0.0229,0.0175,0.0241
M5,Male,69,2029,0.0205,0.0192,0.0218,0.0181,0.0231,0.0170,0.0246
M5,Male,69,2030,0.0203,0.0189,0.0218,0.0177,0.0234,0.0164,0.0249
M5,Male,69,2031,0.0203,0.0187,0.0220,0.0174,0.0236,0.0160,0.0256
M5,Male,69,2032,0.0201,0.0184,0.0220,0.0170,0.0239,0.0154,0.0260
M5,Male,69,2033,0.0200,0.0181,0.0221,0.0166,0.0242,0.0149,0.0266
M5,Male,69,2034,0.0200,0.0179,0.0222,0.0163,0.0245,0.0146,0.0272
M5,Male,69,2035,0.0198,0.0175,0.0223,0.0158,0.0248,0.0139,0.0277
M5,Male,69,2036,0.0197,0.0174,0.0225,0.0155,0.0251,0.0133,0.0283
M5,Male,69,2037,0.0196,0.0170,0.0225,0.0151,0.0255,0.0130,0.0291
M5,Male,69,2038,0.0195,0.0168,0.0225,0.0146,0.0262,0.0125,0.0298
M5,Male,69,2039,0.0194,0.0165,0.0227,0.0144,0.0264,0.0119,0.0307
M5,Male,69,2040,0.0193,0.0162,0.0228,0.0139,0.0268,0.0116,0.0314
M5,Male,70,2021,0.0224,0.0221,0.0227,0.0218,0.0230,0.0215,0.0233
M5,Male,70,2022,0.0220,0.0216,0.0224,0.0212,0.0228,0.0209,0.0232
M5,Male,70,2023,0.0223,0.0217,0.0227,0.0214,0.0232,0.0209,0.0237
M5,Male,70,2024,0.0219,0.0213,0.0226,0.0208,0.0232,0.0202,0.0240
M5,Male,70,2025,0.0218,0.0211,0.0226,0.0204,0.0233,0.0197,0.0243
M5,Male,70,2026,0.0219,0.0210,0.0228,0.0203,0.0237,0.0194,0.0248
M5,Male,70,2027,0.0216,0.0206,0.0227,0.0197,0.0237,0.0186,0.0249
M5,Male,70,2028,0.0215,0.0204,0.0229,0.0195,0.0240,0.0183,0.0252
M5,Male,70,2029,0.0215,0.0201,0.0229,0.0190,0.0243,0.0178,0.0258
M5,Male,70,2030,0.0213,0.0198,0.0229,0.0186,0.0245,0.0172,0.0261
M5,Male,70,2031,0.0212,0.0196,0.0231,0.0183,0.0248,0.0167,0.0268
M5,Male,70,2032,0.0211,0.0193,0.0230,0.0178,0.0250,0.0161,0.0271
M5,Male,70,2033,0.0210,0.0190,0.0232,0.0174,0.0253,0.0156,0.0279
M5,Male,70,2034,0.0209,0.0188,0.0233,0.0170,0.0257,0.0153,0.0284
M5,Male,70,2035,0.0208,0.0184,0.0234,0.0166,0.0261,0.0145,0.0290
M5,Male,70,2036,0.0207,0.0182,0.0236,0.0163,0.0263,0.0140,0.0297
M5,Male,70,2037,0.0206,0.0179,0.0236,0.0158,0.0268,0.0137,0.0305
M5,Male,70,2038,0.0205,0.0176,0.0236,0.0153,0.0275,0.0131,0.0312
M5,Male,70,2039,0.0204,0.0173,0.0238,0.0151,0.0277,0.0125,0.0321
M5,Male,70,2040,0.0203,0.0170,0.0239,0.0146,0.0281,0.0122,0.0329
M5,Male,71,2021,0.0247,0.0244,0.0250,0.0241,0.0253,0.0237,0.0257
M5,Male,71,2022,0.0242,0.0238,0.0246,0.0233,0.0251,0.0230,0.0256
M5,Male,71,2023,0.0245,0.0239,0.0250,0.0236,0.0256,0.0230,0.0261
M5,Male,71,2024,0.0242,0.0235,0.0249,0.0229,0.0256,0.0223,0.0265
M5,Male,71,2025,0.0240,0.0232,0.0249,0.0225,0.0257,0.0217,0.0268
M5,Male,71,2026,0.0241,0.0232,0.0251,0.0224,0.0261,0.0214,0.0273
M5,Male,71,2027,0.0238,0.0227,0.0250,0.0217,0.0261,0.0206,0.0274
M5,Male,71,2028,0.0238,0.0224,0.0252,0.0215,0.0265,0.0201,0.0278
M5,Male,71,2029,0.0237,0.0222,0.0252,0.0210,0.0267,0.0196,0.0284
M5,Male,71,2030,0.0235,0.0218,0.0252,0.0205,0.0270,0.0189,0.0288
M5,Male,71,2031,0.0234,0.0216,0.0255,0.0202,0.0274,0.0185,0.0296
M5,Male,71,2032,0.0233,0.0212,0.0254,0.0197,0.0276,0.0177,0.0299
M5,Male,71,2033,0.0232,0.0210,0.0256,0.0192,0.0279,0.0172,0.0307
M5,Male,71,2034,0.0231,0.0207,0.0257,0.0188,0.0284,0.0168,0.0314
M5,Male,71,2035,0.0230,0.0203,0.0259,0.0184,0.0288,0.0161,0.0320
M5,Male,71,2036,0.0228,0.0201,0.0260,0.0180,0.0290,0.0154,0.0328
M5,Male,71,2037,0.0227,0.0197,0.0260,0.0175,0.0296,0.0151,0.0337
M5,Male,71,2038,0.0226,0.0195,0.0261,0.0170,0.0303,0.0144,0.0345
M5,Male,71,2039,0.0225,0.0191,0.0263,0.0167,0.0306,0.0139,0.0354
M5,Male,71,2040,0.0224,0.0187,0.0264,0.0162,0.0310,0.0134,0.0363
M5,Male,72,2021,0.0264,0.0260,0.0267,0.0257,0.0271,0.0253,0.0274
M5,Male,72,2022,0.0259,0.0254,0.0263,0.0249,0.0268,0.0246,0.0273
M5,Male,72,2023,0.0262,0.0256,0.0268,0.0252,0.0273,0.0246,0.0279
M5,Male,72,2024,0.0258,0.0251,0.0267,0.0245,0.0273,0.0238,0.0283
M5,Male,72,2025,0.0257,0.0248,0.0266,0.0241,0.0275,0.0232,0.0287
M5,Male,72,2026,0.0257,0.0248,0.0269,0.0239,0.0279,0.0228,0.0292
M5,Male,72,2027,0.0255,0.0243,0.0268,0.0232,0.0280,0.0220,0.0293
M5,Male,72,2028,0.0254,0.0240,0.0270,0.0230,0.0283,0.0215,0.0298
M5,Male,72,2029,0.0253,0.0237,0.0270,0.0225,0.0286,0.0210,0.0304
M5,Male,72,2030,0.0251,0.0234,0.0270,0.0219,0.0289,0.0203,0.0309
M5,Male,72,2031,0.0251,0.0231,0.0272,0.0216,0.0293,0.0198,0.0316
M5,Male,72,2032,0.0249,0.0227,0.0272,0.0211,0.0296,0.0190,0.0320
M5,Male,72,2033,0.0248,0.0225,0.0274,0.0206,0.0298,0.0185,0.0329
M5,Male,72,2034,0.0247,0.0222,0.0275,0.0202,0.0304,0.0180,0.0336
M5,Male,72,2035,0.0246,0.0218,0.0277,0.0197,0.0308,0.0172,0.0342
M5,Male,72,2036,0.0245,0.0215,0.0279,0.0193,0.0311,0.0166,0.0351
M5,Male,72,2037,0.0244,0.0211,0.0279,0.0188,0.0317,0.0161,0.0361
M5,Male,72,2038,0.0242,0.0209,0.0280,0.0182,0.0325,0.0154,0.0368
M5,Male,72,2039,0.0241,0.0205,0.0281,0.0179,0.0328,0.0149,0.0379
M5,Male,72,2040,0.0240,0.0201,0.0284,0.0173,0.0333,0.0144,0.0389
M5,Male,73,2021,0.0290,0.0286,0.0294,0.0282,0.0298,0.0278,0.0302
M5,Male,73,2022,0.0285,0.0279,0.0290,0.0274,0.0295,0.0270,0.0301
M5,Male,73,2023,0.0288,0.0282,0.0294,0.0277,0.0300,0.0270,0.0307
M5,Male,73,2024,0.0284,0.0276,0.0293,0.0269,0.0301,0.0261,0.0311
M5,Male,73,2025,0.0283,0.0273,0.0293,0.0265,0.0302,0.0255,0.0316
M5,Male,73,2026,0.0283,0.0273,0.0296,0.0263,0.0307,0.0251,0.0321
M5,Male,73,2027,0.0280,0.0267,0.0295,0.0256,0.0308,0.0242,0.0323
M5,Male,73,2028,0.0280,0.0264,0.0297,0.0253,0.0311,0.0236,0.0328
M5,Male,73,2029,0.0279,0.0261,0.0298,0.0247,0.0315,0.0231,0.0334
M5,Male,73,2030,0.0277,0.0257,0.0297,0.0242,0.0318,0.0223,0.0340
M5,Male,73,2031,0.0276,0.0255,0.0300,0.0238,0.0323,0.0218,0.0348
M5,Male,73,2032,0.0275,0.0250,0.0300,0.0232,0.0326,0.0209,0.0352
M5,Male,73,2033,0.0273,0.0248,0.0302,0.0227,0.0329,0.0204,0.0362
M5,Male,73,2034,0.0272,0.0244,0.0304,0.0223,0.0335,0.0199,0.0370
M5,Male,73,2035,0.0271,0.0240,0.0305,0.0217,0.0340,0.0190,0.0376
M5,Male,73,2036,0.0270,0.0238,0.0307,0.0213,0.0343,0.0183,0.0387
M5,Male,73,2037,0.0269,0.0233,0.0308,0.0207,0.0349,0.0178,0.0398
M5,Male,73,2038,0.0267,0.0230,0.0308,0.0201,0.0358,0.0170,0.0405
M5,Male,73,2039,0.0266,0.0226,0.0310,0.0198,0.0362,0.0165,0.0417
M5,Male,73,2040,0.0265,0.0221,0.0312,0.0191,0.0367,0.0158,0.0428
M5,Male,74,2021,0.0305,0.0301,0.0310,0.0297,0.0314,0.0292,0.0318
M5,Male,74,2022,0.0300,0.0294,0.0305,0.0289,0.0310,0.0285,0.0317
M5,Male,74,2023,0.0303,0.0296,0.0310,0.0291,0.0316,0.0285,0.0324
M5,Male,74,2024,0.0299,0.0291,0.0309,0.0283,0.0317,0.0275,0.0328
M5,Male,74,2025,0.0298,0.0288,0.0309,0.0279,0.0318,0.0269,0.0334
M5,Male,74,2026,0.0299,0.0287,0.0312,0.0277,0.0324,0.0264,0.0339
M5,Male,74,2027,0.0295,0.0281,0.0311,0.0270,0.0325,0.0255,0.0340
M5,Male,74,2028,0.0295,0.0278,0.0314,0.0266,0.0328,0.0249,0.0346
M5,Male,74,2029,0.0294,0.0275,0.0314,0.0261,0.0332,0.0244,0.0352
M5,Male,74,2030,0.0292,0.0271,0.0313,0.0255,0.0335,0.0235,0.0359
M5,Male,74,2031,0.0291,0.0268,0.0316,0.0251,0.0340,0.0230,0.0367
M5,Male,74,2032,0.0290,0.0264,0.0316,0.0245,0.0344,0.0221,0.0371
M5,Male,74,2033,0.0288,0.0261,0.0318,0.0239,0.0347,0.0215,0.0381
M5,Male,74,2034,0.0287,0.0258,0.0320,0.0235,0.0353,0.0210,0.0389
M5,Male,74,2035,0.0286,0.0254,0.0322,0.0229,0.0359,0.0200,0.0396
M5,Male,74,2036,0.0285,0.0251,0.0324,0.0224,0.0362,0.0193,0.0409
M5,Male,74,2037,0.0284,0.0246,0.0325,0.0219,0.0369,0.0188,0.0419
M5,Male,74,2038,0.0282,0.0243,0.0325,0.0213,0.0378,0.0180,0.0427
M5,Male,74,2039,0.0281,0.0239,0.0327,0.0209,0.0382,0.0174,0.0439
M5,Male,74,2040,0.0280,0.0234,0.0330,0.0202,0.0387,0.0167,0.0451
M5,Male,75,2021,0.0351,0.0346,0.0356,0.0341,0.0361,0.0336,0.0366
M5,Male,75,2022,0.0344,0.0338,0.0351,0.0332,0.0357,0.0327,0.0364
M5,Male,75,2023,0.0349,0.0341,0.0357,0.0335,0.0364,0.0327,0.0372
M5,Male,75,2024,0.0344,0.0334,0.0355,0.0326,0.0365,0.0316,0.0376
M5,Male,75,2025,0.0343,0.0331,0.0355,0.0321,0.0366,0.0309,0.0383
M5,Male,75,2026,0.0343,0.0330,0.0358,0.0319,0.0372,0.0304,0.0390
M5,Male,75,2027,0.0340,0.0324,0.0358,0.0311,0.0373,0.0293,0.0392
M5,Male,75,2028,0.0339,0.0321,0.0361,0.0306,0.0378,0.0286,0.0398
M5,Male,75,2029,0.0338,0.0317,0.0361,0.0300,0.0382,0.0280,0.0404
M5,Male,75,2030,0.0336,0.0312,0.0361,0.0294,0.0386,0.0271,0.0413
M5,Male,75,2031,0.0335,0.0309,0.0363,0.0289,0.0392,0.0264,0.0421
M5,Male,75,2032,0.0334,0.0304,0.0364,0.0281,0.0395,0.0254,0.0427
M5,Male,75,2033,0.0332,0.0301,0.0367,0.0276,0.0399,0.0248,0.0438
M5,Male,75,2034,0.0331,0.0297,0.0369,0.0271,0.0407,0.0242,0.0448
M5,Male,75,2035,0.0329,0.0293,0.0372,0.0264,0.0413,0.0231,0.0455
M5,Male,75,2036,0.0328,0.0290,0.0373,0.0259,0.0417,0.0222,0.0471
M5,Male,75,2037,0.0327,0.0284,0.0375,0.0251,0.0426,0.0216,0.0483
M5,Male,75,2038,0.0325,0.0280,0.0375,0.0246,0.0436,0.0207,0.0492
M5,Male,75,2039,0.0324,0.0276,0.0377,0.0241,0.0441,0.0201,0.0506
M5,Male,75,2040,0.0323,0.0270,0.0380,0.0233,0.0446,0.0192,0.0520
M5,Male,76,2021,0.0382,0.0376,0.0387,0.0371,0.0393,0.0365,0.0399
M5,Male,76,2022,0.0375,0.0368,0.0382,0.0361,0.0389,0.0356,0.0397
M5,Male,76,2023,0.0380,0.0371,0.0388,0.0364,0.0396,0.0356,0.0406
M5,Male,76,2024,0.0375,0.0364,0.0386,0.0355,0.0397,0.0344,0.0409
M5,Male,76,2025,0.0373,0.0360,0.0387,0.0349,0.0398,0.0336,0.0417
M5,Male,76,2026,0.0374,0.0360,0.0391,0.0347,0.0406,0.0331,0.0425
M5,Male,76,2027,0.0370,0.0353,0.0390,0.0338,0.0407,0.0319,0.0427
M5,Male,76,2028,0.0370,0.0349,0.0393,0.0334,0.0412,0.0312,0.0435
M5,Male,76,2029,0.0369,0.0345,0.0394,0.0327,0.0416,0.0305,0.0441
M5,Male,76,2030,0.0366,0.0340,0.0393,0.0321,0.0421,0.0296,0.0450
M5,Male,76,2031,0.0366,0.0338,0.0396,0.0315,0.0427,0.0288,0.0459
M5,Male,76,2032,0.0364,0.0331,0.0397,0.0307,0.0431,0.0278,0.0466
M5,Male,76,2033,0.0362,0.0329,0.0401,0.0301,0.0435,0.0270,0.0477
M5,Male,76,2034,0.0361,0.0325,0.0403,0.0296,0.0444,0.0263,0.0488
M5,Male,76,2035,0.0360,0.0320,0.0405,0.0288,0.0451,0.0253,0.0497
M5,Male,76,2036,0.0358,0.0316,0.0407,0.0283,0.0455,0.0242,0.0513
M5,Male,76,2037,0.0357,0.0311,0.0409,0.0274,0.0464,0.0236,0.0527
M5,Male,76,2038,0.0355,0.0306,0.0410,0.0268,0.0475,0.0226,0.0536
M5,Male,76,2039,0.0354,0.0301,0.0412,0.0264,0.0481,0.0220,0.0551
M5,Male,76,2040,0.0353,0.0295,0.0415,0.0254,0.0486,0.0211,0.0567
M5,Male,77,2021,0.0404,0.0398,0.0410,0.0393,0.0416,0.0386,0.0422
M5,Male,77,2022,0.0397,0.0389,0.0405,0.0382,0.0412,0.0376,0.0420
M5,Male,77,2023,0.0402,0.0392,0.0411,0.0385,0.0420,0.0377,0.0430
M5,Male,77,2024,0.0397,0.0385,0.0409,0.0375,0.0420,0.0365,0.0433
M5,Male,77,2025,0.0395,0.0382,0.0410,0.0370,0.0422,0.0356,0.0441
M5,Male,77,2026,0.0396,0.0381,0.0414,0.0368,0.0430,0.0350,0.0450
M5,Male,77,2027,0.0392,0.0374,0.0413,0.0358,0.0431,0.0338,0.0452
M5,Male,77,2028,0.0392,0.0370,0.0416,0.0354,0.0436,0.0330,0.0461
M5,Male,77,2029,0.0391,0.0366,0.0417,0.0347,0.0441,0.0323,0.0467
M5,Male,77,2030,0.0388,0.0361,0.0417,0.0340,0.0446,0.0313,0.0477
M5,Male,77,2031,0.0388,0.0358,0.0420,0.0334,0.0453,0.0305,0.0486
M5,Male,77,2032,0.0386,0.0352,0.0421,0.0325,0.0457,0.0295,0.0495
M5,Male,77,2033,0.0384,0.0349,0.0425,0.0319,0.0461,0.0287,0.0506
M5,Male,77,2034,0.0383,0.0344,0.0427,0.0313,0.0471,0.0280,0.0518
M5,Male,77,2035,0.0381,0.0339,0.0429,0.0306,0.0478,0.0269,0.0526
M5,Male,77,2036,0.0380,0.0336,0.0432,0.0301,0.0482,0.0258,0.0544
M5,Male,77,2037,0.0379,0.0331,0.0434,0.0291,0.0492,0.0251,0.0559
M5,Male,77,2038,0.0377,0.0325,0.0435,0.0285,0.0504,0.0240,0.0568
M5,Male,77,2039,0.0376,0.0320,0.0437,0.0280,0.0510,0.0234,0.0583
M5,Male,77,2040,0.0374,0.0314,0.0441,0.0270,0.0516,0.0224,0.0601
M5,Male,78,2021,0.0452,0.0445,0.0459,0.0439,0.0465,0.0431,0.0473
M5,Male,78,2022,0.0444,0.0435,0.0453,0.0427,0.0461,0.0420,0.0471
M5,Male,78,2023,0.0450,0.0439,0.0461,0.0431,0.0470,0.0421,0.0481
M5,Male,78,2024,0.0445,0.0431,0.0458,0.0420,0.0471,0.0408,0.0485
M5,Male,78,2025,0.0442,0.0428,0.0459,0.0413,0.0473,0.0398,0.0494
M5,Male,78,2026,0.0444,0.0427,0.0464,0.0412,0.0481,0.0392,0.0503
M5,Male,78,2027,0.0439,0.0419,0.0463,0.0401,0.0483,0.0379,0.0506
M5,Male,78,2028,0.0439,0.0415,0.0466,0.0396,0.0488,0.0369,0.0518
M5,Male,78,2029,0.0438,0.0410,0.0467,0.0388,0.0494,0.0362,0.0523
M5,Male,78,2030,0.0435,0.0404,0.0467,0.0381,0.0499,0.0351,0.0535
M5,Male,78,2031,0.0435,0.0401,0.0471,0.0374,0.0507,0.0343,0.0544
M5,Male,78,2032,0.0433,0.0395,0.0472,0.0364,0.0512,0.0331,0.0555
M5,Male,78,2033,0.0431,0.0391,0.0476,0.0358,0.0516,0.0322,0.0567
M5,Male,78,2034,0.0430,0.0387,0.0480,0.0351,0.0528,0.0314,0.0580
M5,Male,78,2035,0.0428,0.0381,0.0482,0.0344,0.0536,0.0301,0.0590
M5,Male,78,2036,0.0426,0.0377,0.0484,0.0338,0.0540,0.0290,0.0609
M5,Male,78,2037,0.0425,0.0371,0.0488,0.0327,0.0552,0.0281,0.0627
M5,Male,78,2038,0.0423,0.0364,0.0489,0.0320,0.0565,0.0270,0.0636
M5,Male,78,2039,0.0422,0.0359,0.0490,0.0314,0.0572,0.0263,0.0652
M5,Male,78,2040,0.0420,0.0352,0.0494,0.0304,0.0579,0.0252,0.0673
M5,Male,79,2021,0.0481,0.0474,0.0489,0.0466,0.0495,0.0458,0.0503
M5,Male,79,2022,0.0473,0.0463,0.0482,0.0454,0.0491,0.0447,0.0502
M5,Male,79,2023,0.0479,0.0467,0.0490,0.0458,0.0500,0.0448,0.0513
M5,Male,79,2024,0.0473,0.0459,0.0488,0.0447,0.0501,0.0434,0.0518
M5,Male,79,2025,0.0471,0.0455,0.0489,0.0440,0.0504,0.0424,0.0526
M5,Male,79,2026,0.0473,0.0455,0.0494,0.0438,0.0513,0.0418,0.0535
M5,Male,79,2027,0.0468,0.0446,0.0493,0.0427,0.0514,0.0403,0.0538
M5,Male,79,2028,0.0468,0.0442,0.0497,0.0423,0.0520,0.0393,0.0551
M5,Male,79,2029,0.0467,0.0437,0.0498,0.0414,0.0526,0.0385,0.0557
M5,Male,79,2030,0.0464,0.0431,0.0498,0.0406,0.0532,0.0373,0.0570
M5,Male,79,2031,0.0463,0.0428,0.0502,0.0399,0.0540,0.0365,0.0580
M5,Male,79,2032,0.0461,0.0421,0.0503,0.0388,0.0545,0.0353,0.0592
M5,Male,79,2033,0.0459,0.0417,0.0508,0.0382,0.0551,0.0343,0.0605
M5,Male,79,2034,0.0458,0.0413,0.0512,0.0374,0.0563,0.0336,0.0617
M5,Male,79,2035,0.0456,0.0406,0.0514,0.0368,0.0571,0.0322,0.0629
M5,Male,79,2036,0.0455,0.0402,0.0516,0.0360,0.0576,0.0309,0.0648
M5,Male,79,2037,0.0454,0.0396,0.0519,0.0349,0.0588,0.0300,0.0668
M5,Male,79,2038,0.0452,0.0389,0.0521,0.0342,0.0602,0.0288,0.0677
M5,Male,79,2039,0.0450,0.0384,0.0523,0.0336,0.0609,0.0280,0.0694
M5,Male,79,2040,0.0449,0.0376,0.0527,0.0325,0.0617,0.0269,0.0717
M5,Male,80,2021,0.0569,0.0560,0.0578,0.0551,0.0586,0.0542,0.0596
M5,Male,80,2022,0.0559,0.0548,0.0571,0.0538,0.0581,0.0529,0.0594
M5,Male,80,2023,0.0567,0.0553,0.0580,0.0542,0.0592,0.0529,0.0607
M5,Male,80,2024,0.0560,0.0543,0.0578,0.0529,0.0593,0.0514,0.0614
M5,Male,80,2025,0.0558,0.0539,0.0578,0.0521,0.0598,0.0502,0.0623
M5,Male,80,2026,0.0560,0.0539,0.0585,0.0519,0.0607,0.0495,0.0633
M5,Male,80,2027,0.0554,0.0528,0.0584,0.0505,0.0609,0.0478,0.0637
M5,Male,80,2028,0.0554,0.0524,0.0588,0.0500,0.0616,0.0465,0.0653
M5,Male,80,2029,0.0553,0.0518,0.0590,0.0491,0.0623,0.0456,0.0659
M5,Male,80,2030,0.0549,0.0511,0.0590,0.0482,0.0630,0.0442,0.0676
M5,Male,80,2031,0.0549,0.0507,0.0595,0.0473,0.0640,0.0433,0.0686
M5,Male,80,2032,0.0547,0.0499,0.0596,0.0460,0.0646,0.0420,0.0701
M5,Male,80,2033,0.0545,0.0495,0.0602,0.0453,0.0652,0.0407,0.0717
M5,Male,80,2034,0.0544,0.0490,0.0607,0.0444,0.0666,0.0398,0.0731
M5,Male,80,2035,0.0541,0.0483,0.0609,0.0436,0.0677,0.0382,0.0746
M5,Male,80,2036,0.0540,0.0477,0.0611,0.0427,0.0682,0.0368,0.0767
M5,Male,80,2037,0.0538,0.0470,0.0615,0.0415,0.0697,0.0356,0.0792
M5,Male,80,2038,0.0536,0.0462,0.0617,0.0406,0.0713,0.0342,0.0802
M5,Male,80,2039,0.0535,0.0456,0.0621,0.0399,0.0722,0.0333,0.0820
M5,Male,80,2040,0.0533,0.0446,0.0624,0.0386,0.0732,0.0320,0.0850
M5,Male,81,2021,0.0620,0.0610,0.0630,0.0600,0.0639,0.0590,0.0649
M5,Male,81,2022,0.0610,0.0597,0.0622,0.0586,0.0633,0.0576,0.0648
M5,Male,81,2023,0.0618,0.0602,0.0632,0.0591,0.0646,0.0576,0.0662
M5,Male,81,2024,0.0611,0.0592,0.0630,0.0577,0.0647,0.0560,0.0670
M5,Male,81,2025,0.0608,0.0588,0.0631,0.0568,0.0652,0.0548,0.0680
M5,Male,81,2026,0.0610,0.0588,0.0638,0.0566,0.0662,0.0540,0.0691
M5,Male,81,2027,0.0605,0.0576,0.0637,0.0552,0.0664,0.0521,0.0696
M5,Male,81,2028,0.0604,0.0572,0.0641,0.0546,0.0671,0.0508,0.0711
M5,Male,81,2029,0.0603,0.0565,0.0644,0.0536,0.0679,0.0498,0.0718
M5,Male,81,2030,0.0600,0.0558,0.0644,0.0526,0.0687,0.0483,0.0737
M5,Male,81,2031,0.0599,0.0554,0.0649,0.0517,0.0698,0.0473,0.0747
M5,Male,81,2032,0.0597,0.0545,0.0651,0.0503,0.0705,0.0459,0.0764
M5,Male,81,2033,0.0595,0.0540,0.0657,0.0495,0.0712,0.0445,0.0782
M5,Male,81,2034,0.0594,0.0536,0.0662,0.0484,0.0725,0.0435,0.0797
M5,Male,81,2035,0.0591,0.0527,0.0664,0.0476,0.0738,0.0418,0.0814
M5,Male,81,2036,0.0590,0.0522,0.0667,0.0467,0.0745,0.0402,0.0835
M5,Male,81,2037,0.0588,0.0514,0.0671,0.0454,0.0760,0.0390,0.0863
M5,Male,81,2038,0.0586,0.0505,0.0673,0.0444,0.0777,0.0375,0.0874
M5,Male,81,2039,0.0584,0.0499,0.0679,0.0437,0.0788,0.0363,0.0893
M5,Male,81,2040,0.0583,0.0488,0.0681,0.0423,0.0799,0.0350,0.0926
M5,Male,82,2021,0.0684,0.0673,0.0695,0.0662,0.0705,0.0650,0.0716
M5,Male,82,2022,0.0673,0.0659,0.0687,0.0646,0.0699,0.0635,0.0716
M5,Male,82,2023,0.0682,0.0665,0.0698,0.0653,0.0713,0.0636,0.0731
M5,Male,82,2024,0.0674,0.0653,0.0696,0.0637,0.0715,0.0618,0.0740
M5,Male,82,2025,0.0671,0.0649,0.0696,0.0627,0.0720,0.0604,0.0751
M5,Male,82,2026,0.0674,0.0649,0.0704,0.0625,0.0730,0.0597,0.0764
M5,Male,82,2027,0.0668,0.0637,0.0704,0.0609,0.0733,0.0575,0.0769
M5,Male,82,2028,0.0668,0.0631,0.0707,0.0604,0.0742,0.0561,0.0785
M5,Male,82,2029,0.0667,0.0625,0.0712,0.0592,0.0750,0.0551,0.0793
M5,Male,82,2030,0.0663,0.0616,0.0712,0.0582,0.0758,0.0534,0.0814
M5,Male,82,2031,0.0662,0.0613,0.0717,0.0572,0.0771,0.0523,0.0826
M5,Male,82,2032,0.0660,0.0603,0.0719,0.0557,0.0778,0.0507,0.0843
M5,Male,82,2033,0.0658,0.0598,0.0727,0.0548,0.0787,0.0493,0.0863
M5,Male,82,2034,0.0657,0.0593,0.0732,0.0536,0.0802,0.0482,0.0879
M5,Male,82,2035,0.0654,0.0583,0.0735,0.0526,0.0815,0.0463,0.0900
M5,Male,82,2036,0.0652,0.0577,0.0738,0.0517,0.0824,0.0445,0.0921
M5,Male,82,2037,0.0651,0.0569,0.0741,0.0504,0.0838,0.0431,0.0953
M5,Male,82,2038,0.0649,0.0559,0.0745,0.0492,0.0858,0.0416,0.0964
M5,Male,82,2039,0.0647,0.0553,0.0751,0.0484,0.0871,0.0402,0.0985
M5,Male,82,2040,0.0645,0.0541,0.0753,0.0469,0.0884,0.0388,0.1023
M5,Male,83,2021,0.0781,0.0767,0.0794,0.0755,0.0805,0.0742,0.0818
M5,Male,83,2022,0.0768,0.0751,0.0784,0.0738,0.0799,0.0725,0.0817
M5,Male,83,2023,0.0778,0.0758,0.0798,0.0744,0.0814,0.0726,0.0834
M5,Male,83,2024,0.0770,0.0746,0.0794,0.0726,0.0816,0.0705,0.0845
M5,Male,83,2025,0.0767,0.0741,0.0795,0.0716,0.0822,0.0690,0.0857
M5,Male,83,2026,0.0770,0.0741,0.0804,0.0713,0.0834,0.0682,0.0874
M5,Male,83,2027,0.0763,0.0728,0.0805,0.0696,0.0837,0.0657,0.0879
M5,Male,83,2028,0.0763,0.0722,0.0808,0.0690,0.0847,0.0642,0.0897
M5,Male,83,2029,0.0762,0.0714,0.0813,0.0677,0.0856,0.0629,0.0905
M5,Male,83,2030,0.0757,0.0704,0.0814,0.0666,0.0865,0.0611,0.0930
M5,Male,83,2031,0.0757,0.0701,0.0820,0.0654,0.0880,0.0598,0.0943
M5,Male,83,2032,0.0755,0.0690,0.0822,0.0638,0.0888,0.0581,0.0961
M5,Male,83,2033,0.0752,0.0684,0.0831,0.0627,0.0898,0.0565,0.0986
M5,Male,83,2034,0.0751,0.0678,0.0837,0.0613,0.0915,0.0552,0.1004
M5,Male,83,2035,0.0748,0.0667,0.0840,0.0603,0.0930,0.0531,0.1027
M5,Male,83,2036,0.0746,0.0661,0.0843,0.0594,0.0941,0.0511,0.1052
M5,Male,83,2037,0.0745,0.0652,0.0849,0.0578,0.0957,0.0494,0.1087
M5,Male,83,2038,0.0742,0.0640,0.0852,0.0564,0.0980,0.0477,0.1101
M5,Male,83,2039,0.0741,0.0634,0.0860,0.0555,0.0995,0.0461,0.1124
M5,Male,83,2040,0.0739,0.0620,0.0861,0.0538,0.1010,0.0446,0.1169
M5,Male,84,2021,0.0878,0.0862,0.0892,0.0848,0.0905,0.0833,0.0921
M5,Male,84,2022,0.0864,0.0845,0.0882,0.0829,0.0899,0.0815,0.0920
M5,Male,84,2023,0.0875,0.0853,0.0897,0.0836,0.0916,0.0815,0.0939
M5,Male,84,2024,0.0866,0.0839,0.0894,0.0816,0.0918,0.0792,0.0951
M5,Male,84,2025,0.0863,0.0834,0.0895,0.0805,0.0926,0.0776,0.0965
M5,Male,84,2026,0.0866,0.0834,0.0905,0.0802,0.0938,0.0767,0.0984
M5,Male,84,2027,0.0859,0.0819,0.0905,0.0783,0.0942,0.0740,0.0990
M5,Male,84,2028,0.0859,0.0811,0.0910,0.0776,0.0953,0.0724,0.1009
M5,Male,84,2029,0.0858,0.0803,0.0915,0.0762,0.0963,0.0708,0.1018
M5,Male,84,2030,0.0853,0.0793,0.0917,0.0750,0.0972,0.0689,0.1044
M5,Male,84,2031,0.0853,0.0789,0.0924,0.0736,0.0990,0.0673,0.1061
M5,Male,84,2032,0.0850,0.0778,0.0926,0.0719,0.1000,0.0656,0.1079
M5,Male,84,2033,0.0847,0.0771,0.0936,0.0706,0.1010,0.0640,0.1109
M5,Male,84,2034,0.0846,0.0765,0.0942,0.0693,0.1031,0.0622,0.1131
M5,Male,84,2035,0.0843,0.0752,0.0947,0.0681,0.1048,0.0600,0.1157
M5,Male,84,2036,0.0841,0.0745,0.0950,0.0670,0.1060,0.0577,0.1182
M5,Male,84,2037,0.0840,0.0735,0.0956,0.0654,0.1077,0.0558,0.1221
M5,Male,84,2038,0.0837,0.0722,0.0960,0.0637,0.1102,0.0540,0.1238
M5,Male,84,2039,0.0835,0.0717,0.0969,0.0626,0.1118,0.0521,0.1264
M5,Male,84,2040,0.0833,0.0699,0.0970,0.0607,0.1137,0.0504,0.1315
M5,Male,85,2021,0.1039,0.1021,0.1056,0.1004,0.1072,0.0986,0.1090
M5,Male,85,2022,0.1023,0.1000,0.1045,0.0982,0.1064,0.0964,0.1090
M5,Male,85,2023,0.1037,0.1010,0.1063,0.0990,0.1085,0.0965,0.1112
M5,Male,85,2024,0.1026,0.0994,0.1059,0.0967,0.1087,0.0938,0.1126
M5,Male,85,2025,0.1022,0.0988,0.1061,0.0953,0.1097,0.0919,0.1144
M5,Male,85,2026,0.1026,0.0990,0.1072,0.0951,0.1111,0.0910,0.1166
M5,Male,85,2027,0.1018,0.0970,0.1073,0.0928,0.1117,0.0877,0.1174
M5,Male,85,2028,0.1018,0.0962,0.1078,0.0921,0.1128,0.0860,0.1196
M5,Male,85,2029,0.1017,0.0953,0.1084,0.0904,0.1142,0.0841,0.1206
M5,Male,85,2030,0.1011,0.0940,0.1087,0.0890,0.1152,0.0818,0.1235
M5,Male,85,2031,0.1012,0.0936,0.1096,0.0874,0.1174,0.0799,0.1257
M5,Male,85,2032,0.1009,0.0924,0.1100,0.0855,0.1185,0.0779,0.1276
M5,Male,85,2033,0.1005,0.0916,0.1110,0.0839,0.1197,0.0762,0.1311
M5,Male,85,2034,0.1004,0.0909,0.1118,0.0823,0.1222,0.0739,0.1338
M5,Male,85,2035,0.1001,0.0893,0.1122,0.0810,0.1243,0.0713,0.1369
M5,Male,85,2036,0.0999,0.0886,0.1127,0.0797,0.1256,0.0688,0.1399
M5,Male,85,2037,0.0997,0.0873,0.1136,0.0778,0.1276,0.0665,0.1445
M5,Male,85,2038,0.0994,0.0860,0.1140,0.0758,0.1305,0.0644,0.1464
M5,Male,85,2039,0.0992,0.0850,0.1151,0.0745,0.1323,0.0620,0.1496
M5,Male,85,2040,0.0990,0.0831,0.1150,0.0721,0.1349,0.0601,0.1553
M5,Male,86,2021,0.1126,0.1106,0.1145,0.1088,0.1162,0.1068,0.1183
M5,Male,86,2022,0.1109,0.1084,0.1133,0.1064,0.1154,0.1045,0.1183
M5,Male,86,2023,0.1124,0.1095,0.1153,0.1074,0.1177,0.1046,0.1206
M5,Male,86,2024,0.1112,0.1078,0.1148,0.1049,0.1179,0.1017,0.1221
M5,Male,86,2025,0.1109,0.1072,0.1150,0.1035,0.1189,0.0996,0.1241
M5,Male,86,2026,0.1114,0.1073,0.1163,0.1032,0.1205,0.0988,0.1266
M5,Male,86,2027,0.1104,0.1053,0.1165,0.1008,0.1210,0.0952,0.1274
M5,Male,86,2028,0.1105,0.1044,0.1169,0.1000,0.1224,0.0936,0.1298
M5,Male,86,2029,0.1104,0.1034,0.1177,0.0981,0.1238,0.0914,0.1309
M5,Male,86,2030,0.1098,0.1022,0.1179,0.0967,0.1249,0.0889,0.1338
M5,Male,86,2031,0.1098,0.1018,0.1189,0.0951,0.1274,0.0869,0.1364
M5,Male,86,2032,0.1095,0.1004,0.1194,0.0929,0.1286,0.0848,0.1383
M5,Male,86,2033,0.1092,0.0996,0.1206,0.0912,0.1299,0.0830,0.1418
M5,Male,86,2034,0.1091,0.0988,0.1213,0.0895,0.1325,0.0805,0.1449
M5,Male,86,2035,0.1088,0.0971,0.1218,0.0882,0.1347,0.0777,0.1482
M5,Male,86,2036,0.1086,0.0963,0.1223,0.0866,0.1365,0.0750,0.1517
M5,Male,86,2037,0.1084,0.0950,0.1232,0.0848,0.1384,0.0725,0.1565
M5,Male,86,2038,0.1081,0.0935,0.1239,0.0826,0.1415,0.0704,0.1583
M5,Male,86,2039,0.1079,0.0926,0.1250,0.0811,0.1434,0.0676,0.1620
M5,Male,86,2040,0.1077,0.0905,0.1247,0.0785,0.1459,0.0656,0.1679
M5,Male,87,2021,0.1300,0.1276,0.1321,0.1255,0.1341,0.1232,0.1366
M5,Male,87,2022,0.1280,0.1252,0.1309,0.1228,0.1333,0.1207,0.1365
M5,Male,87,2023,0.1298,0.1265,0.1331,0.1240,0.1359,0.1207,0.1393
M5,Male,87,2024,0.1285,0.1245,0.1326,0.1211,0.1362,0.1174,0.1412
M5,Male,87,2025,0.1281,0.1239,0.1329,0.1197,0.1374,0.1151,0.1433
M5,Male,87,2026,0.1286,0.1240,0.1344,0.1193,0.1392,0.1143,0.1463
M5,Male,87,2027,0.1276,0.1218,0.1346,0.1166,0.1398,0.1101,0.1473
M5,Male,87,2028,0.1277,0.1207,0.1350,0.1156,0.1412,0.1084,0.1499
M5,Male,87,2029,0.1276,0.1195,0.1360,0.1135,0.1430,0.1057,0.1512
M5,Male,87,2030,0.1270,0.1183,0.1362,0.1119,0.1441,0.1030,0.1544
M5,Male,87,2031,0.1270,0.1178,0.1375,0.1102,0.1471,0.1006,0.1574
M5,Male,87,2032,0.1267,0.1160,0.1381,0.1077,0.1485,0.0982,0.1596
M5,Male,87,2033,0.1263,0.1152,0.1395,0.1056,0.1499,0.0961,0.1633
M5,Male,87,2034,0.1262,0.1143,0.1401,0.1037,0.1529,0.0933,0.1668
M5,Male,87,2035,0.1259,0.1125,0.1407,0.1022,0.1552,0.0901,0.1708
M5,Male,87,2036,0.1257,0.1115,0.1414,0.1005,0.1577,0.0871,0.1749
M5,Male,87,2037,0.1255,0.1100,0.1424,0.0984,0.1598,0.0842,0.1804
M5,Male,87,2038,0.1251,0.1084,0.1432,0.0958,0.1633,0.0819,0.1823
M5,Male,87,2039,0.1249,0.1074,0.1444,0.0941,0.1656,0.0785,0.1867
M5,Male,87,2040,0.1247,0.1049,0.1441,0.0911,0.1684,0.0763,0.1935
M5,Male,88,2021,0.1461,0.1434,0.1486,0.1410,0.1508,0.1385,0.1537
M5,Male,88,2022,0.1440,0.1408,0.1472,0.1381,0.1499,0.1356,0.1535
M5,Male,88,2023,0.1459,0.1422,0.1496,0.1394,0.1529,0.1357,0.1566
M5,Male,88,2024,0.1445,0.1401,0.1491,0.1361,0.1532,0.1321,0.1589
M5,Male,88,2025,0.1441,0.1393,0.1495,0.1347,0.1545,0.1295,0.1611
M5,Male,88,2026,0.1447,0.1395,0.1512,0.1342,0.1565,0.1287,0.1645
M5,Male,88,2027,0.1436,0.1372,0.1513,0.1313,0.1571,0.1240,0.1657
M5,Male,88,2028,0.1437,0.1359,0.1519,0.1301,0.1588,0.1221,0.1685
M5,Male,88,2029,0.1436,0.1346,0.1530,0.1279,0.1607,0.1191,0.1701
M5,Male,88,2030,0.1429,0.1333,0.1532,0.1261,0.1621,0.1161,0.1735
M5,Male,88,2031,0.1430,0.1327,0.1547,0.1242,0.1654,0.1134,0.1768
M5,Male,88,2032,0.1427,0.1307,0.1553,0.1215,0.1670,0.1107,0.1793
M5,Male,88,2033,0.1423,0.1298,0.1569,0.1192,0.1685,0.1084,0.1831
M5,Male,88,2034,0.1422,0.1288,0.1577,0.1171,0.1718,0.1053,0.1870
M5,Male,88,2035,0.1418,0.1269,0.1582,0.1154,0.1742,0.1018,0.1917
M5,Male,88,2036,0.1416,0.1258,0.1592,0.1134,0.1773,0.0986,0.1964
M5,Male,88,2037,0.1414,0.1241,0.1603,0.1111,0.1796,0.0952,0.2025
M5,Male,88,2038,0.1411,0.1224,0.1613,0.1081,0.1833,0.0929,0.2045
M5,Male,88,2039,0.1409,0.1214,0.1628,0.1062,0.1861,0.0889,0.2093
M5,Male,88,2040,0.1406,0.1184,0.1625,0.1031,0.1894,0.0864,0.2170
M5,Male,89,2021,0.1665,0.1634,0.1693,0.1607,0.1719,0.1578,0.1753
M5,Male,89,2022,0.1641,0.1604,0.1678,0.1574,0.1710,0.1544,0.1750
M5,Male,89,2023,0.1663,0.1621,0.1705,0.1588,0.1742,0.1547,0.1785
M5,Male,89,2024,0.1648,0.1598,0.1701,0.1553,0.1747,0.1507,0.1812
M5,Male,89,2025,0.1643,0.1590,0.1705,0.1537,0.1761,0.1479,0.1836
M5,Male,89,2026,0.1651,0.1591,0.1724,0.1531,0.1785,0.1468,0.1874
M5,Male,89,2027,0.1638,0.1565,0.1726,0.1500,0.1791,0.1416,0.1888
M5,Male,89,2028,0.1640,0.1551,0.1734,0.1486,0.1812,0.1395,0.1921
M5,Male,89,2029,0.1639,0.1537,0.1746,0.1461,0.1833,0.1361,0.1942
M5,Male,89,2030,0.1631,0.1523,0.1748,0.1442,0.1847,0.1327,0.1977
M5,Male,89,2031,0.1633,0.1517,0.1765,0.1419,0.1884,0.1297,0.2014
M5,Male,89,2032,0.1629,0.1494,0.1772,0.1389,0.1903,0.1268,0.2041
M5,Male,89,2033,0.1625,0.1483,0.1790,0.1363,0.1921,0.1241,0.2082
M5,Male,89,2034,0.1624,0.1471,0.1801,0.1340,0.1959,0.1205,0.2128
M5,Male,89,2035,0.1620,0.1451,0.1809,0.1321,0.1986,0.1166,0.2182
M5,Male,89,2036,0.1618,0.1437,0.1816,0.1298,0.2020,0.1130,0.2234
M5,Male,89,2037,0.1616,0.1419,0.1830,0.1274,0.2047,0.1092,0.2300
M5,Male,89,2038,0.1612,0.1401,0.1841,0.1236,0.2088,0.1067,0.2327
M5,Male,89,2039,0.1610,0.1389,0.1858,0.1217,0.2121,0.1021,0.2375
M5,Male,89,2040,0.1608,0.1356,0.1854,0.1184,0.2155,0.0993,0.2466
M5,Male,90,2021,0.1834,0.1799,0.1865,0.1770,0.1894,0.1736,0.1932
M5,Male,90,2022,0.1808,0.1768,0.1850,0.1735,0.1885,0.1702,0.1928
M5,Male,90,2023,0.1832,0.1785,0.1879,0.1750,0.1920,0.1704,0.1967
M5,Male,90,2024,0.1816,0.1761,0.1874,0.1711,0.1925,0.1662,0.1994
M5,Male,90,2025,0.1811,0.1754,0.1878,0.1694,0.1942,0.1631,0.2022
M5,Male,90,2026,0.1820,0.1755,0.1901,0.1689,0.1966,0.1620,0.2064
M5,Male,90,2027,0.1806,0.1726,0.1903,0.1655,0.1972,0.1564,0.2080
M5,Male,90,2028,0.1808,0.1711,0.1910,0.1640,0.1997,0.1541,0.2117
M5,Male,90,2029,0.1808,0.1698,0.1923,0.1614,0.2019,0.1505,0.2141
M5,Male,90,2030,0.1800,0.1681,0.1928,0.1594,0.2035,0.1467,0.2177
M5,Male,90,2031,0.1801,0.1675,0.1944,0.1567,0.2075,0.1436,0.2217
M5,Male,90,2032,0.1798,0.1652,0.1954,0.1536,0.2096,0.1403,0.2246
M5,Male,90,2033,0.1794,0.1638,0.1974,0.1508,0.2117,0.1375,0.2293
M5,Male,90,2034,0.1793,0.1624,0.1985,0.1484,0.2159,0.1334,0.2343
M5,Male,90,2035,0.1789,0.1605,0.1996,0.1461,0.2188,0.1292,0.2399
M5,Male,90,2036,0.1787,0.1589,0.2003,0.1437,0.2221,0.1253,0.2458
M5,Male,90,2037,0.1785,0.1569,0.2018,0.1413,0.2257,0.1212,0.2526
M5,Male,90,2038,0.1781,0.1549,0.2027,0.1371,0.2298,0.1184,0.2561
M5,Male,90,2039,0.1779,0.1538,0.2048,0.1348,0.2331,0.1134,0.2608
M5,Male,90,2040,0.1777,0.1501,0.2043,0.1315,0.2370,0.1102,0.2705
M5,Male,91,2021,0.2018,0.1979,0.2051,0.1946,0.2083,0.1910,0.2125
M5,Male,91,2022,0.1990,0.1945,0.2035,0.1909,0.2074,0.1873,0.2119
M5,Male,91,2023,0.2016,0.1964,0.2068,0.1926,0.2112,0.1875,0.2163
M5,Male,91,2024,0.1998,0.1939,0.2062,0.1882,0.2119,0.1829,0.2191
M5,Male,91,2025,0.1994,0.1931,0.2067,0.1865,0.2136,0.1795,0.2225
M5,Male,91,2026,0.2003,0.1932,0.2093,0.1859,0.2162,0.1785,0.2268
M5,Male,91,2027,0.1989,0.1902,0.2095,0.1824,0.2171,0.1726,0.2285
M5,Male,91,2028,0.1991,0.1884,0.2103,0.1807,0.2196,0.1700,0.2327
M5,Male,91,2029,0.1991,0.1873,0.2116,0.1780,0.2220,0.1662,0.2355
M5,Male,91,2030,0.1983,0.1851,0.2123,0.1759,0.2237,0.1620,0.2394
M5,Male,91,2031,0.1985,0.1846,0.2139,0.1727,0.2281,0.1587,0.2435
M5,Male,91,2032,0.1981,0.1822,0.2152,0.1694,0.2303,0.1552,0.2468
M5,Male,91,2033,0.1977,0.1808,0.2173,0.1665,0.2326,0.1521,0.2518
M5,Male,91,2034,0.1977,0.1794,0.2184,0.1640,0.2375,0.1476,0.2574
M5,Male,91,2035,0.1972,0.1773,0.2196,0.1614,0.2408,0.1429,0.2631
M5,Male,91,2036,0.1970,0.1754,0.2205,0.1588,0.2443,0.1386,0.2698
M5,Male,91,2037,0.1968,0.1735,0.2223,0.1564,0.2480,0.1342,0.2768
M5,Male,91,2038,0.1965,0.1711,0.2233,0.1519,0.2523,0.1310,0.2808
M5,Male,91,2039,0.1963,0.1699,0.2255,0.1491,0.2558,0.1258,0.2857
M5,Male,91,2040,0.1960,0.1661,0.2249,0.1458,0.2603,0.1222,0.2959
M5,Male,92,2021,0.2231,0.2189,0.2269,0.2153,0.2304,0.2112,0.2351
M5,Male,92,2022,0.2201,0.2153,0.2251,0.2112,0.2295,0.2072,0.2343
M5,Male,92,2023,0.2230,0.2173,0.2287,0.2130,0.2336,0.2073,0.2393
M5,Male,92,2024,0.2211,0.2147,0.2281,0.2082,0.2344,0.2025,0.2422
M5,Male,92,2025,0.2207,0.2136,0.2286,0.2065,0.2363,0.1988,0.2460
M5,Male,92,2026,0.2217,0.2139,0.2316,0.2059,0.2391,0.1979,0.2507
M5,Male,92,2027,0.2202,0.2107,0.2318,0.2021,0.2400,0.1915,0.2525
M5,Male,92,2028,0.2205,0.2087,0.2328,0.2002,0.2429,0.1886,0.2575
M5,Male,92,2029,0.2205,0.2075,0.2343,0.1974,0.2453,0.1845,0.2601
M5,Male,92,2030,0.2196,0.2050,0.2348,0.1951,0.2471,0.1800,0.2647
M5,Male,92,2031,0.2199,0.2048,0.2367,0.1917,0.2521,0.1763,0.2687
M5,Male,92,2032,0.2195,0.2022,0.2383,0.1881,0.2546,0.1726,0.2726
M5,Male,92,2033,0.2191,0.2006,0.2405,0.1848,0.2570,0.1693,0.2777
M5,Male,92,2034,0.2191,0.1992,0.2418,0.1824,0.2625,0.1641,0.2838
M5,Male,92,2035,0.2187,0.1969,0.2429,0.1793,0.2657,0.1591,0.2900
M5,Male,92,2036,0.2185,0.1945,0.2441,0.1767,0.2698,0.1544,0.2977
M5,Male,92,2037,0.2183,0.1929,0.2462,0.1739,0.2735,0.1495,0.3048
M5,Male,92,2038,0.2179,0.1902,0.2471,0.1692,0.2785,0.1459,0.3090
M5,Male,92,2039,0.2178,0.1889,0.2495,0.1662,0.2831,0.1404,0.3146
M5,Male,92,2040,0.2175,0.1847,0.2491,0.1625,0.2871,0.1363,0.3256
M5,Male,93,2021,0.2447,0.2400,0.2488,0.2361,0.2526,0.2317,0.2578
M5,Male,93,2022,0.2415,0.2362,0.2469,0.2317,0.2518,0.2273,0.2572
M5,Male,93,2023,0.2447,0.2385,0.2510,0.2338,0.2562,0.2275,0.2627
M5,Male,93,2024,0.2427,0.2355,0.2501,0.2286,0.2570,0.2223,0.2658
M5,Male,93,2025,0.2422,0.2345,0.2509,0.2269,0.2592,0.2185,0.2697
M5,Male,93,2026,0.2433,0.2348,0.2541,0.2261,0.2622,0.2176,0.2748
M5,Male,93,2027,0.2418,0.2315,0.2543,0.2221,0.2633,0.2107,0.2770
M5,Male,93,2028,0.2421,0.2293,0.2555,0.2201,0.2664,0.2075,0.2821
M5,Male,93,2029,0.2421,0.2279,0.2571,0.2172,0.2690,0.2033,0.2848
M5,Male,93,2030,0.2412,0.2254,0.2575,0.2146,0.2710,0.1983,0.2901
M5,Male,93,2031,0.2415,0.2252,0.2598,0.2110,0.2765,0.1943,0.2938
M5,Male,93,2032,0.2411,0.2227,0.2616,0.2071,0.2788,0.1905,0.2985
M5,Male,93,2033,0.2408,0.2207,0.2639,0.2036,0.2813,0.1865,0.3034
M5,Male,93,2034,0.2408,0.2192,0.2651,0.2011,0.2876,0.1811,0.3103
M5,Male,93,2035,0.2404,0.2168,0.2666,0.1976,0.2909,0.1756,0.3171
M5,Male,93,2036,0.2402,0.2144,0.2678,0.1947,0.2954,0.1705,0.3255
M5,Male,93,2037,0.2400,0.2125,0.2702,0.1915,0.2992,0.1651,0.3330
M5,Male,93,2038,0.2397,0.2098,0.2712,0.1868,0.3046,0.1611,0.3370
M5,Male,93,2039,0.2395,0.2083,0.2735,0.1837,0.3099,0.1554,0.3435
M5,Male,93,2040,0.2393,0.2037,0.2736,0.1796,0.3140,0.1508,0.3544
M5,Male,94,2021,0.2708,0.2656,0.2754,0.2613,0.2796,0.2566,0.2854
M5,Male,94,2022,0.2674,0.2615,0.2734,0.2566,0.2787,0.2518,0.2848
M5,Male,94,2023,0.2709,0.2640,0.2779,0.2589,0.2835,0.2520,0.2908
M5,Male,94,2024,0.2687,0.2608,0.2771,0.2532,0.2845,0.2464,0.2942
M5,Male,94,2025,0.2682,0.2597,0.2776,0.2514,0.2866,0.2424,0.2984
M5,Male,94,2026,0.2695,0.2603,0.2813,0.2505,0.2902,0.2417,0.3038
M5,Male,94,2027,0.2679,0.2566,0.2815,0.2463,0.2915,0.2339,0.3063
M5,Male,94,2028,0.2683,0.2543,0.2829,0.2441,0.2949,0.2305,0.3116
M5,Male,94,2029,0.2683,0.2528,0.2845,0.2412,0.2973,0.2261,0.3147
M5,Male,94,2030,0.2674,0.2500,0.2852,0.2382,0.2996,0.2206,0.3205
M5,Male,94,2031,0.2678,0.2499,0.2876,0.2342,0.3059,0.2163,0.3242
M5,Male,94,2032,0.2674,0.2472,0.2897,0.2303,0.3082,0.2121,0.3298
M5,Male,94,2033,0.2670,0.2451,0.2921,0.2264,0.3108,0.2073,0.3345
M5,Male,94,2034,0.2671,0.2434,0.2932,0.2235,0.3178,0.2016,0.3428
M5,Male,94,2035,0.2666,0.2411,0.2951,0.2199,0.3210,0.1958,0.3500
M5,Male,94,2036,0.2665,0.2385,0.2966,0.2166,0.3261,0.1902,0.3588
M5,Male,94,2037,0.2663,0.2359,0.2991,0.2131,0.3301,0.1844,0.3669
M5,Male,94,2038,0.2660,0.2332,0.3004,0.2083,0.3361,0.1796,0.3711
M5,Male,94,2039,0.2659,0.2315,0.3029,0.2046,0.3423,0.1735,0.3783
M5,Male,94,2040,0.2656,0.2265,0.3030,0.2005,0.3468,0.1688,0.3892
M5,Male,95,2021,0.2924,0.2868,0.2973,0.2822,0.3018,0.2771,0.3081
M5,Male,95,2022,0.2888,0.2825,0.2952,0.2771,0.3008,0.2721,0.3075
M5,Male,95,2023,0.2925,0.2852,0.3000,0.2794,0.3062,0.2721,0.3139
M5,Male,95,2024,0.2903,0.2819,0.2991,0.2737,0.3071,0.2665,0.3176
M5,Male,95,2025,0.2898,0.2806,0.2998,0.2717,0.3096,0.2623,0.3221
M5,Male,95,2026,0.2912,0.2813,0.3037,0.2709,0.3134,0.2614,0.3276
M5,Male,95,2027,0.2895,0.2774,0.3040,0.2665,0.3147,0.2532,0.3301
M5,Male,95,2028,0.2899,0.2751,0.3055,0.2643,0.3184,0.2497,0.3355
M5,Male,95,2029,0.2900,0.2735,0.3073,0.2613,0.3208,0.2453,0.3391
M5,Male,95,2030,0.2891,0.2706,0.3080,0.2580,0.3229,0.2392,0.3451
M5,Male,95,2031,0.2895,0.2705,0.3106,0.2538,0.3296,0.2348,0.3489
M5,Male,95,2032,0.2892,0.2676,0.3128,0.2495,0.3323,0.2302,0.3554
M5,Male,95,2033,0.2888,0.2654,0.3154,0.2455,0.3351,0.2249,0.3596
M5,Male,95,2034,0.2889,0.2638,0.3164,0.2428,0.3424,0.2191,0.3693
M5,Male,95,2035,0.2885,0.2614,0.3189,0.2388,0.3459,0.2132,0.3767
M5,Male,95,2036,0.2883,0.2586,0.3201,0.2353,0.3511,0.2070,0.3856
M5,Male,95,2037,0.2883,0.2556,0.3229,0.2318,0.3551,0.2011,0.3941
M5,Male,95,2038,0.2879,0.2530,0.3245,0.2266,0.3620,0.1956,0.3984
M5,Male,95,2039,0.2878,0.2510,0.3270,0.2223,0.3682,0.1890,0.4062
M5,Male,95,2040,0.2876,0.2460,0.3272,0.2183,0.3730,0.1843,0.4169
M5,Male,96,2021,0.3136,0.3077,0.3188,0.3027,0.3237,0.2973,0.3305
M5,Male,96,2022,0.3099,0.3032,0.3167,0.2974,0.3226,0.2922,0.3299
M5,Male,96,2023,0.3138,0.3061,0.3218,0.2999,0.3285,0.2919,0.3364
M5,Male,96,2024,0.3115,0.3026,0.3208,0.2941,0.3294,0.2864,0.3406
M5,Male,96,2025,0.3111,0.3015,0.3218,0.2920,0.3320,0.2821,0.3452
M5,Male,96,2026,0.3126,0.3021,0.3259,0.2911,0.3361,0.2808,0.3507
M5,Male,96,2027,0.3108,0.2982,0.3261,0.2866,0.3373,0.2723,0.3534
M5,Male,96,2028,0.3113,0.2959,0.3277,0.2841,0.3415,0.2687,0.3590
M5,Male,96,2029,0.3115,0.2939,0.3298,0.2812,0.3440,0.2644,0.3628
M5,Male,96,2030,0.3106,0.2910,0.3306,0.2777,0.3463,0.2581,0.3689
M5,Male,96,2031,0.3110,0.2909,0.3333,0.2732,0.3527,0.2532,0.3730
M5,Male,96,2032,0.3107,0.2877,0.3356,0.2688,0.3559,0.2480,0.3803
M5,Male,96,2033,0.3103,0.2855,0.3384,0.2646,0.3587,0.2430,0.3842
M5,Male,96,2034,0.3105,0.2841,0.3393,0.2619,0.3663,0.2367,0.3944
M5,Male,96,2035,0.3101,0.2814,0.3420,0.2578,0.3701,0.2305,0.4027
M5,Male,96,2036,0.3100,0.2785,0.3432,0.2539,0.3750,0.2239,0.4111
M5,Male,96,2037,0.3099,0.2754,0.3463,0.2503,0.3795,0.2180,0.4200
M5,Male,96,2038,0.3096,0.2730,0.3479,0.2451,0.3866,0.2119,0.4249
M5,Male,96,2039,0.3096,0.2708,0.3503,0.2401,0.3938,0.2047,0.4327
M5,Male,96,2040,0.3094,0.2653,0.3507,0.2364,0.3984,0.2001,0.4436
M5,Male,97,2021,0.3319,0.3257,0.3374,0.3203,0.3425,0.3147,0.3496
M5,Male,97,2022,0.3282,0.3211,0.3353,0.3151,0.3415,0.3095,0.3491
M5,Male,97,2023,0.3322,0.3241,0.3406,0.3178,0.3476,0.3090,0.3556
M5,Male,97,2024,0.3299,0.3205,0.3397,0.3117,0.3486,0.3037,0.3603
M5,Male,97,2025,0.3295,0.3194,0.3406,0.3098,0.3513,0.2992,0.3647
M5,Male,97,2026,0.3311,0.3200,0.3449,0.3086,0.3557,0.2982,0.3704
M5,Male,97,2027,0.3293,0.3160,0.3451,0.3041,0.3569,0.2890,0.3733
M5,Male,97,2028,0.3299,0.3136,0.3468,0.3014,0.3613,0.2850,0.3791
M5,Male,97,2029,0.3301,0.3117,0.3490,0.2985,0.3636,0.2808,0.3829
M5,Male,97,2030,0.3291,0.3088,0.3501,0.2948,0.3660,0.2749,0.3890
M5,Male,97,2031,0.3297,0.3088,0.3525,0.2904,0.3730,0.2695,0.3933
M5,Male,97,2032,0.3293,0.3054,0.3547,0.2860,0.3758,0.2640,0.4014
M5,Male,97,2033,0.3290,0.3031,0.3581,0.2813,0.3787,0.2591,0.4052
M5,Male,97,2034,0.3292,0.3018,0.3591,0.2788,0.3865,0.2523,0.4155
M5,Male,97,2035,0.3289,0.2991,0.3614,0.2746,0.3905,0.2460,0.4241
M5,Male,97,2036,0.3288,0.2958,0.3632,0.2705,0.3958,0.2390,0.4320
M5,Male,97,2037,0.3288,0.2931,0.3663,0.2667,0.4002,0.2331,0.4415
M5,Male,97,2038,0.3285,0.2898,0.3678,0.2616,0.4075,0.2266,0.4468
M5,Male,97,2039,0.3285,0.2881,0.3704,0.2562,0.4156,0.2188,0.4543
M5,Male,97,2040,0.3284,0.2824,0.3715,0.2526,0.4196,0.2145,0.4653
M5,Male,98,2021,0.3585,0.3518,0.3643,0.3462,0.3697,0.3400,0.3775
M5,Male,98,2022,0.3546,0.3470,0.3622,0.3405,0.3688,0.3346,0.3769
M5,Male,98,2023,0.3589,0.3502,0.3678,0.3434,0.3751,0.3339,0.3836
M5,Male,98,2024,0.3565,0.3465,0.3670,0.3371,0.3764,0.3286,0.3889
M5,Male,98,2025,0.3561,0.3453,0.3679,0.3352,0.3794,0.3239,0.3932
M5,Male,98,2026,0.3578,0.3460,0.3726,0.3339,0.3838,0.3231,0.3993
M5,Male,98,2027,0.3560,0.3420,0.3728,0.3293,0.3852,0.3134,0.4025
M5,Male,98,2028,0.3566,0.3396,0.3745,0.3266,0.3897,0.3087,0.4086
M5,Male,98,2029,0.3569,0.3374,0.3771,0.3233,0.3923,0.3043,0.4120
M5,Male,98,2030,0.3560,0.3344,0.3782,0.3194,0.3949,0.2984,0.4186
M5,Male,98,2031,0.3566,0.3342,0.3807,0.3152,0.4018,0.2928,0.4235
M5,Male,98,2032,0.3563,0.3308,0.3830,0.3103,0.4054,0.2872,0.4324
M5,Male,98,2033,0.3560,0.3288,0.3865,0.3053,0.4082,0.2820,0.4362
M5,Male,98,2034,0.3563,0.3272,0.3877,0.3028,0.4160,0.2745,0.4466
M5,Male,98,2035,0.3559,0.3245,0.3899,0.2985,0.4205,0.2681,0.4557
M5,Male,98,2036,0.3559,0.3212,0.3920,0.2940,0.4258,0.2605,0.4632
M5,Male,98,2037,0.3559,0.3185,0.3951,0.2898,0.4307,0.2546,0.4737
M5,Male,98,2038,0.3557,0.3147,0.3966,0.2849,0.4383,0.2472,0.4794
M5,Male,98,2039,0.3557,0.3129,0.4001,0.2793,0.4465,0.2387,0.4870
M5,Male,98,2040,0.3556,0.3071,0.4012,0.2753,0.4509,0.2347,0.4980
M5,Male,99,2021,0.3931,0.3858,0.3993,0.3797,0.4053,0.3730,0.4136
M5,Male,99,2022,0.3890,0.3809,0.3973,0.3736,0.4043,0.3674,0.4129
M5,Male,99,2023,0.3936,0.3843,0.4031,0.3768,0.4109,0.3665,0.4201
M5,Male,99,2024,0.3911,0.3803,0.4024,0.3702,0.4125,0.3608,0.4258
M5,Male,99,2025,0.3907,0.3792,0.4034,0.3681,0.4157,0.3560,0.4304
M5,Male,99,2026,0.3926,0.3798,0.4083,0.3668,0.4203,0.3553,0.4369
M5,Male,99,2027,0.3907,0.3757,0.4087,0.3622,0.4224,0.3452,0.4404
M5,Male,99,2028,0.3914,0.3730,0.4109,0.3592,0.4269,0.3400,0.4469
M5,Male,99,2029,0.3918,0.3710,0.4132,0.3556,0.4295,0.3350,0.4504
M5,Male,99,2030,0.3908,0.3678,0.4145,0.3515,0.4322,0.3291,0.4574
M5,Male,99,2031,0.3915,0.3676,0.4173,0.3473,0.4396,0.3229,0.4627
M5,Male,99,2032,0.3912,0.3640,0.4197,0.3421,0.4433,0.3172,0.4723
M5,Male,99,2033,0.3910,0.3617,0.4236,0.3363,0.4463,0.3118,0.4766
M5,Male,99,2034,0.3913,0.3601,0.4249,0.3339,0.4542,0.3036,0.4873
M5,Male,99,2035,0.3910,0.3574,0.4279,0.3297,0.4598,0.2966,0.4967
M5,Male,99,2036,0.3910,0.3538,0.4295,0.3243,0.4650,0.2882,0.5041
M5,Male,99,2037,0.3911,0.3512,0.4326,0.3201,0.4702,0.2822,0.5154
M5,Male,99,2038,0.3909,0.3468,0.4345,0.3151,0.4788,0.2740,0.5220
M5,Male,99,2039,0.3909,0.3448,0.4383,0.3090,0.4866,0.2648,0.5299
M5,Male,99,2040,0.3909,0.3390,0.4390,0.3046,0.4917,0.2608,0.5411
M5,Male,100,2021,0.4474,0.4392,0.4544,0.4324,0.4611,0.4248,0.4702
M5,Male,100,2022,0.4429,0.4338,0.4523,0.4256,0.4600,0.4189,0.4695
M5,Male,100,2023,0.4481,0.4376,0.4586,0.4291,0.4673,0.4177,0.4776
M5,Male,100,2024,0.4454,0.4332,0.4580,0.4221,0.4693,0.4114,0.4839
M5,Male,100,2025,0.4450,0.4320,0.4590,0.4196,0.4729,0.4064,0.4889
M5,Male,100,2026,0.4471,0.4327,0.4645,0.4181,0.4778,0.4055,0.4964
M5,Male,100,2027,0.4451,0.4283,0.4648,0.4133,0.4801,0.3946,0.5002
M5,Male,100,2028,0.4459,0.4253,0.4673,0.4099,0.4851,0.3888,0.5071
M5,Male,100,2029,0.4463,0.4233,0.4695,0.4064,0.4883,0.3832,0.5109
M5,Male,100,2030,0.4454,0.4201,0.4713,0.4015,0.4912,0.3769,0.5185
M5,Male,100,2031,0.4462,0.4195,0.4746,0.3971,0.4992,0.3695,0.5246
M5,Male,100,2032,0.4459,0.4161,0.4774,0.3912,0.5030,0.3633,0.5347
M5,Male,100,2033,0.4457,0.4132,0.4815,0.3844,0.5065,0.3578,0.5403
M5,Male,100,2034,0.4461,0.4113,0.4834,0.3824,0.5157,0.3484,0.5516
M5,Male,100,2035,0.4458,0.4087,0.4867,0.3775,0.5214,0.3404,0.5618
M5,Male,100,2036,0.4459,0.4043,0.4882,0.3715,0.5269,0.3308,0.5697
M5,Male,100,2037,0.4460,0.4021,0.4919,0.3671,0.5325,0.3253,0.5816
M5,Male,100,2038,0.4458,0.3969,0.4936,0.3617,0.5420,0.3153,0.5895
M5,Male,100,2039,0.4459,0.3946,0.4981,0.3546,0.5503,0.3057,0.5973
M5,Male,100,2040,0.4459,0.3884,0.4986,0.3495,0.5560,0.3010,0.6098
M6,Male,18,2021,0.0004,0.0004,0.0004,0.0004,0.0004,0.0004,0.0004
M6,Male,18,2022,0.0004,0.0004,0.0004,0.0004,0.0004,0.0003,0.0004
M6,Male,18,2023,0.0004,0.0003,0.0004,0.0003,0.0004,0.0003,0.0004
M6,Male,18,2024,0.0004,0.0004,0.0004,0.0003,0.0004,0.0003,0.0005
M6,Male,18,2025,0.0004,0.0004,0.0004,0.0003,0.0004,0.0003,0.0005
M6,Male,18,2026,0.0004,0.0003,0.0004,0.0003,0.0004,0.0003,0.0005
M6,Male,18,2027,0.0004,0.0003,0.0004,0.0003,0.0005,0.0003,0.0005
M6,Male,18,2028,0.0004,0.0003,0.0004,0.0003,0.0005,0.0003,0.0005
M6,Male,18,2029,0.0004,0.0003,0.0004,0.0003,0.0005,0.0003,0.0005
M6,Male,18,2030,0.0004,0.0003,0.0004,0.0003,0.0005,0.0002,0.0006
M6,Male,18,2031,0.0004,0.0003,0.0004,0.0003,0.0005,0.0002,0.0006
M6,Male,18,2032,0.0004,0.0003,0.0004,0.0003,0.0005,0.0002,0.0006
M6,Male,18,2033,0.0004,0.0003,0.0005,0.0003,0.0005,0.0002,0.0006
M6,Male,18,2034,0.0004,0.0003,0.0005,0.0003,0.0005,0.0002,0.0007
M6,Male,18,2035,0.0004,0.0003,0.0005,0.0002,0.0006,0.0002,0.0007
M6,Male,18,2036,0.0004,0.0003,0.0005,0.0002,0.0006,0.0002,0.0007
M6,Male,18,2037,0.0004,0.0003,0.0005,0.0002,0.0006,0.0002,0.0007
M6,Male,18,2038,0.0004,0.0003,0.0005,0.0002,0.0006,0.0002,0.0008
M6,Male,18,2039,0.0004,0.0003,0.0005,0.0002,0.0006,0.0002,0.0008
M6,Male,18,2040,0.0004,0.0003,0.0005,0.0002,0.0007,0.0002,0.0009
M6,Male,19,2021,0.0003,0.0003,0.0004,0.0003,0.0004,0.0003,0.0004
M6,Male,19,2022,0.0004,0.0004,0.0004,0.0004,0.0004,0.0004,0.0004
M6,Male,19,2023,0.0004,0.0004,0.0004,0.0004,0.0004,0.0004,0.0005
M6,Male,19,2024,0.0004,0.0003,0.0004,0.0003,0.0004,0.0003,0.0004
M6,Male,19,2025,0.0004,0.0004,0.0004,0.0003,0.0005,0.0003,0.0005
M6,Male,19,2026,0.0004,0.0004,0.0004,0.0003,0.0005,0.0003,0.0005
M6,Male,19,2027,0.0004,0.0003,0.0004,0.0003,0.0005,0.0003,0.0005
M6,Male,19,2028,0.0004,0.0004,0.0004,0.0003,0.0005,0.0003,0.0005
M6,Male,19,2029,0.0004,0.0003,0.0004,0.0003,0.0005,0.0003,0.0005
M6,Male,19,2030,0.0004,0.0003,0.0004,0.0003,0.0005,0.0003,0.0006
M6,Male,19,2031,0.0004,0.0003,0.0005,0.0003,0.0005,0.0003,0.0006
M6,Male,19,2032,0.0004,0.0003,0.0005,0.0003,0.0005,0.0002,0.0006
M6,Male,19,2033,0.0004,0.0003,0.0005,0.0003,0.0005,0.0002,0.0006
M6,Male,19,2034,0.0004,0.0003,0.0005,0.0003,0.0006,0.0002,0.0007
M6,Male,19,2035,0.0004,0.0003,0.0005,0.0003,0.0006,0.0002,0.0007
M6,Male,19,2036,0.0004,0.0003,0.0005,0.0002,0.0006,0.0002,0.0007
M6,Male,19,2037,0.0004,0.0003,0.0005,0.0002,0.0006,0.0002,0.0008
M6,Male,19,2038,0.0004,0.0003,0.0005,0.0002,0.0006,0.0002,0.0008
M6,Male,19,2039,0.0004,0.0003,0.0005,0.0002,0.0007,0.0002,0.0009
M6,Male,19,2040,0.0004,0.0003,0.0005,0.0002,0.0007,0.0002,0.0009
M6,Male,20,2021,0.0005,0.0004,0.0005,0.0004,0.0005,0.0004,0.0005
M6,Male,20,2022,0.0004,0.0003,0.0004,0.0003,0.0004,0.0003,0.0004
M6,Male,20,2023,0.0004,0.0004,0.0004,0.0004,0.0005,0.0004,0.0005
M6,Male,20,2024,0.0004,0.0004,0.0004,0.0004,0.0005,0.0004,0.0005
M6,Male,20,2025,0.0004,0.0004,0.0004,0.0003,0.0004,0.0003,0.0004
M6,Male,20,2026,0.0004,0.0004,0.0004,0.0004,0.0005,0.0003,0.0005
M6,Male,20,2027,0.0004,0.0004,0.0004,0.0003,0.0005,0.0003,0.0005
M6,Male,20,2028,0.0004,0.0004,0.0004,0.0003,0.0005,0.0003,0.0005
M6,Male,20,2029,0.0004,0.0004,0.0005,0.0003,0.0005,0.0003,0.0006
M6,Male,20,2030,0.0004,0.0004,0.0005,0.0003,0.0005,0.0003,0.0006
M6,Male,20,2031,0.0004,0.0003,0.0005,0.0003,0.0005,0.0003,0.0006
M6,Male,20,2032,0.0004,0.0004,0.0005,0.0003,0.0005,0.0003,0.0006
M6,Male,20,2033,0.0004,0.0003,0.0005,0.0003,0.0006,0.0003,0.0006
M6,Male,20,2034,0.0004,0.0003,0.0005,0.0003,0.0006,0.0002,0.0007
M6,Male,20,2035,0.0004,0.0003,0.0005,0.0003,0.0006,0.0002,0.0007
M6,Male,20,2036,0.0004,0.0003,0.0005,0.0003,0.0006,0.0002,0.0007
M6,Male,20,2037,0.0004,0.0003,0.0005,0.0003,0.0006,0.0002,0.0008
M6,Male,20,2038,0.0004,0.0003,0.0005,0.0003,0.0007,0.0002,0.0008
M6,Male,20,2039,0.0004,0.0003,0.0005,0.0002,0.0007,0.0002,0.0009
M6,Male,20,2040,0.0004,0.0003,0.0006,0.0002,0.0007,0.0002,0.0009
M6,Male,21,2021,0.0004,0.0004,0.0004,0.0004,0.0005,0.0004,0.0005
M6,Male,21,2022,0.0005,0.0005,0.0005,0.0004,0.0005,0.0004,0.0005
M6,Male,21,2023,0.0004,0.0004,0.0004,0.0004,0.0004,0.0003,0.0004
M6,Male,21,2024,0.0004,0.0004,0.0005,0.0004,0.0005,0.0004,0.0005
M6,Male,21,2025,0.0004,0.0004,0.0005,0.0004,0.0005,0.0004,0.0005
M6,Male,21,2026,0.0004,0.0004,0.0004,0.0004,0.0005,0.0003,0.0005
M6,Male,21,2027,0.0004,0.0004,0.0005,0.0004,0.0005,0.0003,0.0005
M6,Male,21,2028,0.0004,0.0004,0.0005,0.0004,0.0005,0.0003,0.0006
M6,Male,21,2029,0.0004,0.0004,0.0005,0.0003,0.0005,0.0003,0.0006
M6,Male,21,2030,0.0004,0.0004,0.0005,0.0003,0.0005,0.0003,0.0006
M6,Male,21,2031,0.0004,0.0004,0.0005,0.0003,0.0006,0.0003,0.0006
M6,Male,21,2032,0.0004,0.0004,0.0005,0.0003,0.0006,0.0003,0.0006
M6,Male,21,2033,0.0004,0.0004,0.0005,0.0003,0.0006,0.0003,0.0007
M6,Male,21,2034,0.0004,0.0004,0.0005,0.0003,0.0006,0.0003,0.0007
M6,Male,21,2035,0.0004,0.0004,0.0005,0.0003,0.0006,0.0002,0.0007
M6,Male,21,2036,0.0004,0.0003,0.0005,0.0003,0.0006,0.0002,0.0007
M6,Male,21,2037,0.0004,0.0003,0.0005,0.0003,0.0007,0.0002,0.0008
M6,Male,21,2038,0.0004,0.0003,0.0006,0.0003,0.0007,0.0002,0.0008
M6,Male,21,2039,0.0004,0.0003,0.0006,0.0003,0.0007,0.0002,0.0009
M6,Male,21,2040,0.0004,0.0003,0.0006,0.0003,0.0007,0.0002,0.0009
M6,Male,22,2021,0.0004,0.0004,0.0004,0.0004,0.0004,0.0004,0.0004
M6,Male,22,2022,0.0004,0.0004,0.0004,0.0004,0.0004,0.0004,0.0005
M6,Male,22,2023,0.0005,0.0005,0.0005,0.0004,0.0005,0.0004,0.0005
M6,Male,22,2024,0.0004,0.0004,0.0004,0.0003,0.0004,0.0003,0.0004
M6,Male,22,2025,0.0004,0.0004,0.0005,0.0004,0.0005,0.0004,0.0005
M6,Male,22,2026,0.0004,0.0004,0.0005,0.0004,0.0005,0.0004,0.0005
M6,Male,22,2027,0.0004,0.0004,0.0004,0.0003,0.0005,0.0003,0.0005
M6,Male,22,2028,0.0004,0.0004,0.0005,0.0004,0.0005,0.0003,0.0006
M6,Male,22,2029,0.0004,0.0004,0.0005,0.0004,0.0005,0.0003,0.0006
M6,Male,22,2030,0.0004,0.0004,0.0005,0.0003,0.0005,0.0003,0.0006
M6,Male,22,2031,0.0004,0.0004,0.0005,0.0003,0.0006,0.0003,0.0006
M6,Male,22,2032,0.0004,0.0004,0.0005,0.0003,0.0006,0.0003,0.0006
M6,Male,22,2033,0.0004,0.0004,0.0005,0.0003,0.0006,0.0003,0.0006
M6,Male,22,2034,0.0004,0.0004,0.0005,0.0003,0.0006,0.0003,0.0007
M6,Male,22,2035,0.0004,0.0004,0.0005,0.0003,0.0006,0.0003,0.0007
M6,Male,22,2036,0.0004,0.0003,0.0005,0.0003,0.0006,0.0002,0.0007
M6,Male,22,2037,0.0004,0.0003,0.0006,0.0003,0.0007,0.0002,0.0008
M6,Male,22,2038,0.0004,0.0003,0.0006,0.0003,0.0007,0.0002,0.0008
M6,Male,22,2039,0.0004,0.0003,0.0006,0.0003,0.0007,0.0002,0.0009
M6,Male,22,2040,0.0004,0.0003,0.0006,0.0003,0.0007,0.0002,0.0009
M6,Male,23,2021,0.0005,0.0005,0.0005,0.0004,0.0005,0.0004,0.0005
M6,Male,23,2022,0.0004,0.0004,0.0005,0.0004,0.0005,0.0004,0.0005
M6,Male,23,2023,0.0005,0.0005,0.0005,0.0005,0.0005,0.0004,0.0005
M6,Male,23,2024,0.0005,0.0005,0.0006,0.0005,0.0006,0.0005,0.0006
M6,Male,23,2025,0.0004,0.0004,0.0004,0.0004,0.0005,0.0004,0.0005
M6,Male,23,2026,0.0005,0.0005,0.0005,0.0004,0.0006,0.0004,0.0006
M6,Male,23,2027,0.0005,0.0005,0.0005,0.0004,0.0006,0.0004,0.0006
M6,Male,23,2028,0.0005,0.0004,0.0005,0.0004,0.0005,0.0004,0.0006
M6,Male,23,2029,0.0005,0.0005,0.0005,0.0004,0.0006,0.0004,0.0007
M6,Male,23,2030,0.0005,0.0004,0.0006,0.0004,0.0006,0.0004,0.0007
M6,Male,23,2031,0.0005,0.0004,0.0005,0.0004,0.0006,0.0003,0.0007
M6,Male,23,2032,0.0005,0.0004,0.0006,0.0004,0.0006,0.0003,0.0007
M6,Male,23,2033,0.0005,0.0004,0.0006,0.0004,0.0007,0.0003,0.0007
M6,Male,23,2034,0.0005,0.0004,0.0006,0.0004,0.0007,0.0003,0.0008
M6,Male,23,2035,0.0005,0.0004,0.0006,0.0004,0.0007,0.0003,0.0008
M6,Male,23,2036,0.0005,0.0004,0.0006,0.0003,0.0007,0.0003,0.0008
M6,Male,23,2037,0.0005,0.0004,0.0006,0.0003,0.0008,0.0003,0.0009
M6,Male,23,2038,0.0005,0.0004,0.0006,0.0003,0.0008,0.0003,0.0009
M6,Male,23,2039,0.0005,0.0004,0.0006,0.0003,0.0008,0.0002,0.0010
M6,Male,23,2040,0.0005,0.0004,0.0007,0.0003,0.0008,0.0002,0.0010
M6,Male,24,2021,0.0005,0.0005,0.0005,0.0005,0.0005,0.0004,0.0005
M6,Male,24,2022,0.0005,0.0005,0.0005,0.0004,0.0005,0.0004,0.0005
M6,Male,24,2023,0.0005,0.0005,0.0005,0.0004,0.0005,0.0004,0.0005
M6,Male,24,2024,0.0005,0.0005,0.0005,0.0005,0.0005,0.0004,0.0006
M6,Male,24,2025,0.0006,0.0005,0.0006,0.0005,0.0006,0.0005,0.0006
M6,Male,24,2026,0.0004,0.0004,0.0005,0.0004,0.0005,0.0004,0.0005
M6,Male,24,2027,0.0005,0.0005,0.0005,0.0004,0.0006,0.0004,0.0006
M6,Male,24,2028,0.0005,0.0005,0.0006,0.0004,0.0006,0.0004,0.0007
M6,Male,24,2029,0.0005,0.0004,0.0005,0.0004,0.0006,0.0004,0.0006
M6,Male,24,2030,0.0005,0.0005,0.0006,0.0004,0.0006,0.0004,0.0007
M6,Male,24,2031,0.0005,0.0005,0.0006,0.0004,0.0006,0.0004,0.0007
M6,Male,24,2032,0.0005,0.0004,0.0006,0.0004,0.0006,0.0003,0.0007
M6,Male,24,2033,0.0005,0.0005,0.0006,0.0004,0.0007,0.0003,0.0008
M6,Male,24,2034,0.0005,0.0004,0.0006,0.0004,0.0007,0.0003,0.0008
M6,Male,24,2035,0.0005,0.0004,0.0006,0.0004,0.0007,0.0003,0.0008
M6,Male,24,2036,0.0005,0.0004,0.0006,0.0004,0.0008,0.0003,0.0008
M6,Male,24,2037,0.0005,0.0004,0.0006,0.0004,0.0008,0.0003,0.0009
M6,Male,24,2038,0.0005,0.0004,0.0007,0.0003,0.0008,0.0003,0.0010
M6,Male,24,2039,0.0005,0.0004,0.0007,0.0003,0.0008,0.0003,0.0010
M6,Male,24,2040,0.0005,0.0004,0.0007,0.0003,0.0009,0.0003,0.0011
M6,Male,25,2021,0.0004,0.0004,0.0005,0.0004,0.0005,0.0004,0.0005
M6,Male,25,2022,0.0004,0.0004,0.0005,0.0004,0.0005,0.0004,0.0005
M6,Male,25,2023,0.0005,0.0004,0.0005,0.0004,0.0005,0.0004,0.0005
M6,Male,25,2024,0.0005,0.0004,0.0005,0.0004,0.0005,0.0004,0.0005
M6,Male,25,2025,0.0005,0.0005,0.0005,0.0004,0.0005,0.0004,0.0006
M6,Male,25,2026,0.0005,0.0005,0.0006,0.0005,0.0006,0.0005,0.0006
M6,Male,25,2027,0.0004,0.0004,0.0005,0.0004,0.0005,0.0003,0.0005
M6,Male,25,2028,0.0005,0.0005,0.0005,0.0004,0.0006,0.0004,0.0006
M6,Male,25,2029,0.0005,0.0005,0.0006,0.0004,0.0006,0.0004,0.0007
M6,Male,25,2030,0.0005,0.0004,0.0005,0.0004,0.0005,0.0003,0.0006
M6,Male,25,2031,0.0005,0.0005,0.0006,0.0004,0.0006,0.0004,0.0007
M6,Male,25,2032,0.0005,0.0004,0.0006,0.0004,0.0006,0.0003,0.0007
M6,Male,25,2033,0.0005,0.0004,0.0006,0.0004,0.0006,0.0003,0.0007
M6,Male,25,2034,0.0005,0.0004,0.0006,0.0004,0.0007,0.0003,0.0008
M6,Male,25,2035,0.0005,0.0004,0.0006,0.0004,0.0007,0.0003,0.0008
M6,Male,25,2036,0.0005,0.0004,0.0006,0.0004,0.0007,0.0003,0.0008
M6,Male,25,2037,0.0005,0.0004,0.0006,0.0004,0.0007,0.0003,0.0009
M6,Male,25,2038,0.0005,0.0004,0.0006,0.0003,0.0008,0.0003,0.0009
M6,Male,25,2039,0.0005,0.0004,0.0006,0.0003,0.0008,0.0003,0.0010
M6,Male,25,2040,0.0005,0.0004,0.0007,0.0003,0.0008,0.0003,0.0010
M6,Male,26,2021,0.0004,0.0004,0.0004,0.0004,0.0005,0.0004,0.0005
M6,Male,26,2022,0.0004,0.0004,0.0004,0.0004,0.0005,0.0004,0.0005
M6,Male,26,2023,0.0004,0.0004,0.0005,0.0004,0.0005,0.0004,0.0005
M6,Male,26,2024,0.0005,0.0004,0.0005,0.0004,0.0005,0.0004,0.0005
M6,Male,26,2025,0.0004,0.0004,0.0005,0.0004,0.0005,0.0004,0.0005
M6,Male,26,2026,0.0005,0.0005,0.0005,0.0004,0.0005,0.0004,0.0006
M6,Male,26,2027,0.0005,0.0005,0.0006,0.0005,0.0006,0.0004,0.0006
M6,Male,26,2028,0.0004,0.0004,0.0005,0.0004,0.0005,0.0003,0.0005
M6,Male,26,2029,0.0005,0.0004,0.0005,0.0004,0.0006,0.0004,0.0006
M6,Male,26,2030,0.0005,0.0005,0.0006,0.0004,0.0006,0.0004,0.0007
M6,Male,26,2031,0.0005,0.0004,0.0005,0.0004,0.0006,0.0003,0.0006
M6,Male,26,2032,0.0005,0.0004,0.0006,0.0004,0.0006,0.0003,0.0007
M6,Male,26,2033,0.0005,0.0004,0.0006,0.0004,0.0006,0.0003,0.0007
M6,Male,26,2034,0.0005,0.0004,0.0006,0.0004,0.0006,0.0003,0.0007
M6,Male,26,2035,0.0005,0.0004,0.0006,0.0004,0.0007,0.0003,0.0008
M6,Male,26,2036,0.0005,0.0004,0.0006,0.0004,0.0007,0.0003,0.0008
M6,Male,26,2037,0.0005,0.0004,0.0006,0.0003,0.0007,0.0003,0.0008
M6,Male,26,2038,0.0005,0.0004,0.0006,0.0003,0.0008,0.0003,0.0009
M6,Male,26,2039,0.0005,0.0004,0.0006,0.0003,0.0008,0.0003,0.0009
M6,Male,26,2040,0.0005,0.0004,0.0006,0.0003,0.0008,0.0003,0.0010
M6,Male,27,2021,0.0005,0.0005,0.0005,0.0004,0.0005,0.0004,0.0005
M6,Male,27,2022,0.0004,0.0004,0.0005,0.0004,0.0005,0.0004,0.0005
M6,Male,27,2023,0.0005,0.0004,0.0005,0.0004,0.0005,0.0004,0.0005
M6,Male,27,2024,0.0005,0.0004,0.0005,0.0004,0.0005,0.0004,0.0005
M6,Male,27,2025,0.0005,0.0004,0.0005,0.0004,0.0005,0.0004,0.0005
M6,Male,27,2026,0.0005,0.0004,0.0005,0.0004,0.0005,0.0004,0.0006
M6,Male,27,2027,0.0005,0.0005,0.0005,0.0004,0.0006,0.0004,0.0006
M6,Male,27,2028,0.0006,0.0005,0.0006,0.0005,0.0006,0.0004,0.0007
M6,Male,27,2029,0.0004,0.0004,0.0005,0.0004,0.0005,0.0003,0.0006
M6,Male,27,2030,0.0005,0.0005,0.0006,0.0004,0.0006,0.0004,0.0007
M6,Male,27,2031,0.0005,0.0005,0.0006,0.0004,0.0006,0.0004,0.0007
M6,Male,27,2032,0.0005,0.0004,0.0005,0.0004,0.0006,0.0003,0.0007
M6,Male,27,2033,0.0005,0.0005,0.0006,0.0004,0.0007,0.0004,0.0007
M6,Male,27,2034,0.0005,0.0005,0.0006,0.0004,0.0007,0.0003,0.0008
M6,Male,27,2035,0.0005,0.0004,0.0006,0.0004,0.0007,0.0003,0.0008
M6,Male,27,2036,0.0005,0.0005,0.0006,0.0004,0.0007,0.0003,0.0008
M6,Male,27,2037,0.0005,0.0004,0.0006,0.0004,0.0008,0.0003,0.0009
M6,Male,27,2038,0.0005,0.0004,0.0006,0.0004,0.0008,0.0003,0.0009
M6,Male,27,2039,0.0006,0.0004,0.0007,0.0004,0.0008,0.0003,0.0010
M6,Male,27,2040,0.0005,0.0004,0.0007,0.0003,0.0008,0.0003,0.0010
M6,Male,28,2021,0.0004,0.0004,0.0004,0.0004,0.0004,0.0004,0.0004
M6,Male,28,2022,0.0004,0.0004,0.0004,0.0004,0.0005,0.0004,0.0005
M6,Male,28,2023,0.0004,0.0004,0.0004,0.0004,0.0005,0.0004,0.0005
M6,Male,28,2024,0.0004,0.0004,0.0005,0.0004,0.0005,0.0004,0.0005
M6,Male,28,2025,0.0004,0.0004,0.0005,0.0004,0.0005,0.0004,0.0005
M6,Male,28,2026,0.0005,0.0004,0.0005,0.0004,0.0005,0.0004,0.0005
M6,Male,28,2027,0.0004,0.0004,0.0005,0.0004,0.0005,0.0004,0.0005
M6,Male,28,2028,0.0005,0.0005,0.0005,0.0004,0.0006,0.0004,0.0006
M6,Male,28,2029,0.0005,0.0005,0.0006,0.0005,0.0006,0.0004,0.0007
M6,Male,28,2030,0.0004,0.0004,0.0005,0.0004,0.0005,0.0003,0.0006
M6,Male,28,2031,0.0005,0.0004,0.0006,0.0004,0.0006,0.0004,0.0007
M6,Male,28,2032,0.0005,0.0005,0.0006,0.0004,0.0006,0.0004,0.0007
M6,Male,28,2033,0.0005,0.0004,0.0005,0.0004,0.0006,0.0003,0.0007
M6,Male,28,2034,0.0005,0.0004,0.0006,0.0004,0.0007,0.0003,0.0008
M6,Male,28,2035,0.0005,0.0004,0.0006,0.0004,0.0007,0.0003,0.0008
M6,Male,28,2036,0.0005,0.0004,0.0006,0.0004,0.0007,0.0003,0.0008
M6,Male,28,2037,0.0005,0.0004,0.0006,0.0004,0.0007,0.0003,0.0008
M6,Male,28,2038,0.0005,0.0004,0.0006,0.0004,0.0008,0.0003,0.0009
M6,Male,28,2039,0.0005,0.0004,0.0006,0.0003,0.0008,0.0003,0.0009
M6,Male,28,2040,0.0005,0.0004,0.0007,0.0003,0.0008,0.0003,0.0010
M6,Male,29,2021,0.0005,0.0005,0.0005,0.0005,0.0005,0.0005,0.0005
M6,Male,29,2022,0.0005,0.0005,0.0005,0.0005,0.0005,0.0005,0.0005
M6,Male,29,2023,0.0005,0.0005,0.0006,0.0005,0.0006,0.0005,0.0006
M6,Male,29,2024,0.0005,0.0005,0.0006,0.0005,0.0006,0.0005,0.0006
M6,Male,29,2025,0.0005,0.0005,0.0006,0.0005,0.0006,0.0005,0.0006
M6,Male,29,2026,0.0006,0.0005,0.0006,0.0005,0.0006,0.0005,0.0006
M6,Male,29,2027,0.0006,0.0005,0.0006,0.0005,0.0006,0.0005,0.0007
M6,Male,29,2028,0.0006,0.0005,0.0006,0.0005,0.0006,0.0005,0.0007
M6,Male,29,2029,0.0006,0.0006,0.0006,0.0005,0.0007,0.0005,0.0008
M6,Male,29,2030,0.0007,0.0006,0.0007,0.0006,0.0008,0.0005,0.0009
M6,Male,29,2031,0.0005,0.0005,0.0006,0.0004,0.0006,0.0004,0.0007
M6,Male,29,2032,0.0006,0.0006,0.0007,0.0005,0.0008,0.0004,0.0009
M6,Male,29,2033,0.0006,0.0006,0.0007,0.0005,0.0008,0.0004,0.0009
M6,Male,29,2034,0.0006,0.0005,0.0007,0.0004,0.0007,0.0004,0.0008
M6,Male,29,2035,0.0006,0.0005,0.0007,0.0005,0.0008,0.0004,0.0010
M6,Male,29,2036,0.0006,0.0005,0.0007,0.0005,0.0009,0.0004,0.0010
M6,Male,29,2037,0.0006,0.0005,0.0007,0.0004,0.0009,0.0004,0.0010
M6,Male,29,2038,0.0007,0.0005,0.0008,0.0005,0.0009,0.0004,0.0011
M6,Male,29,2039,0.0007,0.0005,0.0008,0.0004,0.0010,0.0003,0.0011
M6,Male,29,2040,0.0007,0.0005,0.0008,0.0004,0.0010,0.0003,0.0012
M6,Male,30,2021,0.0006,0.0005,0.0006,0.0005,0.0006,0.0005,0.0006
M6,Male,30,2022,0.0005,0.0005,0.0005,0.0005,0.0006,0.0005,0.0006
M6,Male,30,2023,0.0006,0.0005,0.0006,0.0005,0.0006,0.0005,0.0006
M6,Male,30,2024,0.0006,0.0006,0.0006,0.0005,0.0006,0.0005,0.0007
M6,Male,30,2025,0.0006,0.0005,0.0006,0.0005,0.0006,0.0005,0.0007
M6,Male,30,2026,0.0006,0.0006,0.0006,0.0005,0.0006,0.0005,0.0007
M6,Male,30,2027,0.0006,0.0006,0.0006,0.0005,0.0007,0.0005,0.0007
M6,Male,30,2028,0.0006,0.0006,0.0007,0.0005,0.0007,0.0005,0.0008
M6,Male,30,2029,0.0006,0.0006,0.0007,0.0005,0.0007,0.0005,0.0008
M6,Male,30,2030,0.0007,0.0006,0.0007,0.0005,0.0008,0.0005,0.0008
M6,Male,30,2031,0.0007,0.0007,0.0008,0.0006,0.0009,0.0005,0.0010
M6,Male,30,2032,0.0006,0.0005,0.0006,0.0005,0.0007,0.0004,0.0008
M6,Male,30,2033,0.0007,0.0006,0.0008,0.0005,0.0009,0.0005,0.0010
M6,Male,30,2034,0.0007,0.0006,0.0008,0.0005,0.0009,0.0005,0.0010
M6,Male,30,2035,0.0006,0.0005,0.0007,0.0005,0.0008,0.0004,0.0010
M6,Male,30,2036,0.0007,0.0006,0.0008,0.0005,0.0009,0.0004,0.0011
M6,Male,30,2037,0.0007,0.0006,0.0008,0.0005,0.0010,0.0004,0.0011
M6,Male,30,2038,0.0007,0.0006,0.0008,0.0005,0.0010,0.0004,0.0011
M6,Male,30,2039,0.0007,0.0006,0.0009,0.0005,0.0011,0.0004,0.0012
M6,Male,30,2040,0.0007,0.0006,0.0009,0.0005,0.0011,0.0004,0.0013
M6,Male,31,2021,0.0005,0.0005,0.0006,0.0005,0.0006,0.0005,0.0006
M6,Male,31,2022,0.0005,0.0005,0.0006,0.0005,0.0006,0.0005,0.0006
M6,Male,31,2023,0.0005,0.0005,0.0005,0.0005,0.0006,0.0005,0.0006
M6,Male,31,2024,0.0005,0.0005,0.0006,0.0005,0.0006,0.0005,0.0006
M6,Male,31,2025,0.0006,0.0006,0.0006,0.0005,0.0006,0.0005,0.0007
M6,Male,31,2026,0.0006,0.0005,0.0006,0.0005,0.0006,0.0005,0.0007
M6,Male,31,2027,0.0006,0.0005,0.0006,0.0005,0.0006,0.0005,0.0007
M6,Male,31,2028,0.0006,0.0006,0.0006,0.0005,0.0007,0.0005,0.0007
M6,Male,31,2029,0.0006,0.0006,0.0007,0.0005,0.0007,0.0005,0.0008
M6,Male,31,2030,0.0006,0.0005,0.0007,0.0005,0.0007,0.0005,0.0008
M6,Male,31,2031,0.0007,0.0006,0.0007,0.0005,0.0008,0.0005,0.0009
M6,Male,31,2032,0.0007,0.0007,0.0008,0.0006,0.0009,0.0005,0.0010
M6,Male,31,2033,0.0006,0.0005,0.0006,0.0005,0.0007,0.0004,0.0008
M6,Male,31,2034,0.0007,0.0006,0.0008,0.0005,0.0009,0.0005,0.0010
M6,Male,31,2035,0.0007,0.0006,0.0008,0.0005,0.0009,0.0005,0.0011
M6,Male,31,2036,0.0006,0.0005,0.0007,0.0005,0.0009,0.0004,0.0010
M6,Male,31,2037,0.0007,0.0006,0.0008,0.0005,0.0010,0.0004,0.0011
M6,Male,31,2038,0.0007,0.0006,0.0008,0.0005,0.0010,0.0004,0.0012
M6,Male,31,2039,0.0007,0.0006,0.0008,0.0005,0.0010,0.0004,0.0012
M6,Male,31,2040,0.0007,0.0006,0.0009,0.0005,0.0011,0.0004,0.0013
M6,Male,32,2021,0.0006,0.0006,0.0006,0.0006,0.0006,0.0006,0.0006
M6,Male,32,2022,0.0006,0.0006,0.0006,0.0005,0.0006,0.0005,0.0006
M6,Male,32,2023,0.0006,0.0006,0.0006,0.0006,0.0006,0.0005,0.0006
M6,Male,32,2024,0.0006,0.0006,0.0006,0.0005,0.0006,0.0005,0.0006
M6,Male,32,2025,0.0006,0.0006,0.0006,0.0005,0.0006,0.0005,0.0007
M6,Male,32,2026,0.0006,0.0006,0.0007,0.0006,0.0007,0.0005,0.0007
M6,Male,32,2027,0.0006,0.0006,0.0007,0.0006,0.0007,0.0005,0.0007
M6,Male,32,2028,0.0006,0.0006,0.0007,0.0006,0.0007,0.0005,0.0008
M6,Male,32,2029,0.0006,0.0006,0.0007,0.0006,0.0007,0.0005,0.0008
M6,Male,32,2030,0.0007,0.0006,0.0007,0.0006,0.0008,0.0005,0.0008
M6,Male,32,2031,0.0007,0.0006,0.0007,0.0005,0.0008,0.0005,0.0009
M6,Male,32,2032,0.0007,0.0006,0.0008,0.0006,0.0009,0.0005,0.0010
M6,Male,32,2033,0.0008,0.0007,0.0009,0.0006,0.0010,0.0006,0.0011
M6,Male,32,2034,0.0006,0.0006,0.0007,0.0005,0.0008,0.0004,0.0009
M6,Male,32,2035,0.0008,0.0006,0.0009,0.0006,0.0010,0.0005,0.0011
M6,Male,32,2036,0.0008,0.0007,0.0009,0.0006,0.0010,0.0005,0.0012
M6,Male,32,2037,0.0007,0.0006,0.0008,0.0005,0.0010,0.0004,0.0011
M6,Male,32,2038,0.0008,0.0006,0.0009,0.0005,0.0011,0.0005,0.0013
M6,Male,32,2039,0.0008,0.0006,0.0009,0.0005,0.0011,0.0004,0.0013
M6,Male,32,2040,0.0008,0.0006,0.0009,0.0005,0.0011,0.0004,0.0013
M6,Male,33,2021,0.0007,0.0007,0.0007,0.0007,0.0007,0.0006,0.0007
M6,Male,33,2022,0.0007,0.0007,0.0007,0.0006,0.0007,0.0006,0.0007
M6,Male,33,2023,0.0007,0.0006,0.0007,0.0006,0.0007,0.0006,0.0007
M6,Male,33,2024,0.0007,0.0007,0.0007,0.0006,0.0007,0.0006,0.0008
M6,Male,33,2025,0.0007,0.0006,0.0007,0.0006,0.0007,0.0006,0.0007
M6,Male,33,2026,0.0007,0.0006,0.0007,0.0006,0.0007,0.0006,0.0008
M6,Male,33,2027,0.0007,0.0007,0.0008,0.0006,0.0008,0.0006,0.0009
M6,Male,33,2028,0.0007,0.0007,0.0008,0.0006,0.0008,0.0006,0.0009
M6,Male,33,2029,0.0007,0.0007,0.0008,0.0006,0.0008,0.0006,0.0009
M6,Male,33,2030,0.0007,0.0007,0.0008,0.0006,0.0009,0.0006,0.0009
M6,Male,33,2031,0.0008,0.0007,0.0008,0.0006,0.0009,0.0006,0.0010
M6,Male,33,2032,0.0008,0.0007,0.0008,0.0006,0.0009,0.0005,0.0010
M6,Male,33,2033,0.0008,0.0007,0.0009,0.0007,0.0010,0.0006,0.0011
M6,Male,33,2034,0.0009,0.0008,0.0010,0.0007,0.0011,0.0006,0.0013
M6,Male,33,2035,0.0007,0.0006,0.0008,0.0006,0.0009,0.0005,0.0011
M6,Male,33,2036,0.0009,0.0007,0.0010,0.0006,0.0011,0.0005,0.0013
M6,Male,33,2037,0.0009,0.0007,0.0010,0.0006,0.0012,0.0005,0.0014
M6,Male,33,2038,0.0008,0.0007,0.0009,0.0006,0.0011,0.0005,0.0013
M6,Male,33,2039,0.0009,0.0007,0.0011,0.0006,0.0013,0.0005,0.0015
M6,Male,33,2040,0.0009,0.0007,0.0011,0.0006,0.0013,0.0005,0.0016
M6,Male,34,2021,0.0007,0.0007,0.0007,0.0007,0.0008,0.0007,0.0008
M6,Male,34,2022,0.0007,0.0007,0.0007,0.0007,0.0007,0.0007,0.0008
M6,Male,34,2023,0.0007,0.0007,0.0007,0.0007,0.0008,0.0007,0.0008
M6,Male,34,2024,0.0007,0.0007,0.0007,0.0007,0.0008,0.0006,0.0008
M6,Male,34,2025,0.0007,0.0007,0.0007,0.0007,0.0008,0.0006,0.0008
M6,Male,34,2026,0.0007,0.0007,0.0007,0.0006,0.0008,0.0006,0.0008
M6,Male,34,2027,0.0007,0.0007,0.0008,0.0006,0.0008,0.0006,0.0009
M6,Male,34,2028,0.0008,0.0007,0.0008,0.0007,0.0009,0.0006,0.0009
M6,Male,34,2029,0.0008,0.0007,0.0008,0.0007,0.0009,0.0006,0.0010
M6,Male,34,2030,0.0008,0.0007,0.0008,0.0007,0.0009,0.0006,0.0010
M6,Male,34,2031,0.0008,0.0007,0.0009,0.0007,0.0009,0.0006,0.0010
M6,Male,34,2032,0.0008,0.0007,0.0009,0.0007,0.0010,0.0006,0.0011
M6,Male,34,2033,0.0008,0.0007,0.0009,0.0006,0.0010,0.0006,0.0011
M6,Male,34,2034,0.0009,0.0008,0.0010,0.0007,0.0011,0.0006,0.0013
M6,Male,34,2035,0.0010,0.0009,0.0011,0.0007,0.0013,0.0006,0.0014
M6,Male,34,2036,0.0008,0.0007,0.0009,0.0006,0.0010,0.0005,0.0012
M6,Male,34,2037,0.0009,0.0008,0.0011,0.0007,0.0013,0.0006,0.0015
M6,Male,34,2038,0.0010,0.0008,0.0011,0.0007,0.0013,0.0006,0.0016
M6,Male,34,2039,0.0009,0.0007,0.0010,0.0006,0.0012,0.0005,0.0015
M6,Male,34,2040,0.0010,0.0008,0.0012,0.0006,0.0014,0.0005,0.0017
M6,Male,35,2021,0.0008,0.0008,0.0008,0.0007,0.0008,0.0007,0.0008
M6,Male,35,2022,0.0008,0.0008,0.0008,0.0007,0.0008,0.0007,0.0008
M6,Male,35,2023,0.0008,0.0008,0.0008,0.0007,0.0008,0.0007,0.0008
M6,Male,35,2024,0.0008,0.0007,0.0008,0.0007,0.0008,0.0007,0.0009
M6,Male,35,2025,0.0008,0.0007,0.0008,0.0007,0.0008,0.0007,0.0009
M6,Male,35,2026,0.0008,0.0007,0.0008,0.0007,0.0009,0.0007,0.0009
M6,Male,35,2027,0.0008,0.0007,0.0008,0.0007,0.0008,0.0006,0.0009
M6,Male,35,2028,0.0008,0.0007,0.0008,0.0007,0.0009,0.0006,0.0010
M6,Male,35,2029,0.0008,0.0008,0.0009,0.0007,0.0010,0.0007,0.0010
M6,Male,35,2030,0.0008,0.0008,0.0009,0.0007,0.0010,0.0006,0.0011
M6,Male,35,2031,0.0008,0.0008,0.0009,0.0007,0.0010,0.0006,0.0011
M6,Male,35,2032,0.0009,0.0008,0.0009,0.0007,0.0010,0.0006,0.0012
M6,Male,35,2033,0.0009,0.0008,0.0010,0.0007,0.0011,0.0006,0.0012
M6,Male,35,2034,0.0009,0.0008,0.0010,0.0007,0.0011,0.0006,0.0013
M6,Male,35,2035,0.0010,0.0008,0.0011,0.0007,0.0012,0.0006,0.0014
M6,Male,35,2036,0.0011,0.0009,0.0012,0.0008,0.0014,0.0007,0.0016
M6,Male,35,2037,0.0009,0.0007,0.0010,0.0006,0.0012,0.0005,0.0013
M6,Male,35,2038,0.0010,0.0008,0.0012,0.0007,0.0014,0.0006,0.0016
M6,Male,35,2039,0.0010,0.0009,0.0012,0.0007,0.0015,0.0006,0.0018
M6,Male,35,2040,0.0010,0.0008,0.0011,0.0006,0.0014,0.0005,0.0016
M6,Male,36,2021,0.0009,0.0009,0.0009,0.0009,0.0009,0.0009,0.0009
M6,Male,36,2022,0.0009,0.0009,0.0009,0.0008,0.0009,0.0008,0.0009
M6,Male,36,2023,0.0009,0.0009,0.0009,0.0009,0.0010,0.0008,0.0010
M6,Male,36,2024,0.0009,0.0009,0.0009,0.0008,0.0010,0.0008,0.0010
M6,Male,36,2025,0.0009,0.0009,0.0009,0.0008,0.0010,0.0008,0.0010
M6,Male,36,2026,0.0009,0.0008,0.0009,0.0008,0.0010,0.0008,0.0010
M6,Male,36,2027,0.0009,0.0008,0.0009,0.0008,0.0010,0.0008,0.0011
M6,Male,36,2028,0.0009,0.0008,0.0009,0.0008,0.0010,0.0007,0.0011
M6,Male,36,2029,0.0009,0.0008,0.0010,0.0008,0.0010,0.0007,0.0011
M6,Male,36,2030,0.0010,0.0009,0.0010,0.0008,0.0011,0.0008,0.0012
M6,Male,36,2031,0.0010,0.0009,0.0010,0.0008,0.0011,0.0007,0.0013
M6,Male,36,2032,0.0010,0.0009,0.0011,0.0008,0.0012,0.0007,0.0013
M6,Male,36,2033,0.0010,0.0009,0.0011,0.0008,0.0012,0.0007,0.0014
M6,Male,36,2034,0.0010,0.0009,0.0012,0.0008,0.0013,0.0007,0.0015
M6,Male,36,2035,0.0010,0.0009,0.0012,0.0008,0.0013,0.0007,0.0015
M6,Male,36,2036,0.0011,0.0010,0.0013,0.0008,0.0015,0.0007,0.0017
M6,Male,36,2037,0.0013,0.0011,0.0014,0.0009,0.0017,0.0008,0.0020
M6,Male,36,2038,0.0010,0.0008,0.0012,0.0007,0.0014,0.0006,0.0016
M6,Male,36,2039,0.0012,0.0010,0.0014,0.0008,0.0017,0.0007,0.0020
M6,Male,36,2040,0.0012,0.0010,0.0014,0.0008,0.0018,0.0007,0.0021
M6,Male,37,2021,0.0011,0.0011,0.0011,0.0011,0.0011,0.0010,0.0011
M6,Male,37,2022,0.0010,0.0010,0.0010,0.0010,0.0011,0.0010,0.0011
M6,Male,37,2023,0.0010,0.0010,0.0011,0.0010,0.0011,0.0010,0.0011
M6,Male,37,2024,0.0011,0.0010,0.0011,0.0010,0.0011,0.0009,0.0012
M6,Male,37,2025,0.0010,0.0010,0.0011,0.0010,0.0011,0.0009,0.0012
M6,Male,37,2026,0.0011,0.0010,0.0011,0.0010,0.0012,0.0009,0.0012
M6,Male,37,2027,0.0010,0.0010,0.0011,0.0009,0.0011,0.0009,0.0012
M6,Male,37,2028,0.0011,0.0010,0.0011,0.0009,0.0012,0.0009,0.0013
M6,Male,37,2029,0.0010,0.0009,0.0011,0.0009,0.0012,0.0008,0.0013
M6,Male,37,2030,0.0011,0.0010,0.0011,0.0009,0.0012,0.0008,0.0013
M6,Male,37,2031,0.0011,0.0010,0.0012,0.0009,0.0013,0.0009,0.0015
M6,Male,37,2032,0.0011,0.0010,0.0012,0.0009,0.0014,0.0008,0.0015
M6,Male,37,2033,0.0012,0.0010,0.0013,0.0009,0.0014,0.0008,0.0016
M6,Male,37,2034,0.0012,0.0010,0.0013,0.0009,0.0015,0.0008,0.0017
M6,Male,37,2035,0.0012,0.0011,0.0014,0.0009,0.0016,0.0008,0.0018
M6,Male,37,2036,0.0012,0.0010,0.0014,0.0009,0.0016,0.0008,0.0018
M6,Male,37,2037,0.0013,0.0011,0.0015,0.0010,0.0018,0.0008,0.0021
M6,Male,37,2038,0.0015,0.0012,0.0017,0.0011,0.0020,0.0009,0.0024
M6,Male,37,2039,0.0012,0.0010,0.0014,0.0008,0.0017,0.0007,0.0019
M6,Male,37,2040,0.0014,0.0011,0.0017,0.0009,0.0020,0.0008,0.0024
M6,Male,38,2021,0.0011,0.0010,0.0011,0.0010,0.0011,0.0010,0.0011
M6,Male,38,2022,0.0010,0.0010,0.0011,0.0010,0.0011,0.0010,0.0011
M6,Male,38,2023,0.0010,0.0010,0.0010,0.0010,0.0011,0.0009,0.0011
M6,Male,38,2024,0.0010,0.0010,0.0010,0.0009,0.0011,0.0009,0.0011
M6,Male,38,2025,0.0010,0.0010,0.0011,0.0009,0.0011,0.0009,0.0012
M6,Male,38,2026,0.0010,0.0010,0.0011,0.0009,0.0011,0.0009,0.0012
M6,Male,38,2027,0.0010,0.0010,0.0011,0.0009,0.0011,0.0009,0.0012
M6,Male,38,2028,0.0010,0.0009,0.0011,0.0009,0.0011,0.0008,0.0012
M6,Male,38,2029,0.0010,0.0010,0.0011,0.0009,0.0012,0.0008,0.0013
M6,Male,38,2030,0.0010,0.0009,0.0011,0.0009,0.0012,0.0008,0.0013
M6,Male,38,2031,0.0010,0.0009,0.0011,0.0009,0.0012,0.0008,0.0014
M6,Male,38,2032,0.0011,0.0010,0.0012,0.0009,0.0013,0.0008,0.0015
M6,Male,38,2033,0.0011,0.0010,0.0012,0.0009,0.0014,0.0008,0.0015
M6,Male,38,2034,0.0011,0.0010,0.0013,0.0009,0.0014,0.0008,0.0016
M6,Male,38,2035,0.0012,0.0010,0.0013,0.0009,0.0015,0.0008,0.0017
M6,Male,38,2036,0.0012,0.0010,0.0014,0.0009,0.0016,0.0008,0.0018
M6,Male,38,2037,0.0012,0.0010,0.0014,0.0009,0.0016,0.0007,0.0019
M6,Male,38,2038,0.0013,0.0011,0.0015,0.0009,0.0018,0.0008,0.0021
M6,Male,38,2039,0.0015,0.0012,0.0017,0.0010,0.0020,0.0008,0.0024
M6,Male,38,2040,0.0012,0.0010,0.0014,0.0008,0.0017,0.0007,0.0020
M6,Male,39,2021,0.0012,0.0012,0.0012,0.0012,0.0012,0.0011,0.0013
M6,Male,39,2022,0.0012,0.0012,0.0012,0.0011,0.0012,0.0011,0.0013
M6,Male,39,2023,0.0012,0.0012,0.0012,0.0011,0.0013,0.0011,0.0013
M6,Male,39,2024,0.0012,0.0011,0.0012,0.0011,0.0012,0.0010,0.0013
M6,Male,39,2025,0.0011,0.0011,0.0012,0.0011,0.0012,0.0010,0.0013
M6,Male,39,2026,0.0012,0.0011,0.0012,0.0011,0.0013,0.0010,0.0014
M6,Male,39,2027,0.0012,0.0011,0.0012,0.0010,0.0013,0.0010,0.0014
M6,Male,39,2028,0.0012,0.0011,0.0012,0.0010,0.0013,0.0010,0.0014
M6,Male,39,2029,0.0011,0.0011,0.0012,0.0010,0.0013,0.0009,0.0014
M6,Male,39,2030,0.0012,0.0011,0.0013,0.0010,0.0014,0.0009,0.0015
M6,Male,39,2031,0.0012,0.0010,0.0013,0.0010,0.0014,0.0009,0.0015
M6,Male,39,2032,0.0012,0.0011,0.0013,0.0010,0.0014,0.0009,0.0016
M6,Male,39,2033,0.0013,0.0011,0.0014,0.0010,0.0016,0.0009,0.0018
M6,Male,39,2034,0.0013,0.0011,0.0014,0.0010,0.0016,0.0009,0.0018
M6,Male,39,2035,0.0013,0.0011,0.0015,0.0010,0.0017,0.0009,0.0019
M6,Male,39,2036,0.0013,0.0011,0.0015,0.0010,0.0017,0.0009,0.0020
M6,Male,39,2037,0.0014,0.0012,0.0016,0.0010,0.0019,0.0009,0.0022
M6,Male,39,2038,0.0014,0.0012,0.0016,0.0010,0.0019,0.0008,0.0022
M6,Male,39,2039,0.0015,0.0012,0.0018,0.0011,0.0021,0.0009,0.0025
M6,Male,39,2040,0.0017,0.0014,0.0020,0.0011,0.0024,0.0010,0.0029
M6,Male,40,2021,0.0013,0.0013,0.0013,0.0012,0.0013,0.0012,0.0013
M6,Male,40,2022,0.0013,0.0012,0.0013,0.0012,0.0013,0.0012,0.0013
M6,Male,40,2023,0.0013,0.0013,0.0013,0.0012,0.0014,0.0012,0.0014
M6,Male,40,2024,0.0013,0.0012,0.0013,0.0012,0.0014,0.0011,0.0014
M6,Male,40,2025,0.0012,0.0012,0.0013,0.0011,0.0013,0.0011,0.0014
M6,Male,40,2026,0.0012,0.0012,0.0013,0.0011,0.0013,0.0011,0.0014
M6,Male,40,2027,0.0013,0.0012,0.0013,0.0011,0.0014,0.0011,0.0015
M6,Male,40,2028,0.0012,0.0012,0.0013,0.0011,0.0014,0.0010,0.0015
M6,Male,40,2029,0.0013,0.0012,0.0014,0.0011,0.0014,0.0010,0.0016
M6,Male,40,2030,0.0012,0.0011,0.0013,0.0010,0.0014,0.0010,0.0016
M6,Male,40,2031,0.0013,0.0012,0.0014,0.0011,0.0015,0.0010,0.0017
M6,Male,40,2032,0.0012,0.0011,0.0014,0.0010,0.0015,0.0009,0.0016
M6,Male,40,2033,0.0013,0.0011,0.0014,0.0010,0.0016,0.0009,0.0018
M6,Male,40,2034,0.0014,0.0012,0.0015,0.0011,0.0017,0.0010,0.0020
M6,Male,40,2035,0.0014,0.0012,0.0015,0.0011,0.0018,0.0009,0.0020
M6,Male,40,2036,0.0014,0.0012,0.0016,0.0011,0.0018,0.0009,0.0021
M6,Male,40,2037,0.0015,0.0012,0.0017,0.0011,0.0019,0.0009,0.0023
M6,Male,40,2038,0.0015,0.0013,0.0017,0.0011,0.0021,0.0009,0.0024
M6,Male,40,2039,0.0015,0.0012,0.0018,0.0010,0.0021,0.0009,0.0025
M6,Male,40,2040,0.0016,0.0013,0.0019,0.0011,0.0023,0.0009,0.0028
M6,Male,41,2021,0.0015,0.0015,0.0015,0.0014,0.0015,0.0014,0.0015
M6,Male,41,2022,0.0014,0.0014,0.0014,0.0014,0.0015,0.0013,0.0015
M6,Male,41,2023,0.0014,0.0014,0.0015,0.0014,0.0015,0.0013,0.0016
M6,Male,41,2024,0.0014,0.0014,0.0015,0.0014,0.0015,0.0013,0.0016
M6,Male,41,2025,0.0014,0.0014,0.0015,0.0013,0.0015,0.0013,0.0016
M6,Male,41,2026,0.0014,0.0013,0.0015,0.0013,0.0015,0.0012,0.0016
M6,Male,41,2027,0.0014,0.0013,0.0015,0.0012,0.0015,0.0012,0.0016
M6,Male,41,2028,0.0014,0.0013,0.0015,0.0013,0.0016,0.0012,0.0017
M6,Male,41,2029,0.0014,0.0013,0.0015,0.0012,0.0016,0.0011,0.0017
M6,Male,41,2030,0.0014,0.0013,0.0015,0.0012,0.0017,0.0011,0.0018
M6,Male,41,2031,0.0014,0.0013,0.0015,0.0012,0.0017,0.0011,0.0018
M6,Male,41,2032,0.0014,0.0013,0.0016,0.0012,0.0017,0.0011,0.0019
M6,Male,41,2033,0.0014,0.0013,0.0016,0.0011,0.0017,0.0010,0.0019
M6,Male,41,2034,0.0015,0.0013,0.0016,0.0012,0.0018,0.0010,0.0021
M6,Male,41,2035,0.0016,0.0014,0.0018,0.0012,0.0020,0.0011,0.0023
M6,Male,41,2036,0.0016,0.0014,0.0018,0.0012,0.0020,0.0010,0.0024
M6,Male,41,2037,0.0016,0.0014,0.0018,0.0012,0.0021,0.0010,0.0025
M6,Male,41,2038,0.0017,0.0014,0.0019,0.0012,0.0023,0.0010,0.0026
M6,Male,41,2039,0.0017,0.0014,0.0020,0.0012,0.0024,0.0010,0.0028
M6,Male,41,2040,0.0017,0.0014,0.0020,0.0012,0.0025,0.0010,0.0029
M6,Male,42,2021,0.0014,0.0014,0.0014,0.0014,0.0015,0.0014,0.0015
M6,Male,42,2022,0.0014,0.0014,0.0014,0.0014,0.0015,0.0013,0.0015
M6,Male,42,2023,0.0014,0.0014,0.0014,0.0013,0.0015,0.0013,0.0015
M6,Male,42,2024,0.0014,0.0014,0.0014,0.0013,0.0015,0.0013,0.0015
M6,Male,42,2025,0.0014,0.0014,0.0015,0.0013,0.0015,0.0012,0.0016
M6,Male,42,2026,0.0014,0.0014,0.0015,0.0013,0.0016,0.0012,0.0016
M6,Male,42,2027,0.0014,0.0013,0.0014,0.0012,0.0015,0.0012,0.0016
M6,Male,42,2028,0.0014,0.0013,0.0014,0.0012,0.0015,0.0011,0.0016
M6,Male,42,2029,0.0014,0.0013,0.0015,0.0012,0.0016,0.0011,0.0017
M6,Male,42,2030,0.0014,0.0013,0.0015,0.0012,0.0016,0.0011,0.0017
M6,Male,42,2031,0.0014,0.0013,0.0015,0.0012,0.0017,0.0011,0.0018
M6,Male,42,2032,0.0014,0.0012,0.0015,0.0011,0.0017,0.0010,0.0018
M6,Male,42,2033,0.0014,0.0013,0.0016,0.0011,0.0017,0.0010,0.0020
M6,Male,42,2034,0.0014,0.0012,0.0015,0.0011,0.0017,0.0010,0.0020
M6,Male,42,2035,0.0015,0.0013,0.0016,0.0011,0.0018,0.0010,0.0021
M6,Male,42,2036,0.0016,0.0013,0.0018,0.0012,0.0020,0.0010,0.0023
M6,Male,42,2037,0.0016,0.0013,0.0018,0.0012,0.0021,0.0010,0.0024
M6,Male,42,2038,0.0016,0.0013,0.0018,0.0012,0.0022,0.0010,0.0025
M6,Male,42,2039,0.0016,0.0014,0.0019,0.0012,0.0023,0.0010,0.0027
M6,Male,42,2040,0.0017,0.0014,0.0020,0.0012,0.0024,0.0010,0.0029
M6,Male,43,2021,0.0017,0.0017,0.0018,0.0017,0.0018,0.0017,0.0018
M6,Male,43,2022,0.0017,0.0017,0.0017,0.0016,0.0018,0.0016,0.0018
M6,Male,43,2023,0.0018,0.0017,0.0018,0.0017,0.0019,0.0017,0.0019
M6,Male,43,2024,0.0017,0.0017,0.0018,0.0016,0.0018,0.0016,0.0019
M6,Male,43,2025,0.0017,0.0017,0.0018,0.0016,0.0019,0.0015,0.0019
M6,Male,43,2026,0.0018,0.0017,0.0018,0.0016,0.0019,0.0015,0.0020
M6,Male,43,2027,0.0017,0.0016,0.0018,0.0016,0.0019,0.0015,0.0020
M6,Male,43,2028,0.0017,0.0016,0.0018,0.0015,0.0019,0.0014,0.0020
M6,Male,43,2029,0.0017,0.0016,0.0018,0.0015,0.0019,0.0014,0.0021
M6,Male,43,2030,0.0017,0.0016,0.0019,0.0015,0.0020,0.0014,0.0022
M6,Male,43,2031,0.0017,0.0016,0.0019,0.0014,0.0020,0.0013,0.0022
M6,Male,43,2032,0.0017,0.0016,0.0019,0.0014,0.0021,0.0013,0.0023
M6,Male,43,2033,0.0017,0.0015,0.0019,0.0014,0.0021,0.0012,0.0024
M6,Male,43,2034,0.0018,0.0016,0.0020,0.0014,0.0022,0.0013,0.0025
M6,Male,43,2035,0.0017,0.0015,0.0019,0.0013,0.0022,0.0012,0.0025
M6,Male,43,2036,0.0018,0.0016,0.0020,0.0014,0.0023,0.0012,0.0027
M6,Male,43,2037,0.0020,0.0017,0.0022,0.0014,0.0026,0.0012,0.0030
M6,Male,43,2038,0.0019,0.0016,0.0022,0.0014,0.0026,0.0012,0.0031
M6,Male,43,2039,0.0020,0.0016,0.0023,0.0014,0.0028,0.0012,0.0033
M6,Male,43,2040,0.0021,0.0017,0.0024,0.0014,0.0029,0.0012,0.0035
M6,Male,44,2021,0.0018,0.0018,0.0018,0.0017,0.0019,0.0017,0.0019
M6,Male,44,2022,0.0019,0.0018,0.0019,0.0018,0.0019,0.0018,0.0020
M6,Male,44,2023,0.0019,0.0018,0.0019,0.0018,0.0020,0.0018,0.0020
M6,Male,44,2024,0.0019,0.0019,0.0020,0.0018,0.0020,0.0017,0.0021
M6,Male,44,2025,0.0019,0.0018,0.0019,0.0017,0.0020,0.0017,0.0021
M6,Male,44,2026,0.0019,0.0018,0.0020,0.0017,0.0021,0.0016,0.0022
M6,Male,44,2027,0.0019,0.0018,0.0020,0.0017,0.0021,0.0016,0.0022
M6,Male,44,2028,0.0019,0.0018,0.0020,0.0017,0.0021,0.0016,0.0023
M6,Male,44,2029,0.0019,0.0017,0.0020,0.0016,0.0021,0.0015,0.0023
M6,Male,44,2030,0.0018,0.0017,0.0020,0.0016,0.0021,0.0015,0.0023
M6,Male,44,2031,0.0019,0.0017,0.0021,0.0016,0.0022,0.0015,0.0024
M6,Male,44,2032,0.0019,0.0017,0.0021,0.0015,0.0023,0.0014,0.0025
M6,Male,44,2033,0.0019,0.0017,0.0021,0.0015,0.0023,0.0014,0.0026
M6,Male,44,2034,0.0019,0.0017,0.0021,0.0015,0.0023,0.0013,0.0027
M6,Male,44,2035,0.0020,0.0017,0.0022,0.0015,0.0025,0.0013,0.0028
M6,Male,44,2036,0.0019,0.0016,0.0022,0.0014,0.0025,0.0013,0.0029
M6,Male,44,2037,0.0020,0.0017,0.0023,0.0015,0.0026,0.0013,0.0031
M6,Male,44,2038,0.0021,0.0018,0.0025,0.0015,0.0029,0.0013,0.0034
M6,Male,44,2039,0.0021,0.0018,0.0025,0.0015,0.0030,0.0013,0.0035
M6,Male,44,2040,0.0022,0.0018,0.0026,0.0015,0.0031,0.0013,0.0037
M6,Male,45,2021,0.0019,0.0019,0.0019,0.0019,0.0020,0.0018,0.0020
M6,Male,45,2022,0.0018,0.0018,0.0019,0.0018,0.0019,0.0017,0.0020
M6,Male,45,2023,0.0020,0.0019,0.0020,0.0019,0.0021,0.0018,0.0021
M6,Male,45,2024,0.0020,0.0019,0.0020,0.0018,0.0021,0.0018,0.0022
M6,Male,45,2025,0.0020,0.0019,0.0021,0.0019,0.0021,0.0018,0.0022
M6,Male,45,2026,0.0020,0.0019,0.0021,0.0018,0.0022,0.0017,0.0023
M6,Male,45,2027,0.0020,0.0019,0.0021,0.0018,0.0022,0.0017,0.0023
M6,Male,45,2028,0.0020,0.0019,0.0021,0.0018,0.0022,0.0017,0.0024
M6,Male,45,2029,0.0020,0.0019,0.0021,0.0017,0.0023,0.0016,0.0025
M6,Male,45,2030,0.0019,0.0018,0.0021,0.0017,0.0023,0.0015,0.0024
M6,Male,45,2031,0.0020,0.0018,0.0021,0.0016,0.0023,0.0015,0.0025
M6,Male,45,2032,0.0020,0.0018,0.0022,0.0016,0.0024,0.0015,0.0027
M6,Male,45,2033,0.0020,0.0018,0.0022,0.0016,0.0024,0.0015,0.0027
M6,Male,45,2034,0.0020,0.0018,0.0023,0.0016,0.0025,0.0014,0.0028
M6,Male,45,2035,0.0020,0.0017,0.0022,0.0015,0.0025,0.0014,0.0029
M6,Male,45,2036,0.0021,0.0018,0.0023,0.0016,0.0027,0.0014,0.0031
M6,Male,45,2037,0.0020,0.0017,0.0023,0.0015,0.0027,0.0013,0.0031
M6,Male,45,2038,0.0021,0.0018,0.0024,0.0015,0.0029,0.0013,0.0033
M6,Male,45,2039,0.0023,0.0019,0.0027,0.0016,0.0031,0.0013,0.0038
M6,Male,45,2040,0.0023,0.0019,0.0027,0.0016,0.0032,0.0013,0.0039
M6,Male,46,2021,0.0020,0.0020,0.0020,0.0020,0.0021,0.0019,0.0021
M6,Male,46,2022,0.0020,0.0020,0.0021,0.0020,0.0021,0.0019,0.0022
M6,Male,46,2023,0.0021,0.0020,0.0021,0.0020,0.0021,0.0019,0.0022
M6,Male,46,2024,0.0021,0.0021,0.0022,0.0020,0.0023,0.0019,0.0023
M6,Male,46,2025,0.0021,0.0021,0.0022,0.0020,0.0023,0.0019,0.0024
M6,Male,46,2026,0.0022,0.0021,0.0023,0.0020,0.0024,0.0019,0.0025
M6,Male,46,2027,0.0022,0.0020,0.0023,0.0019,0.0024,0.0018,0.0025
M6,Male,46,2028,0.0022,0.0020,0.0023,0.0019,0.0024,0.0018,0.0026
M6,Male,46,2029,0.0022,0.0020,0.0024,0.0019,0.0025,0.0018,0.0027
M6,Male,46,2030,0.0022,0.0020,0.0024,0.0019,0.0025,0.0017,0.0028
M6,Male,46,2031,0.0021,0.0020,0.0023,0.0018,0.0025,0.0016,0.0027
M6,Male,46,2032,0.0021,0.0019,0.0023,0.0018,0.0026,0.0016,0.0028
M6,Male,46,2033,0.0022,0.0020,0.0024,0.0018,0.0027,0.0016,0.0030
M6,Male,46,2034,0.0022,0.0019,0.0024,0.0017,0.0027,0.0016,0.0031
M6,Male,46,2035,0.0022,0.0019,0.0025,0.0017,0.0028,0.0015,0.0032
M6,Male,46,2036,0.0022,0.0019,0.0025,0.0017,0.0028,0.0015,0.0033
M6,Male,46,2037,0.0023,0.0019,0.0026,0.0017,0.0030,0.0015,0.0035
M6,Male,46,2038,0.0022,0.0019,0.0026,0.0016,0.0030,0.0014,0.0035
M6,Male,46,2039,0.0023,0.0019,0.0027,0.0017,0.0032,0.0014,0.0038
M6,Male,46,2040,0.0025,0.0021,0.0030,0.0017,0.0036,0.0014,0.0043
M6,Male,47,2021,0.0022,0.0022,0.0023,0.0022,0.0023,0.0022,0.0023
M6,Male,47,2022,0.0022,0.0022,0.0022,0.0021,0.0023,0.0021,0.0023
M6,Male,47,2023,0.0023,0.0022,0.0023,0.0022,0.0024,0.0021,0.0025
M6,Male,47,2024,0.0023,0.0022,0.0023,0.0021,0.0024,0.0020,0.0025
M6,Male,47,2025,0.0024,0.0023,0.0025,0.0022,0.0025,0.0021,0.0026
M6,Male,47,2026,0.0024,0.0023,0.0025,0.0022,0.0026,0.0021,0.0027
M6,Male,47,2027,0.0024,0.0023,0.0026,0.0022,0.0027,0.0021,0.0028
M6,Male,47,2028,0.0024,0.0022,0.0025,0.0021,0.0027,0.0020,0.0028
M6,Male,47,2029,0.0024,0.0022,0.0026,0.0021,0.0027,0.0020,0.0030
M6,Male,47,2030,0.0024,0.0022,0.0026,0.0021,0.0028,0.0019,0.0031
M6,Male,47,2031,0.0025,0.0022,0.0027,0.0021,0.0029,0.0019,0.0031
M6,Male,47,2032,0.0024,0.0022,0.0026,0.0020,0.0028,0.0018,0.0032
M6,Male,47,2033,0.0024,0.0021,0.0026,0.0019,0.0029,0.0017,0.0033
M6,Male,47,2034,0.0025,0.0022,0.0027,0.0019,0.0030,0.0017,0.0035
M6,Male,47,2035,0.0025,0.0021,0.0028,0.0019,0.0031,0.0017,0.0035
M6,Male,47,2036,0.0025,0.0022,0.0028,0.0019,0.0032,0.0017,0.0037
M6,Male,47,2037,0.0025,0.0021,0.0028,0.0018,0.0033,0.0016,0.0038
M6,Male,47,2038,0.0026,0.0022,0.0029,0.0019,0.0034,0.0016,0.0040
M6,Male,47,2039,0.0025,0.0021,0.0030,0.0018,0.0035,0.0015,0.0041
M6,Male,47,2040,0.0026,0.0022,0.0031,0.0018,0.0037,0.0015,0.0045
M6,Male,48,2021,0.0026,0.0026,0.0027,0.0026,0.0027,0.0025,0.0027
M6,Male,48,2022,0.0026,0.0025,0.0026,0.0025,0.0027,0.0025,0.0027
M6,Male,48,2023,0.0026,0.0026,0.0027,0.0025,0.0027,0.0024,0.0028
M6,Male,48,2024,0.0027,0.0026,0.0028,0.0025,0.0028,0.0024,0.0029
M6,Male,48,2025,0.0026,0.0026,0.0027,0.0025,0.0028,0.0024,0.0029
M6,Male,48,2026,0.0028,0.0027,0.0029,0.0026,0.0031,0.0025,0.0032
M6,Male,48,2027,0.0028,0.0027,0.0030,0.0025,0.0031,0.0024,0.0033
M6,Male,48,2028,0.0029,0.0027,0.0030,0.0026,0.0032,0.0024,0.0034
M6,Male,48,2029,0.0028,0.0026,0.0030,0.0025,0.0032,0.0023,0.0035
M6,Male,48,2030,0.0029,0.0026,0.0031,0.0024,0.0033,0.0023,0.0036
M6,Male,48,2031,0.0029,0.0026,0.0031,0.0024,0.0034,0.0022,0.0037
M6,Male,48,2032,0.0029,0.0026,0.0032,0.0024,0.0035,0.0022,0.0038
M6,Male,48,2033,0.0028,0.0025,0.0031,0.0023,0.0034,0.0021,0.0039
M6,Male,48,2034,0.0028,0.0025,0.0032,0.0022,0.0035,0.0020,0.0040
M6,Male,48,2035,0.0029,0.0025,0.0033,0.0023,0.0037,0.0020,0.0042
M6,Male,48,2036,0.0029,0.0025,0.0033,0.0022,0.0038,0.0019,0.0043
M6,Male,48,2037,0.0030,0.0025,0.0034,0.0022,0.0039,0.0019,0.0046
M6,Male,48,2038,0.0029,0.0025,0.0034,0.0021,0.0039,0.0018,0.0046
M6,Male,48,2039,0.0031,0.0025,0.0036,0.0022,0.0042,0.0018,0.0050
M6,Male,48,2040,0.0030,0.0025,0.0036,0.0021,0.0042,0.0017,0.0051
M6,Male,49,2021,0.0030,0.0030,0.0030,0.0029,0.0031,0.0029,0.0031
M6,Male,49,2022,0.0029,0.0028,0.0029,0.0028,0.0030,0.0027,0.0031
M6,Male,49,2023,0.0030,0.0029,0.0030,0.0028,0.0031,0.0028,0.0032
M6,Male,49,2024,0.0029,0.0028,0.0030,0.0027,0.0031,0.0026,0.0032
M6,Male,49,2025,0.0030,0.0029,0.0031,0.0028,0.0032,0.0027,0.0033
M6,Male,49,2026,0.0030,0.0029,0.0031,0.0027,0.0033,0.0026,0.0034
M6,Male,49,2027,0.0031,0.0030,0.0033,0.0028,0.0035,0.0027,0.0037
M6,Male,49,2028,0.0032,0.0030,0.0034,0.0028,0.0035,0.0027,0.0038
M6,Male,49,2029,0.0033,0.0030,0.0035,0.0028,0.0037,0.0026,0.0040
M6,Male,49,2030,0.0032,0.0029,0.0034,0.0027,0.0037,0.0025,0.0040
M6,Male,49,2031,0.0032,0.0029,0.0035,0.0027,0.0038,0.0025,0.0041
M6,Male,49,2032,0.0033,0.0030,0.0036,0.0027,0.0039,0.0025,0.0043
M6,Male,49,2033,0.0033,0.0029,0.0036,0.0027,0.0040,0.0024,0.0045
M6,Male,49,2034,0.0032,0.0028,0.0036,0.0025,0.0040,0.0023,0.0045
M6,Male,49,2035,0.0032,0.0028,0.0036,0.0025,0.0041,0.0022,0.0046
M6,Male,49,2036,0.0033,0.0029,0.0037,0.0025,0.0043,0.0022,0.0049
M6,Male,49,2037,0.0033,0.0028,0.0038,0.0025,0.0044,0.0021,0.0051
M6,Male,49,2038,0.0034,0.0028,0.0039,0.0024,0.0045,0.0021,0.0054
M6,Male,49,2039,0.0033,0.0028,0.0039,0.0024,0.0046,0.0020,0.0054
M6,Male,49,2040,0.0035,0.0029,0.0041,0.0024,0.0049,0.0020,0.0059
M6,Male,50,2021,0.0033,0.0032,0.0033,0.0032,0.0034,0.0032,0.0034
M6,Male,50,2022,0.0032,0.0032,0.0033,0.0031,0.0033,0.0031,0.0034
M6,Male,50,2023,0.0032,0.0032,0.0033,0.0031,0.0034,0.0030,0.0035
M6,Male,50,2024,0.0032,0.0031,0.0033,0.0030,0.0034,0.0029,0.0035
M6,Male,50,2025,0.0032,0.0031,0.0033,0.0030,0.0034,0.0029,0.0036
M6,Male,50,2026,0.0033,0.0032,0.0035,0.0031,0.0036,0.0029,0.0038
M6,Male,50,2027,0.0033,0.0031,0.0035,0.0030,0.0036,0.0028,0.0038
M6,Male,50,2028,0.0035,0.0033,0.0037,0.0031,0.0039,0.0029,0.0041
M6,Male,50,2029,0.0035,0.0033,0.0037,0.0031,0.0040,0.0029,0.0043
M6,Male,50,2030,0.0036,0.0033,0.0039,0.0031,0.0041,0.0028,0.0045
M6,Male,50,2031,0.0035,0.0032,0.0038,0.0030,0.0041,0.0027,0.0045
M6,Male,50,2032,0.0036,0.0032,0.0039,0.0029,0.0043,0.0027,0.0047
M6,Male,50,2033,0.0036,0.0032,0.0040,0.0029,0.0044,0.0027,0.0049
M6,Male,50,2034,0.0037,0.0032,0.0041,0.0029,0.0045,0.0026,0.0051
M6,Male,50,2035,0.0036,0.0031,0.0040,0.0028,0.0045,0.0024,0.0051
M6,Male,50,2036,0.0036,0.0031,0.0040,0.0027,0.0046,0.0024,0.0053
M6,Male,50,2037,0.0037,0.0032,0.0042,0.0028,0.0048,0.0024,0.0057
M6,Male,50,2038,0.0037,0.0031,0.0043,0.0027,0.0050,0.0023,0.0059
M6,Male,50,2039,0.0038,0.0031,0.0044,0.0027,0.0052,0.0022,0.0061
M6,Male,50,2040,0.0037,0.0031,0.0044,0.0026,0.0052,0.0021,0.0063
M6,Male,51,2021,0.0035,0.0035,0.0036,0.0034,0.0036,0.0034,0.0037
M6,Male,51,2022,0.0035,0.0034,0.0036,0.0034,0.0036,0.0033,0.0037
M6,Male,51,2023,0.0036,0.0035,0.0036,0.0034,0.0037,0.0033,0.0038
M6,Male,51,2024,0.0035,0.0034,0.0036,0.0033,0.0037,0.0032,0.0038
M6,Male,51,2025,0.0035,0.0034,0.0036,0.0032,0.0037,0.0031,0.0039
M6,Male,51,2026,0.0035,0.0034,0.0037,0.0032,0.0038,0.0031,0.0040
M6,Male,51,2027,0.0036,0.0034,0.0038,0.0032,0.0040,0.0031,0.0042
M6,Male,51,2028,0.0036,0.0034,0.0038,0.0032,0.0040,0.0030,0.0042
M6,Male,51,2029,0.0038,0.0035,0.0040,0.0033,0.0043,0.0031,0.0046
M6,Male,51,2030,0.0038,0.0035,0.0041,0.0033,0.0044,0.0030,0.0048
M6,Male,51,2031,0.0039,0.0036,0.0042,0.0033,0.0046,0.0030,0.0050
M6,Male,51,2032,0.0039,0.0035,0.0042,0.0032,0.0046,0.0029,0.0051
M6,Male,51,2033,0.0039,0.0035,0.0043,0.0032,0.0047,0.0029,0.0053
M6,Male,51,2034,0.0040,0.0035,0.0044,0.0032,0.0049,0.0028,0.0056
M6,Male,51,2035,0.0040,0.0035,0.0045,0.0031,0.0050,0.0028,0.0057
M6,Male,51,2036,0.0039,0.0034,0.0044,0.0030,0.0050,0.0026,0.0058
M6,Male,51,2037,0.0039,0.0034,0.0045,0.0029,0.0051,0.0025,0.0060
M6,Male,51,2038,0.0041,0.0034,0.0047,0.0029,0.0054,0.0025,0.0064
M6,Male,51,2039,0.0041,0.0034,0.0048,0.0029,0.0055,0.0024,0.0066
M6,Male,51,2040,0.0042,0.0034,0.0049,0.0029,0.0058,0.0024,0.0070
M6,Male,52,2021,0.0039,0.0039,0.0040,0.0038,0.0040,0.0038,0.0041
M6,Male,52,2022,0.0038,0.0037,0.0038,0.0036,0.0039,0.0036,0.0040
M6,Male,52,2023,0.0039,0.0038,0.0039,0.0037,0.0040,0.0036,0.0041
M6,Male,52,2024,0.0038,0.0037,0.0040,0.0036,0.0041,0.0035,0.0042
M6,Male,52,2025,0.0038,0.0036,0.0039,0.0035,0.0040,0.0034,0.0042
M6,Male,52,2026,0.0038,0.0037,0.0040,0.0035,0.0041,0.0033,0.0043
M6,Male,52,2027,0.0038,0.0036,0.0040,0.0034,0.0042,0.0033,0.0044
M6,Male,52,2028,0.0039,0.0037,0.0042,0.0035,0.0044,0.0033,0.0046
M6,Male,52,2029,0.0039,0.0036,0.0042,0.0034,0.0044,0.0032,0.0047
M6,Male,52,2030,0.0041,0.0038,0.0044,0.0035,0.0048,0.0033,0.0052
M6,Male,52,2031,0.0042,0.0038,0.0045,0.0035,0.0049,0.0032,0.0053
M6,Male,52,2032,0.0043,0.0039,0.0047,0.0035,0.0051,0.0032,0.0056
M6,Male,52,2033,0.0042,0.0038,0.0047,0.0034,0.0051,0.0031,0.0057
M6,Male,52,2034,0.0043,0.0038,0.0047,0.0034,0.0053,0.0031,0.0060
M6,Male,52,2035,0.0044,0.0038,0.0049,0.0034,0.0055,0.0030,0.0062
M6,Male,52,2036,0.0044,0.0038,0.0050,0.0033,0.0056,0.0029,0.0065
M6,Male,52,2037,0.0043,0.0037,0.0049,0.0032,0.0056,0.0027,0.0066
M6,Male,52,2038,0.0043,0.0036,0.0050,0.0031,0.0057,0.0027,0.0068
M6,Male,52,2039,0.0045,0.0037,0.0052,0.0032,0.0060,0.0026,0.0072
M6,Male,52,2040,0.0045,0.0037,0.0053,0.0031,0.0063,0.0026,0.0075
M6,Male,53,2021,0.0044,0.0043,0.0044,0.0043,0.0045,0.0042,0.0045
M6,Male,53,2022,0.0043,0.0042,0.0043,0.0041,0.0044,0.0041,0.0045
M6,Male,53,2023,0.0043,0.0042,0.0044,0.0041,0.0044,0.0040,0.0046
M6,Male,53,2024,0.0043,0.0041,0.0044,0.0040,0.0045,0.0039,0.0047
M6,Male,53,2025,0.0043,0.0041,0.0044,0.0040,0.0046,0.0038,0.0048
M6,Male,53,2026,0.0042,0.0041,0.0044,0.0039,0.0046,0.0037,0.0048
M6,Male,53,2027,0.0042,0.0040,0.0045,0.0038,0.0047,0.0036,0.0049
M6,Male,53,2028,0.0043,0.0040,0.0045,0.0038,0.0047,0.0036,0.0050
M6,Male,53,2029,0.0044,0.0041,0.0047,0.0039,0.0050,0.0036,0.0054
M6,Male,53,2030,0.0044,0.0040,0.0047,0.0037,0.0050,0.0035,0.0055
M6,Male,53,2031,0.0047,0.0042,0.0050,0.0039,0.0054,0.0036,0.0059
M6,Male,53,2032,0.0047,0.0042,0.0051,0.0039,0.0055,0.0035,0.0061
M6,Male,53,2033,0.0048,0.0043,0.0053,0.0039,0.0058,0.0035,0.0065
M6,Male,53,2034,0.0048,0.0042,0.0053,0.0038,0.0059,0.0034,0.0067
M6,Male,53,2035,0.0048,0.0042,0.0054,0.0038,0.0061,0.0033,0.0069
M6,Male,53,2036,0.0049,0.0042,0.0055,0.0037,0.0063,0.0033,0.0073
M6,Male,53,2037,0.0050,0.0042,0.0057,0.0037,0.0065,0.0032,0.0076
M6,Male,53,2038,0.0048,0.0041,0.0056,0.0035,0.0065,0.0030,0.0076
M6,Male,53,2039,0.0049,0.0041,0.0057,0.0035,0.0066,0.0029,0.0079
M6,Male,53,2040,0.0051,0.0042,0.0060,0.0035,0.0070,0.0029,0.0085
M6,Male,54,2021,0.0049,0.0048,0.0049,0.0048,0.0050,0.0047,0.0051
M6,Male,54,2022,0.0047,0.0046,0.0048,0.0045,0.0048,0.0044,0.0049
M6,Male,54,2023,0.0047,0.0046,0.0048,0.0045,0.0049,0.0044,0.0051
M6,Male,54,2024,0.0046,0.0045,0.0048,0.0044,0.0049,0.0042,0.0051
M6,Male,54,2025,0.0047,0.0045,0.0048,0.0043,0.0050,0.0042,0.0052
M6,Male,54,2026,0.0047,0.0045,0.0049,0.0043,0.0051,0.0041,0.0053
M6,Male,54,2027,0.0046,0.0044,0.0048,0.0041,0.0050,0.0040,0.0054
M6,Male,54,2028,0.0047,0.0044,0.0049,0.0041,0.0052,0.0039,0.0055
M6,Male,54,2029,0.0047,0.0043,0.0050,0.0041,0.0053,0.0038,0.0057
M6,Male,54,2030,0.0048,0.0045,0.0052,0.0041,0.0056,0.0038,0.0060
M6,Male,54,2031,0.0048,0.0044,0.0052,0.0041,0.0056,0.0037,0.0062
M6,Male,54,2032,0.0051,0.0046,0.0056,0.0042,0.0060,0.0039,0.0067
M6,Male,54,2033,0.0052,0.0046,0.0057,0.0042,0.0062,0.0038,0.0070
M6,Male,54,2034,0.0053,0.0047,0.0059,0.0042,0.0065,0.0038,0.0074
M6,Male,54,2035,0.0052,0.0046,0.0059,0.0041,0.0066,0.0036,0.0075
M6,Male,54,2036,0.0053,0.0046,0.0060,0.0040,0.0068,0.0035,0.0079
M6,Male,54,2037,0.0054,0.0046,0.0062,0.0041,0.0071,0.0035,0.0083
M6,Male,54,2038,0.0055,0.0046,0.0064,0.0040,0.0073,0.0034,0.0086
M6,Male,54,2039,0.0054,0.0045,0.0063,0.0038,0.0073,0.0032,0.0087
M6,Male,54,2040,0.0054,0.0044,0.0064,0.0037,0.0075,0.0031,0.0091
M6,Male,55,2021,0.0055,0.0055,0.0056,0.0054,0.0057,0.0053,0.0057
M6,Male,55,2022,0.0054,0.0053,0.0054,0.0052,0.0055,0.0051,0.0056
M6,Male,55,2023,0.0053,0.0052,0.0054,0.0051,0.0055,0.0050,0.0057
M6,Male,55,2024,0.0053,0.0051,0.0054,0.0050,0.0056,0.0048,0.0057
M6,Male,55,2025,0.0052,0.0050,0.0054,0.0048,0.0055,0.0046,0.0057
M6,Male,55,2026,0.0053,0.0050,0.0055,0.0048,0.0057,0.0046,0.0060
M6,Male,55,2027,0.0052,0.0050,0.0055,0.0047,0.0057,0.0045,0.0061
M6,Male,55,2028,0.0052,0.0049,0.0055,0.0046,0.0058,0.0043,0.0061
M6,Male,55,2029,0.0053,0.0049,0.0056,0.0046,0.0059,0.0043,0.0064
M6,Male,55,2030,0.0052,0.0048,0.0056,0.0045,0.0060,0.0042,0.0065
M6,Male,55,2031,0.0055,0.0050,0.0059,0.0046,0.0064,0.0042,0.0070
M6,Male,55,2032,0.0054,0.0049,0.0059,0.0045,0.0064,0.0041,0.0071
M6,Male,55,2033,0.0058,0.0051,0.0064,0.0047,0.0069,0.0042,0.0077
M6,Male,55,2034,0.0058,0.0052,0.0065,0.0046,0.0072,0.0042,0.0082
M6,Male,55,2035,0.0060,0.0052,0.0067,0.0047,0.0075,0.0041,0.0086
M6,Male,55,2036,0.0059,0.0051,0.0067,0.0045,0.0076,0.0039,0.0089
M6,Male,55,2037,0.0060,0.0051,0.0069,0.0045,0.0078,0.0039,0.0092
M6,Male,55,2038,0.0061,0.0052,0.0071,0.0045,0.0082,0.0038,0.0097
M6,Male,55,2039,0.0062,0.0052,0.0073,0.0044,0.0084,0.0037,0.0101
M6,Male,55,2040,0.0061,0.0050,0.0072,0.0042,0.0085,0.0035,0.0103
M6,Male,56,2021,0.0062,0.0061,0.0063,0.0061,0.0064,0.0060,0.0064
M6,Male,56,2022,0.0059,0.0058,0.0060,0.0057,0.0061,0.0056,0.0063
M6,Male,56,2023,0.0060,0.0058,0.0061,0.0057,0.0062,0.0056,0.0064
M6,Male,56,2024,0.0058,0.0056,0.0060,0.0054,0.0061,0.0053,0.0063
M6,Male,56,2025,0.0057,0.0056,0.0060,0.0054,0.0061,0.0051,0.0064
M6,Male,56,2026,0.0057,0.0055,0.0060,0.0052,0.0062,0.0050,0.0065
M6,Male,56,2027,0.0057,0.0054,0.0060,0.0052,0.0063,0.0049,0.0067
M6,Male,56,2028,0.0058,0.0054,0.0061,0.0051,0.0064,0.0048,0.0068
M6,Male,56,2029,0.0057,0.0053,0.0061,0.0050,0.0065,0.0047,0.0069
M6,Male,56,2030,0.0058,0.0053,0.0062,0.0049,0.0066,0.0046,0.0071
M6,Male,56,2031,0.0058,0.0053,0.0062,0.0049,0.0068,0.0045,0.0074
M6,Male,56,2032,0.0060,0.0054,0.0065,0.0050,0.0071,0.0045,0.0079
M6,Male,56,2033,0.0060,0.0053,0.0066,0.0048,0.0072,0.0044,0.0081
M6,Male,56,2034,0.0064,0.0056,0.0071,0.0050,0.0078,0.0045,0.0089
M6,Male,56,2035,0.0064,0.0056,0.0072,0.0050,0.0081,0.0045,0.0093
M6,Male,56,2036,0.0066,0.0057,0.0075,0.0050,0.0085,0.0044,0.0099
M6,Male,56,2037,0.0066,0.0056,0.0075,0.0049,0.0086,0.0042,0.0101
M6,Male,56,2038,0.0067,0.0056,0.0077,0.0049,0.0089,0.0041,0.0106
M6,Male,56,2039,0.0068,0.0056,0.0080,0.0049,0.0093,0.0040,0.0111
M6,Male,56,2040,0.0069,0.0056,0.0082,0.0048,0.0096,0.0040,0.0117
M6,Male,57,2021,0.0066,0.0065,0.0067,0.0065,0.0068,0.0064,0.0069
M6,Male,57,2022,0.0064,0.0063,0.0065,0.0062,0.0066,0.0060,0.0067
M6,Male,57,2023,0.0063,0.0062,0.0064,0.0060,0.0066,0.0059,0.0067
M6,Male,57,2024,0.0062,0.0060,0.0063,0.0058,0.0065,0.0056,0.0067
M6,Male,57,2025,0.0060,0.0058,0.0062,0.0056,0.0064,0.0054,0.0067
M6,Male,57,2026,0.0060,0.0058,0.0063,0.0055,0.0065,0.0053,0.0069
M6,Male,57,2027,0.0059,0.0056,0.0062,0.0053,0.0065,0.0051,0.0069
M6,Male,57,2028,0.0060,0.0056,0.0063,0.0053,0.0067,0.0050,0.0071
M6,Male,57,2029,0.0061,0.0056,0.0064,0.0053,0.0069,0.0049,0.0073
M6,Male,57,2030,0.0060,0.0055,0.0064,0.0051,0.0069,0.0047,0.0074
M6,Male,57,2031,0.0061,0.0055,0.0066,0.0051,0.0071,0.0047,0.0077
M6,Male,57,2032,0.0061,0.0055,0.0066,0.0050,0.0072,0.0046,0.0080
M6,Male,57,2033,0.0063,0.0056,0.0070,0.0051,0.0076,0.0046,0.0085
M6,Male,57,2034,0.0063,0.0056,0.0070,0.0050,0.0077,0.0045,0.0088
M6,Male,57,2035,0.0067,0.0059,0.0075,0.0052,0.0084,0.0046,0.0097
M6,Male,57,2036,0.0068,0.0059,0.0077,0.0052,0.0087,0.0045,0.0102
M6,Male,57,2037,0.0070,0.0060,0.0080,0.0052,0.0091,0.0045,0.0108
M6,Male,57,2038,0.0069,0.0058,0.0080,0.0051,0.0093,0.0043,0.0110
M6,Male,57,2039,0.0071,0.0058,0.0083,0.0050,0.0096,0.0042,0.0116
M6,Male,57,2040,0.0072,0.0059,0.0086,0.0050,0.0101,0.0042,0.0122
M6,Male,58,2021,0.0075,0.0074,0.0076,0.0074,0.0077,0.0073,0.0078
M6,Male,58,2022,0.0072,0.0071,0.0073,0.0070,0.0075,0.0069,0.0076
M6,Male,58,2023,0.0072,0.0070,0.0073,0.0069,0.0075,0.0067,0.0077
M6,Male,58,2024,0.0069,0.0067,0.0072,0.0065,0.0073,0.0063,0.0076
M6,Male,58,2025,0.0068,0.0066,0.0071,0.0064,0.0073,0.0061,0.0076
M6,Male,58,2026,0.0067,0.0065,0.0070,0.0062,0.0073,0.0059,0.0076
M6,Male,58,2027,0.0067,0.0063,0.0070,0.0060,0.0073,0.0057,0.0078
M6,Male,58,2028,0.0066,0.0062,0.0070,0.0059,0.0074,0.0056,0.0078
M6,Male,58,2029,0.0067,0.0063,0.0071,0.0059,0.0076,0.0055,0.0081
M6,Male,58,2030,0.0067,0.0062,0.0072,0.0058,0.0078,0.0053,0.0083
M6,Male,58,2031,0.0067,0.0061,0.0072,0.0056,0.0078,0.0052,0.0085
M6,Male,58,2032,0.0068,0.0061,0.0074,0.0056,0.0080,0.0051,0.0089
M6,Male,58,2033,0.0068,0.0061,0.0075,0.0055,0.0082,0.0050,0.0092
M6,Male,58,2034,0.0071,0.0062,0.0079,0.0056,0.0087,0.0050,0.0099
M6,Male,58,2035,0.0071,0.0062,0.0079,0.0055,0.0088,0.0049,0.0102
M6,Male,58,2036,0.0075,0.0065,0.0085,0.0057,0.0096,0.0050,0.0113
M6,Male,58,2037,0.0076,0.0065,0.0088,0.0057,0.0099,0.0049,0.0118
M6,Male,58,2038,0.0079,0.0066,0.0091,0.0057,0.0105,0.0049,0.0124
M6,Male,58,2039,0.0078,0.0065,0.0092,0.0056,0.0106,0.0046,0.0128
M6,Male,58,2040,0.0080,0.0065,0.0095,0.0055,0.0111,0.0046,0.0135
M6,Male,59,2021,0.0084,0.0083,0.0085,0.0082,0.0086,0.0081,0.0087
M6,Male,59,2022,0.0080,0.0079,0.0081,0.0077,0.0083,0.0076,0.0084
M6,Male,59,2023,0.0079,0.0078,0.0081,0.0076,0.0082,0.0074,0.0084
M6,Male,59,2024,0.0077,0.0075,0.0079,0.0072,0.0081,0.0070,0.0084
M6,Male,59,2025,0.0075,0.0072,0.0077,0.0070,0.0080,0.0067,0.0083
M6,Male,59,2026,0.0074,0.0071,0.0078,0.0068,0.0080,0.0065,0.0084
M6,Male,59,2027,0.0072,0.0069,0.0076,0.0065,0.0079,0.0062,0.0084
M6,Male,59,2028,0.0073,0.0068,0.0077,0.0065,0.0081,0.0061,0.0085
M6,Male,59,2029,0.0072,0.0067,0.0076,0.0063,0.0081,0.0059,0.0087
M6,Male,59,2030,0.0073,0.0067,0.0078,0.0062,0.0084,0.0057,0.0090
M6,Male,59,2031,0.0073,0.0067,0.0080,0.0062,0.0086,0.0057,0.0093
M6,Male,59,2032,0.0073,0.0066,0.0079,0.0060,0.0086,0.0055,0.0096
M6,Male,59,2033,0.0074,0.0066,0.0081,0.0059,0.0088,0.0054,0.0100
M6,Male,59,2034,0.0074,0.0065,0.0082,0.0059,0.0091,0.0053,0.0104
M6,Male,59,2035,0.0077,0.0067,0.0086,0.0060,0.0096,0.0053,0.0112
M6,Male,59,2036,0.0077,0.0066,0.0087,0.0058,0.0098,0.0051,0.0115
M6,Male,59,2037,0.0082,0.0070,0.0094,0.0061,0.0107,0.0053,0.0127
M6,Male,59,2038,0.0083,0.0070,0.0096,0.0061,0.0111,0.0052,0.0131
M6,Male,59,2039,0.0086,0.0072,0.0101,0.0061,0.0117,0.0051,0.0141
M6,Male,59,2040,0.0085,0.0070,0.0102,0.0059,0.0120,0.0050,0.0146
M6,Male,60,2021,0.0092,0.0091,0.0094,0.0090,0.0095,0.0089,0.0096
M6,Male,60,2022,0.0089,0.0088,0.0091,0.0087,0.0092,0.0085,0.0094
M6,Male,60,2023,0.0088,0.0086,0.0090,0.0085,0.0092,0.0083,0.0094
M6,Male,60,2024,0.0085,0.0083,0.0088,0.0080,0.0090,0.0078,0.0093
M6,Male,60,2025,0.0083,0.0080,0.0086,0.0078,0.0089,0.0075,0.0092
M6,Male,60,2026,0.0082,0.0078,0.0085,0.0075,0.0088,0.0072,0.0093
M6,Male,60,2027,0.0080,0.0076,0.0084,0.0072,0.0088,0.0069,0.0093
M6,Male,60,2028,0.0079,0.0074,0.0084,0.0070,0.0088,0.0066,0.0093
M6,Male,60,2029,0.0079,0.0074,0.0084,0.0069,0.0090,0.0065,0.0096
M6,Male,60,2030,0.0078,0.0072,0.0084,0.0067,0.0090,0.0062,0.0097
M6,Male,60,2031,0.0079,0.0073,0.0086,0.0067,0.0093,0.0061,0.0101
M6,Male,60,2032,0.0080,0.0072,0.0087,0.0066,0.0095,0.0060,0.0105
M6,Male,60,2033,0.0079,0.0071,0.0088,0.0064,0.0095,0.0058,0.0107
M6,Male,60,2034,0.0081,0.0071,0.0090,0.0064,0.0099,0.0057,0.0113
M6,Male,60,2035,0.0081,0.0071,0.0091,0.0063,0.0101,0.0056,0.0118
M6,Male,60,2036,0.0084,0.0073,0.0096,0.0064,0.0108,0.0056,0.0126
M6,Male,60,2037,0.0084,0.0072,0.0097,0.0063,0.0110,0.0055,0.0131
M6,Male,60,2038,0.0090,0.0076,0.0104,0.0066,0.0120,0.0056,0.0142
M6,Male,60,2039,0.0091,0.0076,0.0108,0.0065,0.0125,0.0054,0.0149
M6,Male,60,2040,0.0095,0.0078,0.0112,0.0066,0.0133,0.0055,0.0161
M6,Male,61,2021,0.0105,0.0104,0.0106,0.0103,0.0108,0.0101,0.0109
M6,Male,61,2022,0.0101,0.0100,0.0103,0.0098,0.0105,0.0096,0.0106
M6,Male,61,2023,0.0101,0.0099,0.0104,0.0097,0.0106,0.0095,0.0108
M6,Male,61,2024,0.0097,0.0095,0.0100,0.0092,0.0103,0.0089,0.0106
M6,Male,61,2025,0.0095,0.0092,0.0098,0.0088,0.0101,0.0085,0.0105
M6,Male,61,2026,0.0094,0.0090,0.0098,0.0086,0.0101,0.0082,0.0106
M6,Male,61,2027,0.0091,0.0086,0.0096,0.0082,0.0099,0.0078,0.0105
M6,Male,61,2028,0.0090,0.0085,0.0095,0.0080,0.0101,0.0076,0.0106
M6,Male,61,2029,0.0089,0.0083,0.0095,0.0077,0.0100,0.0072,0.0107
M6,Male,61,2030,0.0089,0.0082,0.0095,0.0076,0.0102,0.0070,0.0110
M6,Male,61,2031,0.0088,0.0080,0.0095,0.0074,0.0103,0.0068,0.0112
M6,Male,61,2032,0.0089,0.0081,0.0097,0.0074,0.0106,0.0067,0.0117
M6,Male,61,2033,0.0090,0.0080,0.0100,0.0073,0.0108,0.0066,0.0122
M6,Male,61,2034,0.0089,0.0079,0.0099,0.0071,0.0110,0.0063,0.0125
M6,Male,61,2035,0.0091,0.0080,0.0102,0.0070,0.0113,0.0063,0.0132
M6,Male,61,2036,0.0091,0.0079,0.0103,0.0070,0.0116,0.0061,0.0137
M6,Male,61,2037,0.0095,0.0081,0.0109,0.0071,0.0124,0.0061,0.0147
M6,Male,61,2038,0.0095,0.0081,0.0111,0.0069,0.0128,0.0059,0.0151
M6,Male,61,2039,0.0102,0.0085,0.0120,0.0072,0.0139,0.0060,0.0166
M6,Male,61,2040,0.0104,0.0085,0.0123,0.0072,0.0146,0.0060,0.0175
M6,Male,62,2021,0.0115,0.0113,0.0116,0.0112,0.0117,0.0110,0.0119
M6,Male,62,2022,0.0111,0.0110,0.0113,0.0108,0.0115,0.0106,0.0117
M6,Male,62,2023,0.0111,0.0109,0.0114,0.0107,0.0116,0.0104,0.0119
M6,Male,62,2024,0.0108,0.0105,0.0112,0.0102,0.0114,0.0099,0.0118
M6,Male,62,2025,0.0105,0.0101,0.0109,0.0098,0.0112,0.0094,0.0117
M6,Male,62,2026,0.0103,0.0099,0.0108,0.0095,0.0111,0.0091,0.0117
M6,Male,62,2027,0.0101,0.0096,0.0106,0.0091,0.0110,0.0087,0.0116
M6,Male,62,2028,0.0099,0.0093,0.0104,0.0087,0.0110,0.0083,0.0116
M6,Male,62,2029,0.0098,0.0091,0.0104,0.0085,0.0111,0.0080,0.0119
M6,Male,62,2030,0.0096,0.0088,0.0103,0.0082,0.0110,0.0076,0.0118
M6,Male,62,2031,0.0096,0.0088,0.0105,0.0081,0.0113,0.0074,0.0123
M6,Male,62,2032,0.0095,0.0086,0.0104,0.0079,0.0113,0.0072,0.0125
M6,Male,62,2033,0.0097,0.0087,0.0107,0.0079,0.0116,0.0071,0.0131
M6,Male,62,2034,0.0098,0.0086,0.0109,0.0078,0.0120,0.0069,0.0137
M6,Male,62,2035,0.0097,0.0085,0.0109,0.0075,0.0122,0.0067,0.0141
M6,Male,62,2036,0.0099,0.0086,0.0112,0.0075,0.0126,0.0066,0.0148
M6,Male,62,2037,0.0100,0.0085,0.0115,0.0075,0.0130,0.0064,0.0154
M6,Male,62,2038,0.0104,0.0088,0.0121,0.0076,0.0139,0.0064,0.0165
M6,Male,62,2039,0.0104,0.0087,0.0122,0.0074,0.0143,0.0061,0.0170
M6,Male,62,2040,0.0111,0.0091,0.0132,0.0077,0.0157,0.0064,0.0189
M6,Male,63,2021,0.0128,0.0126,0.0130,0.0125,0.0131,0.0124,0.0133
M6,Male,63,2022,0.0124,0.0122,0.0126,0.0120,0.0128,0.0118,0.0130
M6,Male,63,2023,0.0125,0.0122,0.0127,0.0119,0.0130,0.0117,0.0133
M6,Male,63,2024,0.0121,0.0118,0.0125,0.0114,0.0128,0.0110,0.0132
M6,Male,63,2025,0.0119,0.0115,0.0124,0.0111,0.0127,0.0107,0.0133
M6,Male,63,2026,0.0117,0.0112,0.0122,0.0107,0.0126,0.0102,0.0132
M6,Male,63,2027,0.0113,0.0107,0.0119,0.0102,0.0124,0.0097,0.0131
M6,Male,63,2028,0.0111,0.0105,0.0118,0.0099,0.0124,0.0093,0.0131
M6,Male,63,2029,0.0109,0.0102,0.0116,0.0095,0.0124,0.0089,0.0133
M6,Male,63,2030,0.0108,0.0100,0.0116,0.0093,0.0124,0.0085,0.0133
M6,Male,63,2031,0.0106,0.0097,0.0116,0.0090,0.0124,0.0082,0.0136
M6,Male,63,2032,0.0107,0.0097,0.0117,0.0088,0.0127,0.0081,0.0140
M6,Male,63,2033,0.0106,0.0095,0.0117,0.0086,0.0127,0.0077,0.0143
M6,Male,63,2034,0.0108,0.0095,0.0120,0.0085,0.0132,0.0076,0.0151
M6,Male,63,2035,0.0109,0.0096,0.0123,0.0085,0.0137,0.0075,0.0158
M6,Male,63,2036,0.0108,0.0094,0.0123,0.0082,0.0138,0.0072,0.0162
M6,Male,63,2037,0.0110,0.0094,0.0127,0.0082,0.0144,0.0070,0.0169
M6,Male,63,2038,0.0111,0.0094,0.0129,0.0081,0.0149,0.0069,0.0176
M6,Male,63,2039,0.0116,0.0097,0.0136,0.0083,0.0159,0.0068,0.0190
M6,Male,63,2040,0.0117,0.0095,0.0138,0.0081,0.0164,0.0067,0.0197
M6,Male,64,2021,0.0139,0.0137,0.0141,0.0136,0.0142,0.0134,0.0144
M6,Male,64,2022,0.0136,0.0134,0.0139,0.0132,0.0141,0.0129,0.0143
M6,Male,64,2023,0.0136,0.0133,0.0139,0.0130,0.0142,0.0128,0.0145
M6,Male,64,2024,0.0133,0.0130,0.0138,0.0126,0.0141,0.0122,0.0145
M6,Male,64,2025,0.0131,0.0126,0.0136,0.0122,0.0140,0.0117,0.0146
M6,Male,64,2026,0.0130,0.0124,0.0136,0.0119,0.0140,0.0114,0.0147
M6,Male,64,2027,0.0125,0.0119,0.0132,0.0113,0.0137,0.0108,0.0145
M6,Male,64,2028,0.0123,0.0116,0.0130,0.0109,0.0137,0.0103,0.0145
M6,Male,64,2029,0.0121,0.0113,0.0129,0.0106,0.0137,0.0099,0.0147
M6,Male,64,2030,0.0118,0.0109,0.0128,0.0101,0.0136,0.0094,0.0146
M6,Male,64,2031,0.0118,0.0107,0.0128,0.0099,0.0137,0.0090,0.0150
M6,Male,64,2032,0.0116,0.0105,0.0126,0.0095,0.0138,0.0087,0.0152
M6,Male,64,2033,0.0116,0.0104,0.0129,0.0094,0.0140,0.0085,0.0157
M6,Male,64,2034,0.0115,0.0102,0.0129,0.0091,0.0141,0.0081,0.0162
M6,Male,64,2035,0.0117,0.0103,0.0132,0.0091,0.0147,0.0081,0.0170
M6,Male,64,2036,0.0119,0.0103,0.0135,0.0090,0.0152,0.0079,0.0178
M6,Male,64,2037,0.0118,0.0101,0.0136,0.0089,0.0155,0.0075,0.0180
M6,Male,64,2038,0.0121,0.0102,0.0140,0.0088,0.0161,0.0074,0.0190
M6,Male,64,2039,0.0122,0.0101,0.0143,0.0087,0.0167,0.0071,0.0199
M6,Male,64,2040,0.0127,0.0104,0.0151,0.0089,0.0179,0.0073,0.0216
M6,Male,65,2021,0.0155,0.0153,0.0157,0.0151,0.0159,0.0149,0.0161
M6,Male,65,2022,0.0151,0.0149,0.0154,0.0147,0.0156,0.0144,0.0159
M6,Male,65,2023,0.0153,0.0150,0.0157,0.0147,0.0160,0.0144,0.0164
M6,Male,65,2024,0.0149,0.0145,0.0154,0.0141,0.0158,0.0136,0.0162
M6,Male,65,2025,0.0148,0.0143,0.0153,0.0138,0.0158,0.0132,0.0164
M6,Male,65,2026,0.0146,0.0140,0.0153,0.0134,0.0158,0.0128,0.0166
M6,Male,65,2027,0.0143,0.0136,0.0151,0.0129,0.0157,0.0123,0.0165
M6,Male,65,2028,0.0140,0.0132,0.0148,0.0124,0.0156,0.0117,0.0165
M6,Male,65,2029,0.0137,0.0128,0.0146,0.0119,0.0155,0.0111,0.0166
M6,Male,65,2030,0.0134,0.0124,0.0145,0.0115,0.0155,0.0106,0.0166
M6,Male,65,2031,0.0132,0.0121,0.0143,0.0111,0.0154,0.0101,0.0169
M6,Male,65,2032,0.0131,0.0118,0.0143,0.0108,0.0156,0.0099,0.0172
M6,Male,65,2033,0.0129,0.0115,0.0143,0.0105,0.0156,0.0094,0.0174
M6,Male,65,2034,0.0130,0.0115,0.0145,0.0103,0.0160,0.0092,0.0182
M6,Male,65,2035,0.0129,0.0113,0.0145,0.0100,0.0162,0.0089,0.0187
M6,Male,65,2036,0.0131,0.0114,0.0149,0.0100,0.0168,0.0087,0.0196
M6,Male,65,2037,0.0133,0.0114,0.0153,0.0100,0.0175,0.0085,0.0203
M6,Male,65,2038,0.0133,0.0112,0.0154,0.0097,0.0178,0.0082,0.0208
M6,Male,65,2039,0.0135,0.0113,0.0159,0.0097,0.0185,0.0079,0.0220
M6,Male,65,2040,0.0137,0.0112,0.0163,0.0095,0.0192,0.0079,0.0233
M6,Male,66,2021,0.0167,0.0165,0.0169,0.0163,0.0171,0.0161,0.0173
M6,Male,66,2022,0.0164,0.0162,0.0167,0.0159,0.0170,0.0156,0.0173
M6,Male,66,2023,0.0166,0.0162,0.0170,0.0159,0.0173,0.0155,0.0177
M6,Male,66,2024,0.0164,0.0159,0.0169,0.0154,0.0173,0.0149,0.0178
M6,Male,66,2025,0.0161,0.0156,0.0167,0.0150,0.0172,0.0144,0.0179
M6,Male,66,2026,0.0161,0.0154,0.0168,0.0147,0.0173,0.0141,0.0182
M6,Male,66,2027,0.0157,0.0149,0.0165,0.0141,0.0172,0.0135,0.0181
M6,Male,66,2028,0.0155,0.0146,0.0165,0.0138,0.0173,0.0130,0.0183
M6,Male,66,2029,0.0151,0.0141,0.0162,0.0132,0.0172,0.0123,0.0184
M6,Male,66,2030,0.0148,0.0137,0.0160,0.0127,0.0171,0.0117,0.0183
M6,Male,66,2031,0.0146,0.0134,0.0159,0.0123,0.0170,0.0112,0.0188
M6,Male,66,2032,0.0143,0.0129,0.0156,0.0118,0.0170,0.0108,0.0188
M6,Male,66,2033,0.0142,0.0127,0.0158,0.0116,0.0172,0.0104,0.0192
M6,Male,66,2034,0.0141,0.0124,0.0157,0.0111,0.0173,0.0099,0.0197
M6,Male,66,2035,0.0141,0.0124,0.0159,0.0110,0.0178,0.0097,0.0205
M6,Male,66,2036,0.0141,0.0122,0.0159,0.0107,0.0180,0.0093,0.0210
M6,Male,66,2037,0.0143,0.0122,0.0165,0.0108,0.0188,0.0091,0.0218
M6,Male,66,2038,0.0145,0.0123,0.0169,0.0106,0.0195,0.0089,0.0229
M6,Male,66,2039,0.0145,0.0121,0.0170,0.0104,0.0198,0.0085,0.0234
M6,Male,66,2040,0.0148,0.0121,0.0176,0.0102,0.0207,0.0085,0.0253
M6,Male,67,2021,0.0182,0.0180,0.0185,0.0178,0.0187,0.0176,0.0189
M6,Male,67,2022,0.0181,0.0178,0.0184,0.0175,0.0187,0.0171,0.0190
M6,Male,67,2023,0.0183,0.0180,0.0187,0.0175,0.0191,0.0171,0.0195
M6,Male,67,2024,0.0180,0.0175,0.0186,0.0170,0.0190,0.0164,0.0196
M6,Male,67,2025,0.0180,0.0173,0.0186,0.0167,0.0192,0.0161,0.0199
M6,Male,67,2026,0.0178,0.0170,0.0186,0.0163,0.0193,0.0156,0.0202
M6,Male,67,2027,0.0175,0.0166,0.0185,0.0158,0.0192,0.0150,0.0202
M6,Male,67,2028,0.0173,0.0163,0.0184,0.0153,0.0193,0.0145,0.0204
M6,Male,67,2029,0.0171,0.0160,0.0183,0.0149,0.0194,0.0140,0.0208
M6,Male,67,2030,0.0166,0.0154,0.0180,0.0142,0.0193,0.0131,0.0206
M6,Male,67,2031,0.0164,0.0150,0.0178,0.0137,0.0191,0.0125,0.0210
M6,Male,67,2032,0.0161,0.0146,0.0176,0.0132,0.0192,0.0122,0.0211
M6,Male,67,2033,0.0158,0.0141,0.0176,0.0128,0.0191,0.0115,0.0214
M6,Male,67,2034,0.0158,0.0139,0.0176,0.0125,0.0194,0.0111,0.0222
M6,Male,67,2035,0.0156,0.0136,0.0175,0.0121,0.0196,0.0107,0.0225
M6,Male,67,2036,0.0157,0.0136,0.0178,0.0119,0.0201,0.0104,0.0235
M6,Male,67,2037,0.0156,0.0133,0.0180,0.0118,0.0205,0.0099,0.0238
M6,Male,67,2038,0.0159,0.0135,0.0185,0.0116,0.0214,0.0098,0.0251
M6,Male,67,2039,0.0162,0.0135,0.0190,0.0115,0.0222,0.0095,0.0261
M6,Male,67,2040,0.0161,0.0132,0.0192,0.0112,0.0226,0.0093,0.0275
M6,Male,68,2021,0.0201,0.0198,0.0204,0.0196,0.0206,0.0193,0.0208
M6,Male,68,2022,0.0200,0.0197,0.0204,0.0194,0.0207,0.0190,0.0211
M6,Male,68,2023,0.0205,0.0200,0.0209,0.0196,0.0214,0.0191,0.0218
M6,Male,68,2024,0.0202,0.0196,0.0209,0.0190,0.0214,0.0184,0.0220
M6,Male,68,2025,0.0201,0.0194,0.0208,0.0187,0.0215,0.0180,0.0223
M6,Male,68,2026,0.0202,0.0193,0.0211,0.0185,0.0218,0.0177,0.0229
M6,Male,68,2027,0.0197,0.0188,0.0208,0.0178,0.0217,0.0169,0.0228
M6,Male,68,2028,0.0197,0.0185,0.0208,0.0174,0.0219,0.0164,0.0232
M6,Male,68,2029,0.0194,0.0181,0.0207,0.0169,0.0220,0.0158,0.0236
M6,Male,68,2030,0.0191,0.0177,0.0207,0.0164,0.0221,0.0152,0.0237
M6,Male,68,2031,0.0187,0.0171,0.0204,0.0157,0.0219,0.0143,0.0240
M6,Male,68,2032,0.0183,0.0166,0.0201,0.0151,0.0218,0.0138,0.0241
M6,Male,68,2033,0.0181,0.0162,0.0201,0.0147,0.0219,0.0132,0.0245
M6,Male,68,2034,0.0178,0.0157,0.0200,0.0141,0.0220,0.0125,0.0251
M6,Male,68,2035,0.0177,0.0155,0.0200,0.0138,0.0224,0.0121,0.0257
M6,Male,68,2036,0.0175,0.0152,0.0199,0.0133,0.0226,0.0115,0.0262
M6,Male,68,2037,0.0177,0.0151,0.0204,0.0133,0.0232,0.0112,0.0271
M6,Male,68,2038,0.0176,0.0149,0.0205,0.0128,0.0237,0.0108,0.0278
M6,Male,68,2039,0.0180,0.0150,0.0211,0.0128,0.0247,0.0106,0.0293
M6,Male,68,2040,0.0183,0.0150,0.0217,0.0127,0.0256,0.0105,0.0311
M6,Male,69,2021,0.0218,0.0215,0.0221,0.0213,0.0224,0.0210,0.0227
M6,Male,69,2022,0.0216,0.0212,0.0220,0.0209,0.0223,0.0205,0.0227
M6,Male,69,2023,0.0222,0.0218,0.0227,0.0212,0.0232,0.0208,0.0237
M6,Male,69,2024,0.0221,0.0215,0.0228,0.0208,0.0234,0.0201,0.0241
M6,Male,69,2025,0.0221,0.0213,0.0229,0.0205,0.0236,0.0197,0.0245
M6,Male,69,2026,0.0221,0.0211,0.0231,0.0202,0.0239,0.0193,0.0250
M6,Male,69,2027,0.0219,0.0208,0.0231,0.0198,0.0241,0.0188,0.0253
M6,Male,69,2028,0.0217,0.0204,0.0230,0.0192,0.0242,0.0181,0.0257
M6,Male,69,2029,0.0216,0.0202,0.0231,0.0188,0.0245,0.0175,0.0263
M6,Male,69,2030,0.0212,0.0197,0.0229,0.0182,0.0245,0.0168,0.0263
M6,Male,69,2031,0.0211,0.0193,0.0229,0.0176,0.0247,0.0161,0.0270
M6,Male,69,2032,0.0206,0.0186,0.0225,0.0169,0.0245,0.0154,0.0271
M6,Male,69,2033,0.0202,0.0180,0.0224,0.0164,0.0244,0.0147,0.0273
M6,Male,69,2034,0.0200,0.0176,0.0224,0.0158,0.0247,0.0140,0.0283
M6,Male,69,2035,0.0196,0.0171,0.0221,0.0153,0.0248,0.0135,0.0285
M6,Male,69,2036,0.0196,0.0170,0.0222,0.0149,0.0251,0.0128,0.0292
M6,Male,69,2037,0.0194,0.0165,0.0223,0.0145,0.0253,0.0122,0.0298
M6,Male,69,2038,0.0195,0.0165,0.0227,0.0143,0.0263,0.0120,0.0308
M6,Male,69,2039,0.0195,0.0163,0.0228,0.0139,0.0267,0.0115,0.0320
M6,Male,69,2040,0.0199,0.0163,0.0236,0.0139,0.0278,0.0114,0.0338
M6,Male,70,2021,0.0230,0.0227,0.0233,0.0224,0.0236,0.0221,0.0239
M6,Male,70,2022,0.0231,0.0227,0.0235,0.0223,0.0239,0.0219,0.0243
M6,Male,70,2023,0.0236,0.0231,0.0241,0.0225,0.0247,0.0220,0.0251
M6,Male,70,2024,0.0236,0.0229,0.0244,0.0222,0.0250,0.0214,0.0257
M6,Male,70,2025,0.0237,0.0229,0.0247,0.0221,0.0254,0.0212,0.0264
M6,Male,70,2026,0.0239,0.0229,0.0250,0.0218,0.0258,0.0209,0.0271
M6,Male,70,2027,0.0236,0.0224,0.0249,0.0212,0.0259,0.0202,0.0272
M6,Male,70,2028,0.0237,0.0223,0.0251,0.0209,0.0265,0.0198,0.0281
M6,Male,70,2029,0.0234,0.0219,0.0251,0.0204,0.0266,0.0190,0.0285
M6,Male,70,2030,0.0232,0.0215,0.0250,0.0199,0.0268,0.0183,0.0287
M6,Male,70,2031,0.0230,0.0210,0.0250,0.0192,0.0269,0.0175,0.0295
M6,Male,70,2032,0.0228,0.0206,0.0249,0.0187,0.0271,0.0170,0.0300
M6,Male,70,2033,0.0222,0.0199,0.0247,0.0180,0.0269,0.0161,0.0302
M6,Male,70,2034,0.0219,0.0193,0.0245,0.0173,0.0270,0.0153,0.0311
M6,Male,70,2035,0.0216,0.0189,0.0244,0.0168,0.0274,0.0148,0.0315
M6,Male,70,2036,0.0213,0.0185,0.0242,0.0162,0.0274,0.0139,0.0317
M6,Male,70,2037,0.0213,0.0182,0.0244,0.0160,0.0278,0.0134,0.0329
M6,Male,70,2038,0.0210,0.0177,0.0245,0.0153,0.0284,0.0129,0.0333
M6,Male,70,2039,0.0213,0.0177,0.0249,0.0152,0.0293,0.0126,0.0350
M6,Male,70,2040,0.0212,0.0174,0.0251,0.0148,0.0298,0.0121,0.0361
M6,Male,71,2021,0.0252,0.0248,0.0255,0.0245,0.0258,0.0242,0.0262
M6,Male,71,2022,0.0255,0.0250,0.0260,0.0246,0.0264,0.0241,0.0268
M6,Male,71,2023,0.0264,0.0258,0.0270,0.0252,0.0276,0.0246,0.0282
M6,Male,71,2024,0.0262,0.0254,0.0271,0.0246,0.0277,0.0238,0.0286
M6,Male,71,2025,0.0265,0.0256,0.0276,0.0247,0.0284,0.0237,0.0295
M6,Male,71,2026,0.0269,0.0258,0.0281,0.0245,0.0291,0.0235,0.0306
M6,Male,71,2027,0.0267,0.0253,0.0281,0.0240,0.0294,0.0228,0.0308
M6,Male,71,2028,0.0267,0.0251,0.0283,0.0236,0.0299,0.0223,0.0317
M6,Male,71,2029,0.0267,0.0250,0.0286,0.0233,0.0304,0.0216,0.0325
M6,Male,71,2030,0.0263,0.0244,0.0285,0.0226,0.0305,0.0208,0.0326
M6,Male,71,2031,0.0263,0.0241,0.0287,0.0220,0.0307,0.0200,0.0337
M6,Male,71,2032,0.0260,0.0235,0.0284,0.0213,0.0310,0.0194,0.0342
M6,Male,71,2033,0.0257,0.0231,0.0286,0.0208,0.0312,0.0186,0.0351
M6,Male,71,2034,0.0252,0.0224,0.0283,0.0199,0.0313,0.0176,0.0360
M6,Male,71,2035,0.0248,0.0216,0.0279,0.0193,0.0314,0.0169,0.0364
M6,Male,71,2036,0.0246,0.0213,0.0280,0.0187,0.0316,0.0161,0.0367
M6,Male,71,2037,0.0242,0.0207,0.0278,0.0182,0.0318,0.0153,0.0377
M6,Male,71,2038,0.0242,0.0203,0.0281,0.0176,0.0327,0.0148,0.0383
M6,Male,71,2039,0.0240,0.0200,0.0281,0.0171,0.0332,0.0142,0.0394
M6,Male,71,2040,0.0242,0.0198,0.0287,0.0169,0.0341,0.0139,0.0414
M6,Male,72,2021,0.0267,0.0263,0.0271,0.0260,0.0274,0.0256,0.0278
M6,Male,72,2022,0.0269,0.0264,0.0274,0.0260,0.0278,0.0254,0.0283
M6,Male,72,2023,0.0280,0.0274,0.0287,0.0268,0.0294,0.0262,0.0300
M6,Male,72,2024,0.0282,0.0274,0.0292,0.0265,0.0299,0.0256,0.0308
M6,Male,72,2025,0.0284,0.0274,0.0295,0.0264,0.0304,0.0253,0.0316
M6,Male,72,2026,0.0289,0.0277,0.0303,0.0264,0.0313,0.0253,0.0330
M6,Male,72,2027,0.0289,0.0275,0.0305,0.0260,0.0318,0.0247,0.0333
M6,Male,72,2028,0.0291,0.0274,0.0309,0.0257,0.0326,0.0243,0.0345
M6,Male,72,2029,0.0290,0.0272,0.0311,0.0253,0.0330,0.0235,0.0352
M6,Male,72,2030,0.0290,0.0269,0.0313,0.0248,0.0336,0.0229,0.0359
M6,Male,72,2031,0.0288,0.0264,0.0314,0.0241,0.0336,0.0219,0.0369
M6,Male,72,2032,0.0286,0.0260,0.0313,0.0235,0.0341,0.0213,0.0377
M6,Male,72,2033,0.0283,0.0254,0.0314,0.0228,0.0344,0.0204,0.0385
M6,Male,72,2034,0.0282,0.0249,0.0316,0.0223,0.0350,0.0195,0.0402
M6,Male,72,2035,0.0275,0.0240,0.0310,0.0214,0.0348,0.0187,0.0404
M6,Male,72,2036,0.0271,0.0235,0.0309,0.0207,0.0349,0.0178,0.0407
M6,Male,72,2037,0.0269,0.0230,0.0309,0.0202,0.0354,0.0170,0.0418
M6,Male,72,2038,0.0265,0.0223,0.0308,0.0194,0.0359,0.0162,0.0421
M6,Male,72,2039,0.0265,0.0221,0.0312,0.0189,0.0368,0.0157,0.0436
M6,Male,72,2040,0.0263,0.0215,0.0312,0.0184,0.0370,0.0151,0.0451
M6,Male,73,2021,0.0290,0.0286,0.0295,0.0282,0.0298,0.0278,0.0302
M6,Male,73,2022,0.0290,0.0285,0.0296,0.0280,0.0301,0.0275,0.0306
M6,Male,73,2023,0.0301,0.0295,0.0309,0.0287,0.0316,0.0281,0.0322
M6,Male,73,2024,0.0306,0.0297,0.0316,0.0287,0.0325,0.0277,0.0334
M6,Male,73,2025,0.0311,0.0301,0.0324,0.0289,0.0334,0.0278,0.0347
M6,Male,73,2026,0.0315,0.0302,0.0330,0.0288,0.0342,0.0276,0.0360
M6,Male,73,2027,0.0317,0.0301,0.0335,0.0285,0.0349,0.0271,0.0366
M6,Male,73,2028,0.0321,0.0302,0.0341,0.0284,0.0360,0.0268,0.0380
M6,Male,73,2029,0.0322,0.0301,0.0345,0.0281,0.0366,0.0261,0.0390
M6,Male,73,2030,0.0321,0.0297,0.0346,0.0275,0.0371,0.0252,0.0397
M6,Male,73,2031,0.0323,0.0296,0.0352,0.0270,0.0377,0.0245,0.0415
M6,Male,73,2032,0.0319,0.0289,0.0349,0.0263,0.0381,0.0238,0.0421
M6,Male,73,2033,0.0318,0.0285,0.0353,0.0256,0.0387,0.0229,0.0433
M6,Male,73,2034,0.0315,0.0279,0.0353,0.0249,0.0392,0.0218,0.0449
M6,Male,73,2035,0.0313,0.0273,0.0352,0.0244,0.0396,0.0212,0.0458
M6,Male,73,2036,0.0307,0.0267,0.0350,0.0233,0.0396,0.0201,0.0460
M6,Male,73,2037,0.0303,0.0259,0.0347,0.0227,0.0398,0.0191,0.0470
M6,Male,73,2038,0.0300,0.0252,0.0349,0.0219,0.0407,0.0184,0.0477
M6,Male,73,2039,0.0296,0.0247,0.0349,0.0211,0.0411,0.0175,0.0488
M6,Male,73,2040,0.0296,0.0243,0.0352,0.0207,0.0418,0.0170,0.0507
M6,Male,74,2021,0.0315,0.0310,0.0320,0.0306,0.0323,0.0302,0.0328
M6,Male,74,2022,0.0312,0.0306,0.0318,0.0301,0.0323,0.0294,0.0329
M6,Male,74,2023,0.0321,0.0314,0.0329,0.0306,0.0336,0.0299,0.0344
M6,Male,74,2024,0.0324,0.0315,0.0335,0.0304,0.0344,0.0293,0.0354
M6,Male,74,2025,0.0333,0.0321,0.0346,0.0309,0.0357,0.0296,0.0370
M6,Male,74,2026,0.0341,0.0327,0.0357,0.0311,0.0371,0.0299,0.0390
M6,Male,74,2027,0.0341,0.0324,0.0360,0.0307,0.0376,0.0290,0.0393
M6,Male,74,2028,0.0347,0.0327,0.0369,0.0307,0.0389,0.0290,0.0412
M6,Male,74,2029,0.0351,0.0328,0.0376,0.0306,0.0399,0.0283,0.0425
M6,Male,74,2030,0.0351,0.0325,0.0379,0.0301,0.0406,0.0276,0.0435
M6,Male,74,2031,0.0352,0.0322,0.0384,0.0295,0.0412,0.0267,0.0453
M6,Male,74,2032,0.0353,0.0320,0.0386,0.0290,0.0422,0.0262,0.0465
M6,Male,74,2033,0.0349,0.0313,0.0388,0.0282,0.0425,0.0251,0.0476
M6,Male,74,2034,0.0349,0.0309,0.0391,0.0276,0.0434,0.0241,0.0497
M6,Male,74,2035,0.0345,0.0302,0.0389,0.0269,0.0437,0.0234,0.0506
M6,Male,74,2036,0.0344,0.0299,0.0393,0.0261,0.0445,0.0225,0.0515
M6,Male,74,2037,0.0338,0.0289,0.0387,0.0253,0.0446,0.0212,0.0523
M6,Male,74,2038,0.0333,0.0279,0.0387,0.0243,0.0451,0.0203,0.0531
M6,Male,74,2039,0.0331,0.0276,0.0390,0.0235,0.0457,0.0194,0.0544
M6,Male,74,2040,0.0327,0.0268,0.0388,0.0228,0.0462,0.0187,0.0558
M6,Male,75,2021,0.0343,0.0338,0.0348,0.0333,0.0353,0.0328,0.0357
M6,Male,75,2022,0.0350,0.0344,0.0356,0.0337,0.0363,0.0330,0.0369
M6,Male,75,2023,0.0357,0.0349,0.0366,0.0340,0.0374,0.0332,0.0382
M6,Male,75,2024,0.0357,0.0347,0.0370,0.0335,0.0380,0.0322,0.0390
M6,Male,75,2025,0.0365,0.0352,0.0380,0.0339,0.0392,0.0324,0.0406
M6,Male,75,2026,0.0377,0.0362,0.0395,0.0344,0.0410,0.0330,0.0432
M6,Male,75,2027,0.0382,0.0363,0.0403,0.0344,0.0421,0.0325,0.0441
M6,Male,75,2028,0.0386,0.0363,0.0410,0.0341,0.0433,0.0323,0.0458
M6,Male,75,2029,0.0393,0.0367,0.0421,0.0342,0.0447,0.0317,0.0477
M6,Male,75,2030,0.0396,0.0366,0.0427,0.0339,0.0457,0.0310,0.0490
M6,Male,75,2031,0.0398,0.0365,0.0435,0.0334,0.0466,0.0302,0.0514
M6,Male,75,2032,0.0398,0.0360,0.0436,0.0327,0.0477,0.0296,0.0524
M6,Male,75,2033,0.0400,0.0358,0.0443,0.0322,0.0486,0.0288,0.0545
M6,Male,75,2034,0.0397,0.0351,0.0445,0.0314,0.0494,0.0274,0.0565
M6,Male,75,2035,0.0396,0.0347,0.0446,0.0308,0.0501,0.0268,0.0579
M6,Male,75,2036,0.0393,0.0342,0.0450,0.0299,0.0508,0.0257,0.0588
M6,Male,75,2037,0.0392,0.0334,0.0449,0.0293,0.0517,0.0247,0.0606
M6,Male,75,2038,0.0384,0.0323,0.0446,0.0281,0.0520,0.0235,0.0613
M6,Male,75,2039,0.0380,0.0316,0.0447,0.0270,0.0526,0.0222,0.0625
M6,Male,75,2040,0.0377,0.0309,0.0447,0.0264,0.0533,0.0216,0.0645
M6,Male,76,2021,0.0384,0.0378,0.0390,0.0373,0.0394,0.0367,0.0399
M6,Male,76,2022,0.0371,0.0365,0.0378,0.0358,0.0385,0.0350,0.0392
M6,Male,76,2023,0.0389,0.0381,0.0400,0.0371,0.0409,0.0362,0.0417
M6,Male,76,2024,0.0386,0.0375,0.0400,0.0362,0.0411,0.0348,0.0422
M6,Male,76,2025,0.0392,0.0378,0.0408,0.0364,0.0421,0.0348,0.0436
M6,Male,76,2026,0.0403,0.0387,0.0422,0.0367,0.0438,0.0352,0.0461
M6,Male,76,2027,0.0412,0.0391,0.0434,0.0370,0.0454,0.0350,0.0476
M6,Male,76,2028,0.0422,0.0396,0.0447,0.0372,0.0472,0.0352,0.0501
M6,Male,76,2029,0.0425,0.0397,0.0456,0.0370,0.0483,0.0343,0.0517
M6,Male,76,2030,0.0431,0.0399,0.0466,0.0370,0.0499,0.0337,0.0533
M6,Male,76,2031,0.0437,0.0401,0.0477,0.0366,0.0513,0.0331,0.0565
M6,Male,76,2032,0.0439,0.0397,0.0481,0.0361,0.0525,0.0326,0.0578
M6,Male,76,2033,0.0439,0.0393,0.0486,0.0355,0.0533,0.0316,0.0599
M6,Male,76,2034,0.0442,0.0391,0.0495,0.0350,0.0550,0.0305,0.0628
M6,Male,76,2035,0.0438,0.0384,0.0494,0.0341,0.0555,0.0297,0.0641
M6,Male,76,2036,0.0438,0.0382,0.0502,0.0334,0.0569,0.0286,0.0655
M6,Male,76,2037,0.0435,0.0372,0.0499,0.0326,0.0575,0.0275,0.0672
M6,Male,76,2038,0.0434,0.0364,0.0504,0.0317,0.0586,0.0266,0.0692
M6,Male,76,2039,0.0427,0.0355,0.0502,0.0304,0.0591,0.0250,0.0699
M6,Male,76,2040,0.0422,0.0346,0.0499,0.0295,0.0596,0.0241,0.0721
M6,Male,77,2021,0.0421,0.0414,0.0427,0.0408,0.0432,0.0402,0.0438
M6,Male,77,2022,0.0418,0.0411,0.0426,0.0403,0.0434,0.0394,0.0442
M6,Male,77,2023,0.0416,0.0407,0.0428,0.0396,0.0437,0.0387,0.0446
M6,Male,77,2024,0.0425,0.0413,0.0440,0.0398,0.0452,0.0383,0.0465
M6,Male,77,2025,0.0427,0.0412,0.0445,0.0396,0.0459,0.0379,0.0475
M6,Male,77,2026,0.0436,0.0419,0.0456,0.0398,0.0475,0.0380,0.0499
M6,Male,77,2027,0.0443,0.0420,0.0467,0.0398,0.0489,0.0376,0.0512
M6,Male,77,2028,0.0457,0.0430,0.0485,0.0403,0.0513,0.0381,0.0543
M6,Male,77,2029,0.0467,0.0437,0.0501,0.0406,0.0531,0.0376,0.0568
M6,Male,77,2030,0.0470,0.0435,0.0508,0.0403,0.0544,0.0367,0.0584
M6,Male,77,2031,0.0480,0.0440,0.0523,0.0402,0.0564,0.0363,0.0621
M6,Male,77,2032,0.0485,0.0439,0.0532,0.0399,0.0581,0.0360,0.0639
M6,Male,77,2033,0.0487,0.0437,0.0540,0.0393,0.0592,0.0351,0.0665
M6,Male,77,2034,0.0489,0.0432,0.0549,0.0387,0.0610,0.0336,0.0693
M6,Male,77,2035,0.0492,0.0431,0.0553,0.0383,0.0622,0.0334,0.0718
M6,Male,77,2036,0.0489,0.0425,0.0560,0.0372,0.0633,0.0320,0.0729
M6,Male,77,2037,0.0489,0.0417,0.0562,0.0365,0.0647,0.0308,0.0754
M6,Male,77,2038,0.0486,0.0409,0.0565,0.0356,0.0654,0.0299,0.0776
M6,Male,77,2039,0.0485,0.0403,0.0571,0.0345,0.0670,0.0285,0.0791
M6,Male,77,2040,0.0477,0.0392,0.0565,0.0335,0.0672,0.0274,0.0817
M6,Male,78,2021,0.0445,0.0438,0.0452,0.0431,0.0457,0.0425,0.0464
M6,Male,78,2022,0.0458,0.0450,0.0467,0.0442,0.0476,0.0431,0.0485
M6,Male,78,2023,0.0469,0.0458,0.0482,0.0446,0.0492,0.0436,0.0502
M6,Male,78,2024,0.0454,0.0441,0.0470,0.0425,0.0483,0.0409,0.0497
M6,Male,78,2025,0.0470,0.0454,0.0490,0.0435,0.0505,0.0416,0.0523
M6,Male,78,2026,0.0475,0.0456,0.0497,0.0433,0.0517,0.0413,0.0543
M6,Male,78,2027,0.0479,0.0455,0.0506,0.0430,0.0529,0.0406,0.0555
M6,Male,78,2028,0.0492,0.0462,0.0522,0.0433,0.0552,0.0409,0.0584
M6,Male,78,2029,0.0507,0.0473,0.0543,0.0440,0.0577,0.0407,0.0616
M6,Male,78,2030,0.0517,0.0478,0.0558,0.0443,0.0598,0.0403,0.0643
M6,Male,78,2031,0.0523,0.0479,0.0571,0.0439,0.0615,0.0396,0.0677
M6,Male,78,2032,0.0532,0.0481,0.0584,0.0437,0.0637,0.0394,0.0701
M6,Male,78,2033,0.0538,0.0483,0.0597,0.0435,0.0653,0.0388,0.0732
M6,Male,78,2034,0.0543,0.0480,0.0609,0.0429,0.0677,0.0374,0.0770
M6,Male,78,2035,0.0543,0.0477,0.0612,0.0424,0.0687,0.0371,0.0792
M6,Male,78,2036,0.0548,0.0476,0.0629,0.0418,0.0709,0.0358,0.0815
M6,Male,78,2037,0.0545,0.0465,0.0626,0.0407,0.0719,0.0343,0.0840
M6,Male,78,2038,0.0545,0.0460,0.0636,0.0398,0.0732,0.0335,0.0871
M6,Male,78,2039,0.0543,0.0453,0.0639,0.0385,0.0748,0.0320,0.0883
M6,Male,78,2040,0.0542,0.0445,0.0642,0.0382,0.0763,0.0312,0.0927
M6,Male,79,2021,0.0502,0.0494,0.0510,0.0486,0.0516,0.0479,0.0523
M6,Male,79,2022,0.0489,0.0480,0.0499,0.0471,0.0508,0.0460,0.0517
M6,Male,79,2023,0.0518,0.0506,0.0533,0.0492,0.0544,0.0481,0.0555
M6,Male,79,2024,0.0516,0.0501,0.0534,0.0483,0.0549,0.0464,0.0565
M6,Male,79,2025,0.0506,0.0489,0.0528,0.0469,0.0544,0.0447,0.0564
M6,Male,79,2026,0.0526,0.0506,0.0551,0.0480,0.0574,0.0458,0.0602
M6,Male,79,2027,0.0526,0.0499,0.0555,0.0473,0.0581,0.0446,0.0610
M6,Male,79,2028,0.0536,0.0503,0.0570,0.0473,0.0602,0.0446,0.0638
M6,Male,79,2029,0.0549,0.0513,0.0589,0.0477,0.0626,0.0440,0.0667
M6,Male,79,2030,0.0565,0.0522,0.0610,0.0485,0.0656,0.0441,0.0705
M6,Male,79,2031,0.0579,0.0530,0.0632,0.0485,0.0681,0.0438,0.0749
M6,Male,79,2032,0.0585,0.0528,0.0642,0.0480,0.0700,0.0433,0.0771
M6,Male,79,2033,0.0595,0.0535,0.0660,0.0481,0.0722,0.0430,0.0807
M6,Male,79,2034,0.0604,0.0533,0.0677,0.0479,0.0755,0.0417,0.0858
M6,Male,79,2035,0.0608,0.0534,0.0685,0.0474,0.0768,0.0413,0.0883
M6,Male,79,2036,0.0610,0.0530,0.0701,0.0467,0.0791,0.0400,0.0904
M6,Male,79,2037,0.0616,0.0525,0.0707,0.0460,0.0813,0.0388,0.0948
M6,Male,79,2038,0.0613,0.0517,0.0714,0.0447,0.0821,0.0377,0.0980
M6,Male,79,2039,0.0614,0.0512,0.0723,0.0437,0.0843,0.0362,0.1000
M6,Male,79,2040,0.0612,0.0502,0.0726,0.0431,0.0860,0.0351,0.1045
M6,Male,80,2021,0.0548,0.0539,0.0556,0.0531,0.0563,0.0522,0.0571
M6,Male,80,2022,0.0566,0.0556,0.0578,0.0545,0.0588,0.0532,0.0599
M6,Male,80,2023,0.0567,0.0554,0.0583,0.0539,0.0596,0.0526,0.0609
M6,Male,80,2024,0.0585,0.0569,0.0606,0.0547,0.0623,0.0525,0.0640
M6,Male,80,2025,0.0590,0.0570,0.0615,0.0546,0.0635,0.0520,0.0657
M6,Male,80,2026,0.0582,0.0559,0.0610,0.0531,0.0636,0.0505,0.0667
M6,Male,80,2027,0.0599,0.0569,0.0632,0.0537,0.0662,0.0506,0.0695
M6,Male,80,2028,0.0604,0.0567,0.0642,0.0532,0.0679,0.0503,0.0719
M6,Male,80,2029,0.0615,0.0574,0.0661,0.0534,0.0702,0.0493,0.0748
M6,Male,80,2030,0.0628,0.0582,0.0680,0.0539,0.0731,0.0490,0.0786
M6,Male,80,2031,0.0650,0.0595,0.0708,0.0544,0.0765,0.0492,0.0841
M6,Male,80,2032,0.0665,0.0600,0.0730,0.0546,0.0795,0.0491,0.0876
M6,Male,80,2033,0.0672,0.0604,0.0745,0.0542,0.0815,0.0485,0.0910
M6,Male,80,2034,0.0686,0.0606,0.0767,0.0543,0.0856,0.0474,0.0973
M6,Male,80,2035,0.0695,0.0611,0.0782,0.0541,0.0877,0.0470,0.1005
M6,Male,80,2036,0.0701,0.0609,0.0803,0.0536,0.0906,0.0459,0.1032
M6,Male,80,2037,0.0704,0.0601,0.0808,0.0526,0.0928,0.0445,0.1083
M6,Male,80,2038,0.0710,0.0599,0.0830,0.0519,0.0948,0.0438,0.1130
M6,Male,80,2039,0.0708,0.0592,0.0834,0.0506,0.0968,0.0418,0.1154
M6,Male,80,2040,0.0710,0.0584,0.0843,0.0501,0.0997,0.0408,0.1205
M6,Male,81,2021,0.0629,0.0619,0.0640,0.0610,0.0648,0.0600,0.0657
M6,Male,81,2022,0.0601,0.0590,0.0614,0.0578,0.0625,0.0564,0.0637
M6,Male,81,2023,0.0638,0.0623,0.0656,0.0606,0.0671,0.0592,0.0686
M6,Male,81,2024,0.0622,0.0605,0.0645,0.0582,0.0664,0.0559,0.0682
M6,Male,81,2025,0.0650,0.0628,0.0678,0.0602,0.0701,0.0573,0.0725
M6,Male,81,2026,0.0659,0.0633,0.0692,0.0601,0.0720,0.0571,0.0756
M6,Male,81,2027,0.0644,0.0611,0.0680,0.0577,0.0712,0.0544,0.0749
M6,Male,81,2028,0.0669,0.0627,0.0710,0.0589,0.0752,0.0556,0.0797
M6,Male,81,2029,0.0674,0.0629,0.0723,0.0584,0.0769,0.0539,0.0821
M6,Male,81,2030,0.0684,0.0634,0.0740,0.0587,0.0797,0.0534,0.0857
M6,Male,81,2031,0.0703,0.0644,0.0766,0.0587,0.0828,0.0532,0.0910
M6,Male,81,2032,0.0725,0.0653,0.0795,0.0596,0.0866,0.0535,0.0957
M6,Male,81,2033,0.0742,0.0667,0.0822,0.0598,0.0899,0.0536,0.1003
M6,Male,81,2034,0.0752,0.0665,0.0840,0.0596,0.0936,0.0520,0.1061
M6,Male,81,2035,0.0767,0.0673,0.0862,0.0597,0.0967,0.0519,0.1105
M6,Male,81,2036,0.0778,0.0676,0.0891,0.0594,0.1007,0.0508,0.1145
M6,Male,81,2037,0.0786,0.0672,0.0903,0.0588,0.1035,0.0497,0.1203
M6,Male,81,2038,0.0789,0.0667,0.0921,0.0576,0.1054,0.0488,0.1253
M6,Male,81,2039,0.0797,0.0667,0.0938,0.0571,0.1088,0.0470,0.1301
M6,Male,81,2040,0.0795,0.0655,0.0943,0.0561,0.1111,0.0458,0.1340
M6,Male,82,2021,0.0688,0.0677,0.0700,0.0667,0.0709,0.0656,0.0719
M6,Male,82,2022,0.0694,0.0681,0.0708,0.0667,0.0721,0.0650,0.0735
M6,Male,82,2023,0.0681,0.0664,0.0700,0.0646,0.0716,0.0631,0.0732
M6,Male,82,2024,0.0703,0.0684,0.0729,0.0658,0.0751,0.0630,0.0772
M6,Male,82,2025,0.0696,0.0672,0.0725,0.0645,0.0751,0.0611,0.0778
M6,Male,82,2026,0.0730,0.0701,0.0765,0.0665,0.0798,0.0632,0.0838
M6,Male,82,2027,0.0732,0.0695,0.0773,0.0655,0.0810,0.0620,0.0850
M6,Male,82,2028,0.0722,0.0677,0.0767,0.0636,0.0813,0.0599,0.0862
M6,Male,82,2029,0.0749,0.0698,0.0802,0.0649,0.0856,0.0598,0.0911
M6,Male,82,2030,0.0752,0.0696,0.0814,0.0645,0.0877,0.0586,0.0943
M6,Male,82,2031,0.0768,0.0704,0.0836,0.0642,0.0906,0.0581,0.0997
M6,Male,82,2032,0.0787,0.0710,0.0864,0.0647,0.0940,0.0582,0.1040
M6,Male,82,2033,0.0812,0.0731,0.0899,0.0655,0.0985,0.0587,0.1096
M6,Male,82,2034,0.0834,0.0739,0.0930,0.0660,0.1036,0.0576,0.1170
M6,Male,82,2035,0.0844,0.0740,0.0949,0.0659,0.1064,0.0572,0.1215
M6,Male,82,2036,0.0862,0.0749,0.0985,0.0657,0.1113,0.0563,0.1270
M6,Male,82,2037,0.0876,0.0749,0.1006,0.0656,0.1149,0.0554,0.1335
M6,Male,82,2038,0.0884,0.0746,0.1029,0.0646,0.1179,0.0548,0.1390
M6,Male,82,2039,0.0889,0.0743,0.1045,0.0637,0.1212,0.0526,0.1442
M6,Male,82,2040,0.0898,0.0743,0.1067,0.0635,0.1251,0.0520,0.1504
M6,Male,83,2021,0.0768,0.0756,0.0781,0.0744,0.0791,0.0732,0.0803
M6,Male,83,2022,0.0768,0.0754,0.0784,0.0739,0.0799,0.0720,0.0813
M6,Male,83,2023,0.0795,0.0775,0.0817,0.0754,0.0836,0.0736,0.0854
M6,Male,83,2024,0.0759,0.0738,0.0786,0.0710,0.0811,0.0679,0.0834
M6,Male,83,2025,0.0795,0.0768,0.0829,0.0737,0.0858,0.0698,0.0889
M6,Male,83,2026,0.0790,0.0758,0.0829,0.0720,0.0863,0.0685,0.0909
M6,Male,83,2027,0.0820,0.0778,0.0865,0.0733,0.0908,0.0694,0.0952
M6,Male,83,2028,0.0830,0.0779,0.0883,0.0731,0.0935,0.0689,0.0991
M6,Male,83,2029,0.0818,0.0763,0.0877,0.0709,0.0935,0.0654,0.0994
M6,Male,83,2030,0.0846,0.0782,0.0916,0.0724,0.0985,0.0659,0.1060
M6,Male,83,2031,0.0855,0.0783,0.0930,0.0715,0.1008,0.0647,0.1109
M6,Male,83,2032,0.0871,0.0787,0.0955,0.0714,0.1040,0.0644,0.1151
M6,Male,83,2033,0.0893,0.0802,0.0987,0.0720,0.1083,0.0645,0.1204
M6,Male,83,2034,0.0924,0.0818,0.1030,0.0733,0.1149,0.0639,0.1299
M6,Male,83,2035,0.0947,0.0830,0.1064,0.0741,0.1194,0.0643,0.1361
M6,Male,83,2036,0.0960,0.0834,0.1097,0.0731,0.1236,0.0627,0.1407
M6,Male,83,2037,0.0981,0.0840,0.1127,0.0736,0.1284,0.0624,0.1490
M6,Male,83,2038,0.0996,0.0841,0.1158,0.0729,0.1328,0.0620,0.1551
M6,Male,83,2039,0.1007,0.0842,0.1184,0.0722,0.1374,0.0597,0.1621
M6,Male,83,2040,0.1014,0.0839,0.1204,0.0717,0.1405,0.0589,0.1686
M6,Male,84,2021,0.0870,0.0856,0.0885,0.0842,0.0896,0.0829,0.0910
M6,Male,84,2022,0.0851,0.0836,0.0870,0.0819,0.0886,0.0798,0.0902
M6,Male,84,2023,0.0874,0.0852,0.0899,0.0829,0.0919,0.0810,0.0941
M6,Male,84,2024,0.0880,0.0855,0.0911,0.0822,0.0939,0.0787,0.0967
M6,Male,84,2025,0.0853,0.0824,0.0889,0.0790,0.0922,0.0749,0.0954
M6,Male,84,2026,0.0896,0.0859,0.0941,0.0818,0.0979,0.0777,0.1032
M6,Male,84,2027,0.0881,0.0836,0.0930,0.0788,0.0978,0.0745,0.1024
M6,Male,84,2028,0.0924,0.0866,0.0982,0.0812,0.1041,0.0767,0.1103
M6,Male,84,2029,0.0934,0.0871,0.1000,0.0810,0.1067,0.0747,0.1134
M6,Male,84,2030,0.0918,0.0850,0.0994,0.0785,0.1070,0.0715,0.1153
M6,Male,84,2031,0.0954,0.0875,0.1040,0.0799,0.1126,0.0723,0.1235
M6,Male,84,2032,0.0962,0.0869,0.1056,0.0790,0.1150,0.0711,0.1274
M6,Male,84,2033,0.0981,0.0880,0.1085,0.0793,0.1189,0.0708,0.1322
M6,Male,84,2034,0.1009,0.0895,0.1126,0.0802,0.1251,0.0698,0.1411
M6,Male,84,2035,0.1041,0.0913,0.1170,0.0816,0.1313,0.0709,0.1489
M6,Male,84,2036,0.1069,0.0930,0.1222,0.0816,0.1372,0.0698,0.1562
M6,Male,84,2037,0.1084,0.0931,0.1246,0.0814,0.1416,0.0692,0.1641
M6,Male,84,2038,0.1108,0.0937,0.1284,0.0814,0.1477,0.0689,0.1713
M6,Male,84,2039,0.1127,0.0942,0.1324,0.0808,0.1531,0.0670,0.1807
M6,Male,84,2040,0.1140,0.0944,0.1352,0.0807,0.1582,0.0665,0.1885
M6,Male,85,2021,0.0994,0.0978,0.1010,0.0962,0.1025,0.0947,0.1040
M6,Male,85,2022,0.0981,0.0963,0.1002,0.0943,0.1021,0.0918,0.1039
M6,Male,85,2023,0.0985,0.0961,0.1014,0.0935,0.1037,0.0913,0.1060
M6,Male,85,2024,0.0983,0.0956,0.1019,0.0918,0.1050,0.0880,0.1080
M6,Male,85,2025,0.1004,0.0970,0.1047,0.0931,0.1085,0.0882,0.1124
M6,Male,85,2026,0.0978,0.0938,0.1026,0.0890,0.1069,0.0846,0.1126
M6,Male,85,2027,0.1017,0.0965,0.1073,0.0910,0.1127,0.0860,0.1182
M6,Male,85,2028,0.1010,0.0948,0.1074,0.0888,0.1141,0.0838,0.1206
M6,Male,85,2029,0.1056,0.0985,0.1129,0.0916,0.1208,0.0846,0.1281
M6,Male,85,2030,0.1065,0.0986,0.1152,0.0911,0.1241,0.0831,0.1336
M6,Male,85,2031,0.1053,0.0966,0.1148,0.0883,0.1243,0.0798,0.1361
M6,Male,85,2032,0.1092,0.0986,0.1197,0.0896,0.1303,0.0808,0.1440
M6,Male,85,2033,0.1102,0.0988,0.1217,0.0892,0.1335,0.0796,0.1479
M6,Male,85,2034,0.1126,0.0999,0.1255,0.0896,0.1397,0.0778,0.1566
M6,Male,85,2035,0.1156,0.1013,0.1298,0.0906,0.1457,0.0788,0.1650
M6,Male,85,2036,0.1195,0.1041,0.1364,0.0912,0.1529,0.0781,0.1744
M6,Male,85,2037,0.1227,0.1053,0.1408,0.0920,0.1596,0.0785,0.1853
M6,Male,85,2038,0.1245,0.1055,0.1443,0.0915,0.1653,0.0774,0.1916
M6,Male,85,2039,0.1273,0.1065,0.1494,0.0917,0.1728,0.0760,0.2033
M6,Male,85,2040,0.1295,0.1075,0.1536,0.0920,0.1793,0.0759,0.2122
M6,Male,86,2021,0.1152,0.1132,0.1170,0.1114,0.1187,0.1097,0.1205
M6,Male,86,2022,0.1097,0.1076,0.1121,0.1055,0.1142,0.1026,0.1162
M6,Male,86,2023,0.1110,0.1083,0.1143,0.1053,0.1169,0.1030,0.1195
M6,Male,86,2024,0.1085,0.1055,0.1124,0.1013,0.1159,0.0972,0.1191
M6,Male,86,2025,0.1100,0.1062,0.1146,0.1019,0.1187,0.0966,0.1231
M6,Male,86,2026,0.1127,0.1080,0.1182,0.1026,0.1232,0.0976,0.1295
M6,Male,86,2027,0.1086,0.1030,0.1147,0.0973,0.1205,0.0918,0.1264
M6,Male,86,2028,0.1140,0.1071,0.1212,0.1003,0.1287,0.0947,0.1361
M6,Male,86,2029,0.1131,0.1054,0.1209,0.0981,0.1294,0.0907,0.1374
M6,Male,86,2030,0.1179,0.1092,0.1275,0.1008,0.1371,0.0919,0.1478
M6,Male,86,2031,0.1196,0.1098,0.1300,0.1004,0.1411,0.0907,0.1541
M6,Male,86,2032,0.1180,0.1065,0.1293,0.0967,0.1408,0.0873,0.1558
M6,Male,86,2033,0.1223,0.1097,0.1351,0.0992,0.1481,0.0884,0.1639
M6,Male,86,2034,0.1238,0.1100,0.1377,0.0984,0.1533,0.0856,0.1719
M6,Male,86,2035,0.1263,0.1108,0.1418,0.0990,0.1589,0.0860,0.1803
M6,Male,86,2036,0.1298,0.1133,0.1482,0.0992,0.1656,0.0850,0.1889
M6,Male,86,2037,0.1343,0.1154,0.1539,0.1009,0.1741,0.0861,0.2016
M6,Male,86,2038,0.1378,0.1172,0.1594,0.1018,0.1826,0.0859,0.2112
M6,Male,86,2039,0.1400,0.1176,0.1639,0.1008,0.1894,0.0837,0.2218
M6,Male,86,2040,0.1432,0.1189,0.1696,0.1019,0.1977,0.0844,0.2340
M6,Male,87,2021,0.1271,0.1249,0.1292,0.1229,0.1310,0.1210,0.1330
M6,Male,87,2022,0.1293,0.1269,0.1322,0.1244,0.1347,0.1210,0.1370
M6,Male,87,2023,0.1264,0.1233,0.1301,0.1199,0.1331,0.1173,0.1360
M6,Male,87,2024,0.1245,0.1210,0.1290,0.1163,0.1329,0.1115,0.1366
M6,Male,87,2025,0.1236,0.1193,0.1289,0.1144,0.1334,0.1084,0.1383
M6,Male,87,2026,0.1256,0.1204,0.1317,0.1144,0.1373,0.1087,0.1442
M6,Male,87,2027,0.1273,0.1208,0.1344,0.1141,0.1412,0.1077,0.1481
M6,Male,87,2028,0.1241,0.1166,0.1320,0.1091,0.1402,0.1030,0.1480
M6,Male,87,2029,0.1299,0.1211,0.1390,0.1127,0.1484,0.1044,0.1582
M6,Male,87,2030,0.1286,0.1190,0.1390,0.1100,0.1495,0.1003,0.1612
M6,Male,87,2031,0.1347,0.1238,0.1461,0.1133,0.1588,0.1024,0.1730
M6,Male,87,2032,0.1363,0.1233,0.1494,0.1120,0.1624,0.1010,0.1797
M6,Male,87,2033,0.1346,0.1208,0.1487,0.1094,0.1628,0.0973,0.1801
M6,Male,87,2034,0.1399,0.1242,0.1552,0.1113,0.1730,0.0969,0.1944
M6,Male,87,2035,0.1414,0.1242,0.1587,0.1110,0.1773,0.0964,0.2013
M6,Male,87,2036,0.1444,0.1261,0.1645,0.1108,0.1841,0.0948,0.2100
M6,Male,87,2037,0.1486,0.1277,0.1698,0.1117,0.1919,0.0953,0.2222
M6,Male,87,2038,0.1536,0.1308,0.1775,0.1137,0.2030,0.0959,0.2339
M6,Male,87,2039,0.1578,0.1329,0.1843,0.1136,0.2127,0.0944,0.2476
M6,Male,87,2040,0.1603,0.1331,0.1894,0.1145,0.2200,0.0947,0.2613
M6,Male,88,2021,0.1434,0.1410,0.1458,0.1387,0.1478,0.1366,0.1502
M6,Male,88,2022,0.1397,0.1371,0.1428,0.1343,0.1455,0.1307,0.1481
M6,Male,88,2023,0.1457,0.1422,0.1500,0.1382,0.1533,0.1352,0.1567
M6,Male,88,2024,0.1387,0.1348,0.1437,0.1296,0.1480,0.1243,0.1522
M6,Male,88,2025,0.1387,0.1339,0.1447,0.1285,0.1497,0.1218,0.1553
M6,Male,88,2026,0.1381,0.1325,0.1449,0.1257,0.1508,0.1195,0.1583
M6,Male,88,2027,0.1389,0.1318,0.1466,0.1246,0.1541,0.1175,0.1613
M6,Male,88,2028,0.1423,0.1337,0.1513,0.1252,0.1605,0.1183,0.1691
M6,Male,88,2029,0.1384,0.1291,0.1480,0.1200,0.1579,0.1114,0.1688
M6,Male,88,2030,0.1445,0.1337,0.1560,0.1237,0.1677,0.1129,0.1805
M6,Male,88,2031,0.1438,0.1321,0.1560,0.1210,0.1695,0.1093,0.1843
M6,Male,88,2032,0.1502,0.1361,0.1644,0.1237,0.1787,0.1114,0.1975
M6,Male,88,2033,0.1521,0.1369,0.1677,0.1236,0.1835,0.1102,0.2016
M6,Male,88,2034,0.1507,0.1340,0.1671,0.1198,0.1861,0.1046,0.2094
M6,Male,88,2035,0.1562,0.1375,0.1753,0.1229,0.1957,0.1069,0.2213
M6,Male,88,2036,0.1581,0.1384,0.1799,0.1218,0.2011,0.1042,0.2300
M6,Male,88,2037,0.1617,0.1394,0.1844,0.1216,0.2086,0.1043,0.2405
M6,Male,88,2038,0.1662,0.1419,0.1917,0.1233,0.2190,0.1041,0.2526
M6,Male,88,2039,0.1719,0.1451,0.2006,0.1241,0.2308,0.1029,0.2676
M6,Male,88,2040,0.1767,0.1475,0.2080,0.1266,0.2405,0.1050,0.2867
M6,Male,89,2021,0.1639,0.1611,0.1667,0.1585,0.1690,0.1562,0.1716
M6,Male,89,2022,0.1604,0.1574,0.1639,0.1542,0.1671,0.1501,0.1700
M6,Male,89,2023,0.1601,0.1562,0.1648,0.1519,0.1686,0.1485,0.1723
M6,Male,89,2024,0.1625,0.1580,0.1684,0.1521,0.1733,0.1458,0.1781
M6,Male,89,2025,0.1572,0.1516,0.1639,0.1456,0.1696,0.1383,0.1760
M6,Male,89,2026,0.1576,0.1513,0.1653,0.1436,0.1720,0.1364,0.1803
M6,Male,89,2027,0.1554,0.1475,0.1639,0.1395,0.1723,0.1315,0.1801
M6,Male,89,2028,0.1579,0.1484,0.1679,0.1390,0.1779,0.1314,0.1878
M6,Male,89,2029,0.1613,0.1508,0.1724,0.1402,0.1838,0.1304,0.1963
M6,Male,89,2030,0.1566,0.1452,0.1689,0.1341,0.1819,0.1223,0.1953
M6,Male,89,2031,0.1643,0.1509,0.1782,0.1385,0.1932,0.1251,0.2096
M6,Male,89,2032,0.1632,0.1481,0.1784,0.1344,0.1943,0.1211,0.2138
M6,Male,89,2033,0.1705,0.1536,0.1880,0.1385,0.2055,0.1237,0.2255
M6,Male,89,2034,0.1730,0.1538,0.1917,0.1378,0.2130,0.1207,0.2378
M6,Male,89,2035,0.1712,0.1510,0.1921,0.1348,0.2145,0.1174,0.2416
M6,Male,89,2036,0.1778,0.1556,0.2018,0.1369,0.2249,0.1177,0.2573
M6,Male,89,2037,0.1800,0.1556,0.2050,0.1355,0.2310,0.1168,0.2661
M6,Male,89,2038,0.1839,0.1574,0.2118,0.1366,0.2416,0.1156,0.2793
M6,Male,89,2039,0.1892,0.1598,0.2205,0.1369,0.2533,0.1134,0.2928
M6,Male,89,2040,0.1957,0.1638,0.2301,0.1408,0.2645,0.1170,0.3146
M6,Male,90,2021,0.1825,0.1793,0.1855,0.1764,0.1881,0.1739,0.1910
M6,Male,90,2022,0.1792,0.1758,0.1831,0.1723,0.1865,0.1677,0.1898
M6,Male,90,2023,0.1796,0.1752,0.1848,0.1705,0.1890,0.1666,0.1932
M6,Male,90,2024,0.1747,0.1698,0.1809,0.1636,0.1862,0.1567,0.1915
M6,Male,90,2025,0.1799,0.1736,0.1875,0.1668,0.1939,0.1584,0.2011
M6,Male,90,2026,0.1745,0.1676,0.1829,0.1591,0.1902,0.1512,0.1990
M6,Male,90,2027,0.1733,0.1646,0.1829,0.1559,0.1919,0.1469,0.2000
M6,Male,90,2028,0.1726,0.1623,0.1835,0.1519,0.1941,0.1440,0.2050
M6,Male,90,2029,0.1750,0.1638,0.1870,0.1523,0.1991,0.1417,0.2124
M6,Male,90,2030,0.1783,0.1657,0.1919,0.1530,0.2064,0.1396,0.2211
M6,Male,90,2031,0.1742,0.1600,0.1889,0.1467,0.2047,0.1325,0.2217
M6,Male,90,2032,0.1822,0.1658,0.1989,0.1502,0.2164,0.1356,0.2372
M6,Male,90,2033,0.1811,0.1633,0.1998,0.1474,0.2182,0.1313,0.2392
M6,Male,90,2034,0.1895,0.1688,0.2097,0.1511,0.2330,0.1326,0.2585
M6,Male,90,2035,0.1920,0.1700,0.2149,0.1516,0.2399,0.1323,0.2687
M6,Male,90,2036,0.1904,0.1669,0.2159,0.1468,0.2403,0.1264,0.2750
M6,Male,90,2037,0.1977,0.1712,0.2249,0.1493,0.2525,0.1287,0.2901
M6,Male,90,2038,0.2001,0.1715,0.2301,0.1491,0.2616,0.1264,0.3017
M6,Male,90,2039,0.2047,0.1731,0.2383,0.1488,0.2728,0.1232,0.3147
M6,Male,90,2040,0.2105,0.1764,0.2471,0.1517,0.2830,0.1264,0.3344
M6,Male,91,2021,0.2004,0.1970,0.2038,0.1938,0.2066,0.1911,0.2098
M6,Male,91,2022,0.1990,0.1953,0.2033,0.1914,0.2071,0.1863,0.2107
M6,Male,91,2023,0.1999,0.1951,0.2056,0.1898,0.2103,0.1855,0.2149
M6,Male,91,2024,0.1954,0.1900,0.2023,0.1830,0.2080,0.1754,0.2139
M6,Male,91,2025,0.1929,0.1862,0.2010,0.1789,0.2079,0.1700,0.2154
M6,Male,91,2026,0.1989,0.1913,0.2084,0.1815,0.2165,0.1726,0.2264
M6,Male,91,2027,0.1914,0.1817,0.2017,0.1724,0.2117,0.1625,0.2202
M6,Male,91,2028,0.1920,0.1807,0.2040,0.1695,0.2153,0.1606,0.2273
M6,Male,91,2029,0.1909,0.1788,0.2037,0.1662,0.2170,0.1550,0.2313
M6,Male,91,2030,0.1930,0.1793,0.2075,0.1659,0.2232,0.1514,0.2383
M6,Male,91,2031,0.1977,0.1816,0.2140,0.1668,0.2313,0.1510,0.2499
M6,Male,91,2032,0.1928,0.1754,0.2103,0.1591,0.2289,0.1437,0.2504
M6,Male,91,2033,0.2016,0.1818,0.2219,0.1646,0.2424,0.1464,0.2649
M6,Male,91,2034,0.2010,0.1791,0.2221,0.1602,0.2463,0.1409,0.2737
M6,Male,91,2035,0.2097,0.1861,0.2343,0.1659,0.2612,0.1449,0.2926
M6,Male,91,2036,0.2128,0.1871,0.2406,0.1650,0.2669,0.1423,0.3053
M6,Male,91,2037,0.2113,0.1834,0.2401,0.1602,0.2691,0.1378,0.3087
M6,Male,91,2038,0.2191,0.1880,0.2518,0.1640,0.2846,0.1393,0.3271
M6,Male,91,2039,0.2221,0.1882,0.2578,0.1624,0.2940,0.1342,0.3380
M6,Male,91,2040,0.2271,0.1907,0.2658,0.1642,0.3043,0.1371,0.3569
M6,Male,92,2021,0.2251,0.2212,0.2288,0.2177,0.2320,0.2147,0.2355
M6,Male,92,2022,0.2233,0.2192,0.2280,0.2148,0.2323,0.2090,0.2365
M6,Male,92,2023,0.2266,0.2212,0.2330,0.2153,0.2383,0.2104,0.2434
M6,Male,92,2024,0.2221,0.2161,0.2299,0.2083,0.2362,0.1997,0.2429
M6,Male,92,2025,0.2203,0.2127,0.2293,0.2045,0.2371,0.1945,0.2452
M6,Male,92,2026,0.2180,0.2097,0.2281,0.1990,0.2370,0.1891,0.2478
M6,Male,92,2027,0.2228,0.2117,0.2344,0.2011,0.2458,0.1897,0.2556
M6,Male,92,2028,0.2165,0.2040,0.2299,0.1915,0.2421,0.1812,0.2554
M6,Male,92,2029,0.2167,0.2031,0.2311,0.1892,0.2455,0.1765,0.2618
M6,Male,92,2030,0.2150,0.1999,0.2307,0.1851,0.2480,0.1689,0.2645
M6,Male,92,2031,0.2186,0.2008,0.2365,0.1847,0.2550,0.1675,0.2751
M6,Male,92,2032,0.2232,0.2033,0.2431,0.1851,0.2639,0.1673,0.2877
M6,Male,92,2033,0.2180,0.1968,0.2398,0.1787,0.2619,0.1586,0.2857
M6,Male,92,2034,0.2283,0.2039,0.2516,0.1829,0.2785,0.1610,0.3089
M6,Male,92,2035,0.2273,0.2018,0.2534,0.1799,0.2826,0.1572,0.3161
M6,Male,92,2036,0.2373,0.2090,0.2677,0.1852,0.2960,0.1598,0.3366
M6,Male,92,2037,0.2410,0.2098,0.2732,0.1839,0.3050,0.1583,0.3474
M6,Male,92,2038,0.2392,0.2054,0.2740,0.1799,0.3094,0.1527,0.3541
M6,Male,92,2039,0.2482,0.2113,0.2870,0.1824,0.3263,0.1507,0.3729
M6,Male,92,2040,0.2516,0.2116,0.2936,0.1826,0.3360,0.1525,0.3907
M6,Male,93,2021,0.2465,0.2422,0.2504,0.2383,0.2539,0.2352,0.2578
M6,Male,93,2022,0.2483,0.2437,0.2535,0.2389,0.2581,0.2326,0.2629
M6,Male,93,2023,0.2516,0.2457,0.2585,0.2392,0.2644,0.2338,0.2700
M6,Male,93,2024,0.2491,0.2425,0.2578,0.2339,0.2645,0.2244,0.2720
M6,Male,93,2025,0.2478,0.2394,0.2577,0.2304,0.2663,0.2193,0.2751
M6,Male,93,2026,0.2462,0.2369,0.2574,0.2253,0.2671,0.2140,0.2792
M6,Male,93,2027,0.2418,0.2298,0.2543,0.2186,0.2667,0.2063,0.2775
M6,Male,93,2028,0.2491,0.2351,0.2641,0.2211,0.2776,0.2092,0.2927
M6,Male,93,2029,0.2418,0.2269,0.2574,0.2118,0.2730,0.1974,0.2907
M6,Male,93,2030,0.2416,0.2248,0.2587,0.2085,0.2777,0.1904,0.2953
M6,Male,93,2031,0.2410,0.2217,0.2604,0.2042,0.2803,0.1853,0.3020
M6,Male,93,2032,0.2443,0.2226,0.2659,0.2031,0.2880,0.1837,0.3132
M6,Male,93,2033,0.2496,0.2258,0.2737,0.2063,0.2986,0.1831,0.3248
M6,Male,93,2034,0.2446,0.2184,0.2695,0.1965,0.2980,0.1730,0.3302
M6,Male,93,2035,0.2553,0.2274,0.2836,0.2030,0.3158,0.1778,0.3524
M6,Male,93,2036,0.2547,0.2246,0.2868,0.1993,0.3171,0.1722,0.3592
M6,Male,93,2037,0.2659,0.2325,0.3004,0.2040,0.3347,0.1756,0.3793
M6,Male,93,2038,0.2697,0.2323,0.3075,0.2045,0.3464,0.1739,0.3942
M6,Male,93,2039,0.2683,0.2289,0.3094,0.1980,0.3502,0.1636,0.3997
M6,Male,93,2040,0.2781,0.2349,0.3235,0.2028,0.3679,0.1696,0.4262
M6,Male,94,2021,0.2707,0.2660,0.2751,0.2618,0.2788,0.2583,0.2831
M6,Male,94,2022,0.2724,0.2674,0.2780,0.2622,0.2831,0.2551,0.2884
M6,Male,94,2023,0.2799,0.2734,0.2875,0.2665,0.2940,0.2604,0.3001
M6,Male,94,2024,0.2770,0.2696,0.2865,0.2603,0.2938,0.2500,0.3021
M6,Male,94,2025,0.2782,0.2690,0.2891,0.2590,0.2986,0.2468,0.3080
M6,Male,94,2026,0.2771,0.2668,0.2895,0.2540,0.3001,0.2416,0.3134
M6,Male,94,2027,0.2733,0.2599,0.2873,0.2476,0.3007,0.2342,0.3131
M6,Male,94,2028,0.2708,0.2558,0.2869,0.2406,0.3015,0.2279,0.3179
M6,Male,94,2029,0.2782,0.2616,0.2955,0.2446,0.3132,0.2283,0.3324
M6,Male,94,2030,0.2699,0.2515,0.2884,0.2336,0.3093,0.2134,0.3280
M6,Male,94,2031,0.2710,0.2499,0.2923,0.2304,0.3140,0.2095,0.3370
M6,Male,94,2032,0.2698,0.2463,0.2932,0.2251,0.3169,0.2037,0.3440
M6,Male,94,2033,0.2736,0.2481,0.2991,0.2264,0.3260,0.2017,0.3547
M6,Male,94,2034,0.2800,0.2509,0.3077,0.2266,0.3387,0.1999,0.3738
M6,Male,94,2035,0.2742,0.2445,0.3042,0.2181,0.3388,0.1918,0.3768
M6,Male,94,2036,0.2863,0.2531,0.3216,0.2249,0.3548,0.1952,0.3994
M6,Male,94,2037,0.2859,0.2503,0.3225,0.2199,0.3582,0.1895,0.4056
M6,Male,94,2038,0.2979,0.2576,0.3384,0.2269,0.3803,0.1937,0.4310
M6,Male,94,2039,0.3026,0.2591,0.3470,0.2252,0.3908,0.1868,0.4437
M6,Male,94,2040,0.3011,0.2550,0.3486,0.2208,0.3955,0.1844,0.4548
M6,Male,95,2021,0.2901,0.2851,0.2947,0.2807,0.2986,0.2769,0.3032
M6,Male,95,2022,0.2898,0.2845,0.2957,0.2791,0.3012,0.2715,0.3066
M6,Male,95,2023,0.2973,0.2905,0.3051,0.2832,0.3120,0.2768,0.3185
M6,Male,95,2024,0.2984,0.2907,0.3084,0.2807,0.3160,0.2699,0.3250
M6,Male,95,2025,0.2994,0.2897,0.3110,0.2791,0.3208,0.2661,0.3308
M6,Male,95,2026,0.3010,0.2900,0.3142,0.2765,0.3252,0.2634,0.3394
M6,Male,95,2027,0.2977,0.2835,0.3126,0.2702,0.3267,0.2561,0.3399
M6,Male,95,2028,0.2962,0.2801,0.3133,0.2639,0.3287,0.2500,0.3459
M6,Male,95,2029,0.2930,0.2757,0.3108,0.2579,0.3293,0.2409,0.3486
M6,Male,95,2030,0.3003,0.2807,0.3200,0.2613,0.3423,0.2390,0.3615
M6,Male,95,2031,0.2929,0.2705,0.3154,0.2499,0.3381,0.2277,0.3621
M6,Male,95,2032,0.2935,0.2684,0.3184,0.2460,0.3434,0.2227,0.3723
M6,Male,95,2033,0.2925,0.2660,0.3190,0.2426,0.3472,0.2167,0.3764
M6,Male,95,2034,0.2971,0.2668,0.3257,0.2417,0.3579,0.2133,0.3937
M6,Male,95,2035,0.3034,0.2717,0.3353,0.2431,0.3716,0.2142,0.4113
M6,Male,95,2036,0.2979,0.2636,0.3341,0.2346,0.3679,0.2039,0.4138
M6,Male,95,2037,0.3108,0.2736,0.3495,0.2407,0.3859,0.2079,0.4353
M6,Male,95,2038,0.3103,0.2690,0.3515,0.2373,0.3942,0.2029,0.4454
M6,Male,95,2039,0.3233,0.2778,0.3695,0.2426,0.4132,0.2020,0.4679
M6,Male,95,2040,0.3283,0.2795,0.3780,0.2432,0.4270,0.2037,0.4847
M6,Male,96,2021,0.3135,0.3083,0.3184,0.3035,0.3226,0.2994,0.3274
M6,Male,96,2022,0.3110,0.3056,0.3173,0.2998,0.3231,0.2917,0.3286
M6,Male,96,2023,0.3167,0.3095,0.3248,0.3017,0.3321,0.2952,0.3389
M6,Male,96,2024,0.3175,0.3093,0.3279,0.2988,0.3358,0.2875,0.3453
M6,Male,96,2025,0.3228,0.3126,0.3350,0.3015,0.3454,0.2877,0.3558
M6,Male,96,2026,0.3242,0.3127,0.3381,0.2985,0.3496,0.2844,0.3649
M6,Male,96,2027,0.3236,0.3087,0.3393,0.2944,0.3540,0.2800,0.3676
M6,Male,96,2028,0.3227,0.3057,0.3406,0.2886,0.3568,0.2735,0.3748
M6,Male,96,2029,0.3205,0.3024,0.3393,0.2831,0.3587,0.2649,0.3788
M6,Male,96,2030,0.3168,0.2962,0.3371,0.2764,0.3598,0.2529,0.3797
M6,Male,96,2031,0.3258,0.3013,0.3495,0.2794,0.3735,0.2556,0.3984
M6,Male,96,2032,0.3175,0.2911,0.3435,0.2673,0.3701,0.2429,0.4001
M6,Male,96,2033,0.3183,0.2904,0.3460,0.2657,0.3753,0.2376,0.4063
M6,Male,96,2034,0.3180,0.2864,0.3475,0.2602,0.3808,0.2298,0.4179
M6,Male,96,2035,0.3225,0.2897,0.3557,0.2594,0.3927,0.2289,0.4335
M6,Male,96,2036,0.3295,0.2931,0.3680,0.2618,0.4035,0.2285,0.4500
M6,Male,96,2037,0.3240,0.2858,0.3634,0.2516,0.4019,0.2174,0.4502
M6,Male,96,2038,0.3374,0.2940,0.3806,0.2601,0.4249,0.2232,0.4761
M6,Male,96,2039,0.3374,0.2906,0.3847,0.2541,0.4291,0.2122,0.4833
M6,Male,96,2040,0.3510,0.3000,0.4029,0.2622,0.4519,0.2208,0.5097
M6,Male,97,2021,0.3303,0.3249,0.3355,0.3200,0.3397,0.3157,0.3447
M6,Male,97,2022,0.3302,0.3246,0.3368,0.3186,0.3428,0.3102,0.3485
M6,Male,97,2023,0.3337,0.3262,0.3421,0.3182,0.3496,0.3115,0.3567
M6,Male,97,2024,0.3323,0.3240,0.3429,0.3132,0.3510,0.3016,0.3610
M6,Male,97,2025,0.3374,0.3270,0.3498,0.3156,0.3606,0.3015,0.3709
M6,Male,97,2026,0.3432,0.3314,0.3575,0.3167,0.3694,0.3019,0.3853
M6,Male,97,2027,0.3423,0.3271,0.3584,0.3123,0.3734,0.2972,0.3877
M6,Male,97,2028,0.3443,0.3268,0.3627,0.3091,0.3790,0.2932,0.3975
M6,Male,97,2029,0.3428,0.3239,0.3623,0.3038,0.3821,0.2850,0.4027
M6,Male,97,2030,0.3401,0.3187,0.3609,0.2978,0.3841,0.2736,0.4052
M6,Male,97,2031,0.3377,0.3126,0.3617,0.2901,0.3858,0.2663,0.4107
M6,Male,97,2032,0.3462,0.3188,0.3730,0.2935,0.4009,0.2678,0.4318
M6,Male,97,2033,0.3381,0.3089,0.3660,0.2833,0.3965,0.2543,0.4275
M6,Male,97,2034,0.3396,0.3069,0.3702,0.2800,0.4034,0.2481,0.4410
M6,Male,97,2035,0.3389,0.3050,0.3726,0.2744,0.4101,0.2422,0.4512
M6,Male,97,2036,0.3440,0.3070,0.3830,0.2749,0.4197,0.2403,0.4645
M6,Male,97,2037,0.3515,0.3115,0.3923,0.2759,0.4310,0.2393,0.4795
M6,Male,97,2038,0.3457,0.3018,0.3890,0.2675,0.4337,0.2296,0.4840
M6,Male,97,2039,0.3599,0.3114,0.4078,0.2738,0.4536,0.2294,0.5069
M6,Male,97,2040,0.3600,0.3083,0.4118,0.2701,0.4600,0.2284,0.5186
M6,Male,98,2021,0.3546,0.3490,0.3600,0.3439,0.3644,0.3392,0.3697
M6,Male,98,2022,0.3531,0.3473,0.3601,0.3410,0.3663,0.3322,0.3723
M6,Male,98,2023,0.3591,0.3512,0.3678,0.3428,0.3757,0.3358,0.3830
M6,Male,98,2024,0.3553,0.3466,0.3663,0.3352,0.3748,0.3232,0.3854
M6,Male,98,2025,0.3584,0.3475,0.3711,0.3357,0.3824,0.3212,0.3929
M6,Male,98,2026,0.3639,0.3518,0.3787,0.3365,0.3911,0.3209,0.4072
M6,Male,98,2027,0.3675,0.3518,0.3842,0.3363,0.3998,0.3203,0.4144
M6,Male,98,2028,0.3693,0.3510,0.3883,0.3330,0.4051,0.3160,0.4241
M6,Male,98,2029,0.3707,0.3509,0.3909,0.3302,0.4116,0.3102,0.4326
M6,Male,98,2030,0.3686,0.3463,0.3903,0.3246,0.4140,0.2991,0.4366
M6,Male,98,2031,0.3673,0.3413,0.3920,0.3172,0.4171,0.2923,0.4426
M6,Male,98,2032,0.3643,0.3361,0.3915,0.3100,0.4203,0.2835,0.4513
M6,Male,98,2033,0.3733,0.3425,0.4026,0.3156,0.4340,0.2841,0.4665
M6,Male,98,2034,0.3656,0.3314,0.3972,0.3034,0.4309,0.2700,0.4688
M6,Male,98,2035,0.3669,0.3318,0.4021,0.2996,0.4398,0.2649,0.4820
M6,Male,98,2036,0.3666,0.3282,0.4065,0.2950,0.4442,0.2581,0.4892
M6,Male,98,2037,0.3722,0.3312,0.4134,0.2942,0.4525,0.2557,0.5021
M6,Male,98,2038,0.3797,0.3335,0.4246,0.2967,0.4703,0.2558,0.5209
M6,Male,98,2039,0.3744,0.3248,0.4226,0.2864,0.4692,0.2403,0.5233
M6,Male,98,2040,0.3890,0.3352,0.4423,0.2947,0.4902,0.2511,0.5500
M6,Male,99,2021,0.3940,0.3881,0.3998,0.3824,0.4046,0.3774,0.4102
M6,Male,99,2022,0.3902,0.3838,0.3978,0.3773,0.4044,0.3678,0.4106
M6,Male,99,2023,0.3950,0.3866,0.4042,0.3777,0.4128,0.3700,0.4203
M6,Male,99,2024,0.3935,0.3842,0.4053,0.3719,0.4144,0.3591,0.4258
M6,Male,99,2025,0.3943,0.3826,0.4079,0.3701,0.4201,0.3549,0.4309
M6,Male,99,2026,0.3978,0.3849,0.4133,0.3685,0.4266,0.3518,0.4433
M6,Male,99,2027,0.4012,0.3845,0.4188,0.3680,0.4353,0.3509,0.4505
M6,Male,99,2028,0.4078,0.3881,0.4279,0.3691,0.4458,0.3510,0.4656
M6,Male,99,2029,0.4089,0.3879,0.4303,0.3662,0.4521,0.3442,0.4739
M6,Male,99,2030,0.4099,0.3860,0.4329,0.3630,0.4581,0.3356,0.4823
M6,Male,99,2031,0.4093,0.3816,0.4354,0.3556,0.4622,0.3286,0.4888
M6,Male,99,2032,0.4073,0.3771,0.4360,0.3494,0.4666,0.3203,0.4992
M6,Male,99,2033,0.4043,0.3717,0.4350,0.3431,0.4679,0.3094,0.5022
M6,Male,99,2034,0.4146,0.3777,0.4482,0.3477,0.4836,0.3102,0.5223
M6,Male,99,2035,0.4061,0.3688,0.4439,0.3347,0.4826,0.2965,0.5266
M6,Male,99,2036,0.4080,0.3668,0.4500,0.3314,0.4893,0.2904,0.5357
M6,Male,99,2037,0.4080,0.3648,0.4516,0.3250,0.4921,0.2832,0.5422
M6,Male,99,2038,0.4138,0.3654,0.4607,0.3260,0.5084,0.2811,0.5597
M6,Male,99,2039,0.4223,0.3690,0.4737,0.3273,0.5216,0.2769,0.5779
M6,Male,99,2040,0.4167,0.3605,0.4716,0.3175,0.5220,0.2716,0.5824
M6,Male,100,2021,0.4220,0.4158,0.4280,0.4099,0.4329,0.4047,0.4388
M6,Male,100,2022,0.4233,0.4167,0.4313,0.4098,0.4381,0.3998,0.4445
M6,Male,100,2023,0.4258,0.4171,0.4355,0.4080,0.4443,0.3998,0.4521
M6,Male,100,2024,0.4228,0.4132,0.4351,0.4003,0.4444,0.3868,0.4564
M6,Male,100,2025,0.4262,0.4139,0.4405,0.4010,0.4528,0.3852,0.4643
M6,Male,100,2026,0.4272,0.4138,0.4431,0.3970,0.4573,0.3793,0.4741
M6,Male,100,2027,0.4283,0.4112,0.4465,0.3941,0.4634,0.3761,0.4792
M6,Male,100,2028,0.4347,0.4144,0.4554,0.3949,0.4737,0.3757,0.4932
M6,Male,100,2029,0.4407,0.4190,0.4625,0.3967,0.4850,0.3732,0.5071
M6,Male,100,2030,0.4414,0.4166,0.4650,0.3930,0.4909,0.3641,0.5159
M6,Male,100,2031,0.4440,0.4153,0.4711,0.3886,0.4986,0.3600,0.5247
M6,Male,100,2032,0.4427,0.4115,0.4726,0.3819,0.5033,0.3522,0.5361
M6,Male,100,2033,0.4409,0.4069,0.4726,0.3771,0.5065,0.3411,0.5411
M6,Male,100,2034,0.4387,0.4004,0.4729,0.3698,0.5096,0.3307,0.5477
M6,Male,100,2035,0.4487,0.4101,0.4877,0.3741,0.5269,0.3330,0.5714
M6,Male,100,2036,0.4407,0.3974,0.4834,0.3616,0.5236,0.3172,0.5692
M6,Male,100,2037,0.4429,0.3981,0.4871,0.3564,0.5292,0.3117,0.5792
M6,Male,100,2038,0.4428,0.3931,0.4904,0.3523,0.5390,0.3043,0.5900
M6,Male,100,2039,0.4492,0.3943,0.5013,0.3510,0.5494,0.2987,0.6067
M6,Male,100,2040,0.4580,0.3998,0.5139,0.3542,0.5645,0.3056,0.6246
